date,zone_id,nrw_pct,nrw_pct_deviation,pressure_zscore,is_anomaly,is_known_leak_day
2023-01-11,Z01,10.875175520241344,-6.430941345669794e-06,-0.7508473094724004,False,False
2023-01-12,Z01,10.875184969012393,3.6024607350526594e-06,0.5704896384751754,False,False
2023-01-13,Z01,10.875161774265548,-1.9892491170736548e-05,0.38753529183628055,False,False
2023-01-14,Z01,10.875190135991103,9.999426012541335e-06,-2.2957951255341813,False,False
2023-01-15,Z01,10.875177024335944,-3.826473863099977e-06,0.5704896384751754,False,False
2023-01-16,Z01,10.875188072399968,7.476688420382516e-06,1.241322242817792,False,False
2023-01-17,Z01,10.87517452349997,-6.539504603608748e-06,-0.08001470512978476,False,False
2023-01-18,Z01,10.875175410479956,-5.267847877021836e-06,-0.20198426955571497,False,False
2023-01-19,Z01,10.875175596985457,-4.7886841603173025e-06,1.9731396293733714,False,False
2023-01-20,Z01,10.875178633383094,-1.5002505158179247e-06,-0.6695342665217803,False,False
2023-01-21,Z01,10.875170440271434,-9.618349649187508e-06,-0.12067122660509483,False,False
2023-01-22,Z01,10.875185715253227,6.114648794408595e-06,0.38753529183628055,False,False
2023-01-23,Z01,10.875177818054798,-2.060488217381362e-06,0.08261138077145551,False,False
2023-01-24,Z01,10.875177820550821,-1.968405749508406e-06,-0.24264079103102504,False,False
2023-01-25,Z01,10.875181978122814,2.271183150881484e-06,0.12326790224676558,False,False
2023-01-26,Z01,10.875177904514539,-1.8932724525910771e-06,1.6275591968332364,False,False
2023-01-27,Z01,10.875170448059297,-9.276909523237009e-06,0.8550852888023459,False,False
2023-01-28,Z01,10.875168174639185,-1.1206740392566417e-05,-0.039358183654474695,False,False
2023-01-29,Z01,10.875182694094622,3.7129557739490338e-06,-0.8321603524230206,False,False
2023-01-30,Z01,10.87517852377208,-5.853997269156253e-07,-0.7101907879970903,False,False
2023-01-31,Z01,10.875190089894812,1.100023632893965e-05,1.0177113747035862,False,False
2023-02-01,Z01,10.875176705610112,-2.8495889825563836e-06,-1.5843059997162563,False,False
2023-02-02,Z01,10.875164797169417,-1.4891792279314586e-05,2.481346147814747,False,False
2023-02-03,Z01,10.875173523275226,-5.177460982608295e-06,0.0012983378208353722,False,False
2023-02-04,Z01,10.87517859793169,3.259279157674655e-07,-1.3606951316020506,False,False
2023-02-05,Z01,10.875194644718936,1.6586757000780494e-05,0.2249092059350403,False,False
2023-02-06,Z01,10.87518045881324,2.290481813105316e-06,-0.771175570210055,False,False
2023-02-07,Z01,10.875186199375367,8.11481997864405e-06,-0.38493861619460984,False,False
2023-02-08,Z01,10.875190725805599,1.2142358064792802e-05,-1.5029929567656362,False,False
2023-02-09,Z01,10.875195975160505,1.6939006318494876e-05,-0.20198426955571497,False,False
2023-02-10,Z01,10.87517418580859,-5.310714159989516e-06,-2.1128407788952863,False,False
2023-02-11,Z01,10.875166990162539,-1.2461879119740615e-05,-0.5678929628335055,False,False
2023-02-12,Z01,10.875184829532351,5.976785686812036e-06,-0.7915038309477105,False,False
2023-02-13,Z01,10.875186060697988,6.439442429950759e-06,-0.46625165914523,False,False
2023-02-14,Z01,10.875185177666832,5.692254379852102e-06,-0.7305190487347449,False,False
2023-02-15,Z01,10.875189078117133,9.320926984912603e-06,0.08261138077145551,False,False
2023-02-16,Z01,10.87518488043416,5.0897201067101605e-06,0.936398331752966,False,False
2023-02-17,Z01,10.875180323900668,1.8795547340744179e-07,0.40786355257393514,False,False
2023-02-18,Z01,10.875185213724432,4.913998548516929e-06,1.3632918072437212,False,False
2023-02-19,Z01,10.875190953369172,1.0333085320723967e-05,-0.46625165914523,False,False
2023-02-20,Z01,10.875170535363278,-1.0495586774794674e-05,0.36720703109862507,False,False
2023-02-21,Z01,10.87517564229775,-5.391822032407845e-06,0.40786355257393514,False,False
2023-02-22,Z01,10.875167216738719,-1.3481615878774278e-05,1.2209939820801357,False,False
2023-02-23,Z01,10.875187487395376,7.1424179814982836e-06,-0.7101907879970903,False,False
2023-02-24,Z01,10.87518662844833,5.961242781182818e-06,0.8347570280646913,False,False
2023-02-25,Z01,10.875188591709103,7.769492704312597e-06,-0.8321603524230206,False,False
2023-02-26,Z01,10.875180065202558,-1.1132536581470731e-06,-0.5272364413581955,False,False
2023-02-27,Z01,10.87518186121397,3.6218631294104853e-07,-0.3239538339816452,False,False
2023-02-28,Z01,10.875181550521305,-4.0472551532388934e-07,0.5095048562622108,False,False
2023-03-01,Z01,10.875197674358947,1.575723123892203e-05,-1.0557712205372256,False,False
2023-03-02,Z01,10.875179735657236,-2.8198233668064177e-06,-0.9134733953736407,False,False
2023-03-03,Z01,10.875175881100043,-6.329239308655588e-06,-0.6085494843088156,False,False
2023-03-04,Z01,10.875183089985075,9.07129392047068e-07,0.08261138077145551,False,False
2023-03-05,Z01,10.875181219790768,-1.5728254361135896e-06,-0.9134733953736407,False,False
2023-03-06,Z01,10.875170304131057,-1.2745035666839044e-05,0.3062222488856604,False,False
2023-03-07,Z01,10.875178613620767,-4.159085934318796e-06,-0.3239538339816452,False,False
2023-03-08,Z01,10.875185400161346,3.161824585262707e-06,0.7127874636387611,False,False
2023-03-09,Z01,10.87518398962953,1.5865811651138984e-06,0.10293964150911009,False,False
2023-03-10,Z01,10.875192331271327,1.0001881157961634e-05,1.8308418042097876,False,False
2023-03-11,Z01,10.875174105586094,-8.277319603067212e-06,0.16392442372207564,False,False
2023-03-12,Z01,10.875189677783627,8.023863744099913e-06,-1.1980690457008103,False,False
2023-03-13,Z01,10.8751856516272,3.4813081501994247e-06,-0.1816560088180595,False,False
2023-03-14,Z01,10.875187195637118,4.403269246111563e-06,0.06228312003380002,False,False
2023-03-15,Z01,10.875173247388993,-9.62384903679947e-06,-0.8728168738983306,False,False
2023-03-16,Z01,10.875193757908301,1.1313780571953203e-05,1.5869026753579272,False,False
2023-03-17,Z01,10.87518905610557,6.3259697906659085e-06,-0.26296905176867963,False,False
2023-03-18,Z01,10.875185575251557,2.845849495614061e-06,-0.6085494843088156,False,False
2023-03-19,Z01,10.875184090446611,1.3378839707200996e-06,0.2249092059350403,False,False
2023-03-20,Z01,10.8751806069441,-2.2711700715660754e-06,-0.8728168738983306,False,False
2023-03-21,Z01,10.875181166883255,-1.5576715721721257e-06,1.0177113747035862,False,False
2023-03-22,Z01,15.217095287402197,4.3419128890635665,0.8144287673270358,True,True
2023-03-23,Z01,15.21710091701157,4.197187693604974,0.18425268445973023,True,True
2023-03-24,Z01,15.217098920109432,4.052454854212378,0.6518026814257956,True,True
2023-03-25,Z01,15.21709838055629,3.907723257880212,-0.46625165914523,True,True
2023-03-26,Z01,15.217100735380862,3.7629952495994203,-1.4826646960279808,True,True
2023-03-27,Z01,15.217100870764448,3.6182649147519204,-0.2832973125063351,True,True
2023-03-28,Z01,15.217088509881796,3.473522144567424,-0.46625165914523,True,True
2023-03-29,Z01,15.217089039344051,3.3287923925403717,-2.031527735944666,True,True
2023-03-30,Z01,15.217093250412676,3.184066364337994,-1.035442959799571,True,True
2023-03-31,Z01,15.217096581768224,3.0393393056971636,-1.2183973064384657,True,True
2023-04-01,Z01,15.217101130986332,2.894613891334963,-1.035442959799571,True,True
2023-04-02,Z01,15.21709592077604,2.749877967947034,1.4039483287190304,True,True
2023-04-03,Z01,15.21709244038347,2.6051438195652636,0.5704896384751754,True,True
2023-04-04,Z01,15.217100795652128,2.460421863153975,1.0177113747035862,True,True
2023-04-05,Z01,10.87518349993827,-2.026226085088595,0.5501613777375208,False,True
2023-04-06,Z01,10.875180422694367,-2.0262296021927373,1.1396809391295155,False,False
2023-04-07,Z01,10.875179871184466,-2.0262302140050927,0.06228312003380002,False,False
2023-04-08,Z01,10.875179904921259,-2.0262299959690733,1.5869026753579272,False,False
2023-04-09,Z01,10.875183310836531,-2.0262264538968573,-1.2183973064384657,False,False
2023-04-10,Z01,10.87517630519887,-2.0262331588533566,-0.019029922916820114,False,False
2023-04-11,Z01,10.875178279944251,-2.026231257428403,-0.9947864383242608,False,False
2023-04-12,Z01,10.875180320532394,-2.0262288369122796,1.3023070250307558,False,False
2023-04-13,Z01,10.875189682834193,-2.026219296907321,0.4688483347869007,False,False
2023-04-14,Z01,10.875172914117279,-2.0262361485308027,1.241322242817792,False,False
2023-04-15,Z01,10.875182801732453,-2.026226249806573,-1.381023392339706,False,False
2023-04-16,Z01,10.875180410139329,-2.0262282761938355,-0.5678929628335055,False,False
2023-04-17,Z01,10.875171542479187,-2.026236855655103,-1.7672603463551513,False,False
2023-04-18,Z01,10.875179674983565,-2.0262282553916435,0.40786355257393514,False,False
2023-04-19,Z01,10.875188715593959,-2.0262190675991523,-0.38493861619460984,False,False
2023-04-20,Z01,10.87517350816823,-2.0262345453132085,0.8144287673270358,False,False
2023-04-21,Z01,10.875188610603608,-2.02621918758733,0.08261138077145551,False,False
2023-04-22,Z01,10.875188223006809,-1.8814893526241754,-2.133169039632942,False,False
2023-04-23,Z01,10.87518795884555,-1.7367591936519435,-1.645290781929221,False,False
2023-04-24,Z01,10.875175778047106,-1.592041009074924,0.12326790224676558,False,False
2023-04-25,Z01,10.875179631591934,-1.4473064021131226,0.5095048562622108,False,False
2023-04-26,Z01,10.875180278881304,-1.302575051364121,-2.214482082583561,False,False
2023-04-27,Z01,10.875177920564813,-1.1578467232845089,-0.039358183654474695,False,False
2023-04-28,Z01,10.875173891206467,-1.0131203996656222,-0.9947864383242608,False,False
2023-04-29,Z01,10.875184046702659,-0.8683797392315107,-1.0964277420125357,False,False
2023-04-30,Z01,10.8751819868215,-0.723651492322336,-0.6288777450464702,False,False
2023-05-01,Z01,10.875176715358444,-0.5789262772871666,0.16392442372207564,False,False
2023-05-02,Z01,10.875182767787345,-0.4341894110040023,-0.6695342665217803,False,False
2023-05-03,Z01,10.875175362824919,-0.2894663775334738,-1.9705429537317016,False,False
2023-05-04,Z01,10.87518179689881,-0.1447293742076301,0.16392442372207564,False,False
2023-05-05,Z01,10.875175210252303,-5.3275623592696775e-06,-0.3239538339816452,False,False
2023-05-06,Z01,10.87517284405932,-7.417432478007413e-06,-0.9134733953736407,False,False
2023-05-07,Z01,10.875180658178826,6.493081947667179e-07,-0.26296905176867963,False,False
2023-05-08,Z01,10.875179876728728,-1.5837504463434016e-07,-0.3036255732439897,False,False
2023-05-09,Z01,10.875181656709188,1.6225451648921307e-06,0.08261138077145551,False,False
2023-05-10,Z01,10.875180169664675,1.9063823053500073e-07,-0.20198426955571497,False,False
2023-05-11,Z01,10.875187652054436,7.5442124636282415e-06,0.2045809451973857,False,False
2023-05-12,Z01,10.87519183289602,1.1412650374964528e-05,0.0012983378208353722,False,False
2023-05-13,Z01,10.875175741871956,-5.062119141641119e-06,0.8754135495400005,False,False
2023-05-14,Z01,10.875177296171238,-3.0431211204273723e-06,1.6478874575708908,False,False
2023-05-15,Z01,10.87517165968054,-8.82568028437447e-06,0.021626598558489956,False,False
2023-05-16,Z01,10.875186360942438,6.246983346613888e-06,-0.5882212235711601,False,False
2023-05-17,Z01,10.875186301773972,5.98945477570112e-06,-1.421679913815016,False,False
2023-05-18,Z01,10.875184980954135,4.17665844487658e-06,0.6924592029011056,False,False
2023-05-19,Z01,10.87518523211058,4.25094920508684e-06,-0.8728168738983306,False,False
2023-05-20,Z01,10.875180830578666,-3.446659668782104e-08,2.420361365601781,False,False
2023-05-21,Z01,10.875175128484651,-5.9806409584695075e-06,2.867583101830193,False,False
2023-05-22,Z01,10.875181557074248,8.973526028910328e-07,-0.1816560088180595,False,False
2023-05-23,Z01,10.875184934193921,4.4966700301074525e-06,-1.645290781929221,False,False
2023-05-24,Z01,10.87517381549234,-6.521209829912777e-06,0.7127874636387611,False,False
2023-05-25,Z01,10.875188519720306,8.248436625279965e-06,2.176422236749923,False,False
2023-05-26,Z01,10.875188744834977,8.177280353294236e-06,-1.2997103493890858,False,False
2023-05-27,Z01,10.875185216040034,4.366286953327858e-06,1.9731396293733714,False,False
2023-05-28,Z01,10.875178213680343,-2.879255244891965e-06,-1.8282451285681158,False,False
2023-05-29,Z01,10.875177310993532,-3.926024517042492e-06,-1.4420081745526707,False,False
2023-05-30,Z01,10.87517448134794,-6.531146471644433e-06,0.3468787703609705,False,False
2023-05-31,Z01,10.87518292896616,2.166654198276774e-06,1.0786961569165516,False,False
2023-06-01,Z01,10.875182313519103,1.3440868844583065e-06,-0.019029922916820114,False,False
2023-06-02,Z01,10.875185033365028,4.079075086593775e-06,0.4891765955245553,False,False
2023-06-03,Z01,10.875183095900258,1.8192589781307333e-06,1.1600091998671718,False,False
2023-06-04,Z01,10.875181713174323,3.9323299283466895e-07,1.281978764293101,False,False
2023-06-05,Z01,10.875184071373397,2.5346680008198064e-06,-0.5882212235711601,False,False
2023-06-06,Z01,10.87518025841578,-1.652533418550206e-06,-0.8321603524230206,False,False
2023-06-07,Z01,10.87517542340167,-6.47422209532067e-06,1.1193526783918608,False,False
2023-06-08,Z01,10.87517581270673,-5.936472796008729e-06,0.5095048562622108,False,False
2023-06-09,Z01,10.87518427604978,2.7216703326615743e-06,0.631474420688141,False,False
2023-06-10,Z01,10.875176829179367,-4.862079581613443e-06,-0.6288777450464702,False,False
2023-06-11,Z01,10.875185010899017,3.6804025693726317e-06,0.6924592029011056,False,False
2023-06-12,Z01,10.87517922192988,-1.8811666677720495e-06,-1.076099481274881,False,False
2023-06-13,Z01,10.875180994294356,-2.2480412198433442e-07,0.2858939881480059,False,False
2023-06-14,Z01,10.875182391780687,1.049411437747949e-06,0.16392442372207564,False,False
2023-06-15,Z01,10.87518798471487,6.284608950579695e-06,0.16392442372207564,False,False
2023-06-16,Z01,10.875174746941891,-7.007289777760661e-06,0.8347570280646913,False,False
2023-06-17,Z01,10.875173309599255,-8.059471342747315e-06,-0.9947864383242608,False,False
2023-06-18,Z01,10.875190112422477,9.132397039479656e-06,0.7331157243764157,False,False
2023-06-19,Z01,10.87517904050627,-2.1021962286482676e-06,0.06228312003380002,False,False
2023-06-20,Z01,10.87517983170544,-1.251327979900907e-06,-0.771175570210055,False,False
2023-06-21,Z01,10.87518579976202,4.559954575711345e-06,-1.2997103493890858,False,False
2023-06-22,Z01,10.87517783686842,-3.5443619506025925e-06,1.952811368635717,False,False
2023-06-23,Z01,10.875177993387371,-3.1512654832255294e-06,-0.019029922916820114,False,False
2023-06-24,Z01,10.875177474719477,-3.809196543969051e-06,-0.3239538339816452,False,False
2023-06-25,Z01,10.875181203910346,2.8816101682593853e-07,-1.116756002750191,False,False
2023-06-26,Z01,10.875187253260526,6.588875352875334e-06,1.1396809391295155,False,False
2023-06-27,Z01,10.875185534367885,4.802075361354241e-06,1.0786961569165516,False,False
2023-06-28,Z01,10.875179353112493,-1.6232029498297607e-06,0.8754135495400005,False,False
2023-06-29,Z01,10.875185563433561,4.519047488216188e-06,-0.019029922916820114,False,False
2023-06-30,Z01,10.87518370435434,2.290565412010892e-06,0.8144287673270358,False,False
2023-07-01,Z01,10.875184064205847,2.6245706461480722e-06,-0.7915038309477105,False,False
2023-07-02,Z01,10.875182882527463,1.38453603604205e-06,0.26556572741035034,False,False
2023-07-03,Z01,10.875177512792192,-3.913504649233346e-06,-0.019029922916820114,False,False
2023-07-04,Z01,10.875175010980815,-6.229212420549857e-06,0.3062222488856604,False,False
2023-07-05,Z01,10.875183600485345,2.5836985564353654e-06,-1.8079168678304613,False,False
2023-07-06,Z01,10.875182194521988,1.1934314692041426e-06,1.9324831078980622,False,False
2023-07-07,Z01,10.875176854100149,-4.211527244279978e-06,1.6885439790462018,False,False
2023-07-08,Z01,10.875187014575417,5.901258074203497e-06,-1.1370842634878457,False,False
2023-07-09,Z01,10.875181310597279,-1.7611568559061652e-07,0.631474420688141,False,False
2023-07-10,Z01,10.875181855792123,4.6792757402158713e-07,-1.462336435290326,False,False
2023-07-11,Z01,10.875186007031225,4.451612918288106e-06,0.12326790224676558,False,False
2023-07-12,Z01,10.875184029335745,2.4407130325698745e-06,-2.1941538218459065,False,False
2023-07-13,Z01,10.875183751647128,2.0027775526898495e-06,-0.26296905176867963,False,False
2023-07-14,Z01,10.875185321411335,3.480630001106988e-06,-0.4459233984075754,False,False
2023-07-15,Z01,10.875176477435643,-5.4610000486121635e-06,1.2209939820801357,False,False
2023-07-16,Z01,10.875176389666933,-5.1651927819307275e-06,1.729200500521511,False,False
2023-07-17,Z01,10.875177222993159,-4.386624057772792e-06,1.769857021996822,False,False
2023-07-18,Z01,10.875186126955764,4.386892085150862e-06,1.2209939820801357,False,False
2023-07-19,Z01,10.875183263871715,1.6566569254194974e-06,0.12326790224676558,False,False
2023-07-20,Z01,10.875186876237423,5.1282437834032635e-06,0.4281918133115906,False,False
2023-07-21,Z01,10.875174273247046,-7.709564325608653e-06,0.4281918133115906,False,False
2023-07-22,Z01,10.875178975253636,-2.623340568774779e-06,-1.1574125242255011,False,False
2023-07-23,Z01,10.875178134474828,-3.502065551330702e-06,1.200665721342481,False,False
2023-07-24,Z01,10.875181579027652,-6.221564419206516e-08,0.7534439851140712,False,False
2023-07-25,Z01,10.875175756205255,-6.021848310666655e-06,0.7941005065893812,False,False
2023-07-26,Z01,10.875185131747076,3.5352836782465147e-06,-2.2754668647965266,False,False
2023-07-27,Z01,10.87517540515436,-6.12059192128811e-06,0.5095048562622108,False,False
2023-07-28,Z01,10.875180162135077,-1.0259707536874885e-06,1.0583678961788954,False,False
2023-07-29,Z01,10.875189252178098,8.037104848312993e-06,0.021626598558489956,False,False
2023-07-30,Z01,10.875187066585164,5.728553761130684e-06,-0.46625165914523,False,False
2023-07-31,Z01,10.875183945372914,2.4952671502376234e-06,-1.3403668708643959,False,False
2023-08-01,Z01,10.8751802014819,-1.2446627657425324e-06,-1.421679913815016,False,False
2023-08-02,Z01,10.875183485521422,2.1287449438744943e-06,0.2045809451973857,False,False
2023-08-03,Z01,10.875187101097964,5.545230509440557e-06,-0.20198426955571497,False,False
2023-08-04,Z01,10.87518594741564,3.98854428063089e-06,-0.20198426955571497,False,False
2023-08-05,Z01,10.875184948505952,2.911403583993888e-06,1.5869026753579272,False,False
2023-08-06,Z01,10.875189447446097,7.318544263057447e-06,-1.2387255671761204,False,False
2023-08-07,Z01,10.875185436517027,2.8878369935370074e-06,-0.3036255732439897,False,False
2023-08-08,Z01,10.875179295351304,-3.200726782282004e-06,1.769857021996822,False,False
2023-08-09,Z01,10.875177734957148,-4.693946072720223e-06,-0.2832973125063351,False,False
2023-08-10,Z01,10.875185759604022,3.468061969158498e-06,0.10293964150911009,False,False
2023-08-11,Z01,10.875178830232672,-3.4530618098216337e-06,-0.1409994873427503,False,False
2023-08-12,Z01,10.875185858252106,3.748261061531366e-06,0.7534439851140712,False,False
2023-08-13,Z01,10.875181886153019,-2.9405819113037523e-07,-2.0518559966823218,False,False
2023-08-14,Z01,10.875173250824405,-8.814878196261589e-06,-0.1613277480804049,False,False
2023-08-15,Z01,10.87517530257427,-6.655574622982385e-06,0.10293964150911009,False,False
2023-08-16,Z01,10.875182951850855,1.0299383816914087e-06,-0.9744581775866054,False,False
2023-08-17,Z01,10.875184300242204,2.1873678086592463e-06,0.38753529183628055,False,False
2023-08-18,Z01,10.875182872340094,8.203561510100599e-07,0.8347570280646913,False,False
2023-08-19,Z01,10.875181276664891,-7.622679945029631e-07,0.5095048562622108,False,False
2023-08-20,Z01,10.875180073428812,-1.778851656197844e-06,1.851170064947442,False,False
2023-08-21,Z01,10.875177371075827,-4.674544035410122e-06,-0.4052668769322653,False,False
2023-08-22,Z01,10.875182935456781,9.43309512280166e-07,0.5501613777375208,False,False
2023-08-23,Z01,10.875190903062123,8.750882123820247e-06,0.5298331169998654,False,False
2023-08-24,Z01,10.875190564997466,8.102016316513527e-06,-0.20198426955571497,False,False
2023-08-25,Z01,10.875184942317768,1.9857102113718383e-06,1.200665721342481,False,False
2023-08-26,Z01,10.875177382591342,-5.567701903075317e-06,0.32655050962331594,False,False
2023-08-27,Z01,10.875184737831148,1.7216233363370748e-06,-1.1777407849631556,False,False
2023-08-28,Z01,10.87517724296993,-5.925761083602765e-06,0.8144287673270358,False,False
2023-08-29,Z01,10.875190555246254,7.786822179056685e-06,-0.46625165914523,False,False
2023-08-30,Z01,10.875178850457791,-4.0342549869620825e-06,-0.2832973125063351,False,False
2023-08-31,Z01,10.875181598484446,-1.1163978292927368e-06,-0.20198426955571497,False,False
2023-09-01,Z01,10.87519080855648,8.047107453279523e-06,0.7941005065893812,False,False
2023-09-02,Z01,10.875188633253016,5.627702821087155e-06,1.1396809391295155,False,False
2023-09-03,Z01,10.875187006589885,3.949967855021441e-06,-0.12067122660509483,False,False
2023-09-04,Z01,10.875186975176126,3.883248286484786e-06,-0.1816560088180595,False,False
2023-09-05,Z01,10.875180214170472,-2.945313037017172e-06,-2.031527735944666,False,False
2023-09-06,Z01,10.875190379997283,7.528289627245499e-06,-0.6695342665217803,False,False
2023-09-07,Z01,10.875189368416532,6.351926201020319e-06,-0.9134733953736407,False,False
2023-09-08,Z01,10.875178790293596,-4.561965576854732e-06,0.36720703109862507,False,False
2023-09-09,Z01,10.87518970347103,6.316033974940183e-06,-0.05968644439213018,False,False
2023-09-10,Z01,10.875182446109037,-1.0727902512996934e-06,-0.8728168738983306,False,False
2023-09-11,Z01,10.87518291095969,-7.284688106068415e-07,0.2045809451973857,False,False
2023-09-12,Z01,10.875187550947027,4.0097616089695975e-06,-0.019029922916820114,False,False
2023-09-13,Z01,10.87517634351011,-7.38650177467548e-06,-2.5397342543860417,False,False
2023-09-14,Z01,10.875183831700024,-1.4013838978144122e-09,1.1600091998671718,False,False
2023-09-15,Z01,10.875182778538562,-1.3388670385694468e-06,1.0786961569165516,False,False
2023-09-16,Z01,10.875189663603793,5.5519752688582e-06,-0.20198426955571497,False,False
2023-09-17,Z01,10.87518194071515,-2.349692094227862e-06,0.40786355257393514,False,False
2023-09-18,Z01,10.8751773004636,-6.958889480657149e-06,-0.2832973125063351,False,False
2023-09-19,Z01,10.875180769569742,-3.3572432958095533e-06,-1.5843059997162563,False,False
2023-09-20,Z01,10.87517498262346,-9.167394274811613e-06,2.2374070189628865,False,False
2023-09-21,Z01,10.875186231794318,2.16139166298035e-06,0.7941005065893812,False,False
2023-09-22,Z01,10.875185029242616,8.489620419993571e-07,0.9973831139659316,False,False
2023-09-23,Z01,10.87517455295906,-9.431527530523454e-06,-0.24264079103102504,False,False
2023-09-24,Z01,10.875181770693624,-1.6800583502174504e-06,1.1803374606048265,False,False
2023-09-25,Z01,10.875181241749443,-2.103281728338402e-06,-1.3606951316020506,False,False
2023-09-26,Z01,10.875190388714188,6.915044412636462e-06,-0.20198426955571497,False,False
2023-09-27,Z01,10.875178882486166,-4.779546378230748e-06,0.7941005065893812,False,False
2023-09-28,Z01,10.875176061954098,-7.654728987560588e-06,-0.5882212235711601,False,False
2023-09-29,Z01,10.875186885812413,3.652239067619689e-06,0.9770548532282752,False,False
2023-09-30,Z01,10.875183826102704,3.246842048554299e-07,0.3468787703609705,False,False
2023-10-01,Z01,10.875184463868122,8.881956805595337e-07,0.24523746667269578,False,False
2023-10-02,Z01,10.875172061979361,-1.1302203468233074e-05,-0.6898625272594349,False,False
2023-10-03,Z01,10.875178803462019,-4.0083450230099515e-06,0.4485200740492452,False,False
2023-10-04,Z01,10.875178850817107,-3.6875523381496578e-06,2.0137961508486826,False,False
2023-10-05,Z01,10.875180611215615,-1.656341863665034e-06,0.2249092059350403,False,False
2023-10-06,Z01,10.875175382153657,-6.898638657659717e-06,0.6111461599504855,False,False
2023-10-07,Z01,10.875176844275408,-4.936588785753315e-06,0.7534439851140712,False,False
2023-10-08,Z01,10.875185634091597,4.270698774178072e-06,-1.116756002750191,False,False
2023-10-09,Z01,10.875181924487986,3.329685611674904e-07,-0.10034296586744025,False,False
2023-10-10,Z01,10.875190428497374,9.096277382880658e-06,-0.12067122660509483,False,False
2023-10-11,Z01,10.87518810182634,6.503526739365384e-06,-2.1128407788952863,False,False
2023-10-12,Z01,10.875180959571342,-8.117571486110364e-07,0.8347570280646913,False,False
2023-10-13,Z01,10.875183545564003,1.9939480377928476e-06,-0.9134733953736407,False,False
2023-10-14,Z01,10.875189734168188,7.942483756906427e-06,0.7331157243764157,False,False
2023-10-15,Z01,10.875180082738932,-1.9056944378093021e-06,-0.7305190487347449,False,False
2023-10-16,Z01,10.875184995983883,3.097410502306275e-06,2.115437454536957,False,False
2023-10-17,Z01,10.875184241201206,2.4982151547447984e-06,-0.24264079103102504,False,False
2023-10-18,Z01,10.875181660557427,-1.5911149198188923e-07,1.993467890111026,False,False
2023-10-19,Z01,10.875187468266613,5.503261235162427e-06,-0.1409994873427503,False,False
2023-10-20,Z01,10.875179799649532,-2.3886457434230124e-06,-0.019029922916820114,False,False
2023-10-21,Z01,10.875187055392363,4.7065295518677885e-06,1.6275591968332364,False,False
2023-10-22,Z01,10.875184115213713,1.738897633885017e-06,-0.8931451346359852,False,False
2023-10-23,Z01,10.875175490481956,-6.855366493141446e-06,0.08261138077145551,False,False
2023-10-24,Z01,10.875176459154016,-5.9179451969981756e-06,0.5908178992128309,False,False
2023-10-25,Z01,10.875182537745818,3.3769792473492544e-07,0.4485200740492452,False,False
2023-10-26,Z01,10.875177853338462,-4.389909308954998e-06,0.08261138077145551,False,False
2023-10-27,Z01,10.875181051636615,-7.737652989447952e-07,-0.05968644439213018,False,False
2023-10-28,Z01,10.875173709403468,-8.188303461054147e-06,0.8957418102776551,False,False
2023-10-29,Z01,10.875175710312398,-6.108976178254011e-06,0.2249092059350403,False,False
2023-10-30,Z01,10.875173771085556,-7.67568635140492e-06,1.0177113747035862,False,False
2023-10-31,Z01,10.875186765150737,5.653546068629112e-06,0.4485200740492452,False,False
2023-11-01,Z01,10.875186766200343,5.577886254215514e-06,0.7127874636387611,False,False
2023-11-02,Z01,10.875183240714003,1.5622592144381997e-06,1.200665721342481,False,False
2023-11-03,Z01,10.875175446309628,-6.380053561017007e-06,-0.2832973125063351,False,False
2023-11-04,Z01,10.875173478981063,-8.23389854076595e-06,1.1600091998671718,False,False
2023-11-05,Z01,10.875178786756653,-2.688381801618789e-06,-0.12067122660509483,False,False
2023-11-06,Z01,10.875172725291202,-8.863334018727187e-06,-1.381023392339706,False,False
2023-11-07,Z01,10.875171523259183,-9.92806656441303e-06,-0.2832973125063351,False,False
2023-11-08,Z01,10.875176970355028,-4.0106096381720135e-06,-0.6898625272594349,False,False
2023-11-09,Z01,10.875182085933927,1.2701070275511483e-06,0.4281918133115906,False,False
2023-11-10,Z01,10.875176739501725,-3.798239726293673e-06,-0.24264079103102504,False,False
2023-11-11,Z01,10.875190472654877,1.0313657577754043e-05,0.16392442372207564,False,False
2023-11-12,Z01,10.875185779208046,5.3031079598753195e-06,1.0786961569165516,False,False
2023-11-13,Z01,10.875176990983626,-3.5595712599700846e-06,1.5462461538826162,False,False
2023-11-14,Z01,10.875175090097077,-5.035684988996536e-06,0.3468787703609705,False,False
2023-11-15,Z01,10.875166819137757,-1.3140222915097866e-05,1.1396809391295155,False,False
2023-11-16,Z01,10.875190564069646,1.1210603844347133e-05,-0.1409994873427503,False,False
2023-11-17,Z01,10.875194502539138,1.4938311055701092e-05,-1.5436494782409462,False,False
2023-11-18,Z01,10.87517646070008,-3.5315940589697448e-06,-1.1574125242255011,False,False
2023-11-19,Z01,10.875185578714486,5.953339231368204e-06,-0.1613277480804049,False,False
2023-11-20,Z01,10.87517973466582,-8.334493273309818e-08,0.8550852888023459,False,False
2023-11-21,Z01,10.875172078147813,-7.495838723059478e-06,-0.1613277480804049,False,False
2023-11-22,Z01,10.875176281950468,-2.8908005393901703e-06,1.241322242817792,False,False
2023-11-23,Z01,10.8751758208032,-3.3783300885659173e-06,1.912154847160406,False,False
2023-11-24,Z01,10.875181229223461,2.0513685328182873e-06,-0.8524886131606751,False,False
2023-11-25,Z01,10.875189121632607,9.98739508872859e-06,2.196750497487577,False,False
2023-11-26,Z01,10.875165692146437,-1.3817700883933526e-05,-1.6249625211915664,False,False
2023-11-27,Z01,10.875191744097949,1.2746233633009751e-05,1.912154847160406,False,False
2023-11-28,Z01,10.875198446849991,1.8847829192480958e-05,0.0012983378208353722,False,False
2023-11-29,Z01,10.875181699039906,1.342134520854188e-06,-0.20198426955571497,False,False
2023-11-30,Z01,10.875167805191015,-1.281597951496849e-05,0.04195485929614544,False,False
2023-12-01,Z01,10.875170178301952,-9.810869919135712e-06,-0.771175570210055,False,False
2023-12-02,Z01,10.875178464023064,-9.722188618610517e-07,1.5665744146202707,False,False
2023-12-03,Z01,10.875198218048814,1.894102991961688e-05,-0.6695342665217803,False,False
2023-12-04,Z01,10.875173724030358,-6.31204650858308e-06,-0.5272364413581955,False,False
2023-12-05,Z01,10.875197526651267,1.7482406088120683e-05,-1.3606951316020506,False,False
2023-12-06,Z01,10.875194210190688,1.3541282356754891e-05,-0.7101907879970903,False,False
2023-12-07,Z01,10.875188199833136,6.814761489337684e-06,-0.6695342665217803,False,False
2023-12-08,Z01,10.875179298981088,-2.6419763585749934e-06,-0.7305190487347449,False,False
2023-12-09,Z01,10.875187415041806,5.396463489404368e-06,-0.1409994873427503,False,False
2023-12-10,Z01,10.875186507435474,4.311220230590607e-06,-1.0964277420125357,False,False
2023-12-11,Z01,10.875174645771693,-7.876041340892925e-06,1.6682157183085473,False,False
2023-12-12,Z01,10.875176740189763,-5.25406049867172e-06,-0.12067122660509483,False,False
2023-12-13,Z01,10.875168051804966,-1.3641144684939377e-05,0.4281918133115906,False,False
2023-12-14,Z01,10.875189196732398,7.801755367964347e-06,0.9160700710153115,False,False
2023-12-15,Z01,10.875189986428326,8.121230116842071e-06,2.0951091937993027,False,False
2023-12-16,Z01,10.875180729484683,-1.90795654297915e-06,0.9567265924906206,False,False
2023-12-17,Z01,10.875169483520143,-1.282610158526154e-05,-0.20198426955571497,False,False
2023-12-18,Z01,10.875181546387287,7.073285956948894e-08,-1.0557712205372256,False,False
2023-12-19,Z01,10.875191892794934,1.0247617597158865e-05,0.38753529183628055,False,False
2023-12-20,Z01,10.875168388822267,-1.3466824416497047e-05,1.1193526783918608,False,False
2023-12-21,Z01,10.875184241016795,2.7635648969237536e-06,0.18425268445973023,False,False
2023-12-22,Z01,10.875192460475628,1.0577594762750664e-05,0.10293964150911009,False,False
2023-12-23,Z01,10.875170831077074,-1.1591087963225277e-05,0.26556572741035034,False,False
2023-12-24,Z01,10.87518982195845,7.566117618651447e-06,-1.8485733893057714,False,False
2023-12-25,Z01,10.875195414701874,1.2872436544242305e-05,0.18425268445973023,False,False
2023-12-26,Z01,10.875185126343826,2.374309518771156e-06,0.7941005065893812,False,False
2023-12-27,Z01,10.875182496082358,-9.037585293469874e-07,0.0012983378208353722,False,False
2023-12-28,Z01,10.875179506318506,-3.585255193172543e-06,1.1803374606048265,False,False
2023-12-29,Z01,10.875176795141693,-5.665080957228952e-06,1.2209939820801357,False,False
2023-12-30,Z01,10.875167272505267,-1.5024254111040136e-05,-0.46625165914523,False,False
2023-12-31,Z01,10.875188629052376,6.350049188696971e-06,0.4891765955245553,False,False
2024-01-01,Z01,10.875176056920697,-6.837107502377648e-06,0.08261138077145551,False,False
2024-01-02,Z01,10.875188212893331,5.399101874914436e-06,-2.0111994752070115,False,False
2024-01-03,Z01,10.875173519629673,-8.960656598944183e-06,-0.1409994873427503,False,False
2024-01-04,Z01,10.87518106061188,-1.4128610370534034e-06,-1.0151146990619155,False,False
2024-01-05,Z01,10.875194342274263,1.2417669326580949e-05,0.18425268445973023,False,False
2024-01-06,Z01,10.875190078097836,8.149090115594504e-06,0.7331157243764157,False,False
2024-01-07,Z01,10.875184743109926,2.7514933815808718e-06,-0.1816560088180595,False,False
2024-01-08,Z01,10.875184195741012,2.022653506017491e-06,-0.8728168738983306,False,False
2024-01-09,Z01,10.87517664945381,-5.416323668683276e-06,0.2858939881480059,False,False
2024-01-10,Z01,10.875179721047852,-2.016130238757796e-06,2.5220026692900577,False,False
2024-01-11,Z01,10.87518293391059,1.0275566282302862e-06,-2.1738255611082518,False,False
2024-01-12,Z01,10.875172173798395,-9.939012930004765e-06,0.2858939881480059,False,False
2024-01-13,Z01,10.875171689014564,-1.0561196541303275e-05,-0.50690818062054,False,False
2024-01-14,Z01,10.875170567472935,-1.1099147574356039e-05,-0.38493861619460984,False,False
2024-01-15,Z01,10.875175071359806,-5.9479621903335556e-06,-0.05968644439213018,False,False
2024-01-16,Z01,10.875172239250865,-8.591466968965733e-06,-0.3036255732439897,False,False
2024-01-17,Z01,10.875181928594271,1.006018745641768e-06,0.6518026814257956,False,False
2024-01-18,Z01,10.875197819155026,1.6883839267123335e-05,-0.20198426955571497,False,False
2024-01-19,Z01,10.87517890490949,-2.2279516045387027e-06,-2.1534973003705966,False,False
2024-01-20,Z01,10.875194058886661,1.257548932542818e-05,1.3429635465060668,False,False
2024-01-21,Z01,10.875174872089428,-6.938570237480235e-06,1.1803374606048265,False,False
2024-01-22,Z01,10.87517538363792,-5.840742204554772e-06,-0.5678929628335055,False,False
2024-01-23,Z01,10.875184443381276,3.0672491231342747e-06,0.08261138077145551,False,False
2024-01-24,Z01,10.875197184245996,1.5987399748951248e-05,1.281978764293101,False,False
2024-01-25,Z01,10.875172052604015,-9.20322703734655e-06,1.0990244176542063,False,False
2024-01-26,Z01,10.875184198481966,3.3784422424076865e-06,1.424276589456687,False,False
2024-01-27,Z01,10.875172327900954,-8.548885423564911e-06,0.4281918133115906,False,False
2024-01-28,Z01,10.875190205386758,9.567880965732911e-06,0.8144287673270358,False,False
2024-01-29,Z01,10.875173785573406,-7.298940555955369e-06,1.464933110931996,False,False
2024-01-30,Z01,10.875186229220034,4.927603802329372e-06,-0.3036255732439897,False,False
2024-01-31,Z01,10.875178887270922,-2.3343509010231855e-06,0.4891765955245553,False,False
2024-02-01,Z01,10.875187426454612,6.110487783317353e-06,-2.133169039632942,False,False
2024-02-02,Z01,10.87519708711086,1.5797358656755023e-05,-1.563977738978601,False,False
2024-02-03,Z01,10.875175713821445,-6.361513465336088e-06,0.5501613777375208,False,False
2024-02-04,Z01,10.875183116914707,1.2198061423163153e-06,0.7127874636387611,False,False
2024-02-05,Z01,10.875174937743761,-6.5851861510424214e-06,-0.34428209471929977,False,False
2024-02-06,Z01,10.875181989923716,9.716722733088545e-07,-0.5678929628335055,False,False
2024-02-07,Z01,10.875200027348601,1.9100870032318085e-05,-0.3239538339816452,False,False
2024-02-08,Z01,10.87518315284434,1.6986455193546135e-06,0.24523746667269578,False,False
2024-02-09,Z01,10.875173439890823,-8.231087681664917e-06,-2.316123386271837,False,False
2024-02-10,Z01,10.875190047018737,8.585412132333659e-06,0.5095048562622108,False,False
2024-02-11,Z01,10.875186476339945,4.777629735386313e-06,0.08261138077145551,False,False
2024-02-12,Z01,10.875173832330427,-8.343131167265483e-06,0.2858939881480059,False,False
2024-02-13,Z01,10.875185971602317,3.7246968584980777e-06,-0.08001470512978476,False,False
2024-02-14,Z01,10.875178104393605,-4.655982833057237e-06,-1.3606951316020506,False,False
2024-02-15,Z01,10.875179384223584,-3.477253978090289e-06,-1.076099481274881,False,False
2024-02-16,Z01,10.875182120582478,-9.790608430648717e-07,1.5869026753579272,False,False
2024-02-17,Z01,10.875179195343094,-3.910699831521924e-06,-0.6085494843088156,False,False
2024-02-18,Z01,10.87517366182578,-8.823423414128229e-06,0.8550852888023459,False,False
2024-02-19,Z01,10.87518097896966,-1.3315100790833867e-06,-1.0557712205372256,False,False
2024-02-20,Z01,10.87517524157441,-6.6329080947724606e-06,0.021626598558489956,False,False
2024-02-21,Z01,10.875181038827144,-8.47971529438496e-07,-0.4052668769322653,False,False
2024-02-22,Z01,10.87517988368598,-2.1916190000581537e-06,-0.24264079103102504,False,False
2024-02-23,Z01,10.875184608110896,2.6847957599329675e-06,-0.3036255732439897,False,False
2024-02-24,Z01,10.875190496510792,8.992400159613112e-06,1.505589632407307,False,False
2024-02-25,Z01,10.87518598574492,3.866837394284062e-06,1.993467890111026,False,False
2024-02-26,Z01,10.875171389361217,-1.0789121740018004e-05,0.2858939881480059,False,False
2024-02-27,Z01,10.875168550662417,-1.359653588295373e-05,-0.38493861619460984,False,False
2024-02-28,Z01,10.875192389105743,1.0963731588375936e-05,-1.2997103493890858,False,False
2024-02-29,Z01,10.875166289068588,-1.5756423310975265e-05,-1.381023392339706,False,False
2024-03-01,Z01,10.875190316290299,8.935470114934674e-06,1.505589632407307,False,False
2024-03-02,Z01,10.875177303952995,-4.457834501536695e-06,-1.4420081745526707,False,False
2024-03-03,Z01,10.875183739664287,2.315293512467065e-06,-0.4052668769322653,False,False
2024-03-04,Z01,10.875187022346386,6.042890497326425e-06,0.2045809451973857,False,False
2024-03-05,Z01,10.875173452966465,-7.903440256029626e-06,-2.600719036599007,False,False
2024-03-06,Z01,10.87519062416791,9.58989279808975e-06,-1.2387255671761204,False,False
2024-03-07,Z01,10.87519318843883,1.1631282911039875e-05,-1.3200386101267405,False,False
2024-03-08,Z01,10.875182745359623,8.149198684748171e-07,-0.6288777450464702,False,False
2024-03-09,Z01,10.875186142050664,4.787677205797536e-06,0.3062222488856604,False,False
2024-03-10,Z01,10.875189209070719,7.755057049863012e-06,1.0786961569165516,False,False
2024-03-11,Z01,10.875170319872769,-1.1659780229322791e-05,-0.6288777450464702,False,False
2024-03-12,Z01,10.875181881301268,5.592198029091833e-07,-0.4255951376699199,False,False
2024-03-13,Z01,10.875186684423271,5.515509760911641e-06,-0.08001470512978476,False,False
2024-03-14,Z01,10.875168300869923,-1.3296446681465568e-05,-0.771175570210055,False,False
2024-03-15,Z01,10.87518893151959,7.923227398620725e-06,0.4688483347869007,False,False
2024-03-16,Z01,10.875187356331166,5.987134775509162e-06,0.4891765955245553,False,False
2024-03-17,Z01,10.875173226811762,-8.408121546565894e-06,-2.7226886010249367,False,False
2024-03-18,Z01,10.875188730080962,7.391606676065976e-06,0.6924592029011056,False,False
2024-03-19,Z01,10.87519063314803,8.976849148467636e-06,0.16392442372207564,False,False
2024-03-20,Z01,10.875191827980982,9.605971358794818e-06,0.3062222488856604,False,False
2024-03-21,Z01,10.875176261814874,-6.321828459832091e-06,1.241322242817792,False,False
2024-03-22,Z01,10.87519222460898,9.60695763296826e-06,-1.7672603463551513,False,False
2024-03-23,Z01,10.875179702082928,-3.2884278162725877e-06,-1.2387255671761204,False,False
2024-03-24,Z01,10.875171205235672,-1.1779221635421777e-05,-0.039358183654474695,False,False
2024-03-25,Z01,10.875188854731546,6.317036744363236e-06,-2.316123386271837,False,False
2024-03-26,Z01,10.875180490794243,-1.992174583520523e-06,-0.1816560088180595,False,False
2024-03-27,Z01,10.875184177467832,1.877664027816195e-06,0.8957418102776551,False,False
2024-03-28,Z01,10.87518493085862,2.2047845948947042e-06,0.4485200740492452,False,False
2024-03-29,Z01,10.875185264480008,1.9923994436510384e-06,0.12326790224676558,False,False
2024-03-30,Z01,10.87517293095589,-1.0103637151814837e-05,-0.20198426955571497,False,False
2024-03-31,Z01,10.875170527071857,-1.272891742409854e-05,-0.38493861619460984,False,False
2024-04-01,Z01,10.87519401358866,1.141723999076305e-05,-0.4459233984075754,False,False
2024-04-02,Z01,10.875171445161493,-1.17081750321546e-05,0.26556572741035034,False,False
2024-04-03,Z01,10.87517941944946,-3.324070304344673e-06,-1.5436494782409462,False,False
2024-04-04,Z01,10.875182089154421,-4.009354448442082e-07,1.5259178931449615,False,False
2024-04-05,Z01,10.875182988776688,2.1081388723587224e-07,-0.7101907879970903,False,False
2024-04-06,Z01,10.875179174653788,-3.348795969415619e-06,0.6111461599504855,False,False
2024-04-07,Z01,10.875171791964574,-1.0264359016076696e-05,0.12326790224676558,False,False
2024-04-08,Z01,10.87517585958975,-5.831620672580584e-06,-1.1370842634878457,False,False
2024-04-09,Z01,10.87518352851476,2.180053037648122e-06,1.3632918072437212,False,False
2024-04-10,Z01,10.875188822202677,7.663092818077644e-06,1.1396809391295155,False,False
2024-04-11,Z01,10.875180211399947,-1.564454242597435e-06,-1.563977738978601,False,False
2024-04-12,Z01,10.875181476854024,-2.4333678716459417e-07,-0.039358183654474695,False,False
2024-04-13,Z01,10.875181646841739,1.0023656749069687e-07,0.24523746667269578,False,False
2024-04-14,Z01,10.875182008637024,1.7166128074563858e-08,-2.0721842574199765,False,False
2024-04-15,Z01,10.875170602156869,-1.1158551277645756e-05,-2.1128407788952863,False,False
2024-04-16,Z01,10.87518080174439,-4.00491279251014e-07,-0.8118320916853651,False,False
2024-04-17,Z01,10.875181123366398,-3.3136702448643973e-07,-1.2997103493890858,False,False
2024-04-18,Z01,10.875191234142175,1.0032965903405966e-05,-1.0151146990619155,False,False
2024-04-19,Z01,10.875188002757794,6.781548385959013e-06,-1.2997103493890858,False,False
2024-04-20,Z01,10.875183011277452,1.9175754832900793e-06,-0.08001470512978476,False,False
2024-04-21,Z01,10.875184643157192,3.324473137666928e-06,-0.8728168738983306,False,False
2024-04-22,Z01,10.875172330930614,-8.735038381502136e-06,1.1803374606048265,False,False
2024-04-23,Z01,10.875184701906914,3.881642994585377e-06,0.2249092059350403,False,False
2024-04-24,Z01,10.875185874487785,4.604334826296963e-06,0.8550852888023459,False,False
2024-04-25,Z01,10.875178333884863,-2.8369266367178625e-06,-1.6656190426668764,False,False
2024-04-26,Z01,10.875177222567642,-3.876346880815618e-06,-0.5882212235711601,False,False
2024-04-27,Z01,10.875181920220275,1.0531357599319335e-06,0.18425268445973023,False,False
2024-04-28,Z01,10.875179939886664,-8.268432392100067e-07,0.5095048562622108,False,False
2024-04-29,Z01,10.875179492947412,-1.0962960459437454e-06,-0.6085494843088156,False,False
2024-04-30,Z01,10.875191995191773,1.118721526260913e-05,-0.46625165914523,False,False
2024-05-01,Z01,10.875183159556038,1.6359755310446644e-06,-0.36461035545695525,False,False
2024-05-02,Z01,10.87518647829318,5.316513760789121e-06,-0.26296905176867963,False,False
2024-05-03,Z01,10.875181517189388,-1.456944236366553e-07,2.2374070189628865,False,False
2024-05-04,Z01,10.875180861156183,-8.716522916785152e-07,0.36720703109862507,False,False
2024-05-05,Z01,10.875179241442117,-2.4504330795593887e-06,0.08261138077145551,False,False
2024-05-06,Z01,10.875180130078311,-1.4368857357283105e-06,-1.2387255671761204,False,False
2024-05-07,Z01,10.875178813630633,-2.785180898356998e-06,-1.2183973064384657,False,False
2024-05-08,Z01,10.875187570569494,5.73770242873195e-06,-0.1816560088180595,False,False
2024-05-09,Z01,10.875181193513514,-1.0297195434105788e-06,1.200665721342481,False,False
2024-05-10,Z01,10.875190281704121,8.136304437300623e-06,-0.1613277480804049,False,False
2024-05-11,Z01,10.875186674431745,4.48038201383838e-06,-0.12067122660509483,False,False
2024-05-12,Z01,10.875188083881197,5.6743970713313274e-06,-0.7101907879970903,False,False
2024-05-13,Z01,10.875174723132956,-7.906585407724265e-06,-1.7266038248798412,False,False
2024-05-14,Z01,10.875180728872563,-1.6700555089954605e-06,0.4891765955245553,False,False
2024-05-15,Z01,10.875174207136453,-8.149132801449355e-06,-0.22231253029336956,False,False
2024-05-16,Z01,10.875173469463212,-9.006972028657856e-06,0.4891765955245553,False,False
2024-05-17,Z01,10.875172082290836,-1.0149735032882745e-05,0.2045809451973857,False,False
2024-05-18,Z01,10.875191926534029,9.995877347179771e-06,-0.9338016561112953,False,False
2024-05-19,Z01,10.875190257889848,8.30415343600066e-06,0.26556572741035034,False,False
2024-05-20,Z01,10.875177736045858,-4.292861623511612e-06,-1.2793820886514304,False,False
2024-05-21,Z01,10.875174398544567,-7.454521860239538e-06,0.26556572741035034,False,False
2024-05-22,Z01,10.875177344871961,-4.166707379127388e-06,-0.019029922916820114,False,False
2024-05-23,Z01,10.875172671658998,-9.007051721354742e-06,1.6072309360955817,False,False
2024-05-24,Z01,10.875173860741537,-7.416960917439042e-06,-0.8321603524230206,False,False
2024-05-25,Z01,10.875172666299605,-8.210944640651974e-06,-1.2997103493890858,False,False
2024-05-26,Z01,10.875186528200251,5.839875514723758e-06,-0.38493861619460984,False,False
2024-05-27,Z01,10.87518528023866,4.2817261700633935e-06,0.6518026814257956,False,False
2024-05-28,Z01,10.875172650464702,-8.460048402270104e-06,-2.804001643975557,False,False
2024-05-29,Z01,10.875181493258095,6.257257236796931e-07,0.936398331752966,False,False
2024-05-30,Z01,10.875181387933495,4.5372410006905284e-07,-0.1613277480804049,False,False
2024-05-31,Z01,10.875180933735155,3.5310103640995294e-07,-1.116756002750191,False,False
2024-06-01,Z01,10.875174302379422,-6.2040606643165574e-06,-0.3239538339816452,False,False
2024-06-02,Z01,10.875181931267667,1.83069137094094e-06,-0.7101907879970903,False,False
2024-06-03,Z01,10.875188357682173,8.243303266652902e-06,-1.1980690457008103,False,False
2024-06-04,Z01,10.875176333040232,-4.0312228755112756e-06,-1.9298864322563916,False,False
2024-06-05,Z01,10.875179682399496,-5.849168793758963e-07,0.7941005065893812,False,False
2024-06-06,Z01,10.87518564015029,5.387756541352928e-06,-0.5272364413581955,False,False
2024-06-07,Z01,10.875177423283109,-3.056661297407004e-06,-0.36461035545695525,False,False
2024-06-08,Z01,10.875186227427953,6.08572642768479e-06,0.8957418102776551,False,False
2024-06-09,Z01,10.875173350458175,-6.9590404976338505e-06,0.10293964150911009,False,False
2024-06-10,Z01,10.87517655692529,-3.1881985176340777e-06,-1.5436494782409462,False,False
2024-06-11,Z01,10.8751865728746,7.165001008502259e-06,0.7331157243764157,False,False
2024-06-12,Z01,10.8751752062299,-4.15127680675198e-06,1.5462461538826162,False,False
2024-06-13,Z01,10.87517519580427,-4.177805667637813e-06,0.5501613777375208,False,False
2024-06-14,Z01,10.875188115271474,8.926097146755296e-06,-0.8321603524230206,False,False
2024-06-15,Z01,10.875183829966035,4.177187205911537e-06,-1.462336435290326,False,False
2024-06-16,Z01,10.875182860487566,2.8623586434406434e-06,-0.8728168738983306,False,False
2024-06-17,Z01,10.875181703406827,1.3460046801583303e-06,0.14359616298442016,False,False
2024-06-18,Z01,10.875178189378133,-1.827253107933302e-06,1.4852613716696506,False,False
2024-06-19,Z01,10.87517703911381,-2.5752337045048534e-06,-0.7305190487347449,False,False
2024-06-20,Z01,10.875180339828288,7.48711839193561e-07,-0.6085494843088156,False,False
2024-06-21,Z01,10.875184692054084,4.902894845670858e-06,1.0786961569165516,False,False
2024-06-22,Z01,10.875179984660814,-4.940449294110749e-08,-0.4052668769322653,False,False
2024-06-23,Z01,10.875182107523388,1.8296913495419176e-06,1.7901852827344766,False,False
2024-06-24,Z01,10.875172363836882,-8.188887884230667e-06,-0.10034296586744025,False,False
2024-06-25,Z01,10.875191725573066,1.118293038970819e-05,1.2209939820801357,False,False
2024-06-26,Z01,10.875182941452012,2.2255635769852233e-06,0.4281918133115906,False,False
2024-06-27,Z01,10.875182953476445,2.315547565245879e-06,0.7534439851140712,False,False
2024-06-28,Z01,10.875178610682187,-2.3706804181955476e-06,-0.1409994873427503,False,False
2024-06-29,Z01,10.8751778856624,-2.999614340026824e-06,-0.08001470512978476,False,False
2024-06-30,Z01,10.875176889854625,-3.878679745383806e-06,0.4688483347869007,False,False
2024-07-01,Z01,10.875174494139761,-6.139598593080109e-06,0.8550852888023459,False,False
2024-07-02,Z01,10.875180157439772,-4.826905932731052e-07,0.5704896384751754,False,False
2024-07-03,Z01,10.875175953600987,-4.627401782641982e-06,-1.7469320856174957,False,False
2024-07-04,Z01,10.875177746730502,-2.4208028932548586e-06,0.3062222488856604,False,False
2024-07-05,Z01,10.875176115687477,-4.09896892783479e-06,-0.6288777450464702,False,False
2024-07-06,Z01,10.875177439179357,-2.6565866484418166e-06,-0.50690818062054,False,False
2024-07-07,Z01,10.8751797487432,-7.365710530393699e-08,0.5095048562622108,False,False
2024-07-08,Z01,10.875183997173805,4.097258162971684e-06,1.769857021996822,False,False
2024-07-09,Z01,10.875180130574098,3.0500025971491596e-07,-0.20198426955571497,False,False
2024-07-10,Z01,10.875190701851189,1.0650273488010953e-05,2.0544526723239915,False,False
2024-07-11,Z01,10.875180377705373,-1.4536986014945796e-07,-1.076099481274881,False,False
2024-07-12,Z01,10.875174857693025,-5.458876565000992e-06,1.3023070250307558,False,False
2024-07-13,Z01,10.875176272447645,-4.032504051565411e-06,0.4891765955245553,False,False
2024-07-14,Z01,10.875183069820187,2.728980378563506e-06,0.24523746667269578,False,False
2024-07-15,Z01,10.875176779984502,-3.3926735962808152e-06,1.4446048501943414,False,False
2024-07-16,Z01,10.875182264399955,2.326741242342223e-06,-0.6085494843088156,False,False
2024-07-17,Z01,10.875187719935116,7.802145988833331e-06,1.3429635465060668,False,False
2024-07-18,Z01,10.875181074257949,9.559178799634083e-07,-0.1613277480804049,False,False
2024-07-19,Z01,10.875189079719298,8.865216567954803e-06,-0.6085494843088156,False,False
2024-07-20,Z01,10.87518230092894,1.6850726947126304e-06,-1.2997103493890858,False,False
2024-07-21,Z01,10.875180752051792,7.082552500037309e-08,1.6478874575708908,False,False
2024-07-22,Z01,10.87517471848958,-5.831403278477865e-06,1.200665721342481,False,False
2024-07-23,Z01,10.875183081714553,2.7073607373750974e-06,-0.4459233984075754,False,False
2024-07-24,Z01,10.875185665976678,5.259149823189091e-06,0.5908178992128309,False,False
2024-07-25,Z01,10.875179059091948,-1.7911395673309016e-06,0.16392442372207564,False,False
2024-07-26,Z01,10.875175453717157,-4.9742983208034275e-06,-0.3239538339816452,False,False
2024-07-27,Z01,10.875176970990518,-3.20743379944588e-06,1.0177113747035862,False,False
2024-07-28,Z01,10.875186102689122,6.123681002279113e-06,-0.5882212235711601,False,False
2024-07-29,Z01,10.875175620224974,-4.608516711357424e-06,-2.1941538218459065,False,False
2024-07-30,Z01,10.8751807890659,6.35838796725352e-07,0.3062222488856604,False,False
2024-07-31,Z01,10.875178947921075,-1.3352797374466263e-06,0.10293964150911009,False,False
2024-08-01,Z01,10.875178832738325,-1.5989218660195093e-06,-0.5678929628335055,False,False
2024-08-02,Z01,10.875177620308927,-2.7671945463936254e-06,-0.8728168738983306,False,False
2024-08-03,Z01,10.875189715010707,9.27195030264727e-06,-1.5436494782409462,False,False
2024-08-04,Z01,10.875178829324037,-2.0126790420960106e-06,-0.3239538339816452,False,False
2024-08-05,Z01,10.875181929489067,9.970314351903653e-07,-0.8524886131606751,False,False
2024-08-06,Z01,10.875176597035875,-4.48509874573233e-06,1.0177113747035862,False,False
2024-08-07,Z01,10.875180956389727,-2.0687984658707137e-08,0.5704896384751754,False,False
2024-08-08,Z01,10.875176379455349,-4.496262890896219e-06,-0.4459233984075754,False,False
2024-08-09,Z01,10.875181695005223,9.44324272111885e-07,0.5704896384751754,False,False
2024-08-10,Z01,10.875181268843066,8.183903172920282e-07,-0.05968644439213018,False,False
2024-08-11,Z01,10.875179243530393,-1.2366269483976566e-06,-0.22231253029336956,False,False
2024-08-12,Z01,10.875178964767805,-1.6615841129663522e-06,-0.019029922916820114,False,False
2024-08-13,Z01,10.875180846115109,1.3001918475197272e-07,1.851170064947442,False,False
2024-08-14,Z01,10.875181750923634,1.1089512099715648e-06,0.6924592029011056,False,False
2024-08-15,Z01,10.875180020524496,-7.871458986841162e-07,-0.26296905176867963,False,False
2024-08-16,Z01,10.875173635877617,-7.096996927913324e-06,0.9567265924906206,False,False
2024-08-17,Z01,10.8751910042761,1.0740870138192804e-05,0.9160700710153115,False,False
2024-08-18,Z01,10.87518098360274,3.891961739554972e-07,0.3062222488856604,False,False
2024-08-19,Z01,10.875180197811414,-1.2672460059093282e-07,-0.2832973125063351,False,False
2024-08-20,Z01,10.875178472567898,-1.781864201078065e-06,-0.36461035545695525,False,False
2024-08-21,Z01,10.875185578088645,5.39963934365062e-06,-1.0557712205372256,False,False
2024-08-22,Z01,10.87518442481867,3.88438273368763e-06,0.2249092059350403,False,False
2024-08-23,Z01,10.875182592859309,2.0076532365465027e-06,-0.5678929628335055,False,False
2024-08-24,Z01,10.875178403537818,-2.0792310095885114e-06,-0.4052668769322653,False,False
2024-08-25,Z01,10.875174892265,-5.568652024834364e-06,0.672130942163451,False,False
2024-08-26,Z01,10.875171793807043,-8.648394908661317e-06,1.7495287612591675,False,False
2024-08-27,Z01,10.875181432119149,1.1624899816098377e-06,0.4281918133115906,False,False
2024-08-28,Z01,10.875184791283326,4.677339822123372e-06,-0.05968644439213018,False,False
2024-08-29,Z01,10.875185949628689,5.529983239327407e-06,0.021626598558489956,False,False
2024-08-30,Z01,10.875186704101587,6.112437379357516e-06,1.200665721342481,False,False
2024-08-31,Z01,10.875178749743993,-2.1004595645024438e-06,0.4281918133115906,False,False
2024-09-01,Z01,10.875180094026273,-7.53410807519117e-07,0.24523746667269578,False,False
2024-09-02,Z01,10.875185420178484,4.490284158720215e-06,0.3062222488856604,False,False
2024-09-03,Z01,10.875180481882914,-3.048503351976706e-07,-1.4013516530773606,False,False
2024-09-04,Z01,10.875183862155916,3.0203373704296155e-06,0.4485200740492452,False,False
2024-09-05,Z01,10.875184051292184,3.1450514068609436e-06,-0.8524886131606751,False,False
2024-09-06,Z01,10.875174149287233,-7.005428754425225e-06,0.4485200740492452,False,False
2024-09-07,Z01,10.875174855368439,-6.072444131532961e-06,-0.7101907879970903,False,False
2024-09-08,Z01,10.875182412867918,1.5358582459157333e-06,0.6518026814257956,False,False
2024-09-09,Z01,10.875181814377507,9.134390772658207e-07,-0.12067122660509483,False,False
2024-09-10,Z01,10.875185685310678,4.766187769789099e-06,-1.116756002750191,False,False
2024-09-11,Z01,10.875184675986938,3.5421380193412233e-06,-0.26296905176867963,False,False
2024-09-12,Z01,10.875174555589485,-6.7686334066507925e-06,2.2780635404381973,False,False
2024-09-13,Z01,10.875189699938081,8.585399379867908e-06,-2.2754668647965266,False,False
2024-09-14,Z01,10.875180457559091,-9.219467589360875e-07,0.2045809451973857,False,False
2024-09-15,Z01,10.875177361514234,-4.032559436595307e-06,-0.9947864383242608,False,False
2024-09-16,Z01,10.875176588755595,-4.9295059643128525e-06,1.4446048501943414,False,False
2024-09-17,Z01,10.87518132889627,2.9115206245933223e-07,0.8754135495400005,False,False
2024-09-18,Z01,10.87517560470202,-5.444551973710077e-06,0.2249092059350403,False,False
2024-09-19,Z01,10.87518160674988,7.1059953477004e-07,0.9770548532282752,False,False
2024-09-20,Z01,10.875174209420273,-6.7912028072214525e-06,0.2858939881480059,False,False
2024-09-21,Z01,10.87518723911191,6.6174444430799895e-06,0.04195485929614544,False,False
2024-09-22,Z01,10.875183005653781,2.2901765408533947e-06,-0.5678929628335055,False,False
2024-09-23,Z01,10.875179020341273,-1.708895783991693e-06,-0.3239538339816452,False,False
2024-09-24,Z01,10.87518158349385,8.336966779154409e-07,-0.4255951376699199,False,False
2024-09-25,Z01,10.875175393719122,-5.579119012111278e-06,0.06228312003380002,False,False
2024-09-26,Z01,10.875184645769858,3.5529346540386086e-06,-1.8892299107810815,False,False
2024-09-27,Z01,10.875189132260022,7.932303129010165e-06,1.0786961569165516,False,False
2024-09-28,Z01,10.875176946696397,-4.3979597172949525e-06,2.0137961508486826,False,False
2024-09-29,Z01,10.875187476411611,6.4318532384533e-06,-0.4052668769322653,False,False
2024-09-30,Z01,10.875176724093317,-4.3462087226942e-06,1.241322242817792,False,False
2024-10-01,Z01,10.87518254447951,1.5416991558936388e-06,-0.10034296586744025,False,False
2024-10-02,Z01,10.875179639404992,-1.4450571352853103e-06,-0.5678929628335055,False,False
2024-10-03,Z01,10.875183062089437,2.170319760352868e-06,-0.34428209471929977,False,False
2024-10-04,Z01,10.875177051158271,-3.926618289185058e-06,0.12326790224676558,False,False
2024-10-05,Z01,10.8751806835594,-6.718390643811745e-08,-0.6898625272594349,False,False
2024-10-06,Z01,10.875186306620508,5.6681349605014475e-06,0.6518026814257956,False,False
2024-10-07,Z01,10.87519084433177,9.800601782572471e-06,-0.48657991988288546,False,False
2024-10-08,Z01,10.875183988953703,2.412258268691403e-06,-1.0557712205372256,False,False
2024-10-09,Z01,10.875190455505077,8.826273450779354e-06,0.021626598558489956,False,False
2024-10-10,Z01,10.875182017555227,1.0028601593603526e-07,-0.6695342665217803,False,False
2024-10-11,Z01,10.875192722256605,1.0927245909897465e-05,-0.2832973125063351,False,False
2024-10-12,Z01,10.875187777851588,5.7146319036860405e-06,-0.019029922916820114,False,False
2024-10-13,Z01,10.875177333230607,-5.170731149917174e-06,-1.3200386101267405,False,False
2024-10-14,Z01,10.875176755706175,-5.336031998481872e-06,1.5259178931449615,False,False
2024-10-15,Z01,10.875190804077944,8.835734867318479e-06,0.8754135495400005,False,False
2024-10-16,Z01,10.875180190219035,-2.226209497635523e-06,-0.6085494843088156,False,False
2024-10-17,Z01,10.875177957471347,-4.579005969063132e-06,0.021626598558489956,False,False
2024-10-18,Z01,10.875180362071,-2.0620254854719633e-06,0.6924592029011056,False,False
2024-10-19,Z01,10.875178490431185,-4.092244264342071e-06,0.24523746667269578,False,False
2024-10-20,Z01,10.875174731345528,-7.747452631434726e-06,1.952811368635717,False,False
2024-10-21,Z01,10.875177535215585,-4.960980083623667e-06,-0.20198426955571497,False,False
2024-10-22,Z01,10.875181095400995,-1.0773314631506992e-06,1.241322242817792,False,False
2024-10-23,Z01,10.875182073023485,-3.603387987993756e-08,-1.3200386101267405,False,False
2024-10-24,Z01,10.875185141504016,2.9306905755532853e-06,-1.1574125242255011,False,False
2024-10-25,Z01,10.875183361362026,1.0319482495191323e-06,1.7495287612591675,False,False
2024-10-26,Z01,10.875182773664163,1.7866229029550595e-07,-0.4052668769322653,False,False
2024-10-27,Z01,10.875186318422143,3.785823791346843e-06,-1.1370842634878457,False,False
2024-10-28,Z01,10.875188245797336,5.806993579327013e-06,0.0012983378208353722,False,False
2024-10-29,Z01,10.875182616960004,-1.984804516297345e-07,1.322635285768412,False,False
2024-10-30,Z01,10.87517738710459,-5.266354143884655e-06,-0.7305190487347449,False,False
2024-10-31,Z01,10.875175873396344,-6.802162763719366e-06,0.0012983378208353722,False,False
2024-11-01,Z01,10.87517855475554,-3.898434128402073e-06,-1.8485733893057714,False,False
2024-11-02,Z01,10.87518802423773,5.607203041435582e-06,-0.4255951376699199,False,False
2024-11-03,Z01,10.875174589453769,-7.992985862514956e-06,1.0583678961788954,False,False
2024-11-04,Z01,10.87518809623076,5.595847946793242e-06,-0.7508473094724004,False,False
2024-11-05,Z01,10.875178704218262,-4.043253596819341e-06,-1.2590538279137757,False,False
2024-11-06,Z01,10.875184834526557,2.3404681055438914e-06,-0.7508473094724004,False,False
2024-11-07,Z01,10.875182722605578,4.288739674507269e-07,-0.5678929628335055,False,False
2024-11-08,Z01,10.875186183886516,3.932366508863083e-06,0.8144287673270358,False,False
2024-11-09,Z01,10.875181607905848,-5.012268733395331e-07,0.4281918133115906,False,False
2024-11-10,Z01,10.875188559710226,6.464232482628063e-06,0.631474420688141,False,False
2024-11-11,Z01,10.875184041402646,2.0846764474669044e-06,0.06228312003380002,False,False
2024-11-12,Z01,10.875182915683745,1.0835058468217085e-06,-0.5882212235711601,False,False
2024-11-13,Z01,10.875179003927332,-3.0143323375142472e-06,-0.7508473094724004,False,False
2024-11-14,Z01,10.875194117721732,1.2024521357290041e-05,0.4891765955245553,False,False
2024-11-15,Z01,10.875181049511387,-1.1541437796580567e-06,1.6478874575708908,False,False
2024-11-16,Z01,10.875184195659532,1.963361286883014e-06,-0.9134733953736407,False,False
2024-11-17,Z01,10.875186549200848,4.108962993853993e-06,-0.9947864383242608,False,False
2024-11-18,Z01,10.875186497776527,3.851301013213515e-06,-1.116756002750191,False,False
2024-11-19,Z01,10.87518036458795,-2.5487990757966372e-06,0.8957418102776551,False,False
2024-11-20,Z01,10.875177623159002,-5.478002769621071e-06,0.0012983378208353722,False,False
2024-11-21,Z01,10.875186870660198,3.76656697831379e-06,0.6111461599504855,False,False
2024-11-22,Z01,10.875193248334046,9.951732186763707e-06,-0.46625165914523,False,False
2024-11-23,Z01,10.875173552884181,-1.0116228029488639e-05,0.672130942163451,False,False
2024-11-24,Z01,10.875180945882121,-2.3369427619712724e-06,-0.24264079103102504,False,False
2024-11-25,Z01,10.87518153678098,-1.6655279058142014e-06,-1.5233212175032909,False,False
2024-11-26,Z01,10.875180475683655,-2.685395791957035e-06,0.9770548532282752,False,False
2024-11-27,Z01,10.875179172053675,-3.7942678208224834e-06,0.0012983378208353722,False,False
2024-11-28,Z01,10.875178882776494,-3.781086881815554e-06,-0.2832973125063351,False,False
2024-11-29,Z01,10.875191017053481,8.47766288991636e-06,0.32655050962331594,False,False
2024-11-30,Z01,10.875174723927257,-8.269794964377297e-06,-1.421679913815016,False,False
2024-12-01,Z01,10.875182410572434,-5.448341529046274e-07,0.4891765955245553,False,False
2024-12-02,Z01,10.875183710031111,6.260972948979315e-07,-0.5678929628335055,False,False
2024-12-03,Z01,10.875177173881214,-5.766245713800799e-06,-0.12067122660509483,False,False
2024-12-04,Z01,10.875182111609263,-9.146652466540672e-07,1.200665721342481,False,False
2024-12-05,Z01,10.875172948938495,-9.877848631489883e-06,0.6924592029011056,False,False
2024-12-06,Z01,10.875183019483115,3.8453864625864753e-07,-0.1409994873427503,False,False
2024-12-07,Z01,10.875175247055605,-7.327387415045905e-06,-0.05968644439213018,False,False
2024-12-08,Z01,10.87517867393546,-3.6513225598611143e-06,-2.5600625151236973,False,False
2024-12-09,Z01,10.875182887356946,8.124306258849856e-07,-0.7915038309477105,False,False
2024-12-10,Z01,10.875181728155749,-3.8941893976129904e-07,0.2045809451973857,False,False
2024-12-11,Z01,10.875181239400675,-6.504555312147886e-07,-0.7305190487347449,False,False
2024-12-12,Z01,10.87517227120982,-9.52524631969709e-06,-1.2997103493890858,False,False
2024-12-13,Z01,10.87517163107371,-9.81056663107438e-06,0.5298331169998654,False,False
2024-12-14,Z01,10.875192139948913,1.0944070357510327e-05,1.3632918072437212,False,False
2024-12-15,Z01,10.875178704673285,-2.4252795114421133e-06,-0.6898625272594349,False,False
2024-12-16,Z01,10.875177925271696,-3.1265198270347128e-06,0.936398331752966,False,False
2024-12-17,Z01,10.875188736493051,7.893714453643952e-06,0.7737722458517258,False,False
2024-12-18,Z01,10.87518497068547,4.05499713451718e-06,-0.9541299168489508,False,False
2024-12-19,Z01,10.875185117825872,4.253040570389999e-06,-0.6898625272594349,False,False
2024-12-20,Z01,10.875175503108911,-5.520117653645684e-06,1.8714983256850968,False,False
2024-12-21,Z01,10.875189450123257,8.497565026743814e-06,-1.0964277420125357,False,False
2024-12-22,Z01,10.87516316649416,-1.7872046170097633e-05,-0.5678929628335055,False,False
2024-12-23,Z01,10.875197394135167,1.7358322830673956e-05,2.034124411586337,False,False
2024-12-24,Z01,10.875189564295429,8.733774727431864e-06,-0.5272364413581955,False,False
2024-12-25,Z01,10.875185316047,4.198245855846494e-06,1.424276589456687,False,False
2024-12-26,Z01,10.87519214255373,1.089877705240383e-05,-0.9947864383242608,False,False
2024-12-27,Z01,10.875171244962571,-1.0387709776793486e-05,0.18425268445973023,False,False
2024-12-28,Z01,10.875175400380666,-5.968055312166598e-06,1.1396809391295155,False,False
2024-12-29,Z01,10.875167067166569,-1.4185189549209554e-05,-0.4255951376699199,False,False
2024-12-30,Z01,10.875177756237205,-2.697789348360402e-06,0.14359616298442016,False,False
2024-12-31,Z01,10.875181617115677,1.0620121244642178e-06,0.7941005065893812,False,False
2025-01-01,Z01,10.875175835044072,-4.693610920369906e-06,-0.8728168738983306,False,False
2025-01-02,Z01,10.875175002526989,-5.263628438001433e-06,2.3187200619135067,False,False
2025-01-03,Z01,10.875173733686795,-6.460090155258058e-06,1.0990244176542063,False,False
2025-01-04,Z01,10.875182919150387,3.004637518344566e-06,-0.3239538339816452,False,False
2025-01-05,Z01,10.875184641750145,4.3948968801998944e-06,-0.20198426955571497,False,False
2025-01-06,Z01,10.87518169623505,1.395306217233383e-06,1.993467890111026,False,False
2025-01-07,Z01,10.875170081681915,-1.0434219566590741e-05,-0.3239538339816452,False,False
2025-01-08,Z01,10.87518526538025,5.035887220117274e-06,-0.4459233984075754,False,False
2025-01-09,Z01,10.875181882112471,1.5733519997951362e-06,1.200665721342481,False,False
2025-01-10,Z01,10.875175903341864,-4.410550499045485e-06,-1.381023392339706,False,False
2025-01-11,Z01,10.87518353493043,3.3989066938744372e-06,-0.039358183654474695,False,False
2025-01-12,Z01,10.875183982385044,3.4709039535840702e-06,0.12326790224676558,False,False
2025-01-13,Z01,10.875173872263828,-7.05092764086146e-06,-0.6695342665217803,False,False
2025-01-14,Z01,10.875198512884479,1.8198615848064037e-05,-1.5436494782409462,False,False
2025-01-15,Z01,10.875181930497966,9.559556275462455e-07,0.10293964150911009,False,False
2025-01-16,Z01,10.875186700615405,5.5925655253474815e-06,0.7331157243764157,False,False
2025-01-17,Z01,10.875180388123269,-6.520640241092224e-07,-0.6492060057841257,False,False
2025-01-18,Z01,10.875183534334859,2.6468996381368015e-06,-1.1574125242255011,False,False
2025-01-19,Z01,10.875173899737886,-6.934914299705497e-06,1.322635285768412,False,False
2025-01-20,Z01,10.875183395768724,2.6145622396001045e-06,0.5704896384751754,False,False
2025-01-21,Z01,10.87516509477308,-1.5484621588512937e-05,-0.3239538339816452,False,False
2025-01-22,Z01,10.87517580902862,-4.834642009399204e-06,0.9770548532282752,False,False
2025-01-23,Z01,10.875186611404086,6.687237007696467e-06,0.2858939881480059,False,False
2025-01-24,Z01,10.875185144395772,5.318658402586607e-06,1.851170064947442,False,False
2025-01-25,Z01,10.875180196338642,3.7632298166556666e-07,0.7127874636387611,False,False
2025-01-26,Z01,10.875181137144807,1.715336315655236e-06,-1.3606951316020506,False,False
2025-01-27,Z01,10.875180241627449,4.900795502749133e-07,-0.6288777450464702,False,False
2025-01-28,Z01,10.875175021225132,-4.891697658493399e-06,-0.5882212235711601,False,False
2025-01-29,Z01,10.875168621711477,-1.1556346599661538e-05,0.3468787703609705,False,False
2025-01-30,Z01,10.875179382631053,-4.909428330535093e-07,-0.26296905176867963,False,False
2025-01-31,Z01,10.875186959488921,7.16039785686462e-06,-1.0964277420125357,False,False
2025-02-01,Z01,10.875179906915898,-2.6298999422635916e-07,0.631474420688141,False,False
2025-02-02,Z01,10.875185344621418,5.011235895580057e-06,1.0583678961788954,False,False
2025-02-03,Z01,10.875170439779131,-1.0280637546600246e-05,-0.05968644439213018,False,False
2025-02-04,Z01,10.875182398281954,2.0938443174856047e-06,0.24523746667269578,False,False
2025-02-05,Z01,10.875189896389116,9.666733753022072e-06,-0.9338016561112953,False,False
2025-02-06,Z01,10.875169291564749,-1.1211429081114943e-05,-0.48657991988288546,False,False
2025-02-07,Z01,10.875188856879184,8.380222592307973e-06,-0.4459233984075754,False,False
2025-02-08,Z01,10.875170989994848,-9.606378377213787e-06,0.6111461599504855,False,False
2025-02-09,Z01,10.875183672675616,3.4393729784198968e-06,0.3062222488856604,False,False
2025-02-10,Z01,10.875185436345152,4.9440647238441215e-06,-0.2832973125063351,False,False
2025-02-11,Z01,10.875177112669897,-3.4429910229505367e-06,-0.3239538339816452,False,False
2025-02-12,Z01,10.875178020644443,-2.3060259710661057e-06,-1.950214692994046,False,False
2025-02-13,Z01,10.875188460258855,7.995309086794578e-06,1.6682157183085473,False,False
2025-02-14,Z01,10.875174418133597,-5.7117286509367204e-06,-2.0721842574199765,False,False
2025-02-15,Z01,10.875188070634884,8.191184781125571e-06,0.4688483347869007,False,False
2025-02-16,Z01,10.875164843653154,-1.5081464262323152e-05,0.08261138077145551,False,False
2025-02-17,Z01,10.87519038387371,1.0976905297610529e-05,-0.22231253029336956,False,False
2025-02-18,Z01,10.87517492679136,-4.708495016103598e-06,0.04195485929614544,False,False
2025-02-19,Z01,10.87517652094908,-3.148572410793804e-06,-0.6288777450464702,False,False
2025-02-20,Z01,10.875166959185464,-1.2481175371448217e-05,0.7127874636387611,False,False
2025-02-21,Z01,10.875173369165733,-6.133342182579327e-06,-1.2997103493890858,False,False
2025-02-22,Z01,10.875176438572462,-2.982606691404044e-06,0.36720703109862507,False,False
2025-02-23,Z01,10.875181367635584,2.2855508188257545e-06,-0.6492060057841257,False,False
2025-02-24,Z01,10.875171452873623,-7.50331913756952e-06,-0.38493861619460984,False,False
2025-02-25,Z01,10.875174304353818,-4.36039010587308e-06,-0.36461035545695525,False,False
2025-02-26,Z01,10.875199350838368,2.0913854143600474e-05,-0.12067122660509483,False,False
2025-02-27,Z01,10.875172157190473,-6.916767450348971e-06,0.5501613777375208,False,False
2025-02-28,Z01,10.8751826004259,3.6219357983924283e-06,0.0012983378208353722,False,False
2025-03-01,Z01,10.875179186620365,-2.578268816222362e-07,0.9973831139659316,False,False
2025-03-02,Z01,10.87517511296704,-4.324946520029016e-06,1.0990244176542063,False,False
2025-03-03,Z01,10.87518747336179,8.430332291808895e-06,0.3468787703609705,False,False
2025-03-04,Z01,10.87518478496768,5.4897233194850514e-06,0.7331157243764157,False,False
2025-03-05,Z01,10.87517708433892,-2.192250311949806e-06,2.0951091937993027,False,False
2025-03-06,Z01,10.875184172377928,4.674303367480093e-06,-1.4013516530773606,False,False
2025-03-07,Z01,10.875174727503781,-4.829707311415632e-06,1.1396809391295155,False,False
2025-03-08,Z01,10.875180988524141,1.9369425601212242e-06,1.6072309360955817,False,False
2025-03-09,Z01,10.875182639753234,3.198273004656471e-06,0.4891765955245553,False,False
2025-03-10,Z01,10.87518915785843,9.923615731821656e-06,1.9731396293733714,False,False
2025-03-11,Z01,10.87517377820554,-6.061632609188905e-06,1.851170064947442,False,False
2025-03-12,Z01,10.875183110518453,3.600495970701445e-06,-0.3036255732439897,False,False
2025-03-13,Z01,10.875189892338051,1.0459843128529656e-05,-0.22231253029336956,False,False
2025-03-14,Z01,10.875192050009916,1.2191526053584312e-05,0.5908178992128309,False,False
2025-03-15,Z01,10.875181093831978,7.677026019337063e-07,-0.5882212235711601,False,False
2025-03-16,Z01,10.875173495866273,-6.584715542601316e-06,2.8065983196172275,False,False
2025-03-17,Z01,10.875180296979348,2.471397770875683e-07,0.8347570280646913,False,False
2025-03-18,Z01,10.875169401584559,-1.0389133160870756e-05,0.08261138077145551,False,False
2025-03-19,Z01,10.875183634906985,3.692258218279676e-06,-1.4013516530773606,False,False
2025-03-20,Z01,10.875174462931856,-5.254751352268272e-06,0.3062222488856604,False,False
2025-03-21,Z01,10.87518594662302,6.24440179386454e-06,-1.1574125242255011,False,False
2025-03-22,Z01,10.875170286177417,-9.73023294115194e-06,0.8144287673270358,False,False
2025-03-23,Z01,10.875176239117849,-3.888192241063848e-06,-2.4990777329107314,False,False
2025-03-24,Z01,10.875183100364433,2.8773892744027307e-06,1.4446048501943414,False,False
2025-03-25,Z01,10.875169629669724,-1.0815365167005098e-05,-0.38493861619460984,False,False
2025-03-26,Z01,10.875191648287327,1.1594517964397255e-05,-1.6859473034045311,False,False
2025-03-27,Z01,10.875179375175088,-1.3517747312619122e-06,0.021626598558489956,False,False
2025-03-28,Z01,10.875183264404036,2.3684268413148857e-06,0.06228312003380002,False,False
2025-03-29,Z01,10.875189086927758,8.72716504218829e-06,-0.019029922916820114,False,False
2025-03-30,Z01,10.875181500058135,5.759708407993003e-07,1.4446048501943414,False,False
2025-03-31,Z01,10.875183313084818,2.4256764490360183e-06,0.4281918133115906,False,False
2025-04-01,Z01,10.875174304985723,-6.719971459290264e-06,0.8550852888023459,False,False
2025-04-02,Z01,10.87517170797995,-9.290044522103358e-06,-0.20198426955571497,False,False
2025-04-03,Z01,10.875187060818133,6.588306389332388e-06,0.4688483347869007,False,False
2025-04-04,Z01,10.875181453551473,9.051780462954184e-07,-1.2793820886514304,False,False
2025-04-05,Z01,10.875172661449682,-8.032564162263611e-06,0.3062222488856604,False,False
2025-04-06,Z01,10.875192364292662,1.2053976425008273e-05,-0.7305190487347449,False,False
2025-04-07,Z01,10.875182236348307,1.338139105300229e-06,1.383620067981376,False,False
2025-04-08,Z01,10.875193362746025,1.2422942686995952e-05,0.12326790224676558,False,False
2025-04-09,Z01,19.152273809600842,8.277092512364412,0.7127874636387611,True,True
2025-04-10,Z01,19.15227380872861,8.00118968976743,0.3062222488856604,True,True
2025-04-11,Z01,19.15227038639943,7.725282933087481,1.8714983256850968,True,True
2025-04-12,Z01,19.152269680651926,7.449379318143945,-1.5436494782409462,True,True
2025-04-13,Z01,19.152267492733362,7.173474470614918,-0.08001470512978476,True,True
2025-04-14,Z01,19.15226701704242,6.89757148016653,-0.9338016561112953,True,True
2025-04-15,Z01,19.152267255090557,6.62166885410765,-2.031527735944666,True,True
2025-04-16,Z01,19.152269454478336,6.345767928187955,-0.9947864383242608,True,True
2025-04-17,Z01,10.875178593663112,-2.207225904543904,1.241322242817792,False,True
2025-04-18,Z01,10.875176557574703,-2.207228247034932,0.0012983378208353722,False,False
2025-04-19,Z01,10.875176892828337,-2.20722767587022,-0.1816560088180595,False,False
2025-04-20,Z01,10.875181677328163,-2.207222972366946,0.8347570280646913,False,False
2025-04-21,Z01,10.875187791733634,-2.2072167156516453,0.16392442372207564,False,False
2025-04-22,Z01,10.87518528993158,-2.207219800972238,0.672130942163451,False,False
2025-04-23,Z01,10.875178250602941,-2.20722714199467,0.36720703109862507,False,False
2025-04-24,Z01,10.875181441678984,-2.207223789259908,0.5908178992128309,False,False
2025-04-25,Z01,10.875172763493241,-2.2072328611792926,-0.4052668769322653,False,False
2025-04-26,Z01,10.875178475459855,-2.207226519719544,1.0990244176542063,False,False
2025-04-27,Z01,10.875172169446945,-2.2072327957419464,-1.1980690457008103,False,False
2025-04-28,Z01,10.875184139377359,-2.2072204559796305,-0.039358183654474695,False,False
2025-04-29,Z01,10.875180256107138,-2.207224174331502,1.1600091998671718,False,False
2025-04-30,Z01,10.875176455951937,-2.20722793302167,-0.12067122660509483,False,False
2025-05-01,Z01,10.875173287539305,-2.2072308728632084,-0.4052668769322653,False,False
2025-05-02,Z01,10.875187553202178,-2.2072165732854536,2.3593765833888174,False,False
2025-05-03,Z01,10.875184233138224,-2.2072204215234823,1.4852613716696506,False,False
2025-05-04,Z01,10.875181014316707,-2.2072235460890024,0.18425268445973023,False,False
2025-05-05,Z01,10.875172630582552,-2.207231915181998,-0.9541299168489508,False,False
2025-05-06,Z01,10.87517398605538,-2.2072305586802656,-2.031527735944666,False,False
2025-05-07,Z01,10.875178114238963,-2.207225817888773,0.7534439851140712,False,False
2025-05-08,Z01,10.875181551597628,-2.2072222431264645,1.322635285768412,False,False
2025-05-09,Z01,10.87518184220819,-2.2072215588109554,0.4485200740492452,False,False
2025-05-10,Z01,14.485782719111832,1.679282383672442,-1.7062755641421856,True,True
2025-05-11,Z01,14.485787072225195,1.8348364397730315,0.2045809451973857,False,True
2025-05-12,Z01,14.485781446952087,1.9903802583057324,-0.4459233984075754,False,True
2025-05-13,Z01,14.485790694593142,2.1459391137367803,0.2045809451973857,False,True
2025-05-14,Z01,14.485780971095588,2.3014786168439,2.0137961508486826,True,True
2025-05-15,Z01,14.485792405956458,2.4570395865696657,0.8347570280646913,True,True
2025-05-16,Z01,14.485788351355824,2.6125846936068324,0.631474420688141,True,True
2025-05-17,Z01,14.4857815189629,2.768127231317994,0.0012983378208353722,True,True
2025-05-18,Z01,14.485788898966048,2.647781180477816,0.4688483347869007,True,True
2025-05-19,Z01,14.48578494603982,2.5274234828385413,-0.6898625272594349,True,True
2025-05-20,Z01,14.485783763431195,2.407068698456202,0.6111461599504855,False,True
2025-05-21,Z01,14.48578881083526,2.286720342990167,-0.1613277480804049,False,True
2025-05-22,Z01,14.485782738716102,2.16636090356762,-0.7915038309477105,False,True
2025-05-23,Z01,14.485785859116751,2.0460107756754518,0.8754135495400005,True,True
2025-05-24,Z01,14.485781688645144,1.925653018253385,-2.2348103433212168,True,True
2025-05-25,Z01,14.485781597883607,1.8052995859263081,-0.50690818062054,False,True
2025-05-26,Z01,14.485785354027211,1.684949714256902,0.672130942163451,True,True
2025-05-27,Z01,14.485783835851354,1.5645946334621303,1.281978764293101,True,True
2025-05-28,Z01,14.485784868817378,1.4442419442146743,0.5298331169998654,False,True
2025-05-29,Z01,14.485783684760836,1.3238874025101328,-0.6492060057841257,False,True
2025-05-30,Z01,10.87517840449745,-2.4070713253750426,-0.019029922916820114,False,True
2025-05-31,Z01,10.87518153178833,-2.4070682630356792,0.3468787703609705,False,False
2025-06-01,Z01,10.87518062250266,-2.4070694471296505,1.6275591968332364,False,False
2025-06-02,Z01,10.875179353614426,-2.407070484994568,0.9770548532282752,False,False
2025-06-03,Z01,10.875183488405582,-2.407066187552619,0.9770548532282752,False,False
2025-06-04,Z01,10.875177873224686,-2.4070718852031447,0.10293964150911009,False,False
2025-06-05,Z01,10.875178902723984,-2.4070710304585834,-1.0557712205372256,False,False
2025-06-06,Z01,10.875186138051896,-2.4070639590196237,-1.381023392339706,False,False
2025-06-07,Z01,10.875178423795132,-2.40707194073682,-0.26296905176867963,False,False
2025-06-08,Z01,10.875188782637213,-2.407061477634654,0.7534439851140712,False,False
2025-06-09,Z01,10.875179286390683,-2.407071205228819,-0.46625165914523,False,False
2025-06-10,Z01,10.875176295321603,-2.2867207485405263,0.631474420688141,False,False
2025-06-11,Z01,10.875179981659505,-2.166363369639175,-0.771175570210055,False,False
2025-06-12,Z01,10.875175693647972,-2.0460142754742865,-0.6085494843088156,False,False
2025-06-13,Z01,10.875188848664518,-1.9256472870929002,1.464933110931996,False,False
2025-06-14,Z01,10.875186880633372,-1.8052961843763473,0.8144287673270358,False,False
2025-06-15,Z01,10.875181289018675,-1.6849482584802722,-0.26296905176867963,False,False
2025-06-16,Z01,10.875177266093642,-1.5645987126607324,-0.8118320916853651,False,False
2025-06-17,Z01,10.875179395279199,-1.4442431083795348,0.9973831139659316,False,False
2025-06-18,Z01,10.875187419520348,-1.3238814340154903,0.936398331752966,False,False
2025-06-19,Z01,10.875179370665208,-1.20353623198665,0.6924592029011056,False,False
2025-06-20,Z01,10.875192181241529,-1.0831699416514624,-0.1409994873427503,False,False
2025-06-21,Z01,10.875180369023543,-0.9628285328829911,-1.076099481274881,False,False
2025-06-22,Z01,10.87517895146886,-0.8424765381145889,0.021626598558489956,False,False
2025-06-23,Z01,10.875182309899493,-0.7221196160956929,1.464933110931996,False,False
2025-06-24,Z01,10.875181747068929,-0.6017668663014017,-0.8728168738983306,False,False
2025-06-25,Z01,10.875179538627748,-0.4814157463820923,0.08261138077145551,False,False
2025-06-26,Z01,10.875181112199659,-0.36106064563019835,1.7088722397838565,False,False
2025-06-27,Z01,10.87519018199282,-0.24069815171531417,-0.26296905176867963,False,False
2025-06-28,Z01,10.875188454653726,-0.12034672282692505,-0.08001470512978476,False,False
2025-06-29,Z01,10.875180563822704,-1.4393210410190704e-06,-1.3403668708643959,False,False
2025-06-30,Z01,10.87517919745464,-2.8776666134433526e-06,0.672130942163451,False,False
2025-07-01,Z01,10.87518155307048,-4.442396530635051e-07,-0.7101907879970903,False,False
2025-07-02,Z01,10.875185156439645,3.128110586558819e-06,-1.5436494782409462,False,False
2025-07-03,Z01,10.875185627909033,3.4061524676332056e-06,-0.9338016561112953,False,False
2025-07-04,Z01,10.87518057234742,-1.7207259279672371e-06,0.24523746667269578,False,False
2025-07-05,Z01,10.875182094967972,-2.8807613183801095e-07,-1.563977738978601,False,False
2025-07-06,Z01,10.8751852875156,2.7980633614532735e-06,-1.3606951316020506,False,False
2025-07-07,Z01,10.875181466084056,-9.950169719274982e-07,0.6111461599504855,False,False
2025-07-08,Z01,10.875180780270409,-1.7822402522682523e-06,-0.039358183654474695,False,False
2025-07-09,Z01,10.875177178925032,-5.116840066321515e-06,-0.8931451346359852,False,False
2025-07-10,Z01,10.875180170505363,-2.055010883239561e-06,-0.2832973125063351,False,False
2025-07-11,Z01,10.875183494359222,1.1396701857790958e-06,1.8105135434721311,False,False
2025-07-12,Z01,10.875182411070886,-6.070814073666497e-08,1.3429635465060668,False,False
2025-07-13,Z01,10.87518383554944,1.139856314225085e-06,-0.05968644439213018,False,False
2025-07-14,Z01,10.875184477118836,1.948529549267164e-06,0.8754135495400005,False,False
2025-07-15,Z01,10.875185526525204,3.0780530657636973e-06,0.16392442372207564,False,False
2025-07-16,Z01,10.875181086885915,-1.5028364401814542e-06,-1.7672603463551513,False,False
2025-07-17,Z01,10.875186877513634,4.1604315352827825e-06,-1.950214692994046,False,False
2025-07-18,Z01,10.875173506901739,-9.459588174109967e-06,-0.8728168738983306,False,False
2025-07-19,Z01,10.87518061665991,-1.8860760473415894e-06,-1.563977738978601,False,False
2025-07-20,Z01,10.875179004124664,-3.540144449587501e-06,0.32655050962331594,False,False
2025-07-21,Z01,10.875187025929186,4.9208973003089795e-06,-0.50690818062054,False,False
2025-07-22,Z01,10.875182111942978,-2.1498576252554358e-07,0.4688483347869007,False,False
2025-07-23,Z01,10.875179730273013,-2.702004865184904e-06,0.4891765955245553,False,False
2025-07-24,Z01,10.87519063085145,8.284561120674994e-06,0.7534439851140712,False,False
2025-07-25,Z01,10.875176862833158,-5.779583254650333e-06,-0.9134733953736407,False,False
2025-07-26,Z01,10.875186003022737,3.44979947719537e-06,0.5704896384751754,False,False
2025-07-27,Z01,10.87517852629324,-4.18995745476991e-06,-0.9338016561112953,False,False
2025-07-28,Z01,10.875182472644699,1.449173225864797e-07,0.7737722458517258,False,False
2025-07-29,Z01,10.87518916257662,7.034249543735882e-06,1.281978764293101,False,False
2025-07-30,Z01,10.875182321858315,-9.309389170653048e-08,0.7737722458517258,False,False
2025-07-31,Z01,10.87518374174301,1.2226440162521612e-06,-0.1409994873427503,False,False
2025-08-01,Z01,10.87518213240399,-4.5965075656795307e-07,0.6111461599504855,False,False
2025-08-02,Z01,10.87518683731682,4.346063262161692e-06,-1.5233212175032909,False,False
2025-08-03,Z01,10.875181089111106,-1.4424560461634428e-06,-1.7469320856174957,False,False
2025-08-04,Z01,10.875188087509299,5.538716692399248e-06,0.5095048562622108,False,False
2025-08-05,Z01,10.875184099863162,1.3513191792213775e-06,1.3632918072437212,False,False
2025-08-06,Z01,10.87518255719639,-1.5175918122167786e-07,-1.2183973064384657,False,False
2025-08-07,Z01,10.87518157214805,-1.1731779316903612e-06,0.06228312003380002,False,False
2025-08-08,Z01,10.875179120825223,-3.650896680085225e-06,0.4891765955245553,False,False
2025-08-09,Z01,10.875181324807981,-1.5116439264772907e-06,-0.5882212235711601,False,False
2025-08-10,Z01,10.875185739844682,2.86491601819705e-06,-0.3036255732439897,False,False
2025-08-11,Z01,10.875176962026876,-5.98775130278284e-06,0.672130942163451,False,False
2025-08-12,Z01,10.875182346429304,-4.2171407521607307e-07,0.14359616298442016,False,False
2025-08-13,Z01,10.875179258711208,-3.4597948310732818e-06,0.16392442372207564,False,False
2025-08-14,Z01,10.875177859771158,-4.684787960229642e-06,-0.9541299168489508,False,False
2025-08-15,Z01,10.875186365141246,4.0761405948330776e-06,0.0012983378208353722,False,False
2025-08-16,Z01,10.875177316542274,-5.148400219923133e-06,-0.36461035545695525,False,False
2025-08-17,Z01,10.875186355322036,4.209078586114856e-06,-0.3036255732439897,False,False
2025-08-18,Z01,10.875180905412066,-1.6691120610090593e-06,-0.50690818062054,False,False
2025-08-19,Z01,10.87517716495714,-5.419192058653266e-06,0.021626598558489956,False,False
2025-08-20,Z01,10.875188447752915,5.924909302734704e-06,-0.8321603524230206,False,False
2025-08-21,Z01,10.875183194475255,6.242375167886394e-07,0.06228312003380002,False,False
2025-08-22,Z01,10.875190025029559,7.418707411943615e-06,-0.3239538339816452,False,False
2025-08-23,Z01,10.875183506592759,5.571120613723224e-07,-0.9134733953736407,False,False
2025-08-24,Z01,10.875180932518212,-1.779487197595131e-06,-1.9298864322563916,False,False
2025-08-25,Z01,10.87517519901207,-7.648649505753724e-06,0.9973831139659316,False,False
2025-08-26,Z01,10.875189256872673,6.769344784274267e-06,0.7941005065893812,False,False
2025-08-27,Z01,10.875178479202733,-4.366011136625048e-06,-0.771175570210055,False,False
2025-08-28,Z01,10.87518956636025,6.854261112465565e-06,0.7331157243764157,False,False
2025-08-29,Z01,10.875176821590498,-5.903968094855827e-06,-0.9947864383242608,False,False
2025-08-30,Z01,10.875188160451282,5.6182349510436325e-06,-0.26296905176867963,False,False
2025-08-31,Z01,10.87518098491003,-1.7045965758910597e-06,-0.50690818062054,False,False
2025-09-01,Z01,10.875182681395247,3.013843752341927e-08,-0.24264079103102504,False,False
2025-09-02,Z01,10.875175214382585,-7.298343504658078e-06,0.6924592029011056,False,False
2025-09-03,Z01,10.87517677429957,-5.54260223495362e-06,-0.36461035545695525,False,False
2025-09-04,Z01,10.875181376366468,-5.634283475330903e-07,-0.3036255732439897,False,False
2025-09-05,Z01,10.87517830763305,-3.5413785415272514e-06,0.7941005065893812,False,False
2025-09-06,Z01,10.875181305562482,-4.0179699922759937e-07,0.10293964150911009,False,False
2025-09-07,Z01,10.875183963108057,2.2646347623833663e-06,-0.5678929628335055,False,False
2025-09-08,Z01,10.875179499134582,-2.360748140972646e-06,0.2858939881480059,False,False
2025-09-09,Z01,10.875183832020587,2.032993647205217e-06,1.0583678961788954,False,False
2025-09-10,Z01,10.875185341424515,3.6059917096764593e-06,1.1193526783918608,False,False
2025-09-11,Z01,10.875182170931577,1.5618551785223644e-07,-1.2997103493890858,False,False
2025-09-12,Z01,10.875173078505053,-8.93039108262883e-06,-1.2590538279137757,False,False
2025-09-13,Z01,10.875185620398769,3.81750950317894e-06,1.0583678961788954,False,False
2025-09-14,Z01,10.875187309021381,5.247444530454004e-06,-0.24264079103102504,False,False
2025-09-15,Z01,10.87518667317338,4.580133857956525e-06,-2.1941538218459065,False,False
2025-09-16,Z01,10.875174102858214,-8.302069010923674e-06,-0.6898625272594349,False,False
2025-09-17,Z01,10.875180465465494,-1.531046271097125e-06,-0.4052668769322653,False,False
2025-09-18,Z01,10.875177711859331,-4.269987547544929e-06,-0.2832973125063351,False,False
2025-09-19,Z01,10.875181613929204,-3.8614775021983405e-07,0.8144287673270358,False,False
2025-09-20,Z01,10.875186609967637,4.8376848056364e-06,-0.8931451346359852,False,False
2025-09-21,Z01,10.875188206314503,6.320181928032298e-06,0.9973831139659316,False,False
2025-09-22,Z01,10.875175367019256,-6.458489483662788e-06,0.32655050962331594,False,False
2025-09-23,Z01,10.875187277141208,5.722951586406566e-06,-1.2590538279137757,False,False
2025-09-24,Z01,10.875181799825894,3.4148836647318603e-08,-0.2832973125063351,False,False
2025-09-25,Z01,10.875187627278901,5.64157471849569e-06,0.5501613777375208,False,False
2025-09-26,Z01,10.875182023761889,9.23774976513414e-08,0.08261138077145551,False,False
2025-09-27,Z01,10.875184964771117,2.9152347540417622e-06,0.4281918133115906,False,False
2025-09-28,Z01,10.875186611464654,4.715314597447673e-06,-0.5475647020958501,False,False
2025-09-29,Z01,10.875177862866241,-4.35961295686127e-06,0.6111461599504855,False,False
2025-09-30,Z01,10.87517148193982,-1.039728654461669e-05,-0.36461035545695525,False,False
2025-10-01,Z01,10.875190072190662,8.509729973127378e-06,2.6236439729783325,False,False
2025-10-02,Z01,10.875191776741659,9.967921121400991e-06,-1.2997103493890858,False,False
2025-10-03,Z01,10.875174540964402,-7.819934770836312e-06,2.786270058879573,False,False
2025-10-04,Z01,10.875177673175752,-4.613278914433749e-06,-0.9338016561112953,False,False
2025-10-05,Z01,10.875175290013951,-6.873001025198278e-06,1.3429635465060668,False,False
2025-10-06,Z01,10.875187550514811,5.488087138516562e-06,0.8754135495400005,False,False
2025-10-07,Z01,10.875177645092354,-4.625500395150084e-06,-0.8728168738983306,False,False
2025-10-08,Z01,10.875175852595627,-6.207396600288462e-06,0.6518026814257956,False,False
2025-10-09,Z01,10.875189064501846,7.126060916462507e-06,-0.46625165914523,False,False
2025-10-10,Z01,10.875174633979926,-7.478877044775345e-06,0.32655050962331594,False,False
2025-10-11,Z01,10.875177397669555,-4.358272596149959e-06,0.18425268445973023,False,False
2025-10-12,Z01,10.875181045127247,-5.517061705262449e-07,-0.3036255732439897,False,False
2025-10-13,Z01,10.875180905579667,-9.5680782230545e-07,-0.4052668769322653,False,False
2025-10-14,Z01,10.875185189029025,3.4838021711891543e-06,0.38753529183628055,False,False
2025-10-15,Z01,10.87518625138645,4.61682600771951e-06,-0.8728168738983306,False,False
2025-10-16,Z01,10.875193550708545,1.1930207667987247e-05,-0.8321603524230206,False,False
2025-10-17,Z01,10.875188607459506,6.338696952212786e-06,1.0177113747035862,False,False
2025-10-18,Z01,10.87517730476994,-5.235392414704165e-06,0.4688483347869007,False,False
2025-10-19,Z01,10.875175782828261,-6.743764446426326e-06,-1.2793820886514304,False,False
2025-10-20,Z01,10.875179653573918,-2.6786487570262807e-06,-0.9744581775866054,False,False
2025-10-21,Z01,10.875182720802613,6.20459726263789e-07,-2.133169039632942,False,False
2025-10-22,Z01,10.875187189687583,5.272195092942411e-06,0.9567265924906206,False,False
2025-10-23,Z01,10.875178957004866,-3.3545765667497562e-06,0.7331157243764157,False,False
2025-10-24,Z01,10.87519167459544,9.640351883888343e-06,-1.0557712205372256,False,False
2025-10-25,Z01,10.875183351508795,9.881062545957775e-07,0.6924592029011056,False,False
2025-10-26,Z01,10.875181384646787,-8.362300825126567e-07,2.0544526723239915,False,False
2025-10-27,Z01,10.875190293693432,8.094120397927895e-06,-1.5233212175032909,False,False
2025-10-28,Z01,10.875181672057815,-7.051459629536794e-07,-0.5882212235711601,False,False
2025-10-29,Z01,10.875195138269403,1.29257125198734e-05,-1.5436494782409462,False,False
2025-10-30,Z01,10.875180533064905,-2.255338751311342e-06,0.9973831139659316,False,False
2025-10-31,Z01,10.87518290331207,-1.8679575397584358e-07,-0.05968644439213018,False,False
2025-11-01,Z01,10.875175897033106,-6.954112098611631e-06,-0.36461035545695525,False,False
2025-11-02,Z01,10.875186322126087,4.000304500095808e-06,0.26556572741035034,False,False
2025-11-03,Z01,10.875183141373313,4.2684633783096615e-07,-0.5272364413581955,False,False
2025-11-04,Z01,10.875183087170537,1.9037030973834135e-07,-0.36461035545695525,False,False
2025-11-05,Z01,10.875189790150742,6.633445293502405e-06,0.32655050962331594,False,False
2025-11-06,Z01,10.875187066401972,3.835041992417132e-06,-0.5882212235711601,False,False
2025-11-07,Z01,10.875183990953346,4.455497126798491e-07,-0.4255951376699199,False,False
2025-11-08,Z01,10.875182244083069,-1.5725991531212458e-06,-0.12067122660509483,False,False
2025-11-09,Z01,10.875175277332822,-8.312002110599792e-06,0.14359616298442016,False,False
2025-11-10,Z01,10.875178969512787,-4.641267240756974e-06,0.6518026814257956,False,False
2025-11-11,Z01,10.875191200211056,7.537036255556018e-06,0.631474420688141,False,False
2025-11-12,Z01,10.875167824628436,-1.61770491580171e-05,-1.4826646960279808,False,False
2025-11-13,Z01,10.875185233236362,1.6675904745966363e-06,1.464933110931996,False,False
2025-11-14,Z01,10.875184691468675,1.1243492092916085e-06,0.10293964150911009,False,False
2025-11-15,Z01,10.875181455674692,-2.0594475138580037e-06,-0.3036255732439897,False,False
2025-11-16,Z01,10.87517735497136,-5.756983050275721e-06,-0.8728168738983306,False,False
2025-11-17,Z01,10.875174280548112,-8.4563233606616e-06,2.0544526723239915,False,False
2025-11-18,Z01,10.875171067437218,-1.1568626860025688e-05,2.4406896263394375,False,False
2025-11-19,Z01,10.87517308362098,-9.395263397493636e-06,1.9324831078980622,False,False
2025-11-20,Z01,10.875178299227136,-3.960658810697737e-06,0.16392442372207564,False,False
2025-11-21,Z01,10.875175420251647,-6.692248447848215e-06,0.38753529183628055,False,False
2025-11-22,Z01,10.875174321425552,-7.3987600135438925e-06,1.5665744146202707,False,False
2025-11-23,Z01,10.875175186658911,-6.379007343682019e-06,-0.20198426955571497,False,False
2025-11-24,Z01,10.875187452415558,6.43634718677788e-06,0.5908178992128309,False,False
2025-11-25,Z01,10.875173095396182,-8.057369081271304e-06,0.26556572741035034,False,False
2025-11-26,Z01,10.875176341501644,-4.534955264645646e-06,1.993467890111026,False,False
2025-11-27,Z01,10.875193078271625,1.2666887775125701e-05,1.505589632407307,False,False
2025-11-28,Z01,10.87517784344968,-2.9481412955334463e-06,-0.10034296586744025,False,False
2025-11-29,Z01,10.875178567838919,-1.6472580668391856e-06,1.5869026753579272,False,False
2025-11-30,Z01,10.875190021793696,9.872204243421834e-06,0.04195485929614544,False,False
2025-12-01,Z01,10.875190367183073,9.980310897717004e-06,-0.50690818062054,False,False
2025-12-02,Z01,10.875166676233592,-1.419297691462873e-05,-0.24264079103102504,False,False
2025-12-03,Z01,10.875181962412706,1.7480652800827556e-06,0.18425268445973023,False,False
2025-12-04,Z01,10.875196619994753,1.6444946016491713e-05,-0.7508473094724004,False,False
2025-12-05,Z01,10.875181578180467,9.520375900962108e-07,-0.48657991988288546,False,False
2025-12-06,Z01,10.875180097048032,-2.5536250092272894e-07,-1.421679913815016,False,False
2025-12-07,Z01,10.87518653670309,6.416604353631783e-06,-0.7915038309477105,False,False
2025-12-08,Z01,10.8751926045958,1.2399638739779562e-05,0.2858939881480059,False,False
2025-12-09,Z01,10.875186244193344,5.693885860580394e-06,1.0990244176542063,False,False
2025-12-10,Z01,10.875172072888347,-8.842981154444374e-06,0.9770548532282752,False,False
2025-12-11,Z01,10.875195847479691,1.5161497669780033e-05,0.4688483347869007,False,False
2025-12-12,Z01,10.875174327078545,-6.5138124298869116e-06,-1.5029929567656362,False,False
2025-12-13,Z01,10.875183962688304,2.9050489906978783e-06,-0.8321603524230206,False,False
2025-12-14,Z01,10.875172154284549,-8.861003163218584e-06,-0.1613277480804049,False,False
2025-12-15,Z01,10.875170352282455,-1.0245099121064527e-05,1.0177113747035862,False,False
2025-12-16,Z01,10.875182431095684,2.2038271847435453e-06,-0.5272364413581955,False,False
2025-12-17,Z01,10.875182727227827,2.330755185298017e-06,-1.1980690457008103,False,False
2025-12-18,Z01,10.875198216624916,1.7538596281951868e-05,1.505589632407307,False,False
2025-12-19,Z01,10.875181679294135,9.629257924359536e-08,-0.7101907879970903,False,False
2025-12-20,Z01,10.8751821059913,2.364673044041865e-07,-1.0964277420125357,False,False
2025-12-21,Z01,10.875174054566509,-7.94184962593647e-06,0.26556572741035034,False,False
2025-12-22,Z01,10.875184169987874,2.2190945756506153e-06,-0.019029922916820114,False,False
2025-12-23,Z01,10.875170150979532,-1.212819917562058e-05,-0.46625165914523,False,False
2025-12-24,Z01,10.875170340613598,-1.1770709129166335e-05,0.04195485929614544,False,False
2025-12-25,Z01,10.87519051749444,8.976565110785373e-06,-0.8931451346359852,False,False
2025-12-26,Z01,10.875188315702559,6.1940366204993325e-06,-0.48657991988288546,False,False
2025-12-27,Z01,10.875194821484406,1.2300678438492696e-05,0.0012983378208353722,False,False
2025-12-28,Z01,10.875187892352907,5.313439844556456e-06,-2.031527735944666,False,False
2025-12-29,Z01,10.875172269022606,-1.0644853894348216e-05,1.0177113747035862,False,False
2025-12-30,Z01,10.87518173923425,-9.646817087372028e-07,-1.3606951316020506,False,False
2025-12-31,Z01,10.875192078409565,9.650578922659747e-06,-0.9134733953736407,False,False
2023-01-11,Z02,10.7290970173404,-2.0766328319155036e-06,-0.5232249138885774,False,False
2023-01-12,Z02,10.729105528542114,6.623353684176436e-06,1.4305555600004636,False,False
2023-01-13,Z02,10.729110648384244,1.1191249672748427e-05,-2.217830426955602,False,False
2023-01-14,Z02,10.729092720854158,-7.597145771143232e-06,-1.2210036545632343,False,False
2023-01-15,Z02,10.729105518205351,5.7428586917041e-06,-0.7823998747105929,False,False
2023-01-16,Z02,10.729092349475975,-7.808727932712145e-06,0.0349980786511491,False,False
2023-01-17,Z02,10.72909646523536,-3.204923050503794e-06,-0.4235422366493401,False,False
2023-01-18,Z02,10.72910544710336,5.965469833668635e-06,-0.16436727582732466,False,False
2023-01-19,Z02,10.729089950038814,-9.86300970140519e-06,0.5134749293994852,False,False
2023-01-20,Z02,10.729098754040352,-5.399023912389112e-07,1.4903651663440063,False,False
2023-01-21,Z02,10.729096188265338,-3.078682285106993e-06,0.8324594965650433,False,False
2023-01-22,Z02,10.729107708740194,8.588396489983552e-06,0.09480768499469079,False,False
2023-01-23,Z02,10.729095351241057,-4.159484307209027e-06,-0.0447480631402404,False,False
2023-01-24,Z02,10.72910097293061,1.6430523892552173e-06,1.1315075282827542,False,False
2023-01-25,Z02,10.729092317981943,-7.080356791533404e-06,1.9090324107488006,False,False
2023-01-26,Z02,10.72909236728495,-6.747839512044607e-06,0.6729672129822643,False,False
2023-01-27,Z02,10.72909401561735,-4.839974824477622e-06,-0.46341530754503485,False,False
2023-01-28,Z02,10.72909887927796,2.0294410951748887e-07,0.29417303947316453,False,False
2023-01-29,Z02,10.729091225732176,-7.457849676484329e-06,0.6131576066387225,False,False
2023-01-30,Z02,10.729090696589202,-7.72982541974443e-06,-0.5232249138885774,False,False
2023-01-31,Z02,10.729110042556785,1.1873803011042128e-05,0.8922691029085859,False,False
2023-02-01,Z02,18.85905724433887,8.129958278015133,0.29417303947316453,True,True
2023-02-02,Z02,18.859058675762483,7.858961376241918,1.1913171346262952,True,True
2023-02-03,Z02,18.85904824455798,7.5879523012233445,-0.9418921582933719,True,True
2023-02-04,Z02,18.859057531260625,7.3169631235043155,-1.6994805053115714,True,True
2023-02-05,Z02,18.85905880810976,7.045966084752521,-0.3637326303057984,True,True
2023-02-06,Z02,10.72909103365573,-1.3550000957276733,0.05493461409899604,False,True
2023-02-07,Z02,10.729093015382418,-1.3549977979817491,-1.759290111655113,False,False
2023-02-08,Z02,10.729105540432775,-1.3549849857553937,-0.5630979847842722,False,False
2023-02-09,Z02,10.729102057242963,-1.3549887739122362,1.3109363473133804,False,False
2023-02-10,Z02,10.729098125579101,-1.3549930849602756,0.5732845357430278,False,False
2023-02-11,Z02,10.729097868624315,-1.354993378856351,0.1745538267860803,False,False
2023-02-12,Z02,10.72909597724618,-1.354995014903892,-1.0216383000847613,False,False
2023-02-13,Z02,10.72909239459718,-1.354998108514959,1.2909998118655333,False,False
2023-02-14,Z02,10.729098340284517,-1.3549921519523878,-0.38366916575364535,False,False
2023-02-15,Z02,10.729085363629022,-1.3550048893438564,0.13468075589038556,False,False
2023-02-16,Z02,10.72909452770795,-1.3549954924033614,0.43372878760809574,False,False
2023-02-17,Z02,10.729103007086957,-1.354986948440109,0.21442689768177506,False,False
2023-02-18,Z02,10.729094037096376,-1.3549958370968085,1.5302382372397,False,False
2023-02-19,Z02,10.72909089901135,-1.3549991114170883,0.6131576066387225,False,False
2023-02-20,Z02,10.729092014456114,-1.3549977341380224,0.37391918126455403,False,False
2023-02-21,Z02,10.729108591075393,-1.3549810183917685,-0.0447480631402404,False,False
2023-02-22,Z02,10.729090003978254,-1.3549996349000821,0.4736018585037905,False,False
2023-02-23,Z02,10.729104902260817,-1.3549845583754276,-0.16436727582732466,False,False
2023-02-24,Z02,10.729101627863102,-1.3549879637508155,0.21442689768177506,False,False
2023-02-25,Z02,10.729099949958545,-1.3549899519847433,-0.30392302396225584,False,False
2023-02-26,Z02,10.729093605526966,-1.3549965491721085,-0.46341530754503485,False,False
2023-02-27,Z02,10.729094831429139,-1.3549953096002572,-0.8820825519498293,False,False
2023-02-28,Z02,10.72909978572168,-1.3549902203794204,-0.24411341761871416,False,False
2023-03-01,Z02,10.729101142871148,-1.3549891485629377,-0.30392302396225584,False,False
2023-03-02,Z02,10.729088157236895,-1.3550024824065883,1.849222804405258,False,False
2023-03-03,Z02,10.729105705810895,-1.3549842043219265,1.0318248510435162,False,False
2023-03-04,Z02,10.729093862870206,-1.0839976626450163,-0.10455766948378296,False,False
2023-03-05,Z02,10.729094927090763,-0.8129977713280461,-0.38366916575364535,False,False
2023-03-06,Z02,10.729096363850505,-0.5419978906527323,0.6530306775344173,False,False
2023-03-07,Z02,10.729099048342254,-0.2709965005806456,1.9688420170923433,False,False
2023-03-08,Z02,10.729098378160213,1.487896229335206e-06,0.8324594965650433,False,False
2023-03-09,Z02,10.729103229534918,6.094454118255044e-06,-1.6795439698637236,False,False
2023-03-10,Z02,10.729095753270743,-1.7222818069484447e-06,0.8922691029085859,False,False
2023-03-11,Z02,10.729099962634056,2.813320239880568e-06,1.0716979219392118,False,False
2023-03-12,Z02,10.729100315775945,3.2362824260445677e-06,2.2280169779143586,False,False
2023-03-13,Z02,10.72910754243786,1.038993777946473e-05,-0.2042403467230194,False,False
2023-03-14,Z02,10.729089514497232,-7.960463298317677e-06,0.1745538267860803,False,False
2023-03-15,Z02,10.729107677834204,1.0418298636238887e-05,0.4935383939516383,False,False
2023-03-16,Z02,10.729102382776995,4.613800195230056e-06,-0.7225902683670503,False,False
2023-03-17,Z02,10.729095603546373,-2.300180176106892e-06,-0.8222729456062876,False,False
2023-03-18,Z02,10.729094951716906,-3.293340222754182e-06,0.43372878760809574,False,False
2023-03-19,Z02,10.72909588182364,-2.3773671191662515e-06,-1.5001151508330974,False,False
2023-03-20,Z02,10.729090664941593,-7.356740390207506e-06,-1.2808132609067768,False,False
2023-03-21,Z02,10.729095862395525,-2.0468812973462036e-06,0.8523960320128902,False,False
2023-03-22,Z02,10.729092562038284,-5.512684678521396e-06,0.533411464847333,False,False
2023-03-23,Z02,10.729095077507196,-3.0154685060068687e-06,1.2710632764176846,False,False
2023-03-24,Z02,10.729099086970152,1.4444467222318735e-06,0.4935383939516383,False,False
2023-03-25,Z02,10.72909654389357,-1.401396254152587e-06,0.05493461409899604,False,False
2023-03-26,Z02,10.729095174096159,-2.492581423041429e-06,1.3109363473133804,False,False
2023-03-27,Z02,10.729098731366296,1.2798142776659915e-06,-0.38366916575364535,False,False
2023-03-28,Z02,10.729093130821637,-4.280110641019519e-06,-0.30392302396225584,False,False
2023-03-29,Z02,10.729106843660722,9.448551956836582e-06,-0.024811527692393465,False,False
2023-03-30,Z02,10.729093423675234,-4.37184125168244e-06,0.4935383939516383,False,False
2023-03-31,Z02,10.729094965284347,-2.6181639238842536e-06,-0.024811527692393465,False,False
2023-04-01,Z02,10.729096057242497,-1.320286214578914e-06,-1.4403055444895558,False,False
2023-04-02,Z02,10.729090576911252,-7.063950977936884e-06,-0.22417688217086634,False,False
2023-04-03,Z02,10.729089626095334,-7.510470242166889e-06,-0.004874992244545647,False,False
2023-04-04,Z02,10.729092000093663,-4.995246083439042e-06,0.15461729133823335,False,False
2023-04-05,Z02,10.729100706304553,3.8085313764923967e-06,-0.4036057012014932,False,False
2023-04-06,Z02,10.729096744526487,-2.9799515921524744e-07,0.533411464847333,False,False
2023-04-07,Z02,10.72909374455269,-3.2211750955468688e-06,-1.579861292624487,False,False
2023-04-08,Z02,10.729095566043982,-1.2452302193821652e-06,0.45366532305594354,False,False
2023-04-09,Z02,10.729099556332558,3.0005080535744355e-06,1.8292862689574112,False,False
2023-04-10,Z02,10.729092594938884,-4.087654346562886e-06,-0.5630979847842722,False,False
2023-04-11,Z02,10.729100923871522,4.4868681303711355e-06,0.09480768499469079,False,False
2023-04-12,Z02,10.729089235264015,-7.222009228868842e-06,-0.2042403467230194,False,False
2023-04-13,Z02,10.729091986661334,-3.860372784103561e-06,-0.2042403467230194,False,False
2023-04-14,Z02,10.72909336577219,-2.563667395705238e-06,-0.9817652291890666,False,False
2023-04-15,Z02,10.729100642607094,5.190236240792956e-06,2.0286516234358842,False,False
2023-04-16,Z02,10.72910151749564,6.123130448898451e-06,0.4137922521602488,False,False
2023-04-17,Z02,10.729095363223626,-2.2827320478313595e-07,-0.6428441265756617,False,False
2023-04-18,Z02,10.729100369735752,4.764522028466445e-06,-0.7425268038148981,False,False
2023-04-19,Z02,10.729106271171101,1.0516360308798767e-05,0.09480768499469079,False,False
2023-04-20,Z02,10.72910368737069,7.412352246660703e-06,-2.118147749716366,False,False
2023-04-21,Z02,10.729101815353609,5.279502659050195e-06,1.0916344573870587,False,False
2023-04-22,Z02,10.729097451640296,6.073455036670339e-07,-0.4833518429928827,False,False
2023-04-23,Z02,10.729093663644312,-3.259788252663043e-06,0.4137922521602488,False,False
2023-04-24,Z02,10.729094294657248,-2.4479977867031266e-06,0.4736018585037905,False,False
2023-04-25,Z02,10.72909383928591,-2.8283945816554024e-06,0.9919517801478223,False,False
2023-04-26,Z02,10.729096785515345,1.623285292851051e-07,0.533411464847333,False,False
2023-04-27,Z02,10.729096605801198,4.747607995625458e-08,0.7726498902215015,False,False
2023-04-28,Z02,10.729098470895318,1.7967375498528781e-06,1.0517613864913649,False,False
2023-04-29,Z02,10.729095903719331,-4.913462579025918e-07,-0.30392302396225584,False,False
2023-04-30,Z02,10.72910086713886,4.389405134475055e-06,2.188143907018663,False,False
2023-05-01,Z02,10.729092260279149,-4.414183059964216e-06,0.393855716712401,False,False
2023-05-02,Z02,10.729096193874692,-3.540220738784683e-07,0.015061543203301286,False,False
2023-05-03,Z02,10.729096178383335,-5.567455438892921e-07,-0.8023364101584398,False,False
2023-05-04,Z02,10.72909655426971,-3.9926877093421353e-07,-0.16436727582732466,False,False
2023-05-05,Z02,10.729093350918953,-3.754425396351735e-06,0.43372878760809574,False,False
2023-05-06,Z02,10.729094024951694,-2.8352131327125107e-06,0.13468075589038556,False,False
2023-05-07,Z02,10.729102542655259,5.773142923715113e-06,1.849222804405258,False,False
2023-05-08,Z02,10.729097027249056,-3.5533364695083947e-08,-0.3437960948579506,False,False
2023-05-09,Z02,10.729097873097663,7.616084065631412e-07,0.7128402838779591,False,False
2023-05-10,Z02,10.729098537389348,1.4820079208277548e-06,-1.0814479064283031,False,False
2023-05-11,Z02,10.729093695432203,-3.5580309045712966e-06,2.2080804424665117,False,False
2023-05-12,Z02,10.729092073929912,-4.9385852189942625e-06,-1.1611940482196925,False,False
2023-05-13,Z02,10.729089557926407,-7.54921092038785e-06,2.1083977652272736,False,False
2023-05-14,Z02,10.729094627286646,-2.3988928514739882e-06,-0.10455766948378296,False,False
2023-05-15,Z02,10.729099055667922,1.9874379439954737e-06,-2.1978938915077553,False,False
2023-05-16,Z02,10.729095759261554,-1.25607045120546e-06,1.3906824891047698,False,False
2023-05-17,Z02,10.729097617137077,7.937462065399359e-07,0.11474422044253861,False,False
2023-05-18,Z02,10.729094996580283,-1.901941033111143e-06,-0.4235422366493401,False,False
2023-05-19,Z02,10.72910005586337,3.3364472340480233e-06,0.6729672129822643,False,False
2023-05-20,Z02,10.729094078635391,-2.4336038197958487e-06,0.692903748430112,False,False
2023-05-21,Z02,10.72910035019279,4.1582447547483525e-06,0.45366532305594354,False,False
2023-05-22,Z02,10.729096487866686,3.447573462267428e-07,1.1713805991784483,False,False
2023-05-23,Z02,10.729100348046517,4.237062963596827e-06,0.29417303947316453,False,False
2023-05-24,Z02,10.729094513653324,-1.8201436375875346e-06,0.6729672129822643,False,False
2023-05-25,Z02,10.729094027973044,-2.313123784958293e-06,-0.4833518429928827,False,False
2023-05-26,Z02,10.72909748004587,1.1326594684391011e-06,0.7925864256693486,False,False
2023-05-27,Z02,10.729094054500292,-2.316037125638104e-06,-0.4833518429928827,False,False
2023-05-28,Z02,10.729099328435245,3.0429411896903957e-06,-1.0814479064283031,False,False
2023-05-29,Z02,10.729094389137826,-1.9249408946819813e-06,-0.16436727582732466,False,False
2023-05-30,Z02,10.729097461089697,1.197497027760619e-06,-0.24411341761871416,False,False
2023-05-31,Z02,10.729093284276773,-2.8657809245657972e-06,0.9520787092521267,False,False
2023-06-01,Z02,10.72909893365097,2.7494600196575902e-06,-1.420369009041708,False,False
2023-06-02,Z02,10.729097935506505,1.6599896781599455e-06,1.1315075282827542,False,False
2023-06-03,Z02,10.729094962736795,-1.3713508035806399e-06,-0.5830345202321191,False,False
2023-06-04,Z02,10.729099775988743,3.4949522422778045e-06,-2.417195781434076,False,False
2023-06-05,Z02,10.729102010473152,5.5152676576852855e-06,-1.1611940482196925,False,False
2023-06-06,Z02,10.729094380116901,-2.3812726421823527e-06,-0.2640499530665611,False,False
2023-06-07,Z02,10.729092562810646,-3.92649428704317e-06,0.4736018585037905,False,False
2023-06-08,Z02,10.729097598914716,1.2584243975766185e-06,-0.10455766948378296,False,False
2023-06-09,Z02,10.729098815239595,2.483888708937343e-06,-1.1611940482196925,False,False
2023-06-10,Z02,10.729096061660805,-2.789517559165233e-07,-0.7425268038148981,False,False
2023-06-11,Z02,10.729103140572121,6.721085274108418e-06,-1.1611940482196925,False,False
2023-06-12,Z02,10.729102376237373,5.587862450084913e-06,0.29417303947316453,False,False
2023-06-13,Z02,10.729096380898742,-8.34753212330952e-07,-0.06468459858808821,False,False
2023-06-14,Z02,10.729093771491973,-3.5026137190641293e-06,0.6530306775344173,False,False
2023-06-15,Z02,10.729098903666033,1.8056995383375352e-06,-1.739353576207266,False,False
2023-06-16,Z02,10.729100738464101,3.5356841259215344e-06,-0.5032883784407296,False,False
2023-06-17,Z02,10.72910044609841,3.1392742005920127e-06,2.048588158883733,False,False
2023-06-18,Z02,10.729100053480625,2.5650058095294526e-06,0.6729672129822643,False,False
2023-06-19,Z02,10.729103655523486,6.167128098866215e-06,-0.2640499530665611,False,False
2023-06-20,Z02,10.729096572799696,-1.2348252944605065e-06,-0.9418921582933719,False,False
2023-06-21,Z02,10.72909943110882,1.7493969295401257e-06,1.1315075282827542,False,False
2023-06-22,Z02,10.729090918065483,-6.861754478393323e-06,1.5701113081353957,False,False
2023-06-23,Z02,10.729100941812742,3.4763254834757618e-06,-1.101384441876151,False,False
2023-06-24,Z02,10.729099917005328,2.237246087943845e-06,-1.0216383000847613,False,False
2023-06-25,Z02,10.729096875780693,-1.000279622687117e-06,0.3141095749210124,False,False
2023-06-26,Z02,10.729097587278215,-2.686399280804608e-07,0.4137922521602488,False,False
2023-06-27,Z02,10.729099547610785,1.573933378296033e-06,0.5134749293994852,False,False
2023-06-28,Z02,10.729101019346578,3.0383633191632953e-06,1.869159339853105,False,False
2023-06-29,Z02,10.729090760789822,-7.441200395419401e-06,-0.9418921582933719,False,False
2023-06-30,Z02,10.729098216764664,2.3811777793980582e-07,0.07487114954684386,False,False
2023-07-01,Z02,10.729098203238085,6.017493525689588e-08,0.7527133547736538,False,False
2023-07-02,Z02,10.729102852060995,4.733344940888173e-06,0.7527133547736538,False,False
2023-07-03,Z02,10.729102504087567,4.221486362254723e-06,-0.6029710556799669,False,False
2023-07-04,Z02,10.729092851805293,-5.682174272436669e-06,-0.5630979847842722,False,False
2023-07-05,Z02,10.729097101755967,-1.201417482832312e-06,-0.4235422366493401,False,False
2023-07-06,Z02,10.729098110963962,-2.858558012519552e-08,1.7296035917181747,False,False
2023-07-07,Z02,10.729102732904412,4.468993301642854e-06,-0.9418921582933719,False,False
2023-07-08,Z02,10.729097005789384,-1.5971248501500668e-06,-0.2839864885144089,False,False
2023-07-09,Z02,10.72909233690166,-6.246241731844293e-06,0.8125229611171964,False,False
2023-07-10,Z02,10.729092328107818,-6.0390909766283585e-06,-1.0415748355326082,False,False
2023-07-11,Z02,10.72909182333181,-6.419415218061886e-06,0.29417303947316453,False,False
2023-07-12,Z02,10.729093409685037,-4.455820647564224e-06,-1.8589727888943504,False,False
2023-07-13,Z02,10.729097879896306,3.132757004919995e-07,0.23436343312962288,False,False
2023-07-14,Z02,10.729103662312218,6.0457250263823425e-06,0.09480768499469079,False,False
2023-07-15,Z02,10.729101312063902,3.3657827032129717e-06,0.19449036223392813,False,False
2023-07-16,Z02,10.729098554101043,5.27539913974806e-07,-0.8222729456062876,False,False
2023-07-17,Z02,10.729097291813197,-6.619358288162402e-07,0.2542999685774698,False,False
2023-07-18,Z02,10.729104008254778,6.159648592074518e-06,-0.004874992244545647,False,False
2023-07-19,Z02,10.729091083543237,-6.896888756102726e-06,1.3308728827612273,False,False
2023-07-20,Z02,10.729096682614323,-8.787516616592939e-07,0.6729672129822643,False,False
2023-07-21,Z02,10.72909544931948,-2.1157069909349957e-06,-1.4004324735938611,False,False
2023-07-22,Z02,10.729094475196673,-2.957103486522783e-06,-0.8023364101584398,False,False
2023-07-23,Z02,10.729097539213072,-1.1658126908287159e-08,-0.5830345202321191,False,False
2023-07-24,Z02,10.72909478832138,-2.6491298292796728e-06,0.21442689768177506,False,False
2023-07-25,Z02,10.72909692751158,-3.389834972722383e-07,-0.12449420493162991,False,False
2023-07-26,Z02,10.729100253839444,2.9856200018940626e-06,-0.14443074037947773,False,False
2023-07-27,Z02,10.729096587052252,-7.700525639364741e-07,2.846049576797626,False,False
2023-07-28,Z02,10.729096224950894,-1.0334686368906887e-06,-0.4833518429928827,False,False
2023-07-29,Z02,10.729102362963475,5.264357133327735e-06,1.4305555600004636,False,False
2023-07-30,Z02,10.729098106012838,6.206673734965307e-07,-0.10455766948378296,False,False
2023-07-31,Z02,10.729101511037793,4.0293840566363315e-06,-2.1380842851642137,False,False
2023-08-01,Z02,10.729098510509177,9.18595450372095e-07,0.23436343312962288,False,False
2023-08-02,Z02,10.729101242213495,3.7950181628332302e-06,1.1514440637306014,False,False
2023-08-03,Z02,10.72909090296859,-6.502164273669564e-06,0.6729672129822643,False,False
2023-08-04,Z02,10.729094351894348,-2.988277293169972e-06,0.29417303947316453,False,False
2023-08-05,Z02,10.729094420887023,-2.8276225627621443e-06,0.05493461409899604,False,False
2023-08-06,Z02,10.729100773638834,3.6481318126391216e-06,-0.46341530754503485,False,False
2023-08-07,Z02,10.72909672126436,-3.389338090187266e-07,0.9321421738042797,False,False
2023-08-08,Z02,10.729094621189256,-2.4295247431638245e-06,-0.4036057012014932,False,False
2023-08-09,Z02,10.729099596412693,2.4695557723219963e-06,-0.6029710556799669,False,False
2023-08-10,Z02,10.729094287065095,-3.0820686554022814e-06,0.45366532305594354,False,False
2023-08-11,Z02,10.729098754451465,1.3031932724061335e-06,-0.2640499530665611,False,False
2023-08-12,Z02,10.729093255509698,-4.3739073767312675e-06,1.3109363473133804,False,False
2023-08-13,Z02,10.729099705202087,2.229931233443949e-06,0.4935383939516383,False,False
2023-08-14,Z02,10.729097773747192,4.303800089644483e-07,-0.7425268038148981,False,False
2023-08-15,Z02,10.729089892317619,-7.3331056729131205e-06,-1.101384441876151,False,False
2023-08-16,Z02,10.729096093757901,-8.42939277490018e-07,-0.5431614493364244,False,False
2023-08-17,Z02,10.72909601992775,-8.768342514287042e-07,2.367572726049289,False,False
2023-08-18,Z02,10.729096041919812,-5.885646210401774e-07,-0.2042403467230194,False,False
2023-08-19,Z02,10.72909741676608,6.210024263708647e-07,0.7925864256693486,False,False
2023-08-20,Z02,10.729094579855683,-2.2403796950953847e-06,-1.260876725458929,False,False
2023-08-21,Z02,10.729103602889502,6.811636250603215e-06,-1.0415748355326082,False,False
2023-08-22,Z02,10.729097003333182,-9.217649754589274e-08,-0.14443074037947773,False,False
2023-08-23,Z02,10.72909129308441,-5.784562606692134e-06,1.7296035917181747,False,False
2023-08-24,Z02,10.729094283942635,-2.6771964822813743e-06,-1.260876725458929,False,False
2023-08-25,Z02,10.72910184390931,4.970889158073533e-06,-0.5830345202321191,False,False
2023-08-26,Z02,10.72910133184211,4.405819627351093e-06,0.9321421738042797,False,False
2023-08-27,Z02,10.729098387481537,1.303299393740076e-06,1.6299209144789384,False,False
2023-08-28,Z02,10.729095835066854,-1.3211996439110862e-06,0.4736018585037905,False,False
2023-08-29,Z02,10.72909889428559,1.9556156445332817e-06,0.7128402838779591,False,False
2023-08-30,Z02,10.729097738641876,7.736961737947468e-07,-0.8621460165019824,False,False
2023-08-31,Z02,10.729100557689735,3.7184905625764486e-06,-1.2808132609067768,False,False
2023-09-01,Z02,10.729092338690698,-4.56874782628347e-06,-1.101384441876151,False,False
2023-09-02,Z02,10.729091102280282,-5.508374147922268e-06,-0.8422094810541345,False,False
2023-09-03,Z02,10.729100740512902,4.123214749185422e-06,0.2542999685774698,False,False
2023-09-04,Z02,10.729094042141746,-2.7881103594751266e-06,-1.1811305836675394,False,False
2023-09-05,Z02,10.729092676435414,-4.141191849882375e-06,0.29417303947316453,False,False
2023-09-06,Z02,10.729099232578895,2.684858412038693e-06,-0.2839864885144089,False,False
2023-09-07,Z02,10.729100206864546,3.5754335776516655e-06,-0.5232249138885774,False,False
2023-09-08,Z02,10.72909781434648,9.967263370214141e-07,0.9122056383564328,False,False
2023-09-09,Z02,10.729096683323032,-7.489490272405419e-08,-0.921955622845524,False,False
2023-09-10,Z02,10.729102051888985,5.2137957844422544e-06,1.4704286308961594,False,False
2023-09-11,Z02,10.72909578124664,-1.1667611445886905e-06,0.8723325674607372,False,False
2023-09-12,Z02,10.729101218110205,4.185911189225067e-06,-0.9618286937412188,False,False
2023-09-13,Z02,10.729097971893097,8.892638092561356e-07,1.2311902055219908,False,False
2023-09-14,Z02,10.729102615371163,5.526137011102605e-06,-1.0615113709804562,False,False
2023-09-15,Z02,10.72908991799498,-7.595340957067265e-06,1.3308728827612273,False,False
2023-09-16,Z02,10.729103645136256,6.3376590855313e-06,0.37391918126455403,False,False
2023-09-17,Z02,10.729097974530854,4.128800661362675e-07,-1.5399882217287924,False,False
2023-09-18,Z02,10.729089862766319,-7.763304838093177e-06,-1.260876725458929,False,False
2023-09-19,Z02,10.729090640588229,-6.733682935688989e-06,-0.3637326303057984,False,False
2023-09-20,Z02,10.729094843233579,-2.39972866999949e-06,0.8922691029085859,False,False
2023-09-21,Z02,10.729096915654425,-3.5319292379654144e-08,-0.14443074037947773,False,False
2023-09-22,Z02,10.729099863359467,2.915308375150971e-06,-0.16436727582732466,False,False
2023-09-23,Z02,10.72909545247579,-1.7812511377002238e-06,0.07487114954684386,False,False
2023-09-24,Z02,10.72909156846935,-5.704208684065293e-06,-1.9586554661335867,False,False
2023-09-25,Z02,10.729094250589014,-2.6795743544028028e-06,0.8523960320128902,False,False
2023-09-26,Z02,10.72909739968362,7.055620212526037e-07,1.370745953656921,False,False
2023-09-27,Z02,10.729097090609,4.2941399946982983e-07,0.8125229611171964,False,False
2023-09-28,Z02,10.729097247978075,5.4493166956604e-07,-0.38366916575364535,False,False
2023-09-29,Z02,10.729096386655268,-2.615142218331812e-07,-0.8422094810541345,False,False
2023-09-30,Z02,10.729095187301414,-1.4158018544208062e-06,-1.0415748355326082,False,False
2023-10-01,Z02,10.729098496322717,2.07223239101495e-06,-1.101384441876151,False,False
2023-10-02,Z02,10.729095892292737,-7.370519892191396e-07,2.287826584257901,False,False
2023-10-03,Z02,10.729098682720867,1.8937090597859196e-06,-0.0447480631402404,False,False
2023-10-04,Z02,10.729100059512275,3.339093536780524e-06,0.9321421738042797,False,False
2023-10-05,Z02,10.729101830222362,4.9092246054982525e-06,0.8723325674607372,False,False
2023-10-06,Z02,10.729101645278238,4.41915424964634e-06,0.1745538267860803,False,False
2023-10-07,Z02,10.729100137271846,2.830724547209229e-06,-0.9020190873976771,False,False
2023-10-08,Z02,10.729101769308423,4.4650808810331455e-06,0.5533480002951799,False,False
2023-10-09,Z02,10.729092191529926,-5.244529683423593e-06,-1.0415748355326082,False,False
2023-10-10,Z02,10.729097119166779,-1.6716639095193386e-07,0.6330941420865696,False,False
2023-10-11,Z02,10.729090589998576,-6.53191052180091e-06,-1.0017017646369135,False,False
2023-10-12,Z02,10.729094552665938,-2.396201557175459e-06,-0.4036057012014932,False,False
2023-10-13,Z02,10.729095100238927,-1.626447090785632e-06,-0.4036057012014932,False,False
2023-10-14,Z02,10.729098702587327,2.0716231130535334e-06,1.4305555600004636,False,False
2023-10-15,Z02,10.729091893711766,-4.60682631953091e-06,-2.397259245986229,False,False
2023-10-16,Z02,10.729095389589927,-1.1768053838068226e-06,2.367572726049289,False,False
2023-10-17,Z02,10.72909379443487,-2.4967755631877253e-06,-0.762463339262745,False,False
2023-10-18,Z02,10.72909564062306,-5.112508425497708e-07,-0.08462113403593514,False,False
2023-10-19,Z02,10.729087594933421,-8.749535703955758e-06,0.45366532305594354,False,False
2023-10-20,Z02,10.729091347869746,-4.895077553968008e-06,0.35398264581670624,False,False
2023-10-21,Z02,10.729104158846447,8.032411276559515e-06,0.8723325674607372,False,False
2023-10-22,Z02,10.72910223609173,5.868216824467254e-06,0.6530306775344173,False,False
2023-10-23,Z02,10.729092022152514,-4.424813466741284e-06,2.06852469433158,False,False
2023-10-24,Z02,10.729095795498173,-5.371236984075267e-07,0.7726498902215015,False,False
2023-10-25,Z02,10.72910113515809,4.661635255587271e-06,-0.08462113403593514,False,False
2023-10-26,Z02,10.7290954214565,-1.2815519685460686e-06,-0.5232249138885774,False,False
2023-10-27,Z02,10.729096320023805,-3.170437583577268e-07,-0.5431614493364244,False,False
2023-10-28,Z02,10.729096293754885,-3.1762650465338993e-07,1.3308728827612273,False,False
2023-10-29,Z02,10.729093831421869,-2.7481520827876693e-06,1.7894131980617174,False,False
2023-10-30,Z02,10.729089002568246,-7.4918312584770774e-06,1.0318248510435162,False,False
2023-10-31,Z02,10.729095739111347,-5.491303838311978e-07,-3.1149745221087337,False,False
2023-11-01,Z02,10.729108002688642,1.180635395492402e-05,-2.1978938915077553,False,False
2023-11-02,Z02,10.729099045079957,2.445065407030711e-06,0.0349980786511491,False,False
2023-11-03,Z02,10.729105656797154,9.04470396534407e-06,-0.12449420493162991,False,False
2023-11-04,Z02,10.729095961504955,-8.371643964721898e-07,0.05493461409899604,False,False
2023-11-05,Z02,10.72909925540058,2.6523551444057603e-06,1.2909998118655333,False,False
2023-11-06,Z02,10.729102653064416,6.129681569433387e-06,1.2311902055219908,False,False
2023-11-07,Z02,10.729098641890136,2.0346475348986814e-06,0.21442689768177506,False,False
2023-11-08,Z02,10.729100283910862,3.780915537987539e-06,-1.4801786153852505,False,False
2023-11-09,Z02,10.729100591207017,3.818465662774884e-06,-1.1811305836675394,False,False
2023-11-10,Z02,10.72909254364594,-4.344830088598428e-06,0.09480768499469079,False,False
2023-11-11,Z02,10.729102855324891,5.901727282875413e-06,0.45366532305594354,False,False
2023-11-12,Z02,26.966953832666597,16.23785660231369,-1.1811305836675394,True,True
2023-11-13,Z02,26.96695400442268,15.696594816322184,0.692903748430112,True,True
2023-11-14,Z02,26.96694978660324,15.155328755108233,-1.7194170407594183,True,True
2023-11-15,Z02,26.96694852587893,14.614065564620873,-2.6165611359125496,True,True
2023-11-16,Z02,26.966956801869955,14.072812069402266,-0.8422094810541345,True,True
2023-11-17,Z02,26.966954077043308,13.531547244327783,1.4106190245526167,True,True
2023-11-18,Z02,26.966962513834453,12.99029373323825,1.5501747726875488,True,True
2023-11-19,Z02,26.966956092154433,12.44902481426153,-1.5599247571766401,True,True
2023-11-20,Z02,26.96695104548128,11.907757609445556,-1.4801786153852505,True,True
2023-11-21,Z02,26.96696107467622,11.366506075752666,0.7925864256693486,True,True
2023-11-22,Z02,26.96695840435424,10.825241444144538,-0.4036057012014932,True,True
2023-11-23,Z02,26.96695891699629,10.28397974404653,1.3906824891047698,True,True
2023-11-24,Z02,26.96695316003791,9.742711883038215,0.7726498902215015,True,True
2023-11-25,Z02,26.966956363109283,9.201453351946924,0.9520787092521267,True,True
2023-11-26,Z02,26.966956101247717,8.660191058696931,-0.7823998747105929,True,True
2023-11-27,Z02,26.966957597646612,8.118930562388364,0.4736018585037905,True,True
2023-11-28,Z02,26.966953816548926,7.577664737827618,2.048588158883733,True,True
2023-11-29,Z02,10.729095566217055,-9.201455512008486,0.1745538267860803,False,True
2023-11-30,Z02,10.729105113319768,-9.201446183694067,-0.004874992244545647,False,False
2023-12-01,Z02,10.729092408667428,-9.20145920082002,-0.4036057012014932,False,False
2023-12-02,Z02,10.72909925348716,-9.201451836199578,-1.5599247571766401,True,False
2023-12-03,Z02,10.729099040245147,-9.201452056388499,-1.0615113709804562,False,False
2023-12-04,Z02,10.729093805583565,-9.201457070498348,-0.8621460165019824,False,False
2023-12-05,Z02,10.729103289096818,-9.201447515121048,-1.5997978280723348,True,False
2023-12-06,Z02,10.729094700126696,-9.201456238547712,-1.5001151508330974,True,False
2023-12-07,Z02,10.729103222971837,-9.201447450604647,-2.397259245986229,True,False
2023-12-08,Z02,10.729099897696031,-9.201450928583178,-0.7425268038148981,False,False
2023-12-09,Z02,10.729098141809583,-9.2014526715958,0.7128402838779591,False,False
2023-12-10,Z02,10.729086618311262,-9.201464113447537,-0.2839864885144089,True,False
2023-12-11,Z02,10.729104698836705,-9.201445835410938,-0.2839864885144089,False,False
2023-12-12,Z02,10.729099106720433,-9.201451488977604,0.7925864256693486,False,False
2023-12-13,Z02,10.729095595292046,-8.660193176207786,1.7096670562703278,False,False
2023-12-14,Z02,10.729096109477569,-8.118930715051244,2.307763119705748,True,False
2023-12-15,Z02,10.729094741322704,-7.577670293968584,0.1745538267860803,False,False
2023-12-16,Z02,10.729100235704328,-7.036403006768419,-0.24411341761871416,False,False
2023-12-17,Z02,10.729098002065694,-6.495143354868198,-0.38366916575364535,False,False
2023-12-18,Z02,10.729092727507616,-5.953886760260357,0.6330941420865696,False,False
2023-12-19,Z02,10.729106548251757,-5.412610613305322,-0.12449420493162991,False,False
2023-12-20,Z02,10.729098133848899,-4.871357376244758,-0.12449420493162991,False,False
2023-12-21,Z02,10.729098818471133,-4.330094927901444,-0.0447480631402404,False,False
2023-12-22,Z02,10.729098921529907,-3.7888327496358336,-0.9020190873976771,False,False
2023-12-23,Z02,10.729096572405272,-3.247573115999659,-2.2975765687469916,False,False
2023-12-24,Z02,10.729104711706354,-2.706302898545541,-0.6229075911278139,False,False
2023-12-25,Z02,10.729093209626226,-2.165052785681283,1.4903651663440063,False,False
2023-12-26,Z02,10.729096979299314,-1.623786910892095,1.4504920954483105,False,False
2023-12-27,Z02,10.729103234573694,-1.0825186848861001,0.9720152446999754,False,False
2023-12-28,Z02,10.729093178856768,-0.5412669285005958,-0.46341530754503485,False,False
2023-12-29,Z02,10.729091772019515,-6.3140814425821645e-06,-0.762463339262745,False,False
2023-12-30,Z02,10.729102110598609,4.150970902117024e-06,1.6498574499267853,False,False
2023-12-31,Z02,10.729096811431736,-1.0481052665767265e-06,-1.0415748355326082,False,False
2024-01-01,Z02,10.729102696636986,4.690341173230195e-06,0.07487114954684386,False,False
2024-01-02,Z02,10.729094364370066,-3.7566974064873193e-06,1.7096670562703278,False,False
2024-01-03,Z02,10.729086919155568,-1.1046049401386426e-05,0.15461729133823335,False,False
2024-01-04,Z02,10.729093070443586,-4.665213785060018e-06,-0.2640499530665611,False,False
2024-01-05,Z02,10.729094934835617,-2.460199979736899e-06,1.1913171346262952,False,False
2024-01-06,Z02,10.72909574626561,-1.656593617838098e-06,0.11474422044253861,False,False
2024-01-07,Z02,10.729090651098678,-6.502537008401532e-06,0.23436343312962288,False,False
2024-01-08,Z02,10.729099008169833,2.162754057621896e-06,1.5501747726875488,False,False
2024-01-09,Z02,10.729096864098384,-1.0196064437195673e-08,-2.4969419232254655,False,False
2024-01-10,Z02,10.729097765202559,5.493818733270928e-07,0.393855716712401,False,False
2024-01-11,Z02,10.729104910300375,7.925600828073698e-06,-0.7225902683670503,False,False
2024-01-12,Z02,10.729088313829214,-8.864323000068453e-06,-0.16436727582732466,False,False
2024-01-13,Z02,10.729095314200194,-1.6212365920864613e-06,0.15461729133823335,False,False
2024-01-14,Z02,10.729103182761266,6.2738337245349385e-06,-0.6428441265756617,False,False
2024-01-15,Z02,10.729094565184557,-2.6251242690733534e-06,0.2542999685774698,False,False
2024-01-16,Z02,10.729092819432463,-4.181859036833657e-06,0.4137922521602488,False,False
2024-01-17,Z02,10.72910043198668,3.6034496204706556e-06,0.23436343312962288,False,False
2024-01-18,Z02,10.729093835992382,-3.249360645440902e-06,0.15461729133823335,False,False
2024-01-19,Z02,10.729097367009635,7.053985875415947e-07,-0.08462113403593514,False,False
2024-01-20,Z02,10.729096314959484,-3.210902566053164e-07,-0.06468459858808821,False,False
2024-01-21,Z02,10.729095004634766,-1.5479645849580947e-06,0.11474422044253861,False,False
2024-01-22,Z02,10.72908992718246,-6.4948537179532195e-06,-0.9020190873976771,False,False
2024-01-23,Z02,10.729094421579333,-1.7789494197728573e-06,1.3109363473133804,False,False
2024-01-24,Z02,10.729102817954551,6.960430033231546e-06,-0.06468459858808821,False,False
2024-01-25,Z02,10.729088661843313,-7.515958815318413e-06,-0.3637326303057984,False,False
2024-01-26,Z02,10.729095718654747,-1.8189884976038684e-07,0.43372878760809574,False,False
2024-01-27,Z02,10.72909310206629,-2.5479566740926884e-06,-0.08462113403593514,False,False
2024-01-28,Z02,10.729102266651777,6.619188495093908e-06,1.2710632764176846,False,False
2024-01-29,Z02,10.729091266050075,-4.731234282573382e-06,0.9321421738042797,False,False
2024-01-30,Z02,10.729097043651652,1.4078522454497033e-06,0.13468075589038556,False,False
2024-01-31,Z02,10.729103251211418,7.607671349774137e-06,0.9720152446999754,False,False
2024-02-01,Z02,10.729106328484878,1.0666458994279537e-05,0.27423650402531763,False,False
2024-02-02,Z02,10.729092013317985,-4.047511726668063e-06,-1.1213209773239978,False,False
2024-02-03,Z02,10.72910132670461,5.09606948462249e-06,0.9122056383564328,False,False
2024-02-04,Z02,10.729103373407968,6.867564142254423e-06,-1.8589727888943504,False,False
2024-02-05,Z02,10.729093384867753,-3.4022618180529207e-06,-3.473832160169986,False,False
2024-02-06,Z02,10.729090925703291,-5.782713017765673e-06,0.7327768193258068,False,False
2024-02-07,Z02,10.729093793496512,-2.924073285726081e-06,0.4736018585037905,False,False
2024-02-08,Z02,10.729094365293383,-2.1784539683267212e-06,0.4137922521602488,False,False
2024-02-09,Z02,10.729097330238558,8.69784704704557e-07,1.4106190245526167,False,False
2024-02-10,Z02,10.729102454727224,6.008772169607823e-06,0.015061543203301286,False,False
2024-02-11,Z02,10.729098194900201,1.830797588198152e-06,-0.3437960948579506,False,False
2024-02-12,Z02,10.729103277430987,6.583959338612999e-06,0.8324594965650433,False,False
2024-02-13,Z02,10.72909349867998,-3.460232692376053e-06,-0.6827171974713555,False,False
2024-02-14,Z02,10.729104823631173,8.187521210345494e-06,-0.2042403467230194,False,False
2024-02-15,Z02,10.729096658134731,-3.199234530626427e-07,0.29417303947316453,False,False
2024-02-16,Z02,10.729102212633334,5.1066184081349775e-06,0.37391918126455403,False,False
2024-02-17,Z02,10.729090161088955,-7.004280860201106e-06,-0.30392302396225584,False,False
2024-02-18,Z02,10.729103332605353,6.289732318975894e-06,-0.46341530754503485,False,False
2024-02-19,Z02,10.729095742727266,-1.4989989587377295e-06,-1.0814479064283031,False,False
2024-02-20,Z02,10.729102960125324,5.737473506073343e-06,-0.7425268038148981,False,False
2024-02-21,Z02,10.729098598357439,1.1105226018770509e-06,1.849222804405258,False,False
2024-02-22,Z02,10.729095368953182,-2.407920819180731e-06,-0.22417688217086634,False,False
2024-02-23,Z02,10.729105833684274,8.025231142738676e-06,0.21442689768177506,False,False
2024-02-24,Z02,10.729094046111388,-3.862866066128845e-06,-1.4602420799374027,False,False
2024-02-25,Z02,10.729094414314053,-3.6741390019301434e-06,2.5868746159756104,False,False
2024-02-26,Z02,10.72909621072362,-1.83425141386806e-06,-0.8222729456062876,False,False
2024-02-27,Z02,10.729089533884457,-8.614712486476606e-06,-1.1412575127718456,False,False
2024-02-28,Z02,10.729102803639552,5.07946818473215e-06,-0.024811527692393465,False,False
2024-02-29,Z02,10.729100565169079,2.4564113960678924e-06,-0.8621460165019824,False,False
2024-03-01,Z02,10.729093254114686,-4.972026912852812e-06,0.393855716712401,False,False
2024-03-02,Z02,10.729092377357823,-5.515547217171957e-06,-1.4801786153852505,False,False
2024-03-03,Z02,10.729097212360266,-2.1550720497032216e-07,1.1713805991784483,False,False
2024-03-04,Z02,10.72910153673185,3.9355629688486715e-06,0.9720152446999754,False,False
2024-03-05,Z02,10.729095082577937,-2.5255918512101516e-06,-0.08462113403593514,False,False
2024-03-06,Z02,10.72908978147722,-7.550331567074409e-06,-1.6197343635201817,False,False
2024-03-07,Z02,10.7291005159014,3.3042056308829615e-06,-0.7823998747105929,False,False
2024-03-08,Z02,10.729096596248825,-9.351202141516524e-07,0.09480768499469079,False,False
2024-03-09,Z02,10.729099514182112,1.8893879936143776e-06,-1.1811305836675394,False,False
2024-03-10,Z02,10.729101137114764,3.340691023367981e-06,-1.0017017646369135,False,False
2024-03-11,Z02,10.729094642631837,-3.280687776552327e-06,1.0716979219392118,False,False
2024-03-12,Z02,10.7290985266522,8.637357620244757e-07,0.19449036223392813,False,False
2024-03-13,Z02,10.729094080770617,-3.5932042194986025e-06,0.15461729133823335,False,False
2024-03-14,Z02,10.729093408852133,-3.9585673565767365e-06,0.5533480002951799,False,False
2024-03-15,Z02,10.72909857922126,1.2147960308794836e-06,-0.12449420493162991,False,False
2024-03-16,Z02,10.729086732042449,-1.0424235783901281e-05,-0.024811527692393465,False,False
2024-03-17,Z02,10.729096798567937,-2.6840551115014932e-08,0.4935383939516383,False,False
2024-03-18,Z02,10.729087636702562,-9.008237078944603e-06,0.8324594965650433,False,False
2024-03-19,Z02,10.729092070569335,-4.490224094766404e-06,0.533411464847333,False,False
2024-03-20,Z02,10.729094272036825,-1.913355403004857e-06,1.4903651663440063,False,False
2024-03-21,Z02,10.729101528125334,5.391756120687319e-06,0.05493461409899604,False,False
2024-03-22,Z02,10.729105508847953,9.420212071731271e-06,-1.3007497963546237,False,False
2024-03-23,Z02,10.729098081493314,1.7625077486371765e-06,1.1115709928349056,False,False
2024-03-24,Z02,10.729097399970037,9.905664679621395e-07,-0.2042403467230194,False,False
2024-03-25,Z02,10.729092350042063,-3.7782376995920686e-06,-0.7225902683670503,False,False
2024-03-26,Z02,10.72910250871534,6.436971222711918e-06,0.7527133547736538,False,False
2024-03-27,Z02,10.729104426813496,8.085256002487995e-06,0.4137922521602488,False,False
2024-03-28,Z02,10.729088692146139,-7.923281016175565e-06,-1.2409401900110821,False,False
2024-03-29,Z02,10.72910116498775,4.5776185384482915e-06,0.7128402838779591,False,False
2024-03-30,Z02,10.729105966316567,9.433569081451765e-06,1.9090324107488006,False,False
2024-03-31,Z02,10.729101501530113,4.788744378814158e-06,0.35398264581670624,False,False
2024-04-01,Z02,10.729097250479844,2.62780261550688e-07,-0.22417688217086634,False,False
2024-04-02,Z02,10.729099267915347,2.1177783633419267e-06,-1.6197343635201817,False,False
2024-04-03,Z02,10.729098732105426,1.5134499413704816e-06,2.0884612297794267,False,False
2024-04-04,Z02,10.7290887828885,-8.34227943791177e-06,-0.4833518429928827,False,False
2024-04-05,Z02,10.729097957693673,1.0425153824655808e-06,-1.3605594026981664,False,False
2024-04-06,Z02,10.729095775127872,-1.4125909668649683e-06,0.15461729133823335,False,False
2024-04-07,Z02,10.729090685384858,-6.344308197014925e-06,1.0318248510435162,False,False
2024-04-08,Z02,10.729094072687355,-2.759976901245409e-06,1.2710632764176846,False,False
2024-04-09,Z02,10.729103172772518,6.52149142332803e-06,-0.6428441265756617,False,False
2024-04-10,Z02,10.729092568905225,-4.150231131205828e-06,-0.06468459858808821,False,False
2024-04-11,Z02,10.729101326492566,4.676480433118968e-06,0.0349980786511491,False,False
2024-04-12,Z02,10.729093915657625,-2.8276825201345446e-06,1.0118883155956693,False,False
2024-04-13,Z02,10.729099457053188,2.7192168072787126e-06,0.6330941420865696,False,False
2024-04-14,Z02,10.729090186214814,-6.753228268152611e-06,0.3141095749210124,False,False
2024-04-15,Z02,10.729096756940084,9.726388405795205e-08,0.9520787092521267,False,False
2024-04-16,Z02,10.729094132361531,-2.861477922166955e-06,-1.3206863318024715,False,False
2024-04-17,Z02,10.729102452009407,5.5470434983107e-06,0.45366532305594354,False,False
2024-04-18,Z02,10.729098122362576,7.235531054305966e-07,0.2542999685774698,False,False
2024-04-19,Z02,10.729096059030775,-1.541505136870569e-06,-0.024811527692393465,False,False
2024-04-20,Z02,10.729098999610239,1.3395078610756173e-06,-0.2042403467230194,False,False
2024-04-21,Z02,10.729103648494961,6.072676420387779e-06,0.1745538267860803,False,False
2024-04-22,Z02,10.729097758300176,2.4449340330079394e-07,-0.5431614493364244,False,False
2024-04-23,Z02,10.729097820513449,3.174797793548123e-07,2.7463668995583896,False,False
2024-04-24,Z02,10.729100616921071,3.099869289258095e-06,1.3906824891047698,False,False
2024-04-25,Z02,10.729096310003278,-1.482611139635992e-06,1.1315075282827542,False,False
2024-04-26,Z02,10.729093616835481,-3.969155198291219e-06,-0.4833518429928827,False,False
2024-04-27,Z02,10.729091750619762,-5.47503831782592e-06,-0.921955622845524,False,False
2024-04-28,Z02,10.729103313980103,5.986372901389814e-06,-0.1843038112751716,False,False
2024-04-29,Z02,10.729094475932424,-2.92330785534034e-06,0.15461729133823335,False,False
2024-04-30,Z02,10.729097959925312,9.436978363197568e-07,-1.4004324735938611,False,False
2024-05-01,Z02,10.729097814361422,9.161874405805293e-07,0.5134749293994852,False,False
2024-05-02,Z02,10.729098565909325,1.6489392908880518e-06,1.1115709928349056,False,False
2024-05-03,Z02,10.729095788647342,-1.1049224912795808e-06,-2.1978938915077553,False,False
2024-05-04,Z02,10.72909586068977,-9.347647935697978e-07,-0.8621460165019824,False,False
2024-05-05,Z02,10.729096435479414,-5.959018594126064e-07,1.2511267409698377,False,False
2024-05-06,Z02,10.72909565700987,-1.3236309275299618e-06,0.4137922521602488,False,False
2024-05-07,Z02,10.729099092172726,2.115469193597619e-06,-0.8222729456062876,False,False
2024-05-08,Z02,10.729093432365461,-3.82456433101197e-06,0.7726498902215015,False,False
2024-05-09,Z02,10.729102111984117,4.876398387310132e-06,-0.5630979847842722,False,False
2024-05-10,Z02,10.729095986096105,-1.2141300107515463e-06,-0.2042403467230194,False,False
2024-05-11,Z02,10.7290986635937,1.3494612201014888e-06,-1.101384441876151,False,False
2024-05-12,Z02,10.729100001192524,2.7758233400732024e-06,0.05493461409899604,False,False
2024-05-13,Z02,10.729094252888885,-3.1753314608806704e-06,1.0517613864913649,False,False
2024-05-14,Z02,10.729103458197658,6.2034494536789e-06,-0.44347877209718795,False,False
2024-05-15,Z02,10.72909072241266,-6.97473497091039e-06,0.6729672129822643,False,False
2024-05-16,Z02,10.729095667757273,-1.8282394460555906e-06,-0.004874992244545647,False,False
2024-05-17,Z02,10.729101573559294,4.026382720567767e-06,1.1115709928349056,False,False
2024-05-18,Z02,10.729104019425058,6.5015301533577485e-06,-0.4235422366493401,False,False
2024-05-19,Z02,10.729098058638272,3.441746176946481e-07,1.5900478435832426,False,False
2024-05-20,Z02,10.729095575564118,-2.205553119694059e-06,0.7128402838779591,False,False
2024-05-21,Z02,10.729094486072086,-3.1809102800650635e-06,0.27423650402531763,False,False
2024-05-22,Z02,10.729093659197899,-3.702370372948849e-06,0.3141095749210124,False,False
2024-05-23,Z02,10.729103597473207,6.372541678345556e-06,-0.4235422366493401,False,False
2024-05-24,Z02,10.729097767748032,3.502511773945116e-07,-0.4833518429928827,False,False
2024-05-25,Z02,10.7290906199977,-6.702526716750867e-06,0.29417303947316453,False,False
2024-05-26,Z02,10.729097198305684,6.544811625985858e-08,-1.1611940482196925,False,False
2024-05-27,Z02,10.729096486330295,-7.659096130652188e-07,-0.5630979847842722,False,False
2024-05-28,Z02,10.729098971450194,1.561353268897392e-06,-0.9020190873976771,False,False
2024-05-29,Z02,10.729099072030573,1.806684645444534e-06,0.6131576066387225,False,False
2024-05-30,Z02,10.729098572234573,1.153685374788438e-06,0.6131576066387225,False,False
2024-05-31,Z02,10.72909127288986,-6.166069647761674e-06,1.2909998118655333,False,False
2024-06-01,Z02,10.729096148171292,-1.0727391632769923e-06,-0.30392302396225584,False,False
2024-06-02,Z02,10.729098012970592,8.726514035828359e-07,-0.762463339262745,False,False
2024-06-03,Z02,10.729091039135746,-6.175327552426779e-06,-1.420369009041708,False,False
2024-06-04,Z02,10.72909775398323,7.002384023735431e-07,0.3141095749210124,False,False
2024-06-05,Z02,10.729091188091768,-5.909603189024892e-06,1.4305555600004636,False,False
2024-06-06,Z02,10.729093867587387,-3.0811436317890184e-06,-0.0447480631402404,False,False
2024-06-07,Z02,10.729094780182216,-1.994395960380757e-06,0.05493461409899604,False,False
2024-06-08,Z02,10.72909596577543,-8.537299702737755e-07,0.0349980786511491,False,False
2024-06-09,Z02,10.729093135286467,-3.4793453078663106e-06,0.29417303947316453,False,False
2024-06-10,Z02,10.72909602502999,-4.945747988926996e-07,1.0318248510435162,False,False
2024-06-11,Z02,10.729094706063304,-1.725589360290769e-06,1.9489054816444946,False,False
2024-06-12,Z02,10.729097543804217,1.2886558575786466e-06,0.533411464847333,False,False
2024-06-13,Z02,10.729092041619326,-4.323226209024256e-06,0.5932210711908747,False,False
2024-06-14,Z02,10.72909539878159,-5.855113371922016e-07,-0.2042403467230194,False,False
2024-06-15,Z02,10.729094028070456,-2.11210143241658e-06,-0.06468459858808821,False,False
2024-06-16,Z02,10.729098200810084,2.115294421400904e-06,-0.08462113403593514,False,False
2024-06-17,Z02,10.729093097593443,-2.8754972447586624e-06,-0.32385955941010364,False,False
2024-06-18,Z02,10.729092768462243,-2.840567391970694e-06,0.15461729133823335,False,False
2024-06-19,Z02,10.729093347721154,-2.0849692798918795e-06,0.6530306775344173,False,False
2024-06-20,Z02,10.729094002322203,-1.3561067984113606e-06,0.09480768499469079,False,False
2024-06-21,Z02,10.729098134099308,2.7917953033806953e-06,-0.24411341761871416,False,False
2024-06-22,Z02,10.7290981504336,2.65896621520767e-06,0.15461729133823335,False,False
2024-06-23,Z02,10.72909122927027,-4.080629127045654e-06,-0.921955622845524,False,False
2024-06-24,Z02,10.729097805172598,2.7132224573733765e-06,0.8324594965650433,False,False
2024-06-25,Z02,10.729100556574132,5.2251181621443266e-06,-0.38366916575364535,False,False
2024-06-26,Z02,10.7290979985455,2.5551472493390293e-06,-1.1213209773239978,False,False
2024-06-27,Z02,10.729092436950397,-3.056855028660266e-06,0.4935383939516383,False,False
2024-06-28,Z02,10.729094903028669,-3.729600965840518e-07,0.5533480002951799,False,False
2024-06-29,Z02,10.729095862116205,7.250941695957636e-07,-0.8222729456062876,False,False
2024-06-30,Z02,10.729093000456892,-2.0462278644828302e-06,0.6530306775344173,False,False
2024-07-01,Z02,10.729098652067934,3.547797609471104e-06,0.6729672129822643,False,False
2024-07-02,Z02,10.72909635268959,1.164956044519272e-06,2.0087150879880373,False,False
2024-07-03,Z02,10.729091771445605,-3.360945239450075e-06,-0.2042403467230194,False,False
2024-07-04,Z02,10.729094856604407,-3.001967670002159e-07,-0.024811527692393465,False,False
2024-07-05,Z02,10.72909765773622,2.5975143405077006e-06,-0.5630979847842722,False,False
2024-07-06,Z02,10.729096154000109,8.781234157595463e-07,0.533411464847333,False,False
2024-07-07,Z02,10.729097808997748,2.456907298054034e-06,0.0349980786511491,False,False
2024-07-08,Z02,10.729096339307779,8.862568083856104e-07,1.0118883155956693,False,False
2024-07-09,Z02,10.72909648325264,1.017750593135247e-06,-0.4036057012014932,False,False
2024-07-10,Z02,10.729099405951764,3.828850845266629e-06,0.5134749293994852,False,False
2024-07-11,Z02,10.729094214373609,-1.475424703301087e-06,-0.2042403467230194,False,False
2024-07-12,Z02,10.729098561905317,2.888496661412887e-06,-1.7991631825508076,False,False
2024-07-13,Z02,10.729100052681497,4.3453361371348365e-06,0.6530306775344173,False,False
2024-07-14,Z02,10.729101640765823,5.6663850589444564e-06,-1.6994805053115714,False,False
2024-07-15,Z02,10.729095354229056,-8.282178516338945e-07,-0.12449420493162991,False,False
2024-07-16,Z02,10.729091669118942,-4.557533250348911e-06,-0.10455766948378296,False,False
2024-07-17,Z02,10.729100961932039,4.953002882501778e-06,0.0349980786511491,False,False
2024-07-18,Z02,10.729096214738302,-5.633547317529519e-08,0.07487114954684386,False,False
2024-07-19,Z02,10.729098832898165,2.4469485211398023e-06,0.07487114954684386,False,False
2024-07-20,Z02,10.729098583507088,2.0147182091534432e-06,0.393855716712401,False,False
2024-07-21,Z02,10.72909797432313,1.2528280901591415e-06,-0.06468459858808821,False,False
2024-07-22,Z02,10.729097461458439,7.452892702985991e-07,2.6466842223191533,False,False
2024-07-23,Z02,10.729098988249405,2.29504607496267e-06,-0.30392302396225584,False,False
2024-07-24,Z02,10.729103145409697,6.193573730328694e-06,-1.1811305836675394,False,False
2024-07-25,Z02,10.729097365425616,2.3558174788718134e-07,-1.3804959381460133,False,False
2024-07-26,Z02,10.729096250768574,-7.727036788196529e-07,0.692903748430112,False,False
2024-07-27,Z02,10.72909682537821,-1.3983481039758772e-07,-1.5599247571766401,False,False
2024-07-28,Z02,10.729096060058689,-1.051435260635003e-06,-1.1611940482196925,False,False
2024-07-29,Z02,10.729100023421744,2.8733601276087484e-06,-1.3206863318024715,False,False
2024-07-30,Z02,10.729098749214078,1.4604422773345505e-06,0.4935383939516383,False,False
2024-07-31,Z02,10.729092538258216,-4.9421388226278395e-06,1.370745953656921,False,False
2024-08-01,Z02,10.729099515074585,2.2384712039524857e-06,-0.9020190873976771,False,False
2024-08-02,Z02,10.729103381865052,5.999848834647992e-06,0.45366532305594354,False,False
2024-08-03,Z02,10.729096456582628,-1.3124475710668548e-06,-2.5966246004647027,False,False
2024-08-04,Z02,10.729090943504927,-6.878857877978817e-06,-0.7026537329192034,False,False
2024-08-05,Z02,10.729092336400232,-5.262154864738022e-06,0.6330941420865696,False,False
2024-08-06,Z02,10.72909528086087,-2.1904408971096245e-06,-0.2839864885144089,False,False
2024-08-07,Z02,10.729095834661933,-1.552368603441323e-06,1.0318248510435162,False,False
2024-08-08,Z02,10.729101058234884,3.6880258740268346e-06,-2.1978938915077553,False,False
2024-08-09,Z02,10.729096943615389,-5.790930295290764e-07,-0.7026537329192034,False,False
2024-08-10,Z02,10.72909781146324,3.708327014351198e-07,0.4935383939516383,False,False
2024-08-11,Z02,10.729094909118842,-2.651414682475206e-06,0.4736018585037905,False,False
2024-08-12,Z02,10.729097591843841,1.530698643392725e-07,0.5533480002951799,False,False
2024-08-13,Z02,10.729099320160831,1.963414776540162e-06,0.23436343312962288,False,False
2024-08-14,Z02,10.729095433011624,-1.8463809308144619e-06,-1.101384441876151,False,False
2024-08-15,Z02,10.7291019560792,4.674060560816429e-06,-0.7425268038148981,False,False
2024-08-16,Z02,10.729096789334614,-8.355826999206784e-07,2.3476361906014422,False,False
2024-08-17,Z02,10.72909950993528,2.024104546194394e-06,-1.2210036545632343,False,False
2024-08-18,Z02,10.72909654221198,-1.0534586536437018e-06,-1.3804959381460133,False,False
2024-08-19,Z02,10.72910002262845,2.5033140218511107e-06,0.7128402838779591,False,False
2024-08-20,Z02,10.729092607004143,-4.960280998389521e-06,-1.0216383000847613,False,False
2024-08-21,Z02,10.729097764041308,3.7566680255451956e-07,1.8292862689574112,False,False
2024-08-22,Z02,10.729089981977106,-7.416483496669457e-06,2.7663034350062365,False,False
2024-08-23,Z02,10.729095674338792,-1.4239127335002877e-06,-0.2042403467230194,False,False
2024-08-24,Z02,10.729096716920584,-1.322952467575078e-07,0.3340461103688593,False,False
2024-08-25,Z02,10.72909432991188,-2.4976871149107183e-06,-1.7792266471029607,False,False
2024-08-26,Z02,10.729097239957394,4.7638695654939056e-07,1.0716979219392118,False,False
2024-08-27,Z02,10.729098927546966,2.1501572220472553e-06,-2.1978938915077553,False,False
2024-08-28,Z02,10.729101582729966,4.709757277510107e-06,-1.3007497963546237,False,False
2024-08-29,Z02,10.729092238014559,-4.686935069386777e-06,0.15461729133823335,False,False
2024-08-30,Z02,10.729095585096433,-1.1228132112961475e-06,0.5732845357430278,False,False
2024-08-31,Z02,10.729097335180867,5.257099502387064e-07,-1.4403055444895558,False,False
2024-09-01,Z02,10.729100963201098,4.226393302886322e-06,-0.5032883784407296,False,False
2024-09-02,Z02,10.729092236832493,-4.4193531696379296e-06,-1.6197343635201817,False,False
2024-09-03,Z02,10.729093894685967,-2.620841357270365e-06,-0.2839864885144089,False,False
2024-09-04,Z02,10.729092698747479,-3.915152545275191e-06,-0.762463339262745,False,False
2024-09-05,Z02,10.729090880382067,-5.745596199702163e-06,-0.6029710556799669,False,False
2024-09-06,Z02,10.729098999030894,2.5197352542249973e-06,0.692903748430112,False,False
2024-09-07,Z02,10.72909790271126,1.3179366558091488e-06,0.3141095749210124,False,False
2024-09-08,Z02,10.729100774940365,4.295349881999755e-06,0.5932210711908747,False,False
2024-09-09,Z02,10.72909329219905,-3.3151022673649777e-06,-0.08462113403593514,False,False
2024-09-10,Z02,10.729097195791562,7.391323819661011e-07,0.7527133547736538,False,False
2024-09-11,Z02,10.72909385648325,-2.676398352718934e-06,-0.004874992244545647,False,False
2024-09-12,Z02,10.729093660797396,-2.7475721857683766e-06,-0.46341530754503485,False,False
2024-09-13,Z02,10.729092942511851,-3.277212282881692e-06,0.6131576066387225,False,False
2024-09-14,Z02,10.729101601654998,5.464947522071384e-06,-0.38366916575364535,False,False
2024-09-15,Z02,10.729097715516154,1.59062281746003e-06,-0.2839864885144089,False,False
2024-09-16,Z02,10.729096754611554,5.98845499411027e-07,1.0916344573870587,False,False
2024-09-17,Z02,10.729090186787047,-5.877134881870916e-06,1.0118883155956693,False,False
2024-09-18,Z02,10.729102526927282,6.674852849997137e-06,-0.2640499530665611,False,False
2024-09-19,Z02,10.729097197983048,1.2624319882803547e-06,0.9122056383564328,False,False
2024-09-20,Z02,10.729101693587637,5.6050039471955415e-06,-1.2409401900110821,False,False
2024-09-21,Z02,10.729095620992773,-5.985757933757441e-07,-0.2640499530665611,False,False
2024-09-22,Z02,10.72909818120245,1.7736666944045965e-06,-0.7225902683670503,False,False
2024-09-23,Z02,10.729095015315064,-1.4757828150635532e-06,0.0349980786511491,False,False
2024-09-24,Z02,10.729094167321334,-2.2670563595283966e-06,0.7726498902215015,False,False
2024-09-25,Z02,10.7290973423191,9.133610916478574e-07,0.5932210711908747,False,False
2024-09-26,Z02,10.729103209495209,6.777125143742069e-06,0.45366532305594354,False,False
2024-09-27,Z02,10.729102986792089,6.41169041770695e-06,0.1745538267860803,False,False
2024-09-28,Z02,10.729091986182498,-4.635721246870617e-06,-0.12449420493162991,False,False
2024-09-29,Z02,10.72909281024467,-3.8032646720864705e-06,1.2311902055219908,False,False
2024-09-30,Z02,10.72909626719057,-2.5382371227067324e-07,-1.5001151508330974,False,False
2024-10-01,Z02,10.72908922813472,-7.25727988637459e-06,-0.6229075911278139,False,False
2024-10-02,Z02,10.729100415472423,4.321226695580549e-06,0.45366532305594354,False,False
2024-10-03,Z02,10.729097863835763,1.496968705438917e-06,1.5501747726875488,False,False
2024-10-04,Z02,10.729091171212167,-5.327959884837696e-06,-0.30392302396225584,False,False
2024-10-05,Z02,10.729096067001704,-3.812525051216653e-07,-0.22417688217086634,False,False
2024-10-06,Z02,10.729095308687276,-1.3124542537212847e-06,-1.2409401900110821,False,False
2024-10-07,Z02,10.729096653480315,1.5535023933921366e-07,-0.5032883784407296,False,False
2024-10-08,Z02,10.72910304366836,6.587179315786784e-06,0.7327768193258068,False,False
2024-10-09,Z02,10.729097557213267,1.025099955143105e-06,1.6099843790310897,False,False
2024-10-10,Z02,10.729097326796277,6.525158262604691e-07,-0.2640499530665611,False,False
2024-10-11,Z02,10.729093151953514,-3.526693760136368e-06,-0.762463339262745,False,False
2024-10-12,Z02,10.729097573325642,9.181626925425235e-07,0.09480768499469079,False,False
2024-10-13,Z02,10.729089012598184,-7.772982375087167e-06,-1.579861292624487,False,False
2024-10-14,Z02,10.72909871993552,2.065352083135963e-06,1.2710632764176846,False,False
2024-10-15,Z02,10.729095141318396,-1.41720772361964e-06,-1.2010671191153872,False,False
2024-10-16,Z02,10.729098940255797,2.467536267758419e-06,0.35398264581670624,False,False
2024-10-17,Z02,10.729095405898484,-1.1396758541337704e-06,0.3340461103688593,False,False
2024-10-18,Z02,10.729095202012445,-1.5175322722882356e-06,0.6530306775344173,False,False
2024-10-19,Z02,10.729094011303967,-2.464076922947811e-06,0.29417303947316453,False,False
2024-10-20,Z02,10.72910115866567,4.789507416447236e-06,0.0349980786511491,False,False
2024-10-21,Z02,10.729099085688162,2.7343606419094613e-06,0.45366532305594354,False,False
2024-10-22,Z02,10.729101104531999,4.637714631883227e-06,0.8723325674607372,False,False
2024-10-23,Z02,10.729091676127924,-4.888133760871938e-06,1.8292862689574112,False,False
2024-10-24,Z02,10.729098253468797,1.8005133490817116e-06,-1.0615113709804562,False,False
2024-10-25,Z02,10.729102408926536,5.819766171200058e-06,-1.7991631825508076,False,False
2024-10-26,Z02,10.729101923197021,5.165149742580866e-06,-1.5001151508330974,False,False
2024-10-27,Z02,10.729091959720863,-4.7554498099344755e-06,-1.7792266471029607,False,False
2024-10-28,Z02,10.729088072886764,-8.274714867084754e-06,-1.1611940482196925,False,False
2024-10-29,Z02,10.729094812288304,-1.4048701366675687e-06,-1.2808132609067768,False,False
2024-10-30,Z02,10.729093799992343,-2.48390088408712e-06,-0.38366916575364535,False,False
2024-10-31,Z02,10.729095319754267,-8.818990195891274e-07,0.8922691029085859,False,False
2024-11-01,Z02,10.729095291550644,-1.1131566282074346e-06,0.6530306775344173,False,False
2024-11-02,Z02,10.729100346782442,4.112872563410974e-06,-0.5830345202321191,False,False
2024-11-03,Z02,10.729095791975793,-5.246989758234122e-07,-0.5032883784407296,False,False
2024-11-04,Z02,10.72910424384815,7.773147927991886e-06,2.048588158883733,False,False
2024-11-05,Z02,10.729098747413293,2.0041515220725614e-06,0.6330941420865696,False,False
2024-11-06,Z02,10.72909381226989,-3.04561608110987e-06,0.21442689768177506,False,False
2024-11-07,Z02,10.729101138000017,4.374821060082468e-06,0.15461729133823335,False,False
2024-11-08,Z02,10.729092660245927,-4.039410752554318e-06,-0.24411341761871416,False,False
2024-11-09,Z02,10.729096579978576,4.355414162660054e-08,2.0286516234358842,False,False
2024-11-10,Z02,10.729094652278286,-1.859252225955288e-06,-0.14443074037947773,False,False
2024-11-11,Z02,10.729091628268836,-4.9332724998407684e-06,0.1745538267860803,False,False
2024-11-12,Z02,10.729086000838151,-1.0362534625940611e-05,-1.5997978280723348,False,False
2024-11-13,Z02,10.729101223280276,4.960299499146004e-06,-0.6029710556799669,False,False
2024-11-14,Z02,10.729099299809876,2.9533842766937823e-06,-0.5232249138885774,False,False
2024-11-15,Z02,10.729094791674283,-1.6933677002839431e-06,0.5134749293994852,False,False
2024-11-16,Z02,10.729098037699423,1.690943490118002e-06,-0.7425268038148981,False,False
2024-11-17,Z02,10.729099875719363,3.4412367320157955e-06,0.07487114954684386,False,False
2024-11-18,Z02,10.72909099872477,-5.5915480903223624e-06,-0.5630979847842722,False,False
2024-11-19,Z02,10.729098475914533,1.9860609778987737e-06,-1.0615113709804562,False,False
2024-11-20,Z02,10.729090186157569,-6.2142709484902525e-06,-1.101384441876151,False,False
2024-11-21,Z02,10.729098091456915,1.987679418391508e-06,-0.14443074037947773,False,False
2024-11-22,Z02,10.729101117254789,5.113913127630099e-06,0.13468075589038556,False,False
2024-11-23,Z02,10.729096989966555,6.71920664885306e-07,-0.16436727582732466,False,False
2024-11-24,Z02,10.729104983399685,8.707470536606365e-06,-0.8023364101584398,False,False
2024-11-25,Z02,10.729105268183575,8.906438655031934e-06,-0.10455766948378296,False,False
2024-11-26,Z02,10.729094078465476,-2.3947789955514054e-06,-0.2839864885144089,False,False
2024-11-27,Z02,10.729097897550792,1.353681499338677e-06,-1.0017017646369135,False,False
2024-11-28,Z02,10.729086071611919,-1.0799746172907021e-05,0.11474422044253861,False,False
2024-11-29,Z02,10.729091675723696,-4.904278517514626e-06,1.849222804405258,False,False
2024-11-30,Z02,10.729089768991882,-6.7402013765871516e-06,-0.10455766948378296,False,False
2024-12-01,Z02,10.729107427925973,1.1103758128072627e-05,-1.420369009041708,False,False
2024-12-02,Z02,10.729100061315053,3.332601362870946e-06,1.4903651663440063,False,False
2024-12-03,Z02,10.729085112946903,-1.160625120810721e-05,1.2909998118655333,False,False
2024-12-04,Z02,10.729094315590457,-2.0476400237612324e-06,1.4704286308961594,False,False
2024-12-05,Z02,10.729099117183278,3.084894720117859e-06,-0.004874992244545647,False,False
2024-12-06,Z02,10.729093811386674,-2.2332275513292643e-06,-0.7425268038148981,False,False
2024-12-07,Z02,10.72909464060715,-1.4039776345953214e-06,-0.8621460165019824,False,False
2024-12-08,Z02,10.729097070264215,1.2422591950667083e-06,1.1713805991784483,False,False
2024-12-09,Z02,10.729096723336085,7.483304536037849e-07,1.6299209144789384,False,False
2024-12-10,Z02,10.729085534044504,-1.0445739709652457e-05,-0.8820825519498293,False,False
2024-12-11,Z02,10.729100651261628,4.975418539387988e-06,-2.4770053877776186,False,False
2024-12-12,Z02,10.729090301436026,-5.675173486707763e-06,0.015061543203301286,False,False
2024-12-13,Z02,10.729096527344433,4.0738165729692355e-07,-0.8621460165019824,False,False
2024-12-14,Z02,10.729095721410983,-2.4202059911715423e-07,-0.6627806620235086,False,False
2024-12-15,Z02,10.729104330621382,8.48646976159273e-06,-0.2042403467230194,False,False
2024-12-16,Z02,10.729093378540542,-2.783575981268882e-06,0.43372878760809574,False,False
2024-12-17,Z02,10.72909871626852,2.7094572931929406e-06,-0.7425268038148981,False,False
2024-12-18,Z02,10.729108319470127,1.2351307262292721e-05,0.1745538267860803,False,False
2024-12-19,Z02,10.729088717115665,-7.828405376386627e-06,-0.08462113403593514,False,False
2024-12-20,Z02,10.729099318856933,3.098629184350443e-06,-2.257703497851297,False,False
2024-12-21,Z02,10.729089125346498,-7.399304562838438e-06,0.5732845357430278,False,False
2024-12-22,Z02,10.7290959439762,-2.8180451394632655e-07,-0.4235422366493401,False,False
2024-12-23,Z02,10.729094205150362,-1.848187729081019e-06,-1.2210036545632343,False,False
2024-12-24,Z02,10.729099849034178,3.888523291806223e-06,-0.6827171974713555,False,False
2024-12-25,Z02,10.72908718957127,-8.599794099950486e-06,0.23436343312962288,False,False
2024-12-26,Z02,10.729092468102719,-2.718642241106295e-06,0.07487114954684386,False,False
2024-12-27,Z02,10.729086428703377,-8.70436282518483e-06,0.6729672129822643,False,False
2024-12-28,Z02,10.729093642084644,-1.1086866429366182e-06,0.4736018585037905,False,False
2024-12-29,Z02,10.729101122754221,6.1196338414504226e-06,-1.1412575127718456,False,False
2024-12-30,Z02,10.729100255644248,4.937622852807522e-06,-2.91560916763026,False,False
2024-12-31,Z02,10.729100920100333,5.252523857635083e-06,0.15461729133823335,False,False
2025-01-01,Z02,10.729092913924998,-2.5367239562257282e-06,0.6729672129822643,False,False
2025-01-02,Z02,10.729100827229763,5.614827143674006e-06,-0.16436727582732466,False,False
2025-01-03,Z02,10.729104594869424,8.858657375654388e-06,0.692903748430112,False,False
2025-01-04,Z02,10.729096741757301,6.629026216842249e-07,-0.9618286937412188,False,False
2025-01-05,Z02,10.729102906606043,6.90693222971106e-06,-0.30392302396225584,False,False
2025-01-06,Z02,10.72909155487789,-4.747969901686133e-06,-0.8820825519498293,False,False
2025-01-07,Z02,10.729094100361332,-2.099628819252075e-06,0.7327768193258068,False,False
2025-01-08,Z02,10.729097250721875,1.1497284866379687e-06,-0.8820825519498293,False,False
2025-01-09,Z02,10.729089355563504,-6.763009409382903e-06,2.0884612297794267,False,False
2025-01-10,Z02,10.729094967104174,-1.278852705510758e-06,-0.46341530754503485,False,False
2025-01-11,Z02,10.729103399797472,7.343312505625477e-06,0.8324594965650433,False,False
2025-01-12,Z02,10.72909960639867,3.1133016555884296e-06,-0.44347877209718795,False,False
2025-01-13,Z02,10.729103969382543,7.373650387165753e-06,1.370745953656921,False,False
2025-01-14,Z02,10.729108110547267,1.1239882727664963e-05,1.3308728827612273,False,False
2025-01-15,Z02,10.729093603839718,-3.3928223501789034e-06,-0.2839864885144089,False,False
2025-01-16,Z02,10.729101067838338,4.063666295905932e-06,0.3141095749210124,False,False
2025-01-17,Z02,10.729093423752335,-3.6588053689001754e-06,1.3109363473133804,False,False
2025-01-18,Z02,10.729097456312507,8.702787290815195e-07,0.3340461103688593,False,False
2025-01-19,Z02,10.729104042637317,7.165296979749769e-06,-0.8820825519498293,False,False
2025-01-20,Z02,10.729100796860106,3.762060421408364e-06,0.11474422044253861,False,False
2025-01-21,Z02,10.729093554583676,-3.8692664627859585e-06,-0.7026537329192034,False,False
2025-01-22,Z02,10.729087333977052,-1.0010226668910605e-05,0.19449036223392813,False,False
2025-01-23,Z02,10.729090646934678,-6.46822993388696e-06,-0.7425268038148981,False,False
2025-01-24,Z02,10.729096108635177,-6.997927819440974e-07,0.4137922521602488,False,False
2025-01-25,Z02,10.72909862762696,1.521896869860484e-06,-1.739353576207266,False,False
2025-01-26,Z02,10.729088430462854,-8.88058471026909e-06,-1.0814479064283031,False,False
2025-01-27,Z02,10.729093328322799,-4.0494500836985026e-06,-0.762463339262745,False,False
2025-01-28,Z02,10.729094959513107,-2.4078010465444777e-06,-0.12449420493162991,False,False
2025-01-29,Z02,10.729090502876335,-6.658996445807475e-06,-1.4801786153852505,False,False
2025-01-30,Z02,10.729090008407104,-6.828373415146416e-06,-0.8422094810541345,False,False
2025-01-31,Z02,10.729106792928507,1.0319871096342581e-05,0.8125229611171964,False,False
2025-02-01,Z02,10.729101006887136,4.0711962761008635e-06,0.9321421738042797,False,False
2025-02-02,Z02,10.72910224002059,5.29834115070571e-06,-2.4969419232254655,False,False
2025-02-03,Z02,10.729105059728699,8.196544220240298e-06,-0.5431614493364244,False,False
2025-02-04,Z02,10.729090434846231,-6.705603960099893e-06,1.3109363473133804,False,False
2025-02-05,Z02,10.729089430496847,-7.294228018039917e-06,0.4137922521602488,False,False
2025-02-06,Z02,10.729099351768385,2.697856221089978e-06,0.43372878760809574,False,False
2025-02-07,Z02,10.729100279036905,3.4500778394175313e-06,0.5932210711908747,False,False
2025-02-08,Z02,10.729104509480978,7.57957807628884e-06,-0.921955622845524,False,False
2025-02-09,Z02,10.729099592417322,2.1573838395738676e-06,0.2542999685774698,False,False
2025-02-10,Z02,10.729089440091165,-8.14911942192964e-06,0.5134749293994852,False,False
2025-02-11,Z02,10.72910260051983,5.476632786383107e-06,0.13468075589038556,False,False
2025-02-12,Z02,10.729094764406891,-2.459284189626487e-06,-0.3637326303057984,False,False
2025-02-13,Z02,10.729092964878864,-3.951979696381613e-06,-0.004874992244545647,False,False
2025-02-14,Z02,10.72908808377956,-8.328223387366052e-06,-1.101384441876151,False,False
2025-02-15,Z02,10.729096134801592,-9.3199350459372e-08,0.6530306775344173,False,False
2025-02-16,Z02,10.729098211122242,2.1475558593664346e-06,-1.4004324735938611,False,False
2025-02-17,Z02,10.729103480447087,7.257301707142005e-06,-0.7823998747105929,False,False
2025-02-18,Z02,10.729094342169207,-2.0817806607453804e-06,0.7128402838779591,False,False
2025-02-19,Z02,10.729094013482044,-2.0871188848303746e-06,0.3340461103688593,False,False
2025-02-20,Z02,10.72909545011178,-4.243765481248829e-07,-0.44347877209718795,False,False
2025-02-21,Z02,10.72909943849248,3.5008198810970725e-06,-1.6795439698637236,False,False
2025-02-22,Z02,10.7290960161766,-3.249798439242113e-07,-0.004874992244545647,False,False
2025-02-23,Z02,10.729095699011351,-8.211198245788864e-07,-0.6029710556799669,False,False
2025-02-24,Z02,10.729094632228765,-1.87424828368421e-06,0.5134749293994852,False,False
2025-02-25,Z02,10.729101629119056,5.255821948324524e-06,-0.4833518429928827,False,False
2025-02-26,Z02,10.72910324661508,6.433362766955497e-06,-1.7194170407594183,False,False
2025-02-27,Z02,10.729098346995299,1.203133241034493e-06,-1.3406228672503184,False,False
2025-02-28,Z02,10.729100006633924,2.7498557937377655e-06,-0.38366916575364535,False,False
2025-03-01,Z02,10.729101046691799,3.473121749308916e-06,0.13468075589038556,False,False
2025-03-02,Z02,10.729103075260932,5.133748057772891e-06,-1.1213209773239978,False,False
2025-03-03,Z02,10.729096635505257,-1.1820853647037666e-06,-0.7225902683670503,False,False
2025-03-04,Z02,10.729096949957988,-7.219199051888836e-07,0.8324594965650433,False,False
2025-03-05,Z02,10.729091947678967,-5.547863505483974e-06,1.1315075282827542,False,False
2025-03-06,Z02,10.729096670654206,-3.8781994149417187e-07,0.3141095749210124,False,False
2025-03-07,Z02,10.729091914977804,-5.3513566076190955e-06,-0.24411341761871416,False,False
2025-03-08,Z02,10.729089792937106,-7.556213338588691e-06,-0.5830345202321191,False,False
2025-03-09,Z02,10.729089112568468,-7.917954267355753e-06,0.5732845357430278,False,False
2025-03-10,Z02,10.7290933450699,-3.3132372205813e-06,-0.2839864885144089,False,False
2025-03-11,Z02,10.729091814358277,-4.471801808847431e-06,0.9520787092521267,False,False
2025-03-12,Z02,10.729100124894485,4.098003033803366e-06,1.0118883155956693,False,False
2025-03-13,Z02,10.729099285402393,2.902350830780165e-06,0.45366532305594354,False,False
2025-03-14,Z02,10.729088071307402,-8.201240246918928e-06,-0.46341530754503485,False,False
2025-03-15,Z02,10.72910469988556,8.650441229107741e-06,-0.38366916575364535,False,False
2025-03-16,Z02,10.729093557251147,-2.88336007336909e-06,-1.5997978280723348,False,False
2025-03-17,Z02,10.729103868724644,7.245664370714167e-06,-0.024811527692393465,False,False
2025-03-18,Z02,10.72909308641265,-3.7944450568261345e-06,-0.0447480631402404,False,False
2025-03-19,Z02,10.729092418007916,-4.292026138941196e-06,-1.3406228672503184,False,False
2025-03-20,Z02,10.72909634660904,5.322956297959536e-09,2.387509261497138,False,False
2025-03-21,Z02,10.729091510387116,-4.897713630214184e-06,0.5932210711908747,False,False
2025-03-22,Z02,10.729094256620632,-2.0680436136899516e-06,-0.8023364101584398,False,False
2025-03-23,Z02,10.729095567491717,-7.173894900347477e-07,2.0884612297794267,False,False
2025-03-24,Z02,10.729094335879378,-1.8199684728159582e-06,-0.46341530754503485,False,False
2025-03-25,Z02,10.72909387857789,-2.2212600523374704e-06,0.8723325674607372,False,False
2025-03-26,Z02,10.729099589918755,3.550761929815849e-06,0.11474422044253861,False,False
2025-03-27,Z02,10.729090779314319,-5.425098841271847e-06,-0.4235422366493401,False,False
2025-03-28,Z02,10.729095771491695,-7.126130796564212e-08,-0.30392302396225584,False,False
2025-03-29,Z02,10.729097478433784,1.8848515619396267e-06,1.4704286308961594,False,False
2025-03-30,Z02,10.729095360277084,-2.0435308734079172e-07,0.9122056383564328,False,False
2025-03-31,Z02,10.729094400649213,-1.0091023963099133e-06,-0.08462113403593514,False,False
2025-04-01,Z02,10.729097653026336,2.4648094800738818e-06,-2.018465072477129,False,False
2025-04-02,Z02,10.729095769602296,7.621265911694763e-07,0.3340461103688593,False,False
2025-04-03,Z02,10.729093056070269,-1.922542002930072e-06,-1.2010671191153872,False,False
2025-04-04,Z02,10.72908928020477,-5.568611245010402e-06,0.5732845357430278,False,False
2025-04-05,Z02,10.729101537232404,6.777332194118912e-06,-0.6827171974713555,False,False
2025-04-06,Z02,10.729099329917226,4.407797742800312e-06,-0.5630979847842722,False,False
2025-04-07,Z02,10.729101709795556,6.5405114249017515e-06,-0.6029710556799669,False,False
2025-04-08,Z02,10.729093272649,-2.293863744284863e-06,1.0517613864913649,False,False
2025-04-09,Z02,10.729102089217257,6.384035161843826e-06,-1.7194170407594183,False,False
2025-04-10,Z02,10.729102640397183,6.643743509116007e-06,0.7726498902215015,False,False
2025-04-11,Z02,10.72909712569218,7.68170542286839e-07,0.37391918126455403,False,False
2025-04-12,Z02,10.729096672853938,4.1530570982217796e-07,-0.0447480631402404,False,False
2025-04-13,Z02,10.7290902994669,-5.870996377055349e-06,-0.4036057012014932,False,False
2025-04-14,Z02,10.729094180891908,-2.0638433539943435e-06,0.5134749293994852,False,False
2025-04-15,Z02,10.729099097300582,3.203198442491839e-06,-0.4036057012014932,False,False
2025-04-16,Z02,10.729090139462434,-5.939308019620171e-06,-0.4036057012014932,False,False
2025-04-17,Z02,10.729098682965155,3.061836773454729e-06,0.09480768499469079,False,False
2025-04-18,Z02,10.729098671258559,2.8635784268260522e-06,1.7495401271660216,False,False
2025-04-19,Z02,10.729101598841789,5.5827199698654795e-06,-1.4801786153852505,False,False
2025-04-20,Z02,10.729090485351383,-5.705844859704712e-06,0.533411464847333,False,False
2025-04-21,Z02,10.72909506219926,-1.094829126913055e-06,-0.10455766948378296,False,False
2025-04-22,Z02,10.7291001406304,3.956749393907444e-06,-0.1843038112751716,False,False
2025-04-23,Z02,10.729101626118473,5.2897995086453875e-06,-1.4801786153852505,False,False
2025-04-24,Z02,10.729100227488402,3.648161470692912e-06,-1.7194170407594183,False,False
2025-04-25,Z02,10.729089512300668,-7.278656614317924e-06,0.37391918126455403,False,False
2025-04-26,Z02,10.729096600997705,1.45961024600183e-07,-1.2210036545632343,False,False
2025-04-27,Z02,10.729095652506757,-9.965860350291678e-07,1.0517613864913649,False,False
2025-04-28,Z02,10.729095371076887,-1.2740497403740392e-06,-0.9817652291890666,False,False
2025-04-29,Z02,10.72909502686801,-1.5480133903622573e-06,0.5932210711908747,False,False
2025-04-30,Z02,10.729094641520659,-1.9222471063784496e-06,-0.5431614493364244,False,False
2025-05-01,Z02,10.72909618138713,-3.904096832485493e-07,-0.5830345202321191,False,False
2025-05-02,Z02,10.729100288169684,3.7654275146792315e-06,-0.8820825519498293,False,False
2025-05-03,Z02,10.729091737050883,-4.936310201486549e-06,0.4736018585037905,False,False
2025-05-04,Z02,10.729099002031722,2.372637950998069e-06,0.7527133547736538,False,False
2025-05-05,Z02,10.729097234236171,2.807815029370886e-07,-0.2839864885144089,False,False
2025-05-06,Z02,10.729099284983915,2.4749624536468673e-06,0.6330941420865696,False,False
2025-05-07,Z02,10.729093040808188,-3.767715496039159e-06,0.05493461409899604,False,False
2025-05-08,Z02,10.729089062511362,-7.4570460775191805e-06,-1.3007497963546237,False,False
2025-05-09,Z02,10.729092476314461,-3.902905056918371e-06,0.4137922521602488,False,False
2025-05-10,Z02,10.729091021451712,-5.037337711399914e-06,-0.2640499530665611,False,False
2025-05-11,Z02,10.729095485811829,-1.8567941317826353e-07,-2.576688065016855,False,False
2025-05-12,Z02,10.729091620330676,-3.9964978881812385e-06,-0.3637326303057984,False,False
2025-05-13,Z02,10.729100296615643,4.848204520513377e-06,-1.6596074344158764,False,False
2025-05-14,Z02,10.729097935922466,2.1542730515022868e-06,-1.2010671191153872,False,False
2025-05-15,Z02,10.729097318814972,1.4119978732907157e-06,-0.2042403467230194,False,False
2025-05-16,Z02,10.729100242843659,4.395309414206849e-06,-0.0447480631402404,False,False
2025-05-17,Z02,10.729101417251135,5.232937516197467e-06,-0.8023364101584398,False,False
2025-05-18,Z02,10.729100189667184,3.914210701339016e-06,0.5533480002951799,False,False
2025-05-19,Z02,10.729101487580557,5.16151045104607e-06,-0.08462113403593514,False,False
2025-05-20,Z02,10.729097689491471,1.3671300731488145e-06,-0.38366916575364535,False,False
2025-05-21,Z02,10.729095629380701,-9.331186987537876e-07,0.07487114954684386,False,False
2025-05-22,Z02,10.729098140160778,1.5587553274798438e-06,1.2311902055219908,False,False
2025-05-23,Z02,10.729099553862968,3.0391398393447844e-06,-2.118147749716366,False,False
2025-05-24,Z02,10.729094296612166,-2.1490357795528325e-06,1.3308728827612273,False,False
2025-05-25,Z02,10.72909783809709,1.5901450183264387e-06,-0.5830345202321191,False,False
2025-05-26,Z02,10.729096322135174,-2.0334344341677024e-07,-0.7425268038148981,False,False
2025-05-27,Z02,10.729102419678549,5.903495347681087e-06,-0.3637326303057984,False,False
2025-05-28,Z02,10.729100891370074,4.1496144795871714e-06,-0.8422094810541345,False,False
2025-05-29,Z02,10.729099314343298,2.3885779310006683e-06,-1.0017017646369135,False,False
2025-05-30,Z02,10.729097121393657,5.271244951643439e-08,0.8723325674607372,False,False
2025-05-31,Z02,10.729091615465759,-5.535877882323348e-06,0.19449036223392813,False,False
2025-06-01,Z02,10.729096415594798,-5.835514667040798e-07,-1.8789093243421973,False,False
2025-06-02,Z02,10.729102448315036,5.578254603122446e-06,0.7128402838779591,False,False
2025-06-03,Z02,10.729094774038595,-2.453063979501735e-06,0.5533480002951799,False,False
2025-06-04,Z02,10.729101331208694,4.245039225025948e-06,-1.4403055444895558,False,False
2025-06-05,Z02,10.729100506464913,3.2837296934928872e-06,0.21442689768177506,False,False
2025-06-06,Z02,10.72909713199765,-1.3145360178157262e-07,0.6530306775344173,False,False
2025-06-07,Z02,10.729099556999282,2.1571750483673213e-06,-1.5599247571766401,False,False
2025-06-08,Z02,10.729097054756972,-6.948835267195363e-07,0.3141095749210124,False,False
2025-06-09,Z02,10.729098297363036,3.9510778648832456e-07,-0.6428441265756617,False,False
2025-06-10,Z02,10.72910306706111,4.9222754832101145e-06,0.5732845357430278,False,False
2025-06-11,Z02,10.729096691365699,-1.706128236023119e-06,-0.9020190873976771,False,False
2025-06-12,Z02,10.729095410861952,-3.1556664854548444e-06,1.0716979219392118,False,False
2025-06-13,Z02,10.729095575855926,-2.8278140540294316e-06,-0.2042403467230194,False,False
2025-06-14,Z02,10.729096154421836,-2.1705792594417517e-06,-0.5830345202321191,False,False
2025-06-15,Z02,10.729092545822917,-5.7403650721710164e-06,-0.6827171974713555,False,False
2025-06-16,Z02,10.729099873786344,1.844165710807033e-06,0.9122056383564328,False,False
2025-06-17,Z02,10.729098973853617,9.956818090017805e-07,-0.6827171974713555,False,False
2025-06-18,Z02,10.72909246529774,-5.472346947144047e-06,1.0916344573870587,False,False
2025-06-19,Z02,10.72910199404208,4.35714015267763e-06,0.2542999685774698,False,False
2025-06-20,Z02,10.729100238786593,2.4583996456328805e-06,-1.3406228672503184,False,False
2025-06-21,Z02,10.729097533384433,-4.006493767860775e-07,0.05493461409899604,False,False
2025-06-22,Z02,10.729097230619786,-6.831881460556133e-07,0.07487114954684386,False,False
2025-06-23,Z02,10.729094380225579,-3.45614091301627e-06,-1.3804959381460133,False,False
2025-06-24,Z02,10.729100294027443,2.4548738366547695e-06,0.0349980786511491,False,False
2025-06-25,Z02,10.729102145043406,4.224025454746538e-06,0.5732845357430278,False,False
2025-06-26,Z02,10.729097538943606,-5.761712849050582e-07,1.1514440637306014,False,False
2025-06-27,Z02,10.729094573463959,-3.3789597679856342e-06,1.1115709928349056,False,False
2025-06-28,Z02,10.729098064558526,3.227316707210548e-07,2.4074457969449847,False,False
2025-06-29,Z02,10.729098238069971,5.379026077889648e-07,0.0349980786511491,False,False
2025-06-30,Z02,10.729095305394273,-2.431995635987505e-06,0.5932210711908747,False,False
2025-07-01,Z02,10.729098656557088,7.961695622782372e-07,-0.5630979847842722,False,False
2025-07-02,Z02,10.72909722973694,-7.053493291664381e-07,1.9090324107488006,False,False
2025-07-03,Z02,10.729095332672383,-2.4284612809566397e-06,-0.8621460165019824,False,False
2025-07-04,Z02,10.729100527858595,2.7481038031851313e-06,1.869159339853105,False,False
2025-07-05,Z02,10.729093529244393,-4.223732062769159e-06,1.7495401271660216,False,False
2025-07-06,Z02,10.729093822955203,-3.697447235495588e-06,-0.7425268038148981,False,False
2025-07-07,Z02,10.729094605915098,-2.804185925242564e-06,1.0716979219392118,False,False
2025-07-08,Z02,10.729094235251054,-3.009813829280006e-06,0.4935383939516383,False,False
2025-07-09,Z02,10.72909788784843,7.367670757929545e-07,-0.38366916575364535,False,False
2025-07-10,Z02,10.729098090592307,9.531614413305078e-07,-0.10455766948378296,False,False
2025-07-11,Z02,10.729096302331406,-6.692171670152902e-07,0.29417303947316453,False,False
2025-07-12,Z02,10.729102381784474,5.423203711885094e-06,0.393855716712401,False,False
2025-07-13,Z02,10.729096109069799,-1.0818750482144424e-06,1.5302382372397,False,False
2025-07-14,Z02,10.729098772567,1.563848355701225e-06,0.6131576066387225,False,False
2025-07-15,Z02,10.729094703879674,-2.59211047470842e-06,-0.7225902683670503,False,False
2025-07-16,Z02,10.729101109014499,3.741089125597341e-06,0.7726498902215015,False,False
2025-07-17,Z02,10.72909578212968,-1.6269699649740232e-06,-1.6994805053115714,False,False
2025-07-18,Z02,10.729100969094995,3.666386147571643e-06,-0.3437960948579506,False,False
2025-07-19,Z02,10.729098951343024,1.365174268741498e-06,-0.2640499530665611,False,False
2025-07-20,Z02,10.729098607000438,1.1222549840539386e-06,0.692903748430112,False,False
2025-07-21,Z02,10.729101265015439,3.8346628556951146e-06,1.8093497335095643,False,False
2025-07-22,Z02,10.729096135102415,-1.4196378668174248e-06,0.2542999685774698,False,False
2025-07-23,Z02,10.72909641205936,-1.1061636779885475e-06,-0.32385955941010364,False,False
2025-07-24,Z02,10.729100592677524,3.0067266951760985e-06,-0.6627806620235086,False,False
2025-07-25,Z02,10.729094791495122,-2.804410710766092e-06,0.8723325674607372,False,False
2025-07-26,Z02,10.729096136998097,-1.2137894600527943e-06,-0.16436727582732466,False,False
2025-07-27,Z02,10.729093616681164,-3.687374874772331e-06,-0.46341530754503485,False,False
2025-07-28,Z02,10.729099284574643,2.0124113628838813e-06,0.9919517801478223,False,False
2025-07-29,Z02,10.729098261873276,9.490427927971723e-07,1.1913171346262952,False,False
2025-07-30,Z02,10.729093783106247,-3.530517679095624e-06,-0.921955622845524,False,False
2025-07-31,Z02,10.729095255587007,-2.0072939843629456e-06,-1.4602420799374027,False,False
2025-08-01,Z02,10.72909235125133,-4.7982639923560555e-06,-0.06468459858808821,False,False
2025-08-02,Z02,10.729099487411977,2.5005128421184963e-06,-1.101384441876151,False,False
2025-08-03,Z02,10.729096300269463,-8.251209937526482e-07,-1.2409401900110821,False,False
2025-08-04,Z02,10.729097765266534,7.807957160821388e-07,-1.0017017646369135,False,False
2025-08-05,Z02,10.729096701574592,-4.24096963769216e-07,1.0716979219392118,False,False
2025-08-06,Z02,10.729095792463383,-1.4291621521778097e-06,0.692903748430112,False,False
2025-08-07,Z02,10.729099822815657,2.5616385119775487e-06,2.487191938736374,False,False
2025-08-08,Z02,10.729095451794846,-1.9956344523563985e-06,-0.6029710556799669,False,False
2025-08-09,Z02,10.729098634399366,1.2681718537521647e-06,1.3508094182090742,False,False
2025-08-10,Z02,10.72910091885369,3.534499276369729e-06,0.533411464847333,False,False
2025-08-11,Z02,10.729099334593252,1.7963547627175558e-06,-0.5232249138885774,False,False
2025-08-12,Z02,10.72909822023659,7.835711404169388e-07,-0.10455766948378296,False,False
2025-08-13,Z02,10.729095993840573,-1.5131971018433887e-06,-0.5232249138885774,False,False
2025-08-14,Z02,10.729094126307675,-3.2881057876466002e-06,0.29417303947316453,False,False
2025-08-15,Z02,10.729095482279424,-1.9128816362012913e-06,1.0118883155956693,False,False
2025-08-16,Z02,10.729094239294847,-2.968308377759854e-06,-0.32385955941010364,False,False
2025-08-17,Z02,10.729096405515369,-7.506600283591069e-07,0.8723325674607372,False,False
2025-08-18,Z02,10.729096710338125,-2.9371795484678387e-07,1.3109363473133804,False,False
2025-08-19,Z02,10.729094306879745,-2.622476168667731e-06,1.5302382372397,False,False
2025-08-20,Z02,10.729099545537487,2.759518931583216e-06,-1.1412575127718456,False,False
2025-08-21,Z02,10.729103862346602,7.133643975976156e-06,-0.004874992244545647,False,False
2025-08-22,Z02,10.729098076302684,1.0900252522816345e-06,0.7327768193258068,False,False
2025-08-23,Z02,10.729095380214186,-1.6615380218354403e-06,-1.0415748355326082,False,False
2025-08-24,Z02,10.729095614146338,-1.2538570945963556e-06,-1.260876725458929,False,False
2025-08-25,Z02,10.729101153108601,4.257683462682849e-06,0.015061543203301286,False,False
2025-08-26,Z02,10.729097326970301,2.64341478484198e-07,-0.38366916575364535,False,False
2025-08-27,Z02,10.729100530176304,3.3438711781741404e-06,-0.14443074037947773,False,False
2025-08-28,Z02,10.729102182696467,4.9548712848235255e-06,-0.44347877209718795,False,False
2025-08-29,Z02,10.729103373963929,6.015444640183887e-06,2.188143907018663,False,False
2025-08-30,Z02,10.729090402342841,-7.275871704237602e-06,-0.4235422366493401,False,False
2025-08-31,Z02,10.729094583077384,-2.9333623565719336e-06,0.6131576066387225,False,False
2025-09-01,Z02,10.729098795987351,1.2051534099555283e-06,0.5533480002951799,False,False
2025-09-02,Z02,10.729097371685837,-1.9610061663399847e-07,-1.6396708989680295,False,False
2025-09-03,Z02,10.72909989808494,2.29458460765386e-06,1.4903651663440063,False,False
2025-09-04,Z02,10.729100815401617,3.1408073386529622e-06,0.6530306775344173,False,False
2025-09-05,Z02,10.729094600614644,-3.21110720413742e-06,0.19449036223392813,False,False
2025-09-06,Z02,10.729096446676694,-1.325316862477166e-06,1.0916344573870587,False,False
2025-09-07,Z02,10.729099008372245,1.348916653043375e-06,-0.004874992244545647,False,False
2025-09-08,Z02,10.72909677141386,-1.0065943101267294e-06,0.9122056383564328,False,False
2025-09-09,Z02,10.729103115849972,5.39994131720789e-06,-1.8390362534465026,False,False
2025-09-10,Z02,10.729099746467321,1.957325459045478e-06,0.8523960320128902,False,False
2025-09-11,Z02,10.72910070631004,2.903439041190836e-06,0.21442689768177506,False,False
2025-09-12,Z02,10.729097119933618,-7.658064955506916e-07,0.23436343312962288,False,False
2025-09-13,Z02,10.729102021224362,4.097947813974656e-06,-0.8023364101584398,False,False
2025-09-14,Z02,10.729101474004377,3.2875639384144506e-06,-0.1843038112751716,False,False
2025-09-15,Z02,10.729095310249871,-3.0759147318093483e-06,-0.2042403467230194,False,False
2025-09-16,Z02,10.729096200485328,-2.221377776834288e-06,-1.101384441876151,False,False
2025-09-17,Z02,10.729097529551696,-8.854770747745988e-07,0.393855716712401,False,False
2025-09-18,Z02,10.729094312266247,-4.130069642727108e-06,1.6099843790310897,False,False
2025-09-19,Z02,10.72909555794782,-2.8845676176558754e-06,-1.3804959381460133,False,False
2025-09-20,Z02,10.729090444953204,-7.864642578070402e-06,0.533411464847333,False,False
2025-09-21,Z02,10.729099220379458,1.3580301221338686e-06,-0.38366916575364535,False,False
2025-09-22,Z02,10.729098111717308,2.1123207716300385e-07,-0.5032883784407296,False,False
2025-09-23,Z02,10.729091838524745,-6.153010586373853e-06,0.11474422044253861,False,False
2025-09-24,Z02,10.729101981046243,4.115364964363266e-06,0.11474422044253861,False,False
2025-09-25,Z02,10.729100797743216,2.9044640150743817e-06,0.21442689768177506,False,False
2025-09-26,Z02,10.729088717607507,-9.291364124308643e-06,-1.101384441876151,False,False
2025-09-27,Z02,10.729094084703343,-3.53051599510934e-06,1.1115709928349056,False,False
2025-09-28,Z02,10.729101565934023,4.22064779037612e-06,0.11474422044253861,False,False
2025-09-29,Z02,10.72909802405581,7.39037238517426e-07,0.6330941420865696,False,False
2025-09-30,Z02,10.72909236441034,-5.174665329121808e-06,1.2511267409698377,False,False
2025-10-01,Z02,10.72909342128829,-4.043831811628706e-06,-1.8789093243421973,False,False
2025-10-02,Z02,10.729100421662412,3.135698946721277e-06,0.6729672129822643,False,False
2025-10-03,Z02,10.7290934783223,-3.909307050520283e-06,-0.12449420493162991,False,False
2025-10-04,Z02,10.72909747487915,3.0124188654667705e-07,1.0517613864913649,False,False
2025-10-05,Z02,10.7290946649135,-2.397373014773052e-06,-0.762463339262745,False,False
2025-10-06,Z02,10.729100496121298,3.4316914874210624e-06,0.9720152446999754,False,False
2025-10-07,Z02,10.729100686556233,3.487144937253106e-06,-1.0216383000847613,False,False
2025-10-08,Z02,10.729095300253393,-1.9550973711091046e-06,0.43372878760809574,False,False
2025-10-09,Z02,10.729090451444259,-6.754867822422739e-06,0.3141095749210124,False,False
2025-10-10,Z02,10.729095590693621,-1.1934716024342151e-06,-0.12449420493162991,False,False
2025-10-11,Z02,10.729097623171347,9.775319131932747e-07,-1.0017017646369135,False,False
2025-10-12,Z02,10.729097483580547,9.407124021976188e-07,-0.32385955941010364,False,False
2025-10-13,Z02,10.729098947116329,2.3921266212312275e-06,0.9520787092521267,False,False
2025-10-14,Z02,10.729099177439652,2.724920213026394e-06,1.5103017017918532,False,False
2025-10-15,Z02,10.729094976618436,-1.3993488465757764e-06,1.9887785525401902,False,False
2025-10-16,Z02,10.729096394232013,2.938577736699699e-08,0.5533480002951799,False,False
2025-10-17,Z02,10.729106237117128,9.865812669929142e-06,0.29417303947316453,False,False
2025-10-18,Z02,10.729091154375027,-5.507181612074419e-06,0.4736018585037905,False,False
2025-10-19,Z02,10.729091307588263,-5.248705337024262e-06,1.9489054816444946,False,False
2025-10-20,Z02,10.729099474495094,3.059880146594196e-06,0.5533480002951799,False,False
2025-10-21,Z02,10.729100098516449,3.3829167751520117e-06,0.11474422044253861,False,False
2025-10-22,Z02,10.729096416883644,-3.279872640149506e-07,-0.24411341761871416,False,False
2025-10-23,Z02,10.729089865294096,-6.8230823568882215e-06,-0.12449420493162991,False,False
2025-10-24,Z02,10.72909224149246,-4.381109638629255e-06,0.4137922521602488,False,False
2025-10-25,Z02,10.729097604334772,1.306384463717336e-06,-0.7225902683670503,False,False
2025-10-26,Z02,10.72909540591179,-7.855915669097158e-07,-0.5830345202321191,False,False
2025-10-27,Z02,10.729094312955073,-2.1014917610528983e-06,-0.024811527692393465,False,False
2025-10-28,Z02,10.729090803549767,-5.61850545821585e-06,-0.4235422366493401,False,False
2025-10-29,Z02,10.729088484945395,-7.578363687699152e-06,0.6330941420865696,False,False
2025-10-30,Z02,10.729099780182697,4.034843961164825e-06,0.7128402838779591,False,False
2025-10-31,Z02,10.729089524883348,-6.467647798658049e-06,0.29417303947316453,False,False
2025-11-01,Z02,19.693712250119596,8.964616387468613,0.5134749293994852,True,True
2025-11-02,Z02,19.693708795213784,8.665792538280895,0.15461729133823335,True,True
2025-11-03,Z02,19.693714738122647,8.36697797062671,-3.7529436564398493,True,True
2025-11-04,Z02,19.69370852652973,8.06815118359234,-0.8422094810541345,True,True
2025-11-05,Z02,19.693708495390403,7.769330690399141,0.7327768193258068,True,True
2025-11-06,Z02,10.729099596853484,-1.4940984747800812,-0.8023364101584398,False,True
2025-11-07,Z02,10.729095722165011,-1.4941023131451292,0.8922691029085859,False,False
2025-11-08,Z02,10.729088631407215,-1.4941094179666443,0.9520787092521267,False,False
2025-11-09,Z02,10.729096491280199,-1.4941014974257616,-0.22417688217086634,False,False
2025-11-10,Z02,10.729102022052125,-1.4940959966733889,-0.5630979847842722,False,False
2025-11-11,Z02,10.729104294796167,-1.4940938705587037,0.0349980786511491,False,False
2025-11-12,Z02,10.729101733383398,-1.494096659011996,-0.004874992244545647,False,False
2025-11-13,Z02,10.729103689140567,-1.4940947961303959,0.6530306775344173,False,False
2025-11-14,Z02,10.729089881761372,-1.4941087538996225,-2.2975765687469916,False,False
2025-11-15,Z02,10.729092802037655,-1.4941056637947678,-0.7026537329192034,False,False
2025-11-16,Z02,10.72909446035883,-1.4941038857337805,-0.9817652291890666,False,False
2025-11-17,Z02,10.729088236839791,-1.4941097166942097,-2.4770053877776186,False,False
2025-11-18,Z02,10.729096953273284,-1.4941009030095422,-0.46341530754503485,False,False
2025-11-19,Z02,10.729093375994236,-1.4941046684780925,-1.4602420799374027,False,False
2025-11-20,Z02,10.729098118977436,-1.4940997222115318,-0.3437960948579506,False,False
2025-11-21,Z02,10.729088651265723,-1.4941091239386104,-0.44347877209718795,False,False
2025-11-22,Z02,10.729097783785111,-1.4940997325652923,0.4935383939516383,False,False
2025-11-23,Z02,10.72909291628463,-1.4941048640154726,-0.22417688217086634,False,False
2025-11-24,Z02,10.729101050699333,-1.4940967520938422,-1.6596074344158764,False,False
2025-11-25,Z02,10.72908943399257,-1.4941084836794225,0.37391918126455403,False,False
2025-11-26,Z02,10.729099085350727,-1.494098633257293,2.4473188678406785,False,False
2025-11-27,Z02,10.729093003570652,-1.4941048741172231,1.1115709928349056,False,False
2025-11-28,Z02,10.729096010909844,-1.4941019401120599,0.7128402838779591,False,False
2025-11-29,Z02,10.7291054866833,-1.4940927152040846,-0.16436727582732466,False,False
2025-11-30,Z02,10.729099295508144,-1.4940990965959298,-0.46341530754503485,False,False
2025-12-01,Z02,10.729094103646101,-1.4941046141454652,-0.5232249138885774,False,False
2025-12-02,Z02,10.729088071296545,-1.195290041612573,0.27423650402531763,False,False
2025-12-03,Z02,10.729102565187182,-0.8964548569246933,-1.101384441876151,False,False
2025-12-04,Z02,10.729100771486053,-0.597636244861306,0.2542999685774698,False,False
2025-12-05,Z02,10.729094330887754,-0.2988224269581483,-0.6229075911278139,False,False
2025-12-06,Z02,10.729100989186193,4.703490377622188e-06,-1.6795439698637236,False,False
2025-12-07,Z02,10.729096122479936,-2.0962696822834914e-07,-0.6428441265756617,False,False
2025-12-08,Z02,10.729096554417595,2.0896685803961645e-07,1.2909998118655333,False,False
2025-12-09,Z02,10.729088143603779,-8.465947303193389e-06,0.1745538267860803,False,False
2025-12-10,Z02,10.729103409327543,7.078032341567564e-06,-3.5137052310656807,False,False
2025-12-11,Z02,10.72909674839287,3.708551563619267e-07,-0.6428441265756617,False,False
2025-12-12,Z02,10.729093390914814,-2.735076122917235e-06,0.9321421738042797,False,False
2025-12-13,Z02,10.729100272503286,4.424594635565882e-06,-0.2640499530665611,False,False
2025-12-14,Z02,10.7290911613402,-4.572680541770069e-06,0.5533480002951799,False,False
2025-12-15,Z02,10.729101743875336,5.967201966328162e-06,-0.3637326303057984,False,False
2025-12-16,Z02,10.729102253561868,6.178827241853924e-06,0.21442689768177506,False,False
2025-12-17,Z02,10.729094235105554,-2.099402507838022e-06,0.07487114954684386,False,False
2025-12-18,Z02,10.72909705666699,5.222167356322416e-07,-0.6029710556799669,False,False
2025-12-19,Z02,10.729091852329839,-4.6855668713874365e-06,0.6131576066387225,False,False
2025-12-20,Z02,10.72908907425962,-7.412848276544537e-06,1.5701113081353957,False,False
2025-12-21,Z02,10.72909188119892,-4.304418380840502e-06,0.4137922521602488,False,False
2025-12-22,Z02,10.729094275767718,-2.0175140242884027e-06,0.13468075589038556,False,False
2025-12-23,Z02,10.729097982999683,1.8066518538972787e-06,-0.8023364101584398,False,False
2025-12-24,Z02,10.72909170646372,-4.63877461065465e-06,0.9720152446999754,False,False
2025-12-25,Z02,10.72910833149941,1.2297735596078496e-05,-0.4833518429928827,False,False
2025-12-26,Z02,10.72909299319562,-3.6704850856494886e-06,0.5932210711908747,False,False
2025-12-27,Z02,10.729104958170419,8.497561548637123e-06,0.7925864256693486,False,False
2025-12-28,Z02,10.729096788070402,-7.102512711298914e-08,1.0118883155956693,False,False
2025-12-29,Z02,10.729095776053718,-1.108947159877971e-06,1.0318248510435162,False,False
2025-12-30,Z02,10.729096198521697,-3.6279152837437323e-07,0.9919517801478223,False,False
2025-12-31,Z02,10.729095192429677,-1.2656506669372902e-06,-1.2210036545632343,False,False
2023-01-11,Z03,9.80955678863441,-1.217509174544773e-05,-1.526779488137984,False,False
2023-01-12,Z03,9.809573727218709,5.870319075285124e-06,-1.728101743124777,False,False
2023-01-13,Z03,9.80955373513147,-1.4610961420302715e-05,0.3052530322418382,False,False
2023-01-14,Z03,9.80954945108558,-1.7771087200912916e-05,-2.432729635578555,False,False
2023-01-15,Z03,9.80955192417834,-1.4028631069251674e-05,0.7280297677141048,False,False
2023-01-16,Z03,9.80954092925571,-2.4088311628034376e-05,0.506575287228632,False,False
2023-01-17,Z03,9.809576309255794,1.2797207933346044e-05,-0.2987137327185423,False,False
2023-01-18,Z03,9.809552701243545,-1.1563581253426491e-05,1.030013150194296,False,False
2023-01-19,Z03,9.809550003127235,-1.3619276382215162e-05,-0.25844928172118353,False,False
2023-01-20,Z03,9.809564813811365,1.9082117681534783e-06,0.42604638523391447,False,False
2023-01-21,Z03,9.809566794795668,3.7937854813208105e-06,-1.9696884491089295,False,False
2023-01-22,Z03,9.809553010877387,-1.0170789250807388e-05,-2.2515396060904407,False,False
2023-01-23,Z03,9.80956338033473,6.609766955989471e-07,-0.23831705622250457,False,False
2023-01-24,Z03,9.809573649886705,1.090179055296403e-05,0.42604638523391447,False,False
2023-01-25,Z03,13.814022025668688,4.004458823331262,0.9696164736982573,True,True
2023-01-26,Z03,13.81404868889021,3.844307133619534,-0.1779203797264669,True,True
2023-01-27,Z03,13.814027174173374,3.6964276522250223,0.24485635574580053,True,True
2023-01-28,Z03,13.814040104506164,3.5595358546976286,0.7884264442101433,True,True
2023-01-29,Z03,13.814029733057156,3.4323992027237047,-0.11752370323042831,True,True
2023-01-30,Z03,13.814030894429848,3.3140417708990277,0.5871041892233495,True,True
2023-01-31,Z03,13.814034851392265,3.2035776688314765,-1.1241349781643963,True,True
2023-02-01,Z03,13.81403197574636,3.0700929557509653,-1.6677050666287392,True,True
2023-02-02,Z03,13.814019738408756,2.9365987075016804,-0.5403004387026948,True,True
2023-02-03,Z03,13.814042421644121,2.803140294061178,0.7884264442101433,True,True
2023-02-04,Z03,13.814029033104678,2.669643703470811,-0.7214904681908088,True,True
2023-02-05,Z03,13.814038170236612,2.5361705811651003,0.667633091218067,True,True
2023-02-06,Z03,13.814042523223877,2.402692980507865,-1.023473850671,True,True
2023-02-07,Z03,13.814038924842242,2.2692068863275825,-0.5805648897000536,True,True
2023-02-08,Z03,13.814036995253822,2.135722371037879,0.24485635574580053,False,True
2023-02-09,Z03,13.814037647125478,2.0022406274804645,-0.6610937916947711,True,True
2023-02-10,Z03,9.809576550446039,-2.135702720238637,-0.5000359877053361,False,True
2023-02-11,Z03,9.80956431077361,-2.1357156186381197,-2.6139196650666694,False,False
2023-02-12,Z03,9.809560179847821,-2.1357194356824074,0.84882312070618,False,False
2023-02-13,Z03,9.809551316704804,-2.135728513649303,-0.11752370323042831,False,False
2023-02-14,Z03,9.809576998320505,-2.135702894220909,-0.9429449486762824,False,False
2023-02-15,Z03,9.809574846237258,-2.135705882108894,1.8554343956401482,False,False
2023-02-16,Z03,9.809568884002967,-2.135712974909236,-0.7818871446868474,False,False
2023-02-17,Z03,9.809564070032165,-2.135717541371612,-0.5201682132040159,False,False
2023-02-18,Z03,9.809567342046204,-2.135714648317192,-0.9630771741749613,False,False
2023-02-19,Z03,9.809571682146728,-2.135710886180634,1.1105420521890135,False,False
2023-02-20,Z03,9.809561398429189,-2.1357213988426853,1.4527898856665624,False,False
2023-02-21,Z03,9.809571289217061,-2.1357113281759297,1.352128758173164,False,False
2023-02-22,Z03,9.809556300294997,-2.1357269263759857,1.3319965326744851,False,False
2023-02-23,Z03,9.80954703861561,-2.135735952054045,-0.6006971151987334,False,False
2023-02-24,Z03,9.809574874963996,-2.135707228663291,1.694376591650715,False,False
2023-02-25,Z03,9.809556697197602,-2.002243834739531,-0.1980526052251458,False,False
2023-02-26,Z03,9.809560441207218,-1.8687570243401588,-1.5469117136366628,False,False
2023-02-27,Z03,9.809552780888907,-1.7352824602262658,-0.41950708571061857,False,False
2023-02-28,Z03,9.809559466258957,-1.6017928640689743,0.32538525774051713,False,False
2023-03-01,Z03,9.80956872410271,-1.4683012639986117,-0.6409615661960921,False,False
2023-03-02,Z03,9.809568416912052,-1.3348194988450341,0.14419522825240316,False,False
2023-03-03,Z03,9.809562846382788,-1.2013428548916245,0.5468397382259907,False,False
2023-03-04,Z03,9.809571234230615,-1.0678521627316773,0.42604638523391447,False,False
2023-03-05,Z03,9.809568321985134,-0.9343734581712191,0.667633091218067,False,False
2023-03-06,Z03,9.809547719865286,-0.8009115903024355,-0.1779203797264669,False,False
2023-03-07,Z03,9.809559051768062,-0.6674175479583457,-0.7214904681908088,False,False
2023-03-08,Z03,9.809579611377515,-0.533914351066608,-1.4865150371406253,False,False
2023-03-09,Z03,9.809569936804989,-0.40044192857758887,-0.07725925223306955,False,False
2023-03-10,Z03,9.80955739025193,-0.266972175529407,-0.5403004387026948,False,False
2023-03-11,Z03,9.809558588336733,-0.13348832394454035,-0.11752370323042831,False,False
2023-03-12,Z03,9.809564021692422,-2.5529589287032195e-07,-2.0904818021010056,False,False
2023-03-13,Z03,9.809572951653287,9.092290090606525e-06,-1.526779488137984,False,False
2023-03-14,Z03,9.809572685433206,8.538040688677029e-06,0.506575287228632,False,False
2023-03-15,Z03,9.80956192098576,-2.6432596040848466e-06,-1.6475728411300603,False,False
2023-03-16,Z03,9.809580404404128,1.5486682734433543e-05,-0.1980526052251458,False,False
2023-03-17,Z03,9.809544218444,-2.081281351529185e-05,-0.842283821182885,False,False
2023-03-18,Z03,9.809573234454819,9.224123743933887e-06,-0.9026804976789237,False,False
2023-03-19,Z03,9.809561390040649,-2.7653054850418357e-06,0.08379855175636548,False,False
2023-03-20,Z03,9.809564214871399,1.4885831411959316e-07,0.0234018752603269,False,False
2023-03-21,Z03,9.809554315119843,-9.646654083539374e-06,0.5468397382259907,False,False
2023-03-22,Z03,9.809581752713461,1.8369840431020634e-05,-1.1040027526657175,False,False
2023-03-23,Z03,9.809577871450104,1.381010093304269e-05,-0.8825482721802438,False,False
2023-03-24,Z03,9.809560761037622,-3.5197193177793906e-06,1.1306742776876924,False,False
2023-03-25,Z03,9.809562116298366,-2.3131499951034584e-06,-0.21818483072382475,False,False
2023-03-26,Z03,9.809572098219418,7.166181632101143e-06,0.3656497087378759,False,False
2023-03-27,Z03,9.80956806047179,3.220992157437763e-06,-0.5000359877053361,False,False
2023-03-28,Z03,9.809558136024219,-7.082231221033908e-06,0.46631083623127323,False,False
2023-03-29,Z03,9.809570629790421,5.4883744162737e-06,-2.4931263120745935,False,False
2023-03-30,Z03,9.809561894640757,-3.841738632104352e-06,1.1709387286850501,False,False
2023-03-31,Z03,9.809555266130939,-1.0551194510100004e-05,-0.4597715367079773,False,False
2023-04-01,Z03,9.809567892794567,2.5240681758020855e-06,-1.2449283311564727,False,False
2023-04-02,Z03,9.809568008762469,2.6575066627287924e-06,-1.0637383016683586,False,False
2023-04-03,Z03,9.809565987599646,4.6426451660863677e-07,-0.25844928172118353,False,False
2023-04-04,Z03,9.809570628832311,5.2803848795690556e-06,-0.11752370323042831,False,False
2023-04-05,Z03,9.809570496781452,5.071439115766907e-06,0.14419522825240316,False,False
2023-04-06,Z03,9.809562279321964,-3.905250911984126e-06,-1.2046638801591139,False,False
2023-04-07,Z03,9.809556909782424,-9.382375580457847e-06,0.8890875717035398,False,False
2023-04-08,Z03,9.809569808681346,4.273243176200481e-06,-0.5201682132040159,False,False
2023-04-09,Z03,9.809574463911511,8.932744130163428e-06,-0.5805648897000536,False,False
2023-04-10,Z03,9.809559998505877,-6.101783490919388e-06,-0.21818483072382475,False,False
2023-04-11,Z03,9.809567300404197,1.1531091903549395e-06,0.667633091218067,False,False
2023-04-12,Z03,9.809559425101233,-6.831484164138146e-06,-0.03699480123571079,False,False
2023-04-13,Z03,9.809578380552722,1.2574852393143487e-05,-0.5403004387026948,False,False
2023-04-14,Z03,9.809573234676906,7.239139259596072e-06,-0.3188459582172221,False,False
2023-04-15,Z03,9.809562288894325,-4.08376636151786e-06,1.2313354051810887,False,False
2023-04-16,Z03,9.80955940049954,-6.368310819127032e-06,1.0702776011916537,False,False
2023-04-17,Z03,9.809575647647174,9.372768296600498e-06,0.3656497087378759,False,False
2023-04-18,Z03,9.809571637242458,5.281923835198654e-06,0.14419522825240316,False,False
2023-04-19,Z03,9.809566865149165,1.682571504346697e-07,2.338607807608453,False,False
2023-04-20,Z03,9.809555024271841,-1.1760962765450245e-05,0.46631083623127323,False,False
2023-04-21,Z03,9.809564889181901,-1.9196911047458798e-06,0.18445967924976192,False,False
2023-04-22,Z03,9.809552533690011,-1.3713065277087821e-05,-0.1980526052251458,False,False
2023-04-23,Z03,9.80957433835011,8.93618682518138e-06,0.3656497087378759,False,False
2023-04-24,Z03,9.809571958781444,6.1040410770374365e-06,-3.056828626037615,False,False
2023-04-25,Z03,9.809555485144463,-1.0697678675342104e-05,1.030013150194296,False,False
2023-04-26,Z03,9.80956521244292,-4.1661105321111336e-07,-1.2851927821538314,False,False
2023-04-27,Z03,9.809564513170645,-1.0209490319823544e-06,-0.7214904681908088,False,False
2023-04-28,Z03,9.809566812890381,1.0661991556304429e-06,-1.4059861351459078,False,False
2023-04-29,Z03,9.8095622847333,-3.3347279231321636e-06,-0.7416226936894886,False,False
2023-04-30,Z03,9.809566499789483,8.673251734592213e-07,-0.33897818371590105,False,False
2023-05-01,Z03,9.809566936014795,9.290952025509114e-07,0.8890875717035398,False,False
2023-05-02,Z03,9.80957113243273,5.157405794875558e-06,1.2917320816771274,False,False
2023-05-03,Z03,9.809568819706957,2.7405576812356003e-06,1.9560955231335464,False,False
2023-05-04,Z03,9.809563492560299,-2.680992551518102e-06,0.10393077725504442,False,False
2023-05-05,Z03,9.809555987694756,-9.947982363200936e-06,-0.21818483072382475,False,False
2023-05-06,Z03,9.80956547664255,2.4601655823630608e-08,0.7884264442101433,False,False
2023-05-07,Z03,9.809562528657532,-3.0299607178818633e-06,-0.8624160466815649,False,False
2023-05-08,Z03,9.80957289121624,7.145302152622435e-06,-0.9630771741749613,False,False
2023-05-09,Z03,9.809564187098072,-1.6615671754038885e-06,-0.3591104092145809,False,False
2023-05-10,Z03,9.809565156633582,-3.4947121818618143e-07,-0.03699480123571079,False,False
2023-05-11,Z03,9.809566583160862,9.051184708397386e-07,-2.0703495766023265,False,False
2023-05-12,Z03,9.809567482062011,1.8279277309574127e-06,1.0702776011916537,False,False
2023-05-13,Z03,9.80956974528084,3.822581200907393e-06,0.24485635574580053,False,False
2023-05-14,Z03,9.809564552857948,-1.0819992954935742e-06,0.8085586697088223,False,False
2023-05-15,Z03,9.809568225155797,2.8796925182206223e-06,-1.5871761646340217,False,False
2023-05-16,Z03,9.809574232098091,8.688759431052517e-06,-0.6610937916947711,False,False
2023-05-17,Z03,9.809576958822811,1.0921097532090585e-05,-0.7214904681908088,False,False
2023-05-18,Z03,9.809555938741815,-1.01426893177603e-05,-0.1980526052251458,False,False
2023-05-19,Z03,9.809561278603631,-4.2795441466125794e-06,-0.03699480123571079,False,False
2023-05-20,Z03,9.809575021909032,9.64997943597723e-06,0.8689553462048608,False,False
2023-05-21,Z03,9.809575063198817,9.024681318692274e-06,0.10393077725504442,False,False
2023-05-22,Z03,9.809570234662294,3.857010895558233e-06,-0.7416226936894886,False,False
2023-05-23,Z03,9.809553712810343,-1.3254873465484707e-05,2.197682229117699,False,False
2023-05-24,Z03,9.809565421684484,-8.584813322443097e-07,-0.25844928172118353,False,False
2023-05-25,Z03,9.809566500449868,4.381872873437942e-07,-0.9026804976789237,False,False
2023-05-26,Z03,9.80955808650115,-8.342938278005363e-06,-1.889159547114212,False,False
2023-05-27,Z03,9.809565134449864,-1.0574581725819598e-06,0.10393077725504442,False,False
2023-05-28,Z03,9.809576159393124,9.946775781699557e-06,0.7078975422154258,False,False
2023-05-29,Z03,9.809557907631968,-8.61653546735397e-06,-1.144267203663076,False,False
2023-05-30,Z03,9.809571459286682,5.081022623087961e-06,0.6273686402207083,False,False
2023-05-31,Z03,9.809560465269886,-6.078310745394333e-06,0.08379855175636548,False,False
2023-06-01,Z03,9.8095612142439,-5.113645235255149e-06,-1.7884984196208153,False,False
2023-06-02,Z03,9.809559026050012,-6.9712328283344505e-06,0.6273686402207083,False,False
2023-06-03,Z03,9.80956628671299,6.158853818050147e-07,-0.25844928172118353,False,False
2023-06-04,Z03,9.80956453035477,-1.2336112611421868e-06,-1.1241349781643963,False,False
2023-06-05,Z03,9.809558760760886,-7.287960480439892e-06,0.9696164736982573,False,False
2023-06-06,Z03,9.809554242756617,-1.1582102027674068e-05,0.9494842481995783,False,False
2023-06-07,Z03,9.809569944958755,4.396296809261457e-06,-1.144267203663076,False,False
2023-06-08,Z03,9.809574156258801,8.70580543654853e-06,0.3052530322418382,False,False
2023-06-09,Z03,9.809563288587144,-2.4941715768278527e-06,0.20459190474844177,False,False
2023-06-10,Z03,9.809564810785055,-9.097054505247115e-07,-0.057127026734390615,False,False
2023-06-11,Z03,9.809563608784117,-2.05262719532584e-06,-0.5201682132040159,False,False
2023-06-12,Z03,9.809572309068484,6.776766433347348e-06,-0.13765592872910815,False,False
2023-06-13,Z03,9.809556954098655,-8.66366298346577e-06,0.9494842481995783,False,False
2023-06-14,Z03,9.809569578832637,4.214362975929475e-06,0.40591415973523465,False,False
2023-06-15,Z03,9.80956770999835,2.3004061269205067e-06,-1.9294239981115706,False,False
2023-06-16,Z03,9.809569027611891,3.835422992537474e-06,-2.1508784785970443,False,False
2023-06-17,Z03,9.809566700109666,1.7722944658515871e-06,-1.8690273216155329,False,False
2023-06-18,Z03,9.809571055942431,5.769414968881392e-06,-1.3657216841485489,False,False
2023-06-19,Z03,9.809573413240047,7.800801292034976e-06,-0.7617549191881675,False,False
2023-06-20,Z03,9.809566563256162,1.0044397047437315e-06,-0.4597715367079773,False,False
2023-06-21,Z03,9.809559067938132,-6.207546901393357e-06,-0.057127026734390615,False,False
2023-06-22,Z03,9.809561954168062,-2.949092834825251e-06,-0.03699480123571079,False,False
2023-06-23,Z03,9.809565805332628,6.273598085471122e-07,-0.03699480123571079,False,False
2023-06-24,Z03,9.809569906704874,4.715943781263832e-06,1.1508065031863712,False,False
2023-06-25,Z03,9.809556313440194,-8.990862731650395e-06,-1.687837292127419,False,False
2023-06-26,Z03,9.80956893830775,3.693106856772488e-06,0.34551748323919695,False,False
2023-06-27,Z03,9.809561293370365,-4.078625789105672e-06,0.32538525774051713,False,False
2023-06-28,Z03,9.809563474648995,-1.401813069179525e-06,-1.2650605566551516,False,False
2023-06-29,Z03,9.809570552276123,5.490246826056477e-06,0.5468397382259907,False,False
2023-06-30,Z03,9.809556045624754,-8.986170858094056e-06,0.3857819342365557,False,False
2023-07-01,Z03,9.809566678778522,1.794304413493819e-06,-0.03699480123571079,False,False
2023-07-02,Z03,9.809569601715065,4.535089802359948e-06,-2.432729635578555,False,False
2023-07-03,Z03,9.809563856756439,-1.5623909916939738e-06,0.9696164736982573,False,False
2023-07-04,Z03,9.809557751255008,-7.586893870481504e-06,0.22472413024712068,False,False
2023-07-05,Z03,9.809572105230632,6.993051746562173e-06,0.40591415973523465,False,False
2023-07-06,Z03,9.809565024193038,-5.328015078021053e-07,-3.4192086850138437,False,False
2023-07-07,Z03,9.809568163942409,2.247566650126487e-06,-0.5403004387026948,False,False
2023-07-08,Z03,9.809565638689085,-2.1831946206418706e-07,-1.4462505861432664,False,False
2023-07-09,Z03,9.809557261957647,-8.311131908911307e-06,1.3118643071758063,False,False
2023-07-10,Z03,9.80957532361806,9.951416151565695e-06,-1.1040027526657175,False,False
2023-07-11,Z03,9.809558234807925,-7.487821749307955e-06,1.4930543366639202,False,False
2023-07-12,Z03,9.809557117319631,-8.426177503295662e-06,0.9696164736982573,False,False
2023-07-13,Z03,9.809560893832703,-4.143272802181741e-06,0.22472413024712068,False,False
2023-07-14,Z03,9.809560470677113,-4.69775286049412e-06,1.1508065031863712,False,False
2023-07-15,Z03,9.809569851943484,4.987118694899095e-06,-0.9429449486762824,False,False
2023-07-16,Z03,9.809567566095401,2.629872440707004e-06,-0.7617549191881675,False,False
2023-07-17,Z03,9.809558512151973,-6.375353772014591e-06,0.9293520227008976,False,False
2023-07-18,Z03,9.809569974565715,5.3599918938829205e-06,-0.9429449486762824,False,False
2023-07-19,Z03,9.809570687744325,6.109216393213046e-06,-1.3254572331511902,False,False
2023-07-20,Z03,9.809554750482464,-9.737195608039428e-06,-0.3188459582172221,False,False
2023-07-21,Z03,9.809573424481421,9.330562468434778e-06,-0.8825482721802438,False,False
2023-07-22,Z03,9.809565400624825,8.281544303656574e-07,1.8755666211388289,False,False
2023-07-23,Z03,9.809573917163414,9.229811128719234e-06,0.7884264442101433,False,False
2023-07-24,Z03,9.809571314473494,6.356726851564076e-06,-0.5805648897000536,False,False
2023-07-25,Z03,9.809563547389585,-1.4572826803060934e-06,-1.0033416251723202,False,False
2023-07-26,Z03,9.809562267871454,-2.9779324570711196e-06,0.34551748323919695,False,False
2023-07-27,Z03,9.809555801673952,-9.22178208284663e-06,1.191070954183731,False,False
2023-07-28,Z03,9.809571819709612,6.979310121835169e-06,0.3052530322418382,False,False
2023-07-29,Z03,9.809570854286639,5.735718461963302e-06,-0.9630771741749613,False,False
2023-07-30,Z03,9.809571996075075,6.867439882540793e-06,-1.4462505861432664,False,False
2023-07-31,Z03,9.80956528478981,-3.755270601146776e-07,-0.3792426347132598,False,False
2023-08-01,Z03,9.809568157241493,2.543390914766519e-06,0.32538525774051713,False,False
2023-08-02,Z03,9.809566990032964,1.4243315042961058e-06,-0.47990376220665715,False,False
2023-08-03,Z03,9.809567609293017,1.9391490049258664e-06,1.009880924695615,False,False
2023-08-04,Z03,9.809566206933786,2.0818850643422593e-07,0.526707512727311,False,False
2023-08-05,Z03,9.809561313655726,-4.488479657283051e-06,0.24485635574580053,False,False
2023-08-06,Z03,9.809566095006488,4.1655568061571557e-07,0.506575287228632,False,False
2023-08-07,Z03,9.809575133107714,9.523621438134455e-06,-1.3858539096472278,False,False
2023-08-08,Z03,9.809563418396696,-2.507570201260023e-06,-0.5000359877053361,False,False
2023-08-09,Z03,9.809569927263226,3.7960816943183318e-06,-1.0436060761696788,False,False
2023-08-10,Z03,9.80955861329125,-7.33801178753879e-06,0.3857819342365557,False,False
2023-08-11,Z03,9.80956565847373,-3.0544541829158334e-07,-1.023473850671,False,False
2023-08-12,Z03,9.809560782305807,-5.466318478752896e-06,0.08379855175636548,False,False
2023-08-13,Z03,9.80957665808576,1.0413179037271902e-05,-0.15778815422778705,False,False
2023-08-14,Z03,9.80957005162968,3.2671426719588226e-06,0.6072364147220285,False,False
2023-08-15,Z03,9.80956973670972,2.9455665035982292e-06,-1.2046638801591139,False,False
2023-08-16,Z03,9.809566300012538,-5.634844892909996e-07,0.46631083623127323,False,False
2023-08-17,Z03,9.809568862843477,1.7397510969630048e-06,-1.0637383016683586,False,False
2023-08-18,Z03,9.80956124025983,-5.84577514217699e-06,-0.9630771741749613,False,False
2023-08-19,Z03,9.809568072102895,1.3009840724720334e-06,-0.13765592872910815,False,False
2023-08-20,Z03,9.809565533583473,-1.6815893619792632e-06,1.2112031796824099,False,False
2023-08-21,Z03,9.809570869396005,3.91725309967228e-06,-0.842283821182885,False,False
2023-08-22,Z03,9.809573535322883,6.400887606616834e-06,-1.7884984196208153,False,False
2023-08-23,Z03,9.8095623140569,-4.8076503613714294e-06,-0.9429449486762824,False,False
2023-08-24,Z03,9.809561006534107,-5.815159266120418e-06,-0.3792426347132598,False,False
2023-08-25,Z03,9.809571891373011,5.154374820293128e-06,1.8755666211388289,False,False
2023-08-26,Z03,9.809555817468945,-1.1240312630889093e-05,0.3857819342365557,False,False
2023-08-27,Z03,9.809567596641925,5.383338503861523e-07,-0.7617549191881675,False,False
2023-08-28,Z03,9.80955756077579,-9.356763360557352e-06,-0.13765592872910815,False,False
2023-08-29,Z03,9.809554417175347,-1.2057246777885666e-05,1.5937154641573166,False,False
2023-08-30,Z03,9.809571209374027,5.320915228423928e-06,-0.23831705622250457,False,False
2023-08-31,Z03,9.809573540897357,7.4549524171629855e-06,-0.21818483072382475,False,False
2023-09-01,Z03,9.809567449983895,1.1845837573076778e-06,-0.39937486021193963,False,False
2023-09-02,Z03,9.809567646698222,1.365966387112394e-06,0.7078975422154258,False,False
2023-09-03,Z03,9.809574578016022,8.296037348642926e-06,-0.5201682132040159,False,False
2023-09-04,Z03,9.809570484490502,3.923475752287686e-06,0.8890875717035398,False,False
2023-09-05,Z03,9.809567296726987,4.3001774585604835e-07,1.0702776011916537,False,False
2023-09-06,Z03,9.809558326880941,-8.579885651727182e-06,0.6273686402207083,False,False
2023-09-07,Z03,9.809556004545318,-1.034201371297172e-05,-0.21818483072382475,False,False
2023-09-08,Z03,9.80957098035957,4.880928917927463e-06,-1.4059861351459078,False,False
2023-09-09,Z03,9.809567307862526,1.1733286626736117e-06,-0.21818483072382475,False,False
2023-09-10,Z03,9.809568578591234,2.15423832727879e-06,-0.6610937916947711,False,False
2023-09-11,Z03,9.80955639674304,-1.0124947115386362e-05,-0.7818871446868474,False,False
2023-09-12,Z03,9.809565711962128,-6.635426039736103e-07,-0.23831705622250457,False,False
2023-09-13,Z03,9.809564694662498,-1.3159714455923677e-06,0.48644306172995216,False,False
2023-09-14,Z03,9.809564383982536,-1.448085832578272e-06,-0.6208293406974124,False,False
2023-09-15,Z03,9.809558167165536,-7.486478596163693e-06,-1.3858539096472278,False,False
2023-09-16,Z03,9.809569879031308,4.496482075566632e-06,-0.9630771741749613,False,False
2023-09-17,Z03,9.809559901271236,-5.5151509226192275e-06,1.7145088171493938,False,False
2023-09-18,Z03,9.80955889912476,-6.47266444708805e-06,0.5468397382259907,False,False
2023-09-19,Z03,9.809561865782106,-3.2002411636256056e-06,-0.9630771741749613,False,False
2023-09-20,Z03,9.809565270292799,3.2652957671075455e-07,1.2917320816771274,False,False
2023-09-21,Z03,9.809564114773487,-6.423529619326018e-07,-0.23831705622250457,False,False
2023-09-22,Z03,9.809557629159023,-6.813949111617035e-06,2.2983433566110953,False,False
2023-09-23,Z03,9.809567829625612,3.542680740764581e-06,0.26498858124447944,False,False
2023-09-24,Z03,9.809576419936283,1.1905555025393255e-05,0.5669719637246697,False,False
2023-09-25,Z03,9.809573359907816,8.694574450629489e-06,0.84882312070618,False,False
2023-09-26,Z03,9.809577524591798,1.227451047114414e-05,1.4930543366639202,False,False
2023-09-27,Z03,9.80955722452452,-8.356488468308498e-06,-0.4396393112092984,False,False
2023-09-28,Z03,9.809564200821297,-1.3689833178176514e-06,1.4125254346692027,False,False
2023-09-29,Z03,9.80956481245552,-1.0834706269946537e-06,-0.6208293406974124,False,False
2023-09-30,Z03,9.809558584449503,-7.098246026515653e-06,-0.3591104092145809,False,False
2023-10-01,Z03,9.809565794598225,6.10450957339026e-07,0.003269649761647968,False,False
2023-10-02,Z03,9.809559334678445,-5.7942892990325845e-06,0.9293520227008976,False,False
2023-10-03,Z03,9.809565691151562,8.392511414712089e-07,-0.33897818371590105,False,False
2023-10-04,Z03,9.80956957134054,5.015668936181328e-06,1.674244366152034,False,False
2023-10-05,Z03,9.809569823532183,5.298298912492783e-06,1.3319965326744851,False,False
2023-10-06,Z03,9.80956378998091,-8.194792027182984e-07,0.043534100759006725,False,False
2023-10-07,Z03,9.809559026383234,-5.765180210559606e-06,-0.9630771741749613,False,False
2023-10-08,Z03,9.809566634341293,1.7420499194287231e-06,1.009880924695615,False,False
2023-10-09,Z03,9.809564276555594,-4.7086850507582767e-07,-2.1106140275996856,False,False
2023-10-10,Z03,9.809557075487668,-7.5708928655160435e-06,0.7481619932127845,False,False
2023-10-11,Z03,9.809555078474535,-9.184469215384183e-06,-0.8221515956842061,False,False
2023-10-12,Z03,9.809552619527325,-1.1599474138535015e-05,1.2715998561784485,False,False
2023-10-13,Z03,9.809564162238434,3.796514640441728e-07,-1.3858539096472278,False,False
2023-10-14,Z03,9.809571366757048,7.601917543453851e-06,-0.6610937916947711,False,False
2023-10-15,Z03,9.809556567311436,-7.430287217502496e-06,0.4461786107325934,False,False
2023-10-16,Z03,9.80956532350959,1.3792394071288072e-06,0.6072364147220285,False,False
2023-10-17,Z03,9.809567474157758,3.681738299121662e-06,-0.6208293406974124,False,False
2023-10-18,Z03,9.809556515966621,-7.528882386864666e-06,-0.33897818371590105,False,False
2023-10-19,Z03,9.809568857890703,4.8924802982242e-06,0.9696164736982573,False,False
2023-10-20,Z03,9.809567333517197,3.135036504176014e-06,1.009880924695615,False,False
2023-10-21,Z03,9.80957231907777,8.051822931065544e-06,-0.3591104092145809,False,False
2023-10-22,Z03,9.809558163289296,-6.3774423537665825e-06,-0.6006971151987334,False,False
2023-10-23,Z03,9.809565450386362,8.918503713317705e-07,-1.3657216841485489,False,False
2023-10-24,Z03,9.809575111787181,1.0632559165557609e-05,0.26498858124447944,False,False
2023-10-25,Z03,9.8095523307115,-1.2104911547794472e-05,0.8286908952075012,False,False
2023-10-26,Z03,9.809565274876327,1.5402264939012866e-06,0.164327453751083,False,False
2023-10-27,Z03,9.809561626340692,-1.699985293868167e-06,-0.9228127231776025,False,False
2023-10-28,Z03,9.809569996044349,6.522991156998614e-06,1.7950377191441114,False,False
2023-10-29,Z03,9.809571517361015,7.851133721814563e-06,-2.1106140275996856,False,False
2023-10-30,Z03,9.809563100303672,-7.894204703262631e-07,0.8890875717035398,False,False
2023-10-31,Z03,9.809566998637477,2.9583848615288844e-06,0.22472413024712068,False,False
2023-11-01,Z03,9.809555733858296,-8.346528961311606e-06,0.46631083623127323,False,False
2023-11-02,Z03,12.781953206431822,2.972389246071904,-0.7818871446868474,False,True
2023-11-03,Z03,12.781949621592679,2.873306077390085,-0.15778815422778705,False,True
2023-11-04,Z03,12.781950892811288,2.774228013600288,0.3052530322418382,False,True
2023-11-05,Z03,12.781953736242595,2.6751514880556275,-0.07725925223306955,False,True
2023-11-06,Z03,12.78193521540358,2.5760533023412204,-1.8086306451194945,True,True
2023-11-07,Z03,12.781951712767597,2.47699059340456,1.7346410426480727,False,True
2023-11-08,Z03,12.781956639213915,2.3779160172366662,0.667633091218067,False,True
2023-11-09,Z03,12.781943419673453,2.2788230522742623,0.043534100759006725,False,True
2023-11-10,Z03,12.78194880247628,2.179748890270899,0.10393077725504442,False,True
2023-11-11,Z03,12.781959363018162,2.08067966001272,1.694376591650715,True,True
2023-11-12,Z03,12.781956736101035,1.981596808312565,-0.7416226936894886,False,True
2023-11-13,Z03,12.781952066194602,1.882512385944045,-0.9630771741749613,False,True
2023-11-14,Z03,12.781962294685737,1.7834432577872619,0.8689553462048608,False,True
2023-11-15,Z03,12.781952730547086,1.6843535027361334,0.46631083623127323,False,True
2023-11-16,Z03,12.78194299875422,1.5852641907086849,-1.0033416251723202,False,True
2023-11-17,Z03,9.809584201314445,-1.4861737908843065,1.0904098266903326,False,True
2023-11-18,Z03,9.809549330838706,-1.4862095842049712,0.3052530322418382,False,False
2023-11-19,Z03,9.809567683972757,-1.4861905801691861,-0.9026804976789237,False,False
2023-11-20,Z03,9.80957936108188,-1.4861789147419167,0.506575287228632,False,False
2023-11-21,Z03,9.809568764145576,-1.486189746411691,0.34551748323919695,False,False
2023-11-22,Z03,9.809569068522796,-1.4861897953963457,-0.07725925223306955,False,False
2023-11-23,Z03,9.809562173639678,-1.4861968108840138,0.3857819342365557,False,False
2023-11-24,Z03,9.809565844623513,-1.4861927086285949,0.6273686402207083,False,False
2023-11-25,Z03,9.809583006805871,-1.486175996909969,0.9293520227008976,False,False
2023-11-26,Z03,9.809557806786861,-1.4862017879932985,0.10393077725504442,False,False
2023-11-27,Z03,9.809571939831788,-1.4861875276299106,-0.27858150721986336,False,False
2023-11-28,Z03,9.809579958336299,-1.4861795739183137,0.24485635574580053,False,False
2023-11-29,Z03,9.809572072685132,-1.4861877409353248,1.2112031796824099,False,False
2023-11-30,Z03,9.80957366478266,-1.4861864479171771,0.6273686402207083,False,False
2023-12-01,Z03,9.809561672056578,-1.486198662848098,-0.3188459582172221,False,False
2023-12-02,Z03,9.80954817473777,-1.4862123581068492,0.06366632625768566,False,False
2023-12-03,Z03,9.809580326491874,-1.38710003862961,1.674244366152034,False,False
2023-12-04,Z03,9.809576182927856,-1.2880252056902695,0.7481619932127845,False,False
2023-12-05,Z03,9.809567621525364,-1.1889546100966477,0.164327453751083,False,False
2023-12-06,Z03,9.809564560318352,-1.0898781341464172,1.1508065031863712,False,False
2023-12-07,Z03,9.809570828147464,-0.9907928444811311,-0.5403004387026948,False,False
2023-12-08,Z03,9.809571008286264,-0.8917133015216603,0.32538525774051713,False,False
2023-12-09,Z03,9.809574811441019,-0.7926299773359844,1.8956988466375078,False,False
2023-12-10,Z03,9.80954923492725,-0.6935766002420038,0.667633091218067,False,False
2023-12-11,Z03,9.80957656091831,-0.5944692886659766,1.6339799151546763,False,False
2023-12-12,Z03,9.809560745515494,-0.4954056773321316,-0.07725925223306955,False,False
2023-12-13,Z03,9.809562389430152,-0.3963241670646198,-0.47990376220665715,False,False
2023-12-14,Z03,9.809569469957255,-0.2972374306453691,1.1709387286850501,False,False
2023-12-15,Z03,9.809554914797092,-0.19817222498125098,-1.8287628706181742,False,False
2023-12-16,Z03,9.809562768252453,-0.09908444433422403,0.18445967924976192,False,False
2023-12-17,Z03,9.80956812509012,2.5352017019031337e-07,1.0501453756929748,False,False
2023-12-18,Z03,9.80955708784499,-1.0247850818601023e-05,0.5669719637246697,False,False
2023-12-19,Z03,9.809584965453633,1.7371190949688753e-05,-2.1106140275996856,False,False
2023-12-20,Z03,9.8095684332502,2.6293815480471494e-07,-1.3455894586498691,False,False
2023-12-21,Z03,9.809580117581593,1.2311530603881238e-05,-0.11752370323042831,False,False
2023-12-22,Z03,9.809573640151067,5.4556522108839545e-06,0.48644306172995216,False,False
2023-12-23,Z03,9.809567304940908,-1.0319455565621638e-06,0.526707512727311,False,False
2023-12-24,Z03,9.809559586848977,-8.921080862478448e-06,0.003269649761647968,False,False
2023-12-25,Z03,9.809573431272971,5.131935617797012e-06,0.7481619932127845,False,False
2023-12-26,Z03,9.809548243323535,-1.9736829390382127e-05,0.4461786107325934,False,False
2023-12-27,Z03,9.809560056177363,-7.6051934509990815e-06,-0.11752370323042831,False,False
2023-12-28,Z03,9.80956737559331,1.1034430968948072e-07,0.5468397382259907,False,False
2023-12-29,Z03,9.809557566789975,-9.279034259179753e-06,-0.6409615661960921,False,False
2023-12-30,Z03,9.809571134910136,4.77261574083343e-06,0.6475008657193873,False,False
2023-12-31,Z03,9.809577171956557,1.0893991245097823e-05,-0.842283821182885,False,False
2024-01-01,Z03,9.809575522781289,8.728152645076648e-06,0.48644306172995216,False,False
2024-01-02,Z03,9.809582651402838,1.4945172743807689e-05,0.46631083623127323,False,False
2024-01-03,Z03,9.809582104617746,1.4320890620922455e-05,-0.2987137327185423,False,False
2024-01-04,Z03,9.809552208915989,-1.5772200800512337e-05,0.6475008657193873,False,False
2024-01-05,Z03,9.80956695222938,-5.151337632014474e-07,1.5534510131599588,False,False
2024-01-06,Z03,9.809553240111946,-1.4306981565681554e-05,-1.023473850671,False,False
2024-01-07,Z03,9.80956014257371,-6.818251948814691e-06,0.9696164736982573,False,False
2024-01-08,Z03,9.809566423577763,-1.7505747784696268e-07,1.0904098266903326,False,False
2024-01-09,Z03,9.809544030942744,-2.2288097055067624e-05,-0.1980526052251458,False,False
2024-01-10,Z03,9.80954845104976,-1.7694523890554592e-05,0.8085586697088223,False,False
2024-01-11,Z03,9.80956392590083,-1.2826772000096298e-06,-0.25844928172118353,False,False
2024-01-12,Z03,9.809573128548509,7.813957632052393e-06,1.2715998561784485,False,False
2024-01-13,Z03,9.809585947576977,2.027501548873545e-05,-2.754845243557425,False,False
2024-01-14,Z03,9.809560301557942,-5.920257535763085e-06,1.4527898856665624,False,False
2024-01-15,Z03,9.809574503078565,8.101704391805242e-06,-1.1241349781643963,False,False
2024-01-16,Z03,9.809546631916504,-2.0160618539932784e-05,0.08379855175636548,False,False
2024-01-17,Z03,9.809559723441302,-6.352654621011311e-06,-0.8221515956842061,False,False
2024-01-18,Z03,9.809552202283625,-1.3961665510819898e-05,1.513186562162599,False,False
2024-01-19,Z03,9.809552763722651,-1.2308120815873735e-05,-0.21818483072382475,False,False
2024-01-20,Z03,9.809553950626503,-1.0598899377711746e-05,-0.5403004387026948,False,False
2024-01-21,Z03,9.809563274371289,-4.029227564927851e-07,1.1306742776876924,False,False
2024-01-22,Z03,9.809557179536283,-6.152231771139327e-06,0.7481619932127845,False,False
2024-01-23,Z03,9.809565334856954,2.340602387462809e-06,-0.33897818371590105,False,False
2024-01-24,Z03,9.809572379443692,9.19358885909105e-06,-1.0033416251723202,False,False
2024-01-25,Z03,9.809585998368854,2.2847574999929066e-05,-1.1241349781643963,False,False
2024-01-26,Z03,9.809563360227811,-1.0490675546037664e-06,1.2917320816771274,False,False
2024-01-27,Z03,9.80956021060851,-4.308821871745749e-06,0.42604638523391447,False,False
2024-01-28,Z03,9.809555947829333,-8.332768221208653e-06,0.18445967924976192,False,False
2024-01-29,Z03,9.80957063512731,6.4084951105769505e-06,0.506575287228632,False,False
2024-01-30,Z03,9.809563171173277,-1.0387994944238699e-06,-1.9495562236102504,False,False
2024-01-31,Z03,9.809556981468422,-6.761811574662602e-06,-0.3188459582172221,False,False
2024-02-01,Z03,9.80957576838538,1.2643149148061639e-05,-0.2987137327185423,False,False
2024-02-02,Z03,9.809566389304539,3.4935022217297274e-06,0.9897486991969362,False,False
2024-02-03,Z03,9.80956523025215,2.858293605356721e-06,-1.4663828116419453,False,False
2024-02-04,Z03,9.80954776944469,-1.5036558393077826e-05,1.0702776011916537,False,False
2024-02-05,Z03,9.809580432640876,1.8266063948502165e-05,1.8151699446427902,False,False
2024-02-06,Z03,9.809557733469475,-5.339525083414287e-06,-1.728101743124777,False,False
2024-02-07,Z03,9.809558768664658,-4.224026424637373e-06,0.0234018752603269,False,False
2024-02-08,Z03,9.809563534923528,7.97396214835544e-07,0.506575287228632,False,False
2024-02-09,Z03,9.809569945481162,6.557821155439569e-06,0.8890875717035398,False,False
2024-02-10,Z03,9.809576089505445,1.1985364391620124e-05,-2.1710107040957234,False,False
2024-02-11,Z03,9.80955641541919,-8.094175351303079e-06,0.34551748323919695,False,False
2024-02-12,Z03,9.809568230017664,4.277527432705597e-06,-0.21818483072382475,False,False
2024-02-13,Z03,9.809555354185544,-8.007719374703015e-06,-0.27858150721986336,False,False
2024-02-14,Z03,9.809576993774469,1.3796781962227556e-05,2.0768888761256217,False,False
2024-02-15,Z03,9.809550423832873,-1.2856182831200158e-05,-0.21818483072382475,False,False
2024-02-16,Z03,9.809569266442352,5.8600294376986994e-06,0.4461786107325934,False,False
2024-02-17,Z03,9.809561016779325,-2.707733624873754e-06,-0.11752370323042831,False,False
2024-02-18,Z03,9.809562727525392,-1.2908040805115206e-06,0.24485635574580053,False,False
2024-02-19,Z03,9.809551821663044,-1.2528793188693044e-05,0.5669719637246697,False,False
2024-02-20,Z03,9.809563248986457,-1.0305043272040848e-06,0.9092197972022187,False,False
2024-02-21,Z03,9.809563754957384,-5.236872357983202e-07,-0.7818871446868474,False,False
2024-02-22,Z03,9.80956248552383,-2.0123014952133644e-06,0.164327453751083,False,False
2024-02-23,Z03,9.809576085018616,1.168217106162217e-05,0.18445967924976192,False,False
2024-02-24,Z03,9.80957503136178,1.0504995060500733e-05,-1.6475728411300603,False,False
2024-02-25,Z03,9.809576670718641,1.2509918823511157e-05,-0.9630771741749613,False,False
2024-02-26,Z03,9.809581251077029,1.6646594186653374e-05,0.9092197972022187,False,False
2024-02-27,Z03,9.809569298551798,3.992720003509476e-06,-0.4597715367079773,False,False
2024-02-28,Z03,9.8095708325757,5.081719821831143e-06,2.6405911900886445,False,False
2024-02-29,Z03,9.809568222674471,2.4652369816635655e-06,0.9696164736982573,False,False
2024-03-01,Z03,9.809548966334598,-1.6959486265122337e-05,0.46631083623127323,False,False
2024-03-02,Z03,9.80955690218559,-8.756464145776022e-06,1.53331878766128,False,False
2024-03-03,Z03,9.809561601566365,-3.428210046507729e-06,0.7884264442101433,False,False
2024-03-04,Z03,9.809548058681703,-1.6811503433800112e-05,0.18445967924976192,False,False
2024-03-05,Z03,9.809571883033797,7.585234341078717e-06,-1.4261183606445866,False,False
2024-03-06,Z03,9.809565142166456,4.058069791312846e-08,0.667633091218067,False,False
2024-03-07,Z03,9.809552082929976,-1.2508973302516324e-05,1.4125254346692027,False,False
2024-03-08,Z03,9.809558995804851,-5.4077471105529185e-06,-0.6006971151987334,False,False
2024-03-09,Z03,9.809568979204668,4.5680813673953935e-06,-1.8287628706181742,False,False
2024-03-10,Z03,9.809556728951483,-7.863647855543832e-06,-1.0637383016683586,False,False
2024-03-11,Z03,9.809567040515336,2.888466985595528e-06,1.7749054936454325,False,False
2024-03-12,Z03,9.809576482871542,1.2632456195760255e-05,0.08379855175636548,False,False
2024-03-13,Z03,9.809556526685306,-7.992645118193309e-06,1.4729221111652413,False,False
2024-03-14,Z03,9.809578765147144,1.4635927797712611e-05,0.0234018752603269,False,False
2024-03-15,Z03,9.809566533851438,1.624266705135824e-06,-0.5000359877053361,False,False
2024-03-16,Z03,9.809550977152304,-1.3583768327052326e-05,2.1574177781203394,False,False
2024-03-17,Z03,9.809573785514326,9.206149712781553e-06,-0.3792426347132598,False,False
2024-03-18,Z03,9.809564917617813,1.876174682280407e-07,-0.23831705622250457,False,False
2024-03-19,Z03,9.809562337651071,-2.522377224423167e-06,0.46631083623127323,False,False
2024-03-20,Z03,9.809569674290849,4.827258365480702e-06,-0.2987137327185423,False,False
2024-03-21,Z03,9.80957294523796,7.503117881668686e-06,0.7884264442101433,False,False
2024-03-22,Z03,9.809576758560342,1.0993231878586585e-05,0.4461786107325934,False,False
2024-03-23,Z03,9.809571979923067,5.7811411746655494e-06,0.48644306172995216,False,False
2024-03-24,Z03,9.80956777131864,1.2560567732577965e-06,-0.6208293406974124,False,False
2024-03-25,Z03,9.809568801893025,2.563754490481074e-06,-1.6677050666287392,False,False
2024-03-26,Z03,9.809577866639877,1.1836150301647308e-05,-0.842283821182885,False,False
2024-03-27,Z03,9.809557873438685,-8.196914931701826e-06,-0.7416226936894886,False,False
2024-03-28,Z03,9.809559929740953,-5.36135805262461e-06,0.3052530322418382,False,False
2024-03-29,Z03,9.809568256519698,3.2777143879059167e-06,-0.8221515956842061,False,False
2024-03-30,Z03,9.809559921773324,-4.971163454214889e-06,-1.4663828116419453,False,False
2024-03-31,Z03,9.809560357178713,-4.2590613595905324e-06,-1.144267203663076,False,False
2024-04-01,Z03,9.809570433887972,5.437953095821513e-06,0.3857819342365557,False,False
2024-04-02,Z03,9.80956573571032,2.887186987265977e-07,0.687765316716746,False,False
2024-04-03,Z03,9.809566675091936,1.0902955143166082e-06,-0.5000359877053361,False,False
2024-04-04,Z03,9.809569045754426,2.8404109979618397e-06,-0.39937486021193963,False,False
2024-04-05,Z03,9.809563117167516,-2.9935999368291277e-06,0.6273686402207083,False,False
2024-04-06,Z03,9.809574973548486,8.930281000019136e-06,0.164327453751083,False,False
2024-04-07,Z03,9.809567588649525,7.82361421869382e-07,1.191070954183731,False,False
2024-04-08,Z03,9.809558907923382,-8.184792877230507e-06,-0.15778815422778705,False,False
2024-04-09,Z03,9.809562335631284,-4.421375598084865e-06,-0.842283821182885,False,False
2024-04-10,Z03,9.809578066652,1.1122755790182737e-05,1.0904098266903326,False,False
2024-04-11,Z03,9.809565850649161,-1.4607849365688708e-06,-0.3188459582172221,False,False
2024-04-12,Z03,9.809573711603441,6.754576757472819e-06,-0.7818871446868474,False,False
2024-04-13,Z03,9.809577517507293,9.987650004816828e-06,0.9092197972022187,False,False
2024-04-14,Z03,9.809575571915609,8.083646314105408e-06,1.4527898856665624,False,False
2024-04-15,Z03,9.809570038343184,2.2488050834823525e-06,0.18445967924976192,False,False
2024-04-16,Z03,9.809562898622806,-5.526288322954542e-06,-1.0033416251723202,False,False
2024-04-17,Z03,9.809562507355603,-5.554659141537854e-06,1.5534510131599588,False,False
2024-04-18,Z03,9.809572258043499,4.276370827227538e-06,0.3857819342365557,False,False
2024-04-19,Z03,9.809562673212573,-5.639139844859642e-06,0.22472413024712068,False,False
2024-04-20,Z03,9.809564619831592,-3.4591515500892456e-06,-0.39937486021193963,False,False
2024-04-21,Z03,9.809556999528276,-1.0801941321858521e-05,1.1306742776876924,False,False
2024-04-22,Z03,9.809566998128945,-1.4470625053775166e-07,-1.1040027526657175,False,False
2024-04-23,Z03,9.809570400653584,3.4238781925211015e-06,-1.2046638801591139,False,False
2024-04-24,Z03,9.809562873834857,-4.190585032759486e-06,1.9158310721361866,False,False
2024-04-25,Z03,9.809559498011449,-7.368806501872882e-06,-0.8624160466815649,False,False
2024-04-26,Z03,9.80956302378192,-3.2307484172378054e-06,0.9696164736982573,False,False
2024-04-27,Z03,9.809566228493722,-1.9771472281604474e-07,1.3923932091705238,False,False
2024-04-28,Z03,9.809558467913257,-8.168253611273713e-06,0.22472413024712068,False,False
2024-04-29,Z03,9.809555644595369,-1.0665284618127657e-05,-0.8825482721802438,False,False
2024-04-30,Z03,9.809559105729349,-7.061578040534755e-06,0.6273686402207083,False,False
2024-05-01,Z03,9.809566931138756,8.055463460721057e-07,1.4125254346692027,False,False
2024-05-02,Z03,9.809562318017834,-3.690816271273434e-06,0.34551748323919695,False,False
2024-05-03,Z03,9.809556040676531,-9.854234489736768e-06,-0.7416226936894886,False,False
2024-05-04,Z03,9.80955462126482,-1.0919165688960675e-05,0.3052530322418382,False,False
2024-05-05,Z03,9.809568553191642,3.4935774557709465e-06,-1.3858539096472278,False,False
2024-05-06,Z03,9.809567131566336,1.8907513439359036e-06,-0.9832093996736412,False,False
2024-05-07,Z03,9.809575246107059,1.0266691472082812e-05,-0.25844928172118353,False,False
2024-05-08,Z03,12.91526154526329,3.105696310599118,0.06366632625768566,False,True
2024-05-09,Z03,12.915271766205061,3.002183110296226,-1.2046638801591139,True,True
2024-05-10,Z03,12.915275189010577,2.89866288541595,0.24485635574580053,False,True
2024-05-11,Z03,12.91526177843708,2.795126237430498,0.526707512727311,False,True
2024-05-12,Z03,12.91527831302436,2.6916195744248483,-0.21818483072382475,False,True
2024-05-13,Z03,12.915268073097561,2.5880858477840185,-2.1710107040957234,True,True
2024-05-14,Z03,12.915277120204797,2.4845718763715805,0.10393077725504442,False,True
2024-05-15,Z03,12.915260966238339,2.38103233746215,1.8353021701414691,False,True
2024-05-16,Z03,12.91526474001622,2.2775130803101913,0.46631083623127323,False,True
2024-05-17,Z03,12.915268672117937,2.1739936176987964,0.0234018752603269,False,True
2024-05-18,Z03,12.915268387289435,2.0704697940448824,-0.3792426347132598,False,True
2024-05-19,Z03,12.915267109499117,1.9669453119463665,0.5871041892233495,False,True
2024-05-20,Z03,12.91527646388871,1.863431185126407,0.20459190474844177,False,True
2024-05-21,Z03,12.915261121817972,1.759892114920433,0.7078975422154258,False,True
2024-05-22,Z03,12.91526192505626,1.6563694474157309,-1.1040027526657175,False,True
2024-05-23,Z03,9.809572461791966,-1.5528431800794742,0.12406300275372424,False,True
2024-05-24,Z03,9.809570485804064,-1.552845224771989,-0.4597715367079773,False,False
2024-05-25,Z03,9.809561695405424,-1.5528542689029354,0.3857819342365557,False,False
2024-05-26,Z03,9.809563330889356,-1.552852706665469,-1.9495562236102504,False,False
2024-05-27,Z03,9.809565308027086,-1.552850739764656,-0.39937486021193963,False,False
2024-05-28,Z03,9.809555728751574,-1.5528602883579445,0.5468397382259907,False,False
2024-05-29,Z03,9.809569187501777,-1.5528467383023532,0.7078975422154258,False,False
2024-05-30,Z03,9.809574776066162,-1.5528416011681827,-0.03699480123571079,False,False
2024-05-31,Z03,9.809565624577663,-1.55285127500124,-2.1710107040957234,False,False
2024-06-01,Z03,9.809560505776314,-1.5528563502505524,0.6475008657193873,False,False
2024-06-02,Z03,9.80955833527402,-1.5528584603447975,1.5937154641573166,False,False
2024-06-03,Z03,9.809559913922865,-1.5528569581825344,-0.842283821182885,False,False
2024-06-04,Z03,9.809578081012422,-1.5528389675149121,-0.41950708571061857,False,False
2024-06-05,Z03,9.809566085320833,-1.5528512808005264,0.8085586697088223,False,False
2024-06-06,Z03,9.809563163582151,-1.5528541676643606,0.84882312070618,False,False
2024-06-07,Z03,9.80957612124859,-1.5528408072470903,1.1105420521890135,False,False
2024-06-08,Z03,9.809559954545477,-1.4493341264830466,1.030013150194296,False,False
2024-06-09,Z03,9.809559364810983,-1.3458109891622207,-1.5469117136366628,False,False
2024-06-10,Z03,9.809574539954676,-1.2422719532118744,-0.47990376220665715,False,False
2024-06-11,Z03,9.809558415058826,-1.1387651701583117,0.6273686402207083,False,False
2024-06-12,Z03,9.809561027816457,-1.0352385608018277,-0.07725925223306955,False,False
2024-06-13,Z03,9.809573184407691,-0.9317028360345585,0.3656497087378759,False,False
2024-06-14,Z03,9.809568689659823,-0.8281838662558556,-0.13765592872910815,False,False
2024-06-15,Z03,9.809563131392613,-0.7246663486371148,-0.4396393112092984,False,False
2024-06-16,Z03,9.809570679497169,-0.6211354135784397,-0.23831705622250457,False,False
2024-06-17,Z03,9.809563036329068,-0.5176197903258455,-1.1241349781643963,False,False
2024-06-18,Z03,9.809553850955277,-0.4141054640009614,-0.7214904681908088,False,False
2024-06-19,Z03,9.809574215595935,-0.3105613240755076,-0.057127026734390615,False,False
2024-06-20,Z03,9.809565515226478,-0.20704661616853848,-0.03699480123571079,False,False
2024-06-21,Z03,9.809561765282117,-0.10352717922651777,0.5669719637246697,False,False
2024-06-22,Z03,9.809571206176729,5.6003272330684695e-06,-0.27858150721986336,False,False
2024-06-23,Z03,9.80956494193857,-6.220570831771965e-07,1.694376591650715,False,False
2024-06-24,Z03,9.809563599731872,-1.7794682651839366e-06,1.2313354051810887,False,False
2024-06-25,Z03,9.809561893645458,-3.5490322272124786e-06,-0.5000359877053361,False,False
2024-06-26,Z03,9.809564854032848,-5.40736706966527e-07,0.20459190474844177,False,False
2024-06-27,Z03,9.809561249916058,-4.12972035590542e-06,1.2313354051810887,False,False
2024-06-28,Z03,9.809560135093195,-5.428582035449381e-06,-0.6409615661960921,False,False
2024-06-29,Z03,9.809573318569173,8.056640895759415e-06,-0.7416226936894886,False,False
2024-06-30,Z03,9.8095611621828,-4.0511622465544406e-06,1.3118643071758063,False,False
2024-07-01,Z03,9.809563336610276,-1.7279882733589602e-06,0.7078975422154258,False,False
2024-07-02,Z03,9.809573717091254,8.558131572300454e-06,1.0904098266903326,False,False
2024-07-03,Z03,9.809559652520667,-6.019166255200048e-06,0.32538525774051713,False,False
2024-07-04,Z03,9.80956034332641,-5.319647105039849e-06,-0.25844928172118353,False,False
2024-07-05,Z03,9.809576273225757,1.1201508440805696e-05,-1.3455894586498691,False,False
2024-07-06,Z03,9.809572510588923,7.099274778710196e-06,0.14419522825240316,False,False
2024-07-07,Z03,9.809559758061953,-5.964819086656803e-06,1.2514676306797676,False,False
2024-07-08,Z03,9.809569935614999,4.758173515639896e-06,1.2514676306797676,False,False
2024-07-09,Z03,9.809572595979466,7.0858356640002285e-06,1.0904098266903326,False,False
2024-07-10,Z03,9.809565060018016,-8.911647348952556e-07,0.7884264442101433,False,False
2024-07-11,Z03,9.809562437881711,-3.1973031511256522e-06,2.2379466801150567,False,False
2024-07-12,Z03,9.809574449056978,8.679778019882178e-06,-1.5670439391353428,False,False
2024-07-13,Z03,9.809567860556417,1.6439027739068024e-06,0.24485635574580053,False,False
2024-07-14,Z03,9.809567773524188,1.7343322529228544e-06,-0.9429449486762824,False,False
2024-07-15,Z03,9.809560452520758,-5.556133322315304e-06,1.5735832386586377,False,False
2024-07-16,Z03,9.80956558823669,-3.311216616452839e-07,-0.5604326642013746,False,False
2024-07-17,Z03,9.809564680855878,-1.068793789471556e-06,1.009880924695615,False,False
2024-07-18,Z03,9.809566852124028,1.0476568004236242e-06,-0.4396393112092984,False,False
2024-07-19,Z03,9.809559322111102,-6.915728418377398e-06,0.42604638523391447,False,False
2024-07-20,Z03,9.809563651794084,-2.089595941612288e-06,-0.09739147773174937,False,False
2024-07-21,Z03,9.809570329692878,4.650417265494866e-06,-0.016862575737031857,False,False
2024-07-22,Z03,9.809576079490293,1.011473432299681e-05,0.34551748323919695,False,False
2024-07-23,Z03,9.809559036547387,-7.0906523692571e-06,0.9293520227008976,False,False
2024-07-24,Z03,9.809567371461881,1.4411084965360033e-06,-0.09739147773174937,False,False
2024-07-25,Z03,9.809566982975692,9.26897973485552e-07,0.9092197972022187,False,False
2024-07-26,Z03,9.809558346502536,-7.879219522166636e-06,1.0501453756929748,False,False
2024-07-27,Z03,9.809569204903802,3.196099420677001e-06,-0.41950708571061857,False,False
2024-07-28,Z03,9.80956142765631,-4.846314327622281e-06,1.8956988466375078,False,False
2024-07-29,Z03,9.809569441664397,3.1246083214142573e-06,0.7481619932127845,False,False
2024-07-30,Z03,9.809563904925273,-2.282900643635344e-06,-0.4396393112092984,False,False
2024-07-31,Z03,9.809564504209288,-1.7750413796591147e-06,0.6273686402207083,False,False
2024-08-01,Z03,9.809561419854262,-4.898316372958789e-06,1.0501453756929748,False,False
2024-08-02,Z03,9.809569356481806,3.4482190720552808e-06,0.5871041892233495,False,False
2024-08-03,Z03,9.809558491270796,-7.740457308003101e-06,0.20459190474844177,False,False
2024-08-04,Z03,9.809573138174574,6.968181656574757e-06,-3.4796053615098814,False,False
2024-08-05,Z03,9.80956932373215,3.258240935721801e-06,-0.9630771741749613,False,False
2024-08-06,Z03,9.809559405748,-6.553514651841397e-06,0.687765316716746,False,False
2024-08-07,Z03,9.809569856901716,3.909382861877475e-06,-0.9832093996736412,False,False
2024-08-08,Z03,9.80956880404845,2.859153370948775e-06,0.526707512727311,False,False
2024-08-09,Z03,9.809567024580987,1.2060836098726213e-06,0.8890875717035398,False,False
2024-08-10,Z03,9.809556842312414,-9.041670395504298e-06,-0.11752370323042831,False,False
2024-08-11,Z03,9.809562799658979,-2.897804854740116e-06,-1.7683661941221356,False,False
2024-08-12,Z03,9.809560716664311,-4.592486256171924e-06,-0.7416226936894886,False,False
2024-08-13,Z03,9.809564783957446,-2.8706338461859104e-07,0.687765316716746,False,False
2024-08-14,Z03,9.809560995155653,-3.976212951783964e-06,1.2715998561784485,False,False
2024-08-15,Z03,9.809562102006227,-2.8874502078224396e-06,-2.0904818021010056,False,False
2024-08-16,Z03,9.809568054821577,3.181572823862666e-06,0.08379855175636548,False,False
2024-08-17,Z03,9.809569559981236,4.5742669598780594e-06,-1.4663828116419453,False,False
2024-08-18,Z03,9.809567348407064,2.2724308799126902e-06,0.10393077725504442,False,False
2024-08-19,Z03,9.809570467526406,5.124007023127319e-06,-0.15778815422778705,False,False
2024-08-20,Z03,9.809564690442542,-8.802679154484849e-07,2.378872258605813,False,False
2024-08-21,Z03,9.809566251153882,8.684184322760302e-07,-0.5403004387026948,False,False
2024-08-22,Z03,9.809569649357702,4.594233466548303e-06,1.0501453756929748,False,False
2024-08-23,Z03,9.809569438752245,4.029867668009501e-06,1.009880924695615,False,False
2024-08-24,Z03,9.809567213976855,1.7361825985773294e-06,-0.1980526052251458,False,False
2024-08-25,Z03,9.80956897510857,3.4896142739881952e-06,0.12406300275372424,False,False
2024-08-26,Z03,9.80956742633851,1.5865573477213957e-06,0.003269649761647968,False,False
2024-08-27,Z03,9.809575889993235,1.0109497580401694e-05,-0.7416226936894886,False,False
2024-08-28,Z03,9.80955639339551,-9.869178041910232e-06,-0.842283821182885,False,False
2024-08-29,Z03,9.809562395213089,-3.4324181665823517e-06,-0.39937486021193963,False,False
2024-08-30,Z03,9.809572303360989,6.526053471844762e-06,-1.144267203663076,False,False
2024-08-31,Z03,9.809559975631176,-6.061648063493408e-06,-0.5000359877053361,False,False
2024-09-01,Z03,9.809562666669445,-3.322469025235364e-06,-0.1980526052251458,False,False
2024-09-02,Z03,9.809559515304137,-6.250840588251094e-06,0.164327453751083,False,False
2024-09-03,Z03,9.809572453266117,6.652986948907369e-06,0.4461786107325934,False,False
2024-09-04,Z03,9.80956055281328,-5.224635605927119e-06,-0.1980526052251458,False,False
2024-09-05,Z03,9.809568692131842,3.207046917808043e-06,-0.7617549191881675,False,False
2024-09-06,Z03,9.809566452755773,6.581247191661532e-07,0.42604638523391447,False,False
2024-09-07,Z03,9.80956652960116,8.484416387233296e-07,0.8085586697088223,False,False
2024-09-08,Z03,9.80955290790865,-1.2697435963104908e-05,-0.47990376220665715,False,False
2024-09-09,Z03,9.809562085056804,-3.0497320651079463e-06,-0.9832093996736412,False,False
2024-09-10,Z03,9.809563646838141,-1.662708873695351e-06,-0.4396393112092984,False,False
2024-09-11,Z03,9.809563675304076,-1.6624822443134235e-06,-0.1779203797264669,False,False
2024-09-12,Z03,9.809568800475569,3.364067925559766e-06,1.1508065031863712,False,False
2024-09-13,Z03,9.809563340475329,-2.2298162516420916e-06,0.7078975422154258,False,False
2024-09-14,Z03,9.809562140594506,-3.507874399844013e-06,0.003269649761647968,False,False
2024-09-15,Z03,9.809556875574131,-8.774181049275853e-06,1.9158310721361866,False,False
2024-09-16,Z03,9.809560463264404,-4.813849193041619e-06,-0.03699480123571079,False,False
2024-09-17,Z03,9.8095646085989,-3.652908056039905e-07,1.4326576601678815,False,False
2024-09-18,Z03,9.809558995667821,-5.886894944850951e-06,1.2313354051810887,False,False
2024-09-19,Z03,9.80956851841513,4.01824764928449e-06,1.1709387286850501,False,False
2024-09-20,Z03,9.80956902595371,4.398187144261101e-06,0.32538525774051713,False,False
2024-09-21,Z03,9.809557399845742,-7.320414150413512e-06,0.12406300275372424,False,False
2024-09-22,Z03,9.809575555353192,1.1243410362737905e-05,0.003269649761647968,False,False
2024-09-23,Z03,9.80955907936521,-5.436464316943557e-06,0.8689553462048608,False,False
2024-09-24,Z03,9.809563237424964,-1.0072508409564307e-06,-0.7818871446868474,False,False
2024-09-25,Z03,9.809554261129188,-9.792290496690725e-06,-0.25844928172118353,False,False
2024-09-26,Z03,9.809575302891085,1.16883117122768e-05,1.674244366152034,False,False
2024-09-27,Z03,9.809558368475258,-5.226534044666664e-06,0.6273686402207083,False,False
2024-09-28,Z03,9.809556257007157,-7.403838136355034e-06,0.9696164736982573,False,False
2024-09-29,Z03,9.809561472438686,-1.983799743143777e-06,-1.2247961056577927,False,False
2024-09-30,Z03,9.809565703750806,2.6085431201749998e-06,-0.4396393112092984,False,False
2024-10-01,Z03,9.809550926561874,-1.2359583134724517e-05,0.34551748323919695,False,False
2024-10-02,Z03,9.809576977103072,1.4082294985229282e-05,-0.03699480123571079,False,False
2024-10-03,Z03,9.809565125358146,1.6484900928759316e-06,-1.2247961056577927,False,False
2024-10-04,Z03,9.809560963590727,-2.2690137271297317e-06,0.7682942187114635,False,False
2024-10-05,Z03,9.80956117241519,-2.0738818466981e-06,1.0904098266903326,False,False
2024-10-06,Z03,9.80956512035181,2.1247119956768756e-06,-0.27858150721986336,False,False
2024-10-07,Z03,9.809576359643614,1.3408417267157802e-05,0.8085586697088223,False,False
2024-10-08,Z03,9.809571940287258,8.661392829623082e-06,2.036624425128264,False,False
2024-10-09,Z03,9.809569887504242,5.974197193836517e-06,1.53331878766128,False,False
2024-10-10,Z03,9.809568395164675,4.221776043422665e-06,-0.23831705622250457,False,False
2024-10-11,Z03,9.809564739342608,4.0767642595085363e-07,-1.1040027526657175,False,False
2024-10-12,Z03,9.809566557315867,2.1901817337521834e-06,0.24485635574580053,False,False
2024-10-13,Z03,9.809566543359436,2.2509972925632837e-06,2.358740033107132,False,False
2024-10-14,Z03,9.809565122749753,7.236248062980621e-07,1.352128758173164,False,False
2024-10-15,Z03,9.809576913356894,1.2414826770168474e-05,0.003269649761647968,False,False
2024-10-16,Z03,9.809560127149634,-5.039306580911784e-06,1.5735832386586377,False,False
2024-10-17,Z03,9.809568316756728,3.1615043383226293e-06,1.1709387286850501,False,False
2024-10-18,Z03,9.809574990990978,9.71213332690013e-06,-1.9092917726128917,False,False
2024-10-19,Z03,9.80956990370455,4.0916694619141936e-06,1.0702776011916537,False,False
2024-10-20,Z03,9.809563975030427,-1.8831809764918717e-06,0.12406300275372424,False,False
2024-10-21,Z03,9.80955887953398,-6.810313312399785e-06,-0.8624160466815649,False,False
2024-10-22,Z03,9.80957186056814,6.121397904124137e-06,0.10393077725504442,False,False
2024-10-23,Z03,9.809572807749959,7.191739227252469e-06,0.42604638523391447,False,False
2024-10-24,Z03,9.809554246603094,-1.182702046342854e-05,-0.8020193701855263,False,False
2024-10-25,Z03,9.809568194684214,2.420754720233731e-06,-0.11752370323042831,False,False
2024-10-26,Z03,9.809551420771252,-1.4817610077599852e-05,-0.33897818371590105,False,False
2024-10-27,Z03,9.809569838163403,4.395852737815176e-06,0.8085586697088223,False,False
2024-10-28,Z03,9.809568334808034,2.510174427428069e-06,-0.2987137327185423,False,False
2024-10-29,Z03,9.809556301967671,-9.925259298881883e-06,-1.7079695176260978,False,False
2024-10-30,Z03,9.809561648651318,-4.406226615571995e-06,-0.4396393112092984,False,False
2024-10-31,Z03,9.809564510670464,-1.4090374858000132e-06,-0.9429449486762824,False,False
2024-11-01,Z03,9.809570102668463,3.7301568909242633e-06,-1.3053250076525102,False,False
2024-11-02,Z03,9.809567528507609,1.385143859167215e-06,1.191070954183731,False,False
2024-11-03,Z03,9.809560384157662,-5.839311070232611e-06,0.8085586697088223,False,False
2024-11-04,Z03,9.809550952430907,-1.5251723390008465e-05,-0.9630771741749613,False,False
2024-11-05,Z03,9.809569289485259,3.4259971020134117e-06,-1.2650605566551516,False,False
2024-11-06,Z03,9.809568090414766,2.087955495611027e-06,-0.09739147773174937,False,False
2024-11-07,Z03,9.80956926043028,3.533611971917594e-06,-1.3254572331511902,False,False
2024-11-08,Z03,9.809563076437918,-2.5610518257224157e-06,-0.23831705622250457,False,False
2024-11-09,Z03,9.809564450158403,-9.602957931065248e-07,0.08379855175636548,False,False
2024-11-10,Z03,9.809566524779482,1.2458254943226166e-06,0.3052530322418382,False,False
2024-11-11,Z03,9.809562579239223,-2.7592293285749747e-06,0.34551748323919695,False,False
2024-11-12,Z03,9.809552802712076,-1.2403153920814702e-05,-0.7818871446868474,False,False
2024-11-13,Z03,9.809567908039893,3.160195475970795e-06,0.08379855175636548,False,False
2024-11-14,Z03,9.80955943325196,-5.4074354611799436e-06,1.2917320816771274,False,False
2024-11-15,Z03,9.809572132427558,7.874410300701129e-06,-2.1106140275996856,False,False
2024-11-16,Z03,9.809569600143416,4.941950228598557e-06,0.32538525774051713,False,False
2024-11-17,Z03,9.809570343614519,5.642641774272761e-06,-1.184531654660435,False,False
2024-11-18,Z03,9.809567158640396,2.612580200178627e-06,1.4125254346692027,False,False
2024-11-19,Z03,9.809565723475446,1.2689173889413041e-06,0.8286908952075012,False,False
2024-11-20,Z03,9.809572630842998,8.118003439250288e-06,0.7884264442101433,False,False
2024-11-21,Z03,9.809550936094528,-1.4035121997935107e-05,-0.8624160466815649,False,False
2024-11-22,Z03,9.809575650566973,1.137683289975655e-05,0.26498858124447944,False,False
2024-11-23,Z03,9.809570358114742,5.9896201030085194e-06,0.3857819342365557,False,False
2024-11-24,Z03,9.809573006005888,8.100460862081604e-06,-2.3924651845811957,False,False
2024-11-25,Z03,9.809583731715827,1.866579341047725e-05,0.14419522825240316,False,False
2024-11-26,Z03,9.80955757591106,-8.567042844020989e-06,0.6273686402207083,False,False
2024-11-27,Z03,9.809553696569246,-1.2037642910911472e-05,-1.4261183606445866,False,False
2024-11-28,Z03,9.809556185393442,-9.060877422584213e-06,0.6072364147220285,False,False
2024-11-29,Z03,9.809573606800702,8.364415645445433e-06,0.10393077725504442,False,False
2024-11-30,Z03,9.809557141854603,-8.499135434547611e-06,1.3923932091705238,False,False
2024-12-01,Z03,9.809549291480291,-1.6103882551021798e-05,-0.41950708571061857,False,False
2024-12-02,Z03,9.809565982558253,1.2809016833870146e-06,0.18445967924976192,False,False
2024-12-03,Z03,9.809570182729821,5.532604896885118e-06,0.34551748323919695,False,False
2024-12-04,Z03,9.809570182729821,5.205985827316795e-06,-2.8152419200534626,False,False
2024-12-05,Z03,9.809555133977781,-1.0483776176073434e-05,-0.3591104092145809,False,False
2024-12-06,Z03,9.809566302861416,1.1569577047509938e-06,0.08379855175636548,False,False
2024-12-07,Z03,9.80956552981364,4.434950398035653e-07,-2.372332959082517,False,False
2024-12-08,Z03,9.809568533485486,3.5715207769015933e-06,0.687765316716746,False,False
2024-12-09,Z03,9.809554292836737,-1.0851029561109726e-05,0.08379855175636548,False,False
2024-12-10,Z03,9.809564913414274,1.081253646617597e-07,0.08379855175636548,False,False
2024-12-11,Z03,9.809568028814898,3.277238162624485e-06,0.7280297677141048,False,False
2024-12-12,Z03,9.809546593833396,-1.8339395861488583e-05,-0.41950708571061857,False,False
2024-12-13,Z03,9.809568373985492,3.6477188576355957e-06,0.043534100759006725,False,False
2024-12-14,Z03,9.809558948350984,-5.793447167334875e-06,0.8689553462048608,False,False
2024-12-15,Z03,9.809584573872202,1.9848237412745107e-05,0.06366632625768566,False,False
2024-12-16,Z03,9.809562420265996,-2.720083614349278e-06,-1.848895096116853,False,False
2024-12-17,Z03,9.809557180578215,-7.720442146919027e-06,0.06366632625768566,False,False
2024-12-18,Z03,9.809566552382073,2.0901295858521962e-06,0.06366632625768566,False,False
2024-12-19,Z03,9.809569205328266,4.7632843926948e-06,0.9092197972022187,False,False
2024-12-20,Z03,9.80957323884613,8.6807404979794e-06,-0.33897818371590105,False,False
2024-12-21,Z03,9.809567705562165,3.1271897587004105e-06,-0.9832093996736412,False,False
2024-12-22,Z03,9.809568004302175,2.8669475131692934e-06,-0.9832093996736412,False,False
2024-12-23,Z03,9.809575950653079,1.1068173909833945e-05,1.4527898856665624,False,False
2024-12-24,Z03,9.80958491643821,1.9847541096851273e-05,0.28512080674315926,False,False
2024-12-25,Z03,9.809561425056824,-4.040854699738361e-06,1.4125254346692027,False,False
2024-12-26,Z03,9.809577436856346,1.271450012296782e-05,1.5534510131599588,False,False
2024-12-27,Z03,9.80957033949719,4.955109458748552e-06,-0.7416226936894886,False,False
2024-12-28,Z03,9.809557628712215,-8.310439783443258e-06,-0.8221515956842061,False,False
2024-12-29,Z03,9.809562234756482,-3.752506140486389e-06,-0.11752370323042831,False,False
2024-12-30,Z03,9.809562168554004,-3.439640478219985e-06,0.6273686402207083,False,False
2024-12-31,Z03,9.809573145878133,7.370127002914728e-06,-1.4059861351459078,False,False
2025-01-01,Z03,9.809569918717148,3.347819424348586e-06,0.46631083623127323,False,False
2025-01-02,Z03,9.809563419432482,-3.282670537174681e-06,0.40591415973523465,False,False
2025-01-03,Z03,9.809581450440065,1.4973780292137917e-05,-1.1241349781643963,False,False
2025-01-04,Z03,9.809560476881996,-6.37536812142514e-06,-1.1040027526657175,False,False
2025-01-05,Z03,9.809553211299152,-1.3819047770979864e-05,0.4461786107325934,False,False
2025-01-06,Z03,9.80955955461615,-7.039345364390215e-06,2.0970211016243008,False,False
2025-01-07,Z03,9.809557363601536,-9.031186730013019e-06,-0.2987137327185423,False,False
2025-01-08,Z03,9.809568261376896,2.2389180944770715e-06,0.32538525774051713,False,False
2025-01-09,Z03,9.809556307017285,-1.0181059518998836e-05,-0.6006971151987334,False,False
2025-01-10,Z03,9.809542089881496,-2.411131541002476e-05,0.24485635574580053,False,False
2025-01-11,Z03,9.80957693233152,1.1595765728955598e-05,-0.6208293406974124,False,False
2025-01-12,Z03,9.809555336940043,-1.1010909020114923e-05,-0.25844928172118353,False,False
2025-01-13,Z03,9.809565928463575,1.5182692436610523e-08,2.4594011606005304,False,False
2025-01-14,Z03,9.809565417784379,-7.281669223146991e-07,0.10393077725504442,False,False
2025-01-15,Z03,9.809561784990434,-3.722424606777963e-06,-1.5670439391353428,False,False
2025-01-16,Z03,9.8095437048613,-2.1781377888885345e-05,0.6475008657193873,False,False
2025-01-17,Z03,9.809574334417624,9.297368999128253e-06,1.1306742776876924,False,False
2025-01-18,Z03,9.809574745079273,9.448629462838198e-06,0.687765316716746,False,False
2025-01-19,Z03,9.809578135440356,1.2654332179451444e-05,-0.1779203797264669,False,False
2025-01-20,Z03,9.809557277333978,-8.36699400608154e-06,-0.9228127231776025,False,False
2025-01-21,Z03,9.809558040294595,-7.2564257820317835e-06,-0.9026804976789237,False,False
2025-01-22,Z03,9.809563481584636,-1.4830021566325513e-06,-0.1779203797264669,False,False
2025-01-23,Z03,9.80956957159476,5.022643582819342e-06,-0.3591104092145809,False,False
2025-01-24,Z03,9.809560149521742,-3.8879346533349235e-06,-0.5604326642013746,False,False
2025-01-25,Z03,9.809570103414412,6.108475851362982e-06,1.2313354051810887,False,False
2025-01-26,Z03,9.80956168493823,-2.0655522661172654e-06,0.9293520227008976,False,False
2025-01-27,Z03,9.80956789789501,4.435889811915672e-06,1.2715998561784485,False,False
2025-01-28,Z03,9.809566295790855,2.4914795648811605e-06,-0.7818871446868474,False,False
2025-01-29,Z03,9.809580697924982,1.67582458807658e-05,-0.9228127231776025,False,False
2025-01-30,Z03,9.8095571001579,-7.457166899982326e-06,0.08379855175636548,False,False
2025-01-31,Z03,9.809575221181726,1.11987142652481e-05,0.42604638523391447,False,False
2025-02-01,Z03,9.809565122596,9.233797211294359e-07,0.08379855175636548,False,False
2025-02-02,Z03,9.809571492697074,7.236708677638148e-06,0.34551748323919695,False,False
2025-02-03,Z03,9.809582965217738,1.9041154105892133e-05,1.5937154641573166,False,False
2025-02-04,Z03,9.809562773347439,-1.9003273834528045e-06,-0.21818483072382475,False,False
2025-02-05,Z03,9.809571265616796,6.273207031171069e-06,0.8085586697088223,False,False
2025-02-06,Z03,9.809560660526083,-4.722250370292613e-06,0.526707512727311,False,False
2025-02-07,Z03,9.809546022791572,-1.9469882364120394e-05,0.10393077725504442,False,False
2025-02-08,Z03,9.809555876266078,-8.875121682905274e-06,0.7682942187114635,False,False
2025-02-09,Z03,9.809572232156547,7.495127162471249e-06,-0.7617549191881675,False,False
2025-02-10,Z03,9.80955175479431,-1.398697757970524e-05,-0.9630771741749613,False,False
2025-02-11,Z03,9.80957485285728,9.950336632869039e-06,0.4461786107325934,False,False
2025-02-12,Z03,9.809566186768308,6.337170859183061e-07,-1.6475728411300603,False,False
2025-02-13,Z03,9.809553724200068,-1.1837461311614561e-05,0.526707512727311,False,False
2025-02-14,Z03,9.8095792635588,1.4091683564032564e-05,-1.1241349781643963,False,False
2025-02-15,Z03,9.809561509008063,-4.245486119103248e-06,1.53331878766128,False,False
2025-02-16,Z03,9.809554041871717,-1.2306094022918046e-05,-0.39937486021193963,False,False
2025-02-17,Z03,9.8095652944762,-3.770713430384376e-07,1.4729221111652413,False,False
2025-02-18,Z03,9.809568407895124,3.0513676829713177e-06,-0.21818483072382475,False,False
2025-02-19,Z03,9.809570464864414,5.432588478626599e-06,-0.25844928172118353,False,False
2025-02-20,Z03,9.809561053423048,-4.418437233866257e-06,0.8689553462048608,False,False
2025-02-21,Z03,9.809564140647758,-1.4316501388833558e-06,0.3052530322418382,False,False
2025-02-22,Z03,9.80955945498096,-6.139285709139131e-06,-0.057127026734390615,False,False
2025-02-23,Z03,9.80956467513213,-5.819140795892963e-07,-0.39937486021193963,False,False
2025-02-24,Z03,9.809546924612505,-1.848328738240923e-05,-0.39937486021193963,False,False
2025-02-25,Z03,9.809570209070305,5.573797148272774e-06,2.378872258605813,False,False
2025-02-26,Z03,9.809579261523321,1.4342112429233111e-05,-1.687837292127419,False,False
2025-02-27,Z03,9.809576687024505,1.138882600137947e-05,-1.2046638801591139,False,False
2025-02-28,Z03,9.809576864987992,1.122041503442972e-05,1.191070954183731,False,False
2025-03-01,Z03,9.809548436656387,-1.7080152005632954e-05,1.1105420521890135,False,False
2025-03-02,Z03,9.809568922667777,3.6946427695028206e-06,-0.9228127231776025,False,False
2025-03-03,Z03,9.809572028940645,7.010866100998214e-06,-1.7683661941221356,False,False
2025-03-04,Z03,9.809558959462118,-6.288823913180863e-06,1.2917320816771274,False,False
2025-03-05,Z03,9.809567373222134,2.542710600295095e-06,-1.0436060761696788,False,False
2025-03-06,Z03,9.809564560034598,2.4925625119465167e-07,-0.5000359877053361,False,False
2025-03-07,Z03,9.809582748895105,1.8378560520559972e-05,0.10393077725504442,False,False
2025-03-08,Z03,9.809572065151045,7.31204051618306e-06,-1.0838705271670377,False,False
2025-03-09,Z03,9.80956663968647,1.5064217748772535e-06,0.9293520227008976,False,False
2025-03-10,Z03,9.809556855772279,-8.964722246318502e-06,0.0234018752603269,False,False
2025-03-11,Z03,9.809556116095061,-9.73704966966693e-06,-0.8825482721802438,False,False
2025-03-12,Z03,9.80956280365335,-2.5122893294593496e-06,-0.8020193701855263,False,False
2025-03-13,Z03,9.809562408882288,-3.2753556951092833e-06,1.3118643071758063,False,False
2025-03-14,Z03,9.809569524460045,4.255021227805855e-06,-0.27858150721986336,False,False
2025-03-15,Z03,9.809563935196126,-1.4454990804324552e-06,0.6273686402207083,False,False
2025-03-16,Z03,9.809569000574543,3.279512799991835e-06,0.003269649761647968,False,False
2025-03-17,Z03,9.809568131764538,2.7528022705780586e-06,-1.7683661941221356,False,False
2025-03-18,Z03,9.809579909290242,1.4309569426274038e-05,0.7481619932127845,False,False
2025-03-19,Z03,9.80956723304283,7.710747293998566e-07,1.0904098266903326,False,False
2025-03-20,Z03,9.80956499316991,-1.5334170768710464e-06,1.8554343956401482,False,False
2025-03-21,Z03,9.809549239433776,-1.7173329037944995e-05,-1.9092917726128917,False,False
2025-03-22,Z03,9.809573300300356,7.5950518976242165e-06,-3.1776219790296913,False,False
2025-03-23,Z03,9.80955833187199,-7.781605711798534e-06,0.6475008657193873,False,False
2025-03-24,Z03,9.809568064299159,2.144447314833542e-06,-0.6006971151987334,False,False
2025-03-25,Z03,9.809568716757619,2.509928501481795e-06,-1.4462505861432664,False,False
2025-03-26,Z03,9.809555298535335,-1.1043014634282144e-05,0.10393077725504442,False,False
2025-03-27,Z03,9.80955795920265,-8.661478078764162e-06,-0.4396393112092984,False,False
2025-03-28,Z03,9.809561456448197,-4.75590360871081e-06,-1.2851927821538314,False,False
2025-03-29,Z03,9.809565987599646,3.6875034403749396e-07,-0.07725925223306955,False,False
2025-03-30,Z03,9.809575086802134,9.824600327945632e-06,0.5669719637246697,False,False
2025-03-31,Z03,9.809562693002745,-2.509926201099688e-06,0.18445967924976192,False,False
2025-04-01,Z03,9.809565163718215,-5.144222754438488e-07,0.18445967924976192,False,False
2025-04-02,Z03,9.80956977010368,4.217261508898673e-06,0.4461786107325934,False,False
2025-04-03,Z03,9.809576441871696,1.096432409042336e-05,-1.7079695176260978,False,False
2025-04-04,Z03,9.809562425984375,-3.6343102181035647e-06,-0.057127026734390615,False,False
2025-04-05,Z03,9.809563159417763,-2.735968903877506e-06,0.24485635574580053,False,False
2025-04-06,Z03,9.809576103442774,1.0254743335380567e-05,-0.3792426347132598,False,False
2025-04-07,Z03,9.809554297406248,-1.1329778114799183e-05,-0.8221515956842061,False,False
2025-04-08,Z03,9.80955901975744,-6.015168761308587e-06,-0.7416226936894886,False,False
2025-04-09,Z03,9.809555954683873,-8.82624469333848e-06,-0.2987137327185423,False,False
2025-04-10,Z03,9.809575972858859,1.1221966571994813e-05,0.9293520227008976,False,False
2025-04-11,Z03,9.80957228576442,6.872980005567797e-06,1.53331878766128,False,False
2025-04-12,Z03,9.809564036018344,-1.6928364381385563e-06,1.3319965326744851,False,False
2025-04-13,Z03,9.809569762445705,3.979353055072465e-06,-1.5670439391353428,False,False
2025-04-14,Z03,9.80956825995089,2.4689253823595436e-06,-0.9429449486762824,False,False
2025-04-15,Z03,9.80956320555072,-2.7296332785198274e-06,0.667633091218067,False,False
2025-04-16,Z03,9.80955832155071,-7.420465827578937e-06,1.3118643071758063,False,False
2025-04-17,Z03,9.80957763733251,1.2222323098498578e-05,-0.9630771741749613,False,False
2025-04-18,Z03,9.809561810102611,-3.5291748741173024e-06,0.18445967924976192,False,False
2025-04-19,Z03,9.809571909104742,6.750591929005623e-06,-1.144267203663076,False,False
2025-04-20,Z03,9.809565699359649,3.103156771544491e-07,0.28512080674315926,False,False
2025-04-21,Z03,9.809564435234442,-1.502473725878417e-06,-0.6409615661960921,False,False
2025-04-22,Z03,9.809554889090286,-1.0753115684991599e-05,0.18445967924976192,False,False
2025-04-23,Z03,9.80955214610573,-1.3381340851381651e-05,-1.2247961056577927,False,False
2025-04-24,Z03,9.80956257347365,-2.4233664817074896e-06,-1.6475728411300603,False,False
2025-04-25,Z03,9.809553374389383,-1.1417674619096374e-05,3.1237646020569496,False,False
2025-04-26,Z03,9.809561808673314,-2.919252491295765e-06,0.06366632625768566,False,False
2025-04-27,Z03,9.809557984502419,-6.871739071101501e-06,2.1574177781203394,False,False
2025-04-28,Z03,9.809570493666598,5.753156633758749e-06,1.513186562162599,False,False
2025-04-29,Z03,9.809568030764376,3.14005217738611e-06,-1.6475728411300603,False,False
2025-04-30,Z03,9.809557310739716,-7.344771221440283e-06,0.3656497087378759,False,False
2025-05-01,Z03,9.8095523655652,-1.2110536971476904e-05,-1.3053250076525102,False,False
2025-05-02,Z03,9.809568413013851,4.363516778127519e-06,-0.2987137327185423,False,False
2025-05-03,Z03,9.809565980620954,1.9763602097100375e-06,-1.889159547114212,False,False
2025-05-04,Z03,9.809566698922582,3.0433701976306793e-06,-1.5871761646340217,False,False
2025-05-05,Z03,9.809572715439725,8.917456066015461e-06,-0.8624160466815649,False,False
2025-05-06,Z03,9.809553390181017,-1.0726336705957351e-05,-0.5403004387026948,False,False
2025-05-07,Z03,9.809568482187341,5.122778343746859e-06,0.043534100759006725,False,False
2025-05-08,Z03,9.809557797115179,-6.035119856306892e-06,-1.0436060761696788,False,False
2025-05-09,Z03,9.809561780288991,-2.0111913006104487e-06,0.14419522825240316,False,False
2025-05-10,Z03,9.809574082867348,1.0097200217273894e-05,1.1508065031863712,False,False
2025-05-11,Z03,9.80956141473978,-2.5079276344541768e-06,0.28512080674315926,False,False
2025-05-12,Z03,9.809568849540886,5.289240959882591e-06,-0.057127026734390615,False,False
2025-05-13,Z03,9.809562236931411,-1.4838192665678207e-06,0.34551748323919695,False,False
2025-05-14,Z03,9.809570895204324,7.425304122676835e-06,-1.4462505861432664,False,False
2025-05-15,Z03,9.809561937870932,-1.6198710515169523e-06,0.9696164736982573,False,False
2025-05-16,Z03,9.809564970600393,1.4551144040808595e-06,-1.2046638801591139,False,False
2025-05-17,Z03,9.809562252316436,-1.4848045424287193e-06,1.5735832386586377,False,False
2025-05-18,Z03,9.809566055340563,2.8310534538888987e-06,0.7884264442101433,False,False
2025-05-19,Z03,9.809556243298017,-7.122497024170116e-06,0.5669719637246697,False,False
2025-05-20,Z03,9.80956913416022,6.290558735244645e-06,0.6072364147220285,False,False
2025-05-21,Z03,9.809565116369129,2.158274293506679e-06,0.003269649761647968,False,False
2025-05-22,Z03,9.809568296446237,5.3156469128623485e-06,-0.7818871446868474,False,False
2025-05-23,Z03,9.809567134285588,3.7065743985209565e-06,-0.9429449486762824,False,False
2025-05-24,Z03,9.809565480210763,1.5528935772834984e-06,1.7749054936454325,False,False
2025-05-25,Z03,9.80957034939131,6.325182887678693e-06,0.10393077725504442,False,False
2025-05-26,Z03,9.809564310009753,-2.800320668683298e-07,-1.1241349781643963,False,False
2025-05-27,Z03,9.8095752401385,1.0566718797733188e-05,0.526707512727311,False,False
2025-05-28,Z03,9.809562307871978,-2.94073559459207e-06,0.34551748323919695,False,False
2025-05-29,Z03,9.809562975119562,-2.0006281875595278e-06,-0.3188459582172221,False,False
2025-05-30,Z03,9.809553627590429,-1.1179635826863432e-05,-0.9026804976789237,False,False
2025-05-31,Z03,9.809555648085082,-9.03636953175635e-06,0.7481619932127845,False,False
2025-06-01,Z03,9.809565814267286,1.0203953433318702e-06,0.9494842481995783,False,False
2025-06-02,Z03,9.809555867277833,-8.83996922418362e-06,0.32538525774051713,False,False
2025-06-03,Z03,9.809576589258787,1.2219123167511725e-05,0.08379855175636548,False,False
2025-06-04,Z03,9.80956186739225,-2.8324212415498096e-06,-0.7818871446868474,False,False
2025-06-05,Z03,9.809561026848627,-3.3113632849079977e-06,0.48644306172995216,False,False
2025-06-06,Z03,9.809570824101256,6.231333758321966e-06,-0.6409615661960921,False,False
2025-06-07,Z03,9.809560870297727,-3.8005335678548136e-06,-1.2851927821538314,False,False
2025-06-08,Z03,9.809567716485665,2.9432149499797333e-06,1.1306742776876924,False,False
2025-06-09,Z03,9.809571101682774,6.130538837467725e-06,-1.023473850671,False,False
2025-06-10,Z03,9.80956231050725,-2.561263867661978e-06,-1.9092917726128917,False,False
2025-06-11,Z03,9.8095599673956,-4.9342344325964405e-06,1.3118643071758063,False,False
2025-06-12,Z03,9.809557862405702,-6.743152820121168e-06,-1.7482339686234567,False,False
2025-06-13,Z03,9.809562212332612,-2.2474083873902373e-06,-0.3792426347132598,False,False
2025-06-14,Z03,9.809565667491096,1.4971791557627512e-06,-1.1040027526657175,False,False
2025-06-15,Z03,9.809561446255294,-2.8483773206744445e-06,-0.7214904681908088,False,False
2025-06-16,Z03,9.809564726369942,5.492154979691577e-07,2.2379466801150567,False,False
2025-06-17,Z03,9.809573549331951,9.28970905533788e-06,-0.09739147773174937,False,False
2025-06-18,Z03,9.80956365343843,-8.559841777611155e-07,0.3656497087378759,False,False
2025-06-19,Z03,9.809565354876685,5.984493984811934e-07,0.8085586697088223,False,False
2025-06-20,Z03,9.809560451835159,-4.178616011429881e-06,-0.6409615661960921,False,False
2025-06-21,Z03,9.809566635384275,2.160417571062112e-06,1.0904098266903326,False,False
2025-06-22,Z03,9.809568130961129,3.7113631563556737e-06,0.3857819342365557,False,False
2025-06-23,Z03,9.809556331126606,-8.121693884532988e-06,0.7682942187114635,False,False
2025-06-24,Z03,9.809569781651033,5.633800016724422e-06,-0.7214904681908088,False,False
2025-06-25,Z03,9.809565887447878,1.7585215363880025e-06,0.4461786107325934,False,False
2025-06-26,Z03,9.809565801377047,1.6198694332558716e-06,0.003269649761647968,False,False
2025-06-27,Z03,9.809561126097597,-2.7407846339144726e-06,1.1306742776876924,False,False
2025-06-28,Z03,9.809565238492622,1.4110028700997646e-06,-0.5403004387026948,False,False
2025-06-29,Z03,9.809560600341628,-3.3025938908082253e-06,2.056756650626943,False,False
2025-06-30,Z03,9.809559653547199,-4.481813363099718e-06,0.34551748323919695,False,False
2025-07-01,Z03,9.809570668275311,6.399399348211432e-06,-0.11752370323042831,False,False
2025-07-02,Z03,9.80956186639224,-2.564283992256833e-06,-0.23831705622250457,False,False
2025-07-03,Z03,9.809565551624095,9.209773814689015e-07,0.003269649761647968,False,False
2025-07-04,Z03,9.809555297040973,-8.965684584083533e-06,-0.6208293406974124,False,False
2025-07-05,Z03,9.809562295938468,-1.7477753768702087e-06,0.667633091218067,False,False
2025-07-06,Z03,9.809564397339779,3.113229372075921e-07,-0.016862575737031857,False,False
2025-07-07,Z03,9.809561126004898,-2.7457865598989883e-06,1.9560955231335464,False,False
2025-07-08,Z03,9.809570646688275,6.766373244815327e-06,-0.4396393112092984,False,False
2025-07-09,Z03,9.809574747613516,1.0769625061968213e-05,-0.11752370323042831,False,False
2025-07-10,Z03,9.809565727958496,1.6284390209619914e-06,-0.4396393112092984,False,False
2025-07-11,Z03,9.809556066194713,-8.147239807243523e-06,1.8755666211388289,False,False
2025-07-12,Z03,9.809565030398572,9.470040822634473e-07,-1.4462505861432664,False,False
2025-07-13,Z03,9.80957057180584,6.249478255782037e-06,0.10393077725504442,False,False
2025-07-14,Z03,20.318789173469995,10.509224572493302,0.32538525774051713,True,True
2025-07-15,Z03,20.3187962128155,10.158924161639511,-1.1241349781643963,True,True
2025-07-16,Z03,20.31878917311508,9.808609296387083,2.660723415587323,True,True
2025-07-17,Z03,20.318786749600083,9.458299391313917,-0.9429449486762824,True,True
2025-07-18,Z03,20.318783268620226,9.107988803658456,0.043534100759006725,True,True
2025-07-19,Z03,20.31878563768828,8.757683852220449,1.694376591650715,True,True
2025-07-20,Z03,20.318791174019825,8.407382045791607,-0.3792426347132598,True,True
2025-07-21,Z03,20.318789965205134,8.05707314623743,0.14419522825240316,True,True
2025-07-22,Z03,20.318794394258205,7.706770130963138,-0.33897818371590105,True,True
2025-07-23,Z03,20.318786644433633,7.356454839028663,-0.057127026734390615,True,True
2025-07-24,Z03,20.318793866132665,7.00615438361746,1.0904098266903326,True,True
2025-07-25,Z03,20.318786039690263,6.655839087692337,-0.41950708571061857,True,True
2025-07-26,Z03,9.809564538106585,-4.20368975229942,-2.674316341562707,True,True
2025-07-27,Z03,9.809564529055345,-4.203689719241645,-0.03699480123571079,False,False
2025-07-28,Z03,9.809572751635123,-4.20368161009379,0.06366632625768566,False,False
2025-07-29,Z03,9.809558470553077,-4.203696141613921,0.20459190474844177,False,False
2025-07-30,Z03,9.809570303176502,-4.203684237997544,-0.1779203797264669,False,False
2025-07-31,Z03,9.809559790396348,-4.203695105765343,-0.8624160466815649,False,False
2025-08-01,Z03,9.80956009097664,-4.203694442589082,-0.23831705622250457,False,False
2025-08-02,Z03,9.80956785511628,-4.203686619268925,1.7749054936454325,False,False
2025-08-03,Z03,9.809559916130606,-4.203694635037671,-0.03699480123571079,False,False
2025-08-04,Z03,9.809569608143155,-4.203685096994777,0.667633091218067,False,False
2025-08-05,Z03,9.809564250198868,-4.203690698679221,-1.0436060761696788,False,False
2025-08-06,Z03,9.809567999337501,-4.203686944635889,-0.2987137327185423,False,False
2025-08-07,Z03,9.809564316317362,-4.203690856767116,-1.0033416251723202,False,False
2025-08-08,Z03,9.809554985945134,-4.20369997612698,1.3118643071758063,False,False
2025-08-09,Z03,9.809565551072128,-4.203688752277706,-1.5670439391353428,False,False
2025-08-10,Z03,9.809556265645842,-4.203698031807779,0.3857819342365557,False,False
2025-08-11,Z03,9.809572823000757,-4.203681481101237,0.34551748323919695,False,False
2025-08-12,Z03,9.809567530345786,-4.203687033509613,0.28512080674315926,False,False
2025-08-13,Z03,9.80955776977571,-4.203696692697687,-2.352200733583837,True,False
2025-08-14,Z03,9.809569382131542,-3.853377366885379,-2.030085125604968,False,False
2025-08-15,Z03,9.809569225960166,-3.5030699620339583,0.12406300275372424,False,False
2025-08-16,Z03,9.809567319474406,-3.1527645369478847,-0.9228127231776025,False,False
2025-08-17,Z03,9.809563548858662,-2.8024609932261075,-0.6409615661960921,False,False
2025-08-18,Z03,9.809560862853091,-2.452156355239625,-0.41950708571061857,False,False
2025-08-19,Z03,9.809560715385917,-2.1018490102122946,-1.0637383016683586,False,False
2025-08-20,Z03,9.809555534130604,-1.7515465095131457,-1.2247961056577927,False,False
2025-08-21,Z03,9.809562280116364,-1.401231949158234,0.003269649761647968,False,False
2025-08-22,Z03,9.80957689239401,-1.0509095997425266,-1.9092917726128917,False,False
2025-08-23,Z03,9.809570290162668,-0.7006092102392127,-0.5000359877053361,False,False
2025-08-24,Z03,9.80956171033738,-0.3503103375321679,-0.6610937916947711,False,False
2025-08-25,Z03,9.809569178789602,4.608565150832078e-06,-0.016862575737031857,False,False
2025-08-26,Z03,9.809570703176773,5.978262887396113e-06,2.3990044841044917,False,False
2025-08-27,Z03,9.809557762303706,-7.168414226654818e-06,-0.9832093996736412,False,False
2025-08-28,Z03,9.809561325135837,-3.1059377150199907e-06,0.40591415973523465,False,False
2025-08-29,Z03,9.809567535033096,3.0088067841660404e-06,0.22472413024712068,False,False
2025-08-30,Z03,9.809570132219674,5.698264809339548e-06,0.5669719637246697,False,False
2025-08-31,Z03,9.809559712686761,-5.065995546615909e-06,-0.21818483072382475,False,False
2025-09-01,Z03,9.809564874070736,1.0799809047057352e-07,1.4527898856665624,False,False
2025-09-02,Z03,9.809562899351878,-1.7673525842809568e-06,0.687765316716746,False,False
2025-09-03,Z03,9.809561654769837,-3.1113753351519335e-06,0.7078975422154258,False,False
2025-09-04,Z03,9.809567770441816,3.2694090901230766e-06,-1.4261183606445866,False,False
2025-09-05,Z03,9.809575252127345,1.0633753186439776e-05,0.10393077725504442,False,False
2025-09-06,Z03,9.80955827572318,-6.584410641607974e-06,-0.5000359877053361,False,False
2025-09-07,Z03,9.809567666532121,3.0077514416859685e-06,-0.8624160466815649,False,False
2025-09-08,Z03,9.809567577759895,2.4962929821015223e-06,-0.6208293406974124,False,False
2025-09-09,Z03,9.809565051548592,-9.747457951903016e-08,-0.057127026734390615,False,False
2025-09-10,Z03,9.809566910571094,1.4686844966860235e-06,0.46631083623127323,False,False
2025-09-11,Z03,9.809562922040909,-2.3227646988033257e-06,0.9897486991969362,False,False
2025-09-12,Z03,9.809578556213916,1.3465018469105416e-05,0.9494842481995783,False,False
2025-09-13,Z03,9.80956147079106,-4.313285659307553e-06,0.3052530322418382,False,False
2025-09-14,Z03,9.80956609293365,5.725682807877774e-07,0.06366632625768566,False,False
2025-09-15,Z03,9.80956234585512,-3.0700760333957078e-06,-0.3188459582172221,False,False
2025-09-16,Z03,9.809559944543984,-5.305599858118626e-06,-0.23831705622250457,False,False
2025-09-17,Z03,9.809558364649003,-6.765351017179455e-06,-0.7818871446868474,False,False
2025-09-18,Z03,9.809553683855901,-1.1362870649733736e-05,-0.41950708571061857,False,False
2025-09-19,Z03,9.809565556911885,7.445696681429581e-07,0.3656497087378759,False,False
2025-09-20,Z03,9.809564264119125,-8.823158008652854e-07,1.5534510131599588,False,False
2025-09-21,Z03,9.809565075469463,-1.3709888868618236e-07,-0.13765592872910815,False,False
2025-09-22,Z03,9.809568194364362,3.375693493623544e-06,-0.8020193701855263,False,False
2025-09-23,Z03,9.809554887423479,-9.861387445297964e-06,0.9696164736982573,False,False
2025-09-24,Z03,9.809569832135338,5.3107548776409885e-06,-2.0099529001062884,False,False
2025-09-25,Z03,9.8095564274746,-8.115684050125083e-06,1.0501453756929748,False,False
2025-09-26,Z03,9.809568270914482,4.203612569142479e-06,-1.4462505861432664,False,False
2025-09-27,Z03,9.809563552742828,-8.648461111704364e-07,0.667633091218067,False,False
2025-09-28,Z03,9.809578349639498,1.3857796993477223e-05,-0.47990376220665715,False,False
2025-09-29,Z03,9.809575497971824,1.0645642440465508e-05,0.32538525774051713,False,False
2025-09-30,Z03,9.809569009415522,3.978227733014705e-06,2.0970211016243008,False,False
2025-10-01,Z03,9.809575739076474,1.0397997725064556e-05,-0.842283821182885,False,False
2025-10-02,Z03,9.809562996161254,-2.7070843504617415e-06,-1.0033416251723202,False,False
2025-10-03,Z03,9.809564863391303,-8.430812812321165e-07,0.08379855175636548,False,False
2025-10-04,Z03,9.809563252688156,-2.5607384781523024e-06,1.53331878766128,False,False
2025-10-05,Z03,9.809561661632493,-4.001202352554856e-06,0.18445967924976192,False,False
2025-10-06,Z03,9.809572674485013,7.464666664347419e-06,0.043534100759006725,False,False
2025-10-07,Z03,9.809569440589238,3.7508121586427023e-06,0.164327453751083,False,False
2025-10-08,Z03,9.809575514664424,9.765752107426806e-06,-1.0033416251723202,False,False
2025-10-09,Z03,9.80956238483791,-3.6286378897187888e-06,0.18445967924976192,False,False
2025-10-10,Z03,9.809553438464338,-1.2486121105936832e-05,-0.39937486021193963,False,False
2025-10-11,Z03,9.809572204113723,6.728598503258354e-06,1.3319965326744851,False,False
2025-10-12,Z03,9.80957463750475,8.852587104257736e-06,0.8085586697088223,False,False
2025-10-13,Z03,9.809568881667738,3.2273737318178064e-06,-1.3254572331511902,False,False
2025-10-14,Z03,9.809562319310427,-3.582012803704515e-06,-0.27858150721986336,False,False
2025-10-15,Z03,9.809564138544289,-1.636991500575391e-06,0.526707512727311,False,False
2025-10-16,Z03,9.809571834352063,5.999059968786469e-06,-0.9832093996736412,False,False
2025-10-17,Z03,9.809571838986916,5.607367883797565e-06,-1.0838705271670377,False,False
2025-10-18,Z03,9.809564147048919,-2.5337147064874443e-06,-0.4597715367079773,False,False
2025-10-19,Z03,9.8095672296041,2.0006737244671058e-07,0.34551748323919695,False,False
2025-10-20,Z03,9.80956772952477,6.442316351495947e-07,1.0501453756929748,False,False
2025-10-21,Z03,9.80956606508149,-1.1357251672450275e-06,0.24485635574580053,False,False
2025-10-22,Z03,9.80956447844542,-2.7553483032960457e-06,2.4795333860992095,False,False
2025-10-23,Z03,9.809565253508444,-1.8564213153382525e-06,-0.6812260171934509,False,False
2025-10-24,Z03,9.80957795068932,1.0495223396134179e-05,0.7481619932127845,False,False
2025-10-25,Z03,9.809561254077886,-6.472006505831018e-06,-1.1040027526657175,False,False
2025-10-26,Z03,9.80956466535928,-3.2216118874828226e-06,1.6339799151546763,False,False
2025-10-27,Z03,9.809567138710875,-6.280751172482724e-07,1.372260983671845,False,False
2025-10-28,Z03,9.80955661361776,-1.1272700502829025e-05,0.7280297677141048,False,False
2025-10-29,Z03,9.809558426055121,-8.735729084108357e-06,-1.7482339686234567,False,False
2025-10-30,Z03,9.809574269755638,7.677035323894188e-06,0.7078975422154258,False,False
2025-10-31,Z03,9.80957263329122,5.865226235357568e-06,-0.8221515956842061,False,False
2025-11-01,Z03,9.809564107388605,-2.557150203585934e-06,0.46631083623127323,False,False
2025-11-02,Z03,9.809573199578466,6.49799874530288e-06,-1.4663828116419453,False,False
2025-11-03,Z03,9.809568004387488,1.0249348605384512e-06,0.26498858124447944,False,False
2025-11-04,Z03,9.809562418304765,-4.719537839648069e-06,-0.3591104092145809,False,False
2025-11-05,Z03,9.809567751658026,5.885930107751847e-07,-0.7818871446868474,False,False
2025-11-06,Z03,9.809571353793062,4.354822282337523e-06,0.6072364147220285,False,False
2025-11-07,Z03,9.809565181564688,-1.8811795534645626e-06,-0.057127026734390615,False,False
2025-11-08,Z03,9.809569683162286,2.9648547013039206e-06,-0.1980526052251458,False,False
2025-11-09,Z03,9.809575744753804,8.783168741643976e-06,0.7481619932127845,False,False
2025-11-10,Z03,9.809552199194012,-1.550593403187861e-05,1.9158310721361866,False,False
2025-11-11,Z03,9.80956943639567,2.398098281730654e-06,0.28512080674315926,False,False
2025-11-12,Z03,9.809577177003941,1.0312076856422436e-05,-1.8086306451194945,False,False
2025-11-13,Z03,9.809568695153876,1.553715584634574e-06,-1.5670439391353428,False,False
2025-11-14,Z03,9.809552576285348,-1.477768105750954e-05,0.06366632625768566,False,False
2025-11-15,Z03,9.809558350105654,-8.618452122632903e-06,1.030013150194296,False,False
2025-11-16,Z03,9.809563224709942,-3.2943729522116882e-06,0.14419522825240316,False,False
2025-11-17,Z03,9.809573685959736,7.454019405273016e-06,0.526707512727311,False,False
2025-11-18,Z03,9.809552666616534,-1.3883287488525298e-05,-0.057127026734390615,False,False
2025-11-19,Z03,9.809552520182727,-1.3544288377076441e-05,0.9696164736982573,False,False
2025-11-20,Z03,9.809560867775353,-4.689717684414063e-06,0.6273686402207083,False,False
2025-11-21,Z03,9.809562286837414,-3.0974120850402187e-06,-1.023473850671,False,False
2025-11-22,Z03,9.809557969723146,-7.341472752386835e-06,0.4461786107325934,False,False
2025-11-23,Z03,9.809561871570462,-3.1968325924225383e-06,-1.5469117136366628,False,False
2025-11-24,Z03,9.80956272666364,-1.8057687860562055e-06,0.4461786107325934,False,False
2025-11-25,Z03,9.809578487813233,1.3906294615395609e-05,-0.27858150721986336,False,False
2025-11-26,Z03,9.8095536097349,-1.1432532183164312e-05,0.164327453751083,False,False
2025-11-27,Z03,9.809554662183926,-9.929117290141676e-06,0.32538525774051713,False,False
2025-11-28,Z03,9.809567439565948,2.913312526331424e-06,0.28512080674315926,False,False
2025-11-29,Z03,9.809575346227563,1.0519523778285134e-05,1.4326576601678815,False,False
2025-11-30,Z03,9.809556191123821,-8.671462360609894e-06,0.043534100759006725,False,False
2025-12-01,Z03,9.809560468506708,-3.846007228247572e-06,0.18445967924976192,False,False
2025-12-02,Z03,9.809551716524933,-1.2476692939245027e-05,1.3319965326744851,False,False
2025-12-03,Z03,9.809568006847318,4.529731231883716e-06,1.9158310721361866,False,False
2025-12-04,Z03,9.809570949890913,7.472692832521943e-06,-0.016862575737031857,False,False
2025-12-05,Z03,9.809568477251876,4.715667589749728e-06,-0.5201682132040159,False,False
2025-12-06,Z03,9.809571796018576,8.01024782859372e-06,-0.4597715367079773,False,False
2025-12-07,Z03,9.809555300528128,-8.499983469079098e-06,0.46631083623127323,False,False
2025-12-08,Z03,9.809560036599658,-3.434544055380684e-06,-0.1980526052251458,False,False
2025-12-09,Z03,9.80957645202799,1.330243636310513e-05,-1.7482339686234567,False,False
2025-12-10,Z03,9.809572384796281,9.211628849925546e-06,1.1306742776876924,False,False
2025-12-11,Z03,9.809575670770322,1.1824749481803565e-05,0.8286908952075012,False,False
2025-12-12,Z03,9.809564645529898,5.916965690744291e-07,1.1508065031863712,False,False
2025-12-13,Z03,9.80957330697897,9.67086144321172e-06,1.352128758173164,False,False
2025-12-14,Z03,9.80957045560014,6.6657551087700995e-06,0.20459190474844177,False,False
2025-12-15,Z03,9.809569482196546,5.096374355417765e-06,0.26498858124447944,False,False
2025-12-16,Z03,9.809549792328355,-1.4964563531449926e-05,1.009880924695615,False,False
2025-12-17,Z03,9.80956051307408,-3.7960717520491016e-06,-1.2247961056577927,False,False
2025-12-18,Z03,9.80955881949512,-5.050554525709572e-06,-0.3591104092145809,False,False
2025-12-19,Z03,9.8095727259231,8.650777502339224e-06,-0.057127026734390615,False,False
2025-12-20,Z03,9.809559027877276,-5.720793001984248e-06,0.9293520227008976,False,False
2025-12-21,Z03,9.809558709272666,-5.978067676437604e-06,-0.5403004387026948,False,False
2025-12-22,Z03,9.809552558585736,-1.200950244673038e-05,-0.7214904681908088,False,False
2025-12-23,Z03,9.809557891133707,-6.496583228710051e-06,-0.4396393112092984,False,False
2025-12-24,Z03,9.80958113897427,1.688393855836523e-05,0.46631083623127323,False,False
2025-12-25,Z03,9.809546383904697,-1.848487470113014e-05,-0.057127026734390615,False,False
2025-12-26,Z03,9.809554108788419,-9.689860696937558e-06,-1.4663828116419453,False,False
2025-12-27,Z03,9.809554176923928,-9.638360303654281e-06,-1.2650605566551516,False,False
2025-12-28,Z03,9.809556968323243,-6.830785656219973e-06,0.14419522825240316,False,False
2025-12-29,Z03,9.809565834754913,2.3846874377397853e-06,0.164327453751083,False,False
2025-12-30,Z03,9.809567773919255,4.640900870711562e-06,0.0234018752603269,False,False
2025-12-31,Z03,9.809571170196254,7.651084686699505e-06,-0.47990376220665715,False,False
2023-01-11,Z04,10.934681792553365,-2.7161983011225743e-05,-0.3192235490308357,False,False
2023-01-12,Z04,10.934710638175064,4.1529098702142164e-06,-0.03512366292625138,False,False
2023-01-13,Z04,10.934691932052754,-1.4899288261815968e-05,-1.7194301305462902,False,False
2023-01-14,Z04,10.934690042958369,-1.5642283550221237e-05,-0.9685947172698878,False,False
2023-01-15,Z04,10.934731215181964,2.6647246013311587e-05,1.3042043715667935,False,False
2023-01-16,Z04,10.934728693222624,2.2348803605964918e-05,0.22868337417086396,False,False
2023-01-17,Z04,10.934721036246273,1.3295027029514017e-05,1.2636186735518518,False,False
2023-01-18,Z04,10.934701122058971,-7.401220685210319e-06,1.060690183477149,False,False
2023-01-19,Z04,10.93474364243475,3.553033402070582e-05,-0.2989307000233658,False,False
2023-01-20,Z04,10.93467196091724,-3.802120106932705e-05,-0.278637851015895,False,False
2023-01-21,Z04,10.93470544534023,-2.6357180278324677e-06,0.9998116364547374,False,False
2023-01-22,Z04,10.93471624628146,8.290733585880616e-06,0.7968831463800335,False,False
2023-01-23,Z04,10.934737810806197,2.947840679645708e-05,1.0201044854622072,False,False
2023-01-24,Z04,10.934690999653643,-1.861441561956667e-05,0.005462035088689372,False,False
2023-01-25,Z04,10.934699372135265,-9.466333345642397e-06,0.16780482714845238,False,False
2023-01-26,Z04,10.93469329346594,-1.516634933551586e-05,-0.23805215300095423,False,False
2023-01-27,Z04,10.934694697280872,-1.3179213276259816e-05,-0.03512366292625138,False,False
2023-01-28,Z04,10.934712045302861,4.656927723445392e-06,-0.6642019821578325,False,False
2023-01-29,Z04,10.934693203340421,-1.4351353565089653e-05,-0.0554165119337213,False,False
2023-01-30,Z04,10.934709183716658,2.1238969321046852e-06,-0.13658790796360282,False,False
2023-01-31,Z04,10.934695175409633,-1.1955206655756001e-05,-0.440980643075658,False,False
2023-02-01,Z04,10.934723202659054,1.6657858356694533e-05,0.8374688443949744,False,False
2023-02-02,Z04,10.93472866110908,2.0516462461372953e-05,-1.4150373954342352,False,False
2023-02-03,Z04,10.934709758008967,3.777265362714388e-07,0.3707333172231561,False,False
2023-02-04,Z04,10.93471283748534,4.097007492376292e-06,-0.9077161702474762,False,False
2023-02-05,Z04,10.934723601919606,1.4526038983220246e-05,-0.8265447742175946,False,False
2023-02-06,Z04,10.934735965468693,2.6566086543056144e-05,-0.7453733781877132,False,False
2023-02-07,Z04,10.934715871277989,5.592438391488486e-06,0.5127832602754483,False,False
2023-02-08,Z04,10.934701463295546,-8.776700280321847e-06,-2.26733705374799,False,False
2023-02-09,Z04,10.934722250210486,1.1886535727256842e-05,0.1880976761559232,False,False
2023-02-10,Z04,10.934725521760228,1.5749761251626637e-05,0.06634058211110096,False,False
2023-02-11,Z04,10.934733627511042,2.2397871834556327e-05,-0.9685947172698878,False,False
2023-02-12,Z04,10.934673347949227,-3.864800117803213e-05,0.20839052516339313,False,False
2023-02-13,Z04,10.934725437748657,1.406126836833721e-05,-1.2121089053595313,False,False
2023-02-14,Z04,10.934741541629437,2.8985322805041847e-05,-0.014830813918780553,False,False
2023-02-15,Z04,10.934717331149503,4.4306279551875605e-06,-1.2526946033744721,False,False
2023-02-16,Z04,10.934701866805781,-1.0654979993418578e-05,2.1159183318656067,False,False
2023-02-17,Z04,10.934696541944573,-1.5340859853552047e-05,0.898347391417386,False,False
2023-02-18,Z04,10.934711921655834,1.9152188812654458e-07,0.2692690721858047,False,False
2023-02-19,Z04,10.934698215715143,-1.2457059506587598e-05,-0.9483018682624169,False,False
2023-02-20,Z04,10.93469128800623,-2.0259928350085943e-05,-0.2583450020084251,False,False
2023-02-21,Z04,10.934681977371815,-2.909865163047698e-05,-0.2177593039934843,False,False
2023-02-22,Z04,10.93470691135446,-3.0223719971189666e-06,0.2692690721858047,False,False
2023-02-23,Z04,10.934720298047376,1.1394302642742105e-05,0.4316118642455668,False,False
2023-02-24,Z04,10.934732289124327,2.240876647086054e-05,0.24897622317833387,False,False
2023-02-25,Z04,10.934709172362515,-1.8052283117242496e-06,0.3707333172231561,False,False
2023-02-26,Z04,10.93470481113986,-6.695747519103179e-06,-0.13658790796360282,False,False
2023-02-27,Z04,10.934679605292889,-3.223872312396736e-05,0.3707333172231561,False,False
2023-02-28,Z04,10.934719471013654,8.70833130761639e-06,-0.6236162841428918,False,False
2023-03-01,Z04,10.934717301495075,5.663223621610314e-06,-1.0497661132997693,False,False
2023-03-02,Z04,10.934693652740041,-1.8256124027615783e-05,1.892696992783432,False,False
2023-03-03,Z04,10.934731731060197,1.9872951783739268e-05,0.45190471325303766,False,False
2023-03-04,Z04,10.934707397632131,-4.744756321173327e-06,1.8521112947684921,False,False
2023-03-05,Z04,10.934731874382807,2.044077691998325e-05,-0.2583450020084251,False,False
2023-03-06,Z04,10.93469972500877,-1.2445809579375577e-05,2.4811896140000727,False,False
2023-03-07,Z04,10.934696280794705,-1.545294109206452e-05,0.1069262801260417,False,False
2023-03-08,Z04,10.934715988316531,5.165284898467348e-06,1.1824472775219703,False,False
2023-03-09,Z04,10.934704179379533,-5.977747028040881e-06,0.06634058211110096,False,False
2023-03-10,Z04,10.934707038710416,-2.7286861961073328e-06,0.1880976761559232,False,False
2023-03-11,Z04,10.934734134860538,2.418161676231989e-05,-0.09600220994866206,False,False
2023-03-12,Z04,10.934687391660656,-2.2957738121220927e-05,-0.48156634109059876,False,False
2023-03-13,Z04,10.934683479446537,-2.559894891973613e-05,1.0201044854622072,False,False
2023-03-14,Z04,10.934720052326336,1.2645533027821898e-05,0.0257548840961602,False,False
2023-03-15,Z04,10.93469600908067,-1.295452520899687e-05,0.8780545424099142,False,False
2023-03-16,Z04,10.934683689924709,-2.429272556980777e-05,0.9389330894323258,False,False
2023-03-17,Z04,10.934728233682058,2.2179421938162136e-05,1.4665471636265546,False,False
2023-03-18,Z04,10.9347079936609,1.5759830294115318e-06,0.45190471325303766,False,False
2023-03-19,Z04,10.934695720152828,-1.0901753547898352e-05,-1.5165016404715874,False,False
2023-03-20,Z04,10.934718769640032,1.2175126713032114e-05,-0.2989307000233658,False,False
2023-03-21,Z04,10.934714231959372,7.409179914930064e-06,0.005462035088689372,False,False
2023-03-22,Z04,10.934715638297678,8.281643413710071e-06,0.046047733103630126,False,False
2023-03-23,Z04,10.934710766410351,2.5980797033753333e-06,1.3650829185892033,False,False
2023-03-24,Z04,10.934699916034504,-9.211930761310327e-06,1.1824472775219703,False,False
2023-03-25,Z04,10.93470409572792,-4.7990600133829275e-06,-0.11629505895613289,False,False
2023-03-26,Z04,10.934722457865108,1.4103154489575331e-05,2.501482463007544,False,False
2023-03-27,Z04,10.934687138200529,-2.0888801449459038e-05,-0.3192235490308357,False,False
2023-03-28,Z04,10.934676082055486,-3.121047442533609e-05,-0.23805215300095423,False,False
2023-03-29,Z04,10.934729589166132,2.3254272365491602e-05,-1.09035181131471,False,False
2023-03-30,Z04,10.934715020764186,7.01974131267491e-06,-1.5570873384865282,False,False
2023-03-31,Z04,10.934739177392695,3.132471147004878e-05,-1.1715232073445916,False,False
2023-04-01,Z04,10.934717979153733,9.397275922751192e-06,1.060690183477149,False,False
2023-04-02,Z04,10.934706194630955,-3.198127313197574e-06,0.7765902973725637,False,False
2023-04-03,Z04,10.934708393474976,-1.4806898462893514e-07,-0.8671304722325355,False,False
2023-04-04,Z04,10.934718204314942,9.629576220859803e-06,0.12721912913351163,False,False
2023-04-05,Z04,10.934699490954007,-8.628115786279977e-06,0.8374688443949744,False,False
2023-04-06,Z04,10.934714086996285,5.9757283175088105e-06,-2.0441157146658164,False,False
2023-04-07,Z04,10.934711024454272,2.3196462510810534e-06,1.8318184457610223,False,False
2023-04-08,Z04,10.934694281462237,-1.4257883707458063e-05,1.1012758814920887,False,False
2023-04-09,Z04,10.934705273025754,-2.9363896150158553e-06,0.8577616934024442,False,False
2023-04-10,Z04,10.934716088310775,7.937751563602546e-06,1.243325824544382,False,False
2023-04-11,Z04,10.934706241735693,-1.3072718605400269e-06,-2.0441157146658164,False,False
2023-04-12,Z04,10.934721873886126,1.3696542737307027e-05,-0.19746645498601348,False,False
2023-04-13,Z04,10.934725310125033,1.5852966992468964e-05,1.3042043715667935,False,False
2023-04-14,Z04,10.934706023072065,-3.6093459314656684e-06,0.0257548840961602,False,False
2023-04-15,Z04,10.934694846111874,-1.5120105837596043e-05,0.7765902973725637,False,False
2023-04-16,Z04,10.934726976903937,1.6638813320923873e-05,1.4868400126340264,False,False
2023-04-17,Z04,10.93468848644698,-2.180975103271976e-05,0.7360045993576229,False,False
2023-04-18,Z04,10.934700491475779,-9.154481771744827e-06,-0.23805215300095423,False,False
2023-04-19,Z04,10.934715565307918,5.760306269309012e-06,0.6142475053128007,False,False
2023-04-20,Z04,10.934721140843338,1.1442652761317618e-05,-1.6788444325313505,False,False
2023-04-21,Z04,10.934686808183391,-2.312030331808046e-05,0.5330761092829192,False,False
2023-04-22,Z04,10.934700277231183,-8.690251714682518e-06,0.7765902973725637,False,False
2023-04-23,Z04,10.93470402935069,-4.588492904744612e-06,0.1880976761559232,False,False
2023-04-24,Z04,10.934712751881168,3.9969270346773556e-06,1.2027401265294402,False,False
2023-04-25,Z04,10.934705458835255,-3.5846573194220355e-06,0.3098547702007455,False,False
2023-04-26,Z04,10.93470947742924,1.0005709931704132e-06,0.16780482714845238,False,False
2023-04-27,Z04,10.934713174604575,3.9531053719343845e-06,1.892696992783432,False,False
2023-04-28,Z04,10.934691019490431,-1.9438427074192077e-05,-0.9483018682624169,False,False
2023-04-29,Z04,10.934686415199907,-2.2757061742595397e-05,1.4462543146190847,False,False
2023-04-30,Z04,10.934716304491966,8.08574912625204e-06,1.3650829185892033,False,False
2023-05-01,Z04,10.934698947389228,-8.508923588834705e-06,0.8780545424099142,False,False
2023-05-02,Z04,10.934713159137406,6.337216738927509e-06,-0.3801020960532473,False,False
2023-05-03,Z04,10.934715586299864,8.532228982005563e-06,0.3707333172231561,False,False
2023-05-04,Z04,10.934706148829981,-1.145001728986017e-06,-0.7859590762026539,False,False
2023-05-05,Z04,10.934684538280528,-2.2353701684352245e-05,-0.5424448881130103,False,False
2023-05-06,Z04,10.934708072543426,1.6789836632113975e-06,0.16780482714845238,False,False
2023-05-07,Z04,10.934709664387803,3.4713098031602385e-06,-0.8671304722325355,False,False
2023-05-08,Z04,10.934706595563542,4.478210904323987e-07,-0.2177593039934843,False,False
2023-05-09,Z04,10.934693559321444,-1.2998891051552164e-05,-1.09035181131471,False,False
2023-05-10,Z04,10.93470853509154,2.3673358544584744e-06,0.6954189013426821,False,False
2023-05-11,Z04,10.934708864377054,2.94839534298319e-06,1.6897685027087292,False,False
2023-05-12,Z04,10.934721021738818,1.5018335728811394e-05,2.2579682749178995,False,False
2023-05-13,Z04,10.9347130311399,7.056141720696019e-06,-1.0294732642922984,False,False
2023-05-14,Z04,10.934705921989307,3.5629063255271376e-07,-0.8468376232250655,False,False
2023-05-15,Z04,10.934710257155997,4.694826747808634e-06,-0.014830813918780553,False,False
2023-05-16,Z04,10.934726618667144,2.0542636423925842e-05,0.8577616934024442,False,False
2023-05-17,Z04,10.934695832476985,-1.023161250834903e-05,-0.07570936094119213,False,False
2023-05-18,Z04,10.934718833651063,1.2524693904225614e-05,1.1215687304995587,False,False
2023-05-19,Z04,10.934696849089464,-1.0071273537803904e-05,0.6751260523352113,False,False
2023-05-20,Z04,10.934714167315125,7.870826070899284e-06,-1.6585515835238795,False,False
2023-05-21,Z04,10.934712458793767,6.394755653005291e-06,0.1880976761559232,False,False
2023-05-22,Z04,10.934715439158849,8.52010038698836e-06,-1.11064466032218,False,False
2023-05-23,Z04,10.934722817631389,1.5393175342381937e-05,-0.440980643075658,False,False
2023-05-24,Z04,10.934691076825029,-1.697390704258339e-05,-0.278637851015895,False,False
2023-05-25,Z04,10.93469410281338,-1.3225416820361602e-05,0.898347391417386,False,False
2023-05-26,Z04,10.93471560964777,8.659951632239427e-06,0.1069262801260417,False,False
2023-05-27,Z04,10.934700641988139,-6.512115284351694e-06,-0.3395163980383066,False,False
2023-05-28,Z04,10.934714198737867,7.462388325052416e-06,2.2579682749178995,False,False
2023-05-29,Z04,10.934704471293308,-3.0376978141788413e-06,-0.765666227195184,False,False
2023-05-30,Z04,10.934693885429388,-1.4225431513636977e-05,0.4316118642455668,False,False
2023-05-31,Z04,10.934709931170108,2.567611289805427e-06,0.8171759953875044,False,False
2023-06-01,Z04,10.934717999287807,1.026960296002244e-05,0.3098547702007455,False,False
2023-06-02,Z04,10.93470834486821,4.5384501845546765e-07,-0.765666227195184,False,False
2023-06-03,Z04,10.934723100340127,1.5450697988583784e-05,-0.8265447742175946,False,False
2023-06-04,Z04,10.934706824000985,-1.3906914908545787e-06,0.7765902973725637,False,False
2023-06-05,Z04,10.934714764240088,5.806690264620329e-06,1.2027401265294402,False,False
2023-06-06,Z04,10.934705206426166,-3.974180213361933e-06,0.08663343111857087,False,False
2023-06-07,Z04,10.934693875270995,-1.5156736663968218e-05,-1.1918160563520614,False,False
2023-06-08,Z04,10.934705089632363,-3.518365543797586e-06,0.14751197814098246,False,False
2023-06-09,Z04,10.934712535472714,3.5431311111722152e-06,1.6694756537012594,False,False
2023-06-10,Z04,10.934707130495873,-1.9951917700211652e-06,-0.8874233212400062,False,False
2023-06-11,Z04,10.93470102544562,-8.042445985623203e-06,-0.17717360597854356,False,False
2023-06-12,Z04,10.934694694714562,-1.3706633934518209e-05,0.1880976761559232,False,False
2023-06-13,Z04,10.934714202525216,6.412390895604858e-06,1.243325824544382,False,False
2023-06-14,Z04,10.934719012018368,1.0945866184997044e-05,-0.40039494506071727,False,False
2023-06-15,Z04,10.934711525010231,3.1670293019203655e-06,0.6345403543202706,False,False
2023-06-16,Z04,10.934694268415338,-1.3586443692759076e-05,1.5477185596564362,False,False
2023-06-17,Z04,10.93470517506911,-2.627654533071677e-06,-1.3744516974192944,False,False
2023-06-18,Z04,10.93471049433454,3.1468969616810227e-06,-1.1918160563520614,False,False
2023-06-19,Z04,10.934704824311954,-2.977967128003911e-06,0.046047733103630126,False,False
2023-06-20,Z04,10.934707691928315,2.010826722909087e-07,1.1418615795070304,False,False
2023-06-21,Z04,10.934708358572106,1.0266219785393105e-06,0.4721975622605076,False,False
2023-06-22,Z04,10.934710266432349,3.170501779337087e-06,1.2230329755369118,False,False
2023-06-23,Z04,10.934726563992312,1.988643504269305e-05,-1.597673036501469,False,False
2023-06-24,Z04,10.934703961584095,-3.898878748742618e-06,0.4924904112679784,False,False
2023-06-25,Z04,10.934706838757,-1.3503315337004551e-06,-2.754365429927279,False,False
2023-06-26,Z04,10.934707733405721,-1.6331978613948195e-07,1.4868400126340264,False,False
2023-06-27,Z04,10.934706753919308,-1.3791867861101537e-06,1.3447900695817332,False,False
2023-06-28,Z04,10.93471550266055,7.617715073848785e-06,-0.19746645498601348,False,False
2023-06-29,Z04,10.934703984858896,-4.26779882189976e-06,-2.2064585067255793,False,False
2023-06-30,Z04,10.934689949267947,-1.8640037421135958e-05,-0.07570936094119213,False,False
2023-07-01,Z04,10.934721506803454,1.358356149161466e-05,1.2636186735518518,False,False
2023-07-02,Z04,10.934712413269338,4.373110188637952e-06,0.5533689582903891,False,False
2023-07-03,Z04,10.934701672385447,-6.503387075085243e-06,2.0144540868282554,False,False
2023-07-04,Z04,10.934718510734125,1.104922676020692e-05,-0.15688075697107365,False,False
2023-07-05,Z04,10.934692664073532,-1.5186991603854949e-05,2.197089727895488,False,False
2023-07-06,Z04,10.93469838428627,-8.730106650034486e-06,-1.9223586206209942,False,False
2023-07-07,Z04,10.934705373164197,-1.5138240581080709e-06,-0.6236162841428918,False,False
2023-07-08,Z04,10.9347185011184,1.1230867038136694e-05,-1.1715232073445916,False,False
2023-07-09,Z04,10.934690225388405,-1.7491912492673123e-05,0.8780545424099142,False,False
2023-07-10,Z04,10.934693948487412,-1.3025144006917344e-05,-1.09035181131471,False,False
2023-07-11,Z04,10.934702506506286,-4.0277248523068465e-06,1.1621544285145002,False,False
2023-07-12,Z04,10.934705152527032,-1.4310727927124844e-06,0.8374688443949744,False,False
2023-07-13,Z04,10.93470798035582,1.0481622449987071e-06,0.3098547702007455,False,False
2023-07-14,Z04,10.934701773431804,-4.951356125104667e-06,0.0257548840961602,False,False
2023-07-15,Z04,10.934720210947555,1.4060779177427207e-05,-0.928009019254947,False,False
2023-07-16,Z04,10.93470601075909,-4.2894053109421293e-07,0.7360045993576229,False,False
2023-07-17,Z04,10.934700450422223,-6.3806888555006935e-06,-0.3801020960532473,False,False
2023-07-18,Z04,10.934696262211332,-1.0411411517807778e-05,0.9186402404248558,False,False
2023-07-19,Z04,10.934694014829931,-1.2184388811675717e-05,1.6491828046937893,False,False
2023-07-20,Z04,10.934711864423456,6.025520779218141e-06,-0.17717360597854356,False,False
2023-07-21,Z04,10.934703832375202,-2.1456106438222378e-06,1.4665471636265546,False,False
2023-07-22,Z04,10.934705088880678,-7.382319395787817e-07,0.3301476192082154,False,False
2023-07-23,Z04,10.93469781596938,-7.838558179429356e-06,0.7360045993576229,False,False
2023-07-24,Z04,10.934715994419074,1.1298158943517933e-05,-1.2121089053595313,False,False
2023-07-25,Z04,10.934699237027058,-5.860327570772483e-06,-0.5627377371204803,False,False
2023-07-26,Z04,10.934715685385619,1.0841421987706212e-05,-0.5830305861279511,False,False
2023-07-27,Z04,10.934702080283513,-3.028746116129355e-06,1.4868400126340264,False,False
2023-07-28,Z04,10.934702865632131,-2.087609637158039e-06,-0.2177593039934843,False,False
2023-07-29,Z04,10.934703254765003,-1.2772424842211194e-06,0.7765902973725637,False,False
2023-07-30,Z04,10.93470129186462,-3.215806403389365e-06,0.046047733103630126,False,False
2023-07-31,Z04,10.934695090105997,-9.795651582322762e-06,-0.23805215300095423,False,False
2023-08-01,Z04,10.93470049229331,-3.5129076874085285e-06,-1.3744516974192944,False,False
2023-08-02,Z04,10.93472171692375,1.8109088621542924e-05,-1.800601526576172,False,False
2023-08-03,Z04,10.934714392104745,1.0116118337677449e-05,-0.2177593039934843,False,False
2023-08-04,Z04,10.934699036572857,-5.102125903988508e-06,-0.15688075697107365,False,False
2023-08-05,Z04,10.934715315343645,1.0964228239984664e-05,-0.765666227195184,False,False
2023-08-06,Z04,10.934715243614209,1.0328130224834808e-05,0.2692690721858047,False,False
2023-08-07,Z04,10.934708698178628,3.4536796444939455e-06,2.1159183318656067,False,False
2023-08-08,Z04,10.934722113688256,1.719595393012696e-05,1.6491828046937893,False,False
2023-08-09,Z04,10.934693789255007,-1.219142264652362e-05,0.1069262801260417,False,False
2023-08-10,Z04,10.934705612627422,-3.627424831620374e-07,0.14751197814098246,False,False
2023-08-11,Z04,10.934708933778195,2.854870915669494e-06,0.7360045993576229,False,False
2023-08-12,Z04,10.934710208838938,4.0038899555838725e-06,0.3301476192082154,False,False
2023-08-13,Z04,10.934693625015212,-1.2654216542173913e-05,0.7360045993576229,False,False
2023-08-14,Z04,10.934723274170254,1.7266552386985268e-05,0.3707333172231561,False,False
2023-08-15,Z04,10.934700851432448,-5.258292842924561e-06,0.1880976761559232,False,False
2023-08-16,Z04,10.93471071068521,4.7729374728078255e-06,-0.5830305861279511,False,False
2023-08-17,Z04,10.934690804635276,-1.5475121227126465e-05,0.4316118642455668,False,False
2023-08-18,Z04,10.934710988260013,4.8904227121226995e-06,-2.2267513557330494,False,False
2023-08-19,Z04,10.934709743585486,3.0799671826287067e-06,0.3504404682156853,False,False
2023-08-20,Z04,10.934715479389547,8.88646584229491e-06,-2.0238228656583463,False,False
2023-08-21,Z04,10.93470581816575,-1.1629917668898315e-06,0.3504404682156853,False,False
2023-08-22,Z04,10.934703774545214,-3.2309218020998287e-06,-0.928009019254947,False,False
2023-08-23,Z04,10.934713235931657,6.03184544445412e-06,1.3650829185892033,False,False
2023-08-24,Z04,10.934717093044256,9.980907622164636e-06,0.16780482714845238,False,False
2023-08-25,Z04,10.934712343674466,4.636337260777168e-06,0.06634058211110096,False,False
2023-08-26,Z04,10.934715800661145,8.204714312398664e-06,0.4924904112679784,False,False
2023-08-27,Z04,10.934724078445253,1.602515249921055e-05,-0.8062519252101248,False,False
2023-08-28,Z04,10.934718020980648,9.260594124427257e-06,1.2027401265294402,False,False
2023-08-29,Z04,10.934706306162838,-2.9464308752835677e-06,0.7765902973725637,False,False
2023-08-30,Z04,10.934704515412392,-4.9043245962110404e-06,-0.48156634109059876,False,False
2023-08-31,Z04,10.934685525949222,-2.420796464619457e-05,-1.0091804152848285,False,False
2023-09-01,Z04,10.934704375008804,-4.860026928454886e-06,-0.3598092470457765,False,False
2023-09-02,Z04,10.934695905911134,-1.275106076548127e-05,-0.07570936094119213,False,False
2023-09-03,Z04,10.934710064334812,2.0235693654058196e-06,-1.0700589623072392,False,False
2023-09-04,Z04,10.934711795707967,3.3873504552417444e-06,-0.440980643075658,False,False
2023-09-05,Z04,10.934692924032623,-1.536700369975108e-05,-0.5830305861279511,False,False
2023-09-06,Z04,10.93472419948073,1.665243046033993e-05,-0.17717360597854356,False,False
2023-09-07,Z04,10.934700285831168,-7.77792917361353e-06,-0.17717360597854356,False,False
2023-09-08,Z04,10.934684490211579,-2.2845953523642493e-05,0.5127832602754483,False,False
2023-09-09,Z04,10.934701843508082,-5.182688909144417e-06,0.06634058211110096,False,False
2023-09-10,Z04,10.93471423780988,7.337250202965606e-06,0.4316118642455668,False,False
2023-09-11,Z04,10.934693632085564,-1.3445275170553828e-05,0.2692690721858047,False,False
2023-09-12,Z04,10.934699441916578,-7.082885709053244e-06,-0.17717360597854356,False,False
2023-09-13,Z04,10.934705011753097,-1.7069459037344359e-06,0.7157117503501521,False,False
2023-09-14,Z04,10.934690581184094,-1.552876766552913e-05,-2.754365429927279,False,False
2023-09-15,Z04,10.934717151426856,1.1383816707066785e-05,-0.3395163980383066,False,False
2023-09-16,Z04,10.93471153292612,5.5506245804082255e-06,-0.5627377371204803,False,False
2023-09-17,Z04,10.93471993356093,1.3260316364949176e-05,0.14751197814098246,False,False
2023-09-18,Z04,10.93469259003851,-1.4381382751338379e-05,-0.6236162841428918,False,False
2023-09-19,Z04,10.934700506841782,-5.892794581185967e-06,0.5736618072978599,False,False
2023-09-20,Z04,10.934691096171262,-1.4804380176869358e-05,0.7562974483650928,False,False
2023-09-21,Z04,10.93471576738744,1.0357569149022083e-05,-1.3744516974192944,False,False
2023-09-22,Z04,10.934698136012239,-7.673567456123465e-06,0.24897622317833387,False,False
2023-09-23,Z04,10.93469758322389,-7.72302515805734e-06,-1.2729874523819429,False,False
2023-09-24,Z04,10.934704380930684,-2.749910184007831e-07,0.5127832602754483,False,False
2023-09-25,Z04,10.934721298043794,1.6907546882549696e-05,-0.440980643075658,False,False
2023-09-26,Z04,10.934702510334121,-2.0634088784277083e-06,-0.7859590762026539,False,False
2023-09-27,Z04,10.934704618664195,7.638582317781584e-07,-1.7194301305462902,False,False
2023-09-28,Z04,10.934684353821444,-1.905424063686212e-05,-0.07570936094119213,False,False
2023-09-29,Z04,10.934693282090617,-9.394226749392942e-06,-1.1512303583371206,False,False
2023-09-30,Z04,10.934708081653518,5.779780209991259e-06,-1.4759159424566468,False,False
2023-10-01,Z04,10.93471927899654,1.622526642464095e-05,0.20839052516339313,False,False
2023-10-02,Z04,10.934688462118784,-1.5088410926011875e-05,0.9998116364547374,False,False
2023-10-03,Z04,10.934713166894978,9.864491680389165e-06,0.4316118642455668,False,False
2023-10-04,Z04,10.934703180629045,-2.2519292386391498e-07,-1.435330244441706,False,False
2023-10-05,Z04,10.934687344196908,-1.5774455762951334e-05,-0.11629505895613289,False,False
2023-10-06,Z04,10.934697240670666,-5.691987482236982e-06,0.7157117503501521,False,False
2023-10-07,Z04,10.934720706348815,1.867231766894406e-05,-0.11629505895613289,False,False
2023-10-08,Z04,10.934710300546218,7.585831150791478e-06,0.3504404682156853,False,False
2023-10-09,Z04,10.934679715035719,-2.3860023835808875e-05,-0.42068779406818807,False,False
2023-10-10,Z04,10.934685162072913,-1.7675370896697018e-05,-0.3598092470457765,False,False
2023-10-11,Z04,10.934683123006518,-1.874524605938177e-05,-0.6439091331503618,False,False
2023-10-12,Z04,10.934713669616269,1.215166632562159e-05,0.6548332033277414,False,False
2023-10-13,Z04,10.934716051813655,1.405960705902487e-05,0.7157117503501521,False,False
2023-10-14,Z04,10.934700636785664,-1.7234229527929301e-06,-0.5424448881130103,False,False
2023-10-15,Z04,10.93471643675267,1.3741357332008874e-05,0.7968831463800335,False,False
2023-10-16,Z04,10.934696426861809,-6.244711054037566e-06,-1.4150373954342352,False,False
2023-10-17,Z04,10.934707115802734,4.9477653476515115e-06,-0.15688075697107365,False,False
2023-10-18,Z04,10.93471242560093,1.0684822150608397e-05,-1.3541588484118245,False,False
2023-10-19,Z04,10.934682222216654,-2.017974753876217e-05,-1.1309375093296508,False,False
2023-10-20,Z04,10.934703977358998,2.1848823088532754e-06,-1.3541588484118245,False,False
2023-10-21,Z04,10.934706146385972,3.924536358113073e-06,-0.6439091331503618,False,False
2023-10-22,Z04,10.934698232825662,-3.668323904193471e-06,0.6548332033277414,False,False
2023-10-23,Z04,10.934705888271116,3.983894437453728e-06,-0.0554165119337213,False,False
2023-10-24,Z04,10.934730343436955,2.8162225367722726e-05,-0.5627377371204803,False,False
2023-10-25,Z04,10.93471461000039,1.1563371927536537e-05,-0.15688075697107365,False,False
2023-10-26,Z04,10.934679721913014,-2.310178066800006e-05,-2.064408563673287,False,False
2023-10-27,Z04,10.934721545954211,1.9481874565130397e-05,0.6142475053128007,False,False
2023-10-28,Z04,10.934706302121597,3.67379895216402e-06,-2.24704420474052,False,False
2023-10-29,Z04,10.934701941550875,-1.4183817764745754e-06,-0.6844948311653025,False,False
2023-10-30,Z04,10.934687062024642,-1.6586556682796072e-05,-0.0554165119337213,False,False
2023-10-31,Z04,10.934711072700328,8.124773295037357e-06,0.4721975622605076,False,False
2023-11-01,Z04,10.934694867296454,-7.807087369471333e-06,0.2692690721858047,False,False
2023-11-02,Z04,10.934714142494082,1.125460433648584e-05,-0.014830813918780553,False,False
2023-11-03,Z04,10.934722234506426,1.9314096709521777e-05,1.5071328616414963,False,False
2023-11-04,Z04,10.93472339874613,1.9843207168079857e-05,2.075332633850667,False,False
2023-11-05,Z04,10.934703102747086,-1.6546101839765015e-06,0.0257548840961602,False,False
2023-11-06,Z04,10.93470524031774,2.875579223626801e-07,-0.07570936094119213,False,False
2023-11-07,Z04,10.934701399906777,-3.0373186703513966e-06,-0.13658790796360282,False,False
2023-11-08,Z04,10.934687318641299,-1.6821896167584782e-05,-0.603323435135421,False,False
2023-11-09,Z04,10.934716774544839,1.2380553853219567e-05,0.4113190152380969,False,False
2023-11-10,Z04,10.934716086595724,1.0638855675537684e-05,1.3244972205742633,False,False
2023-11-11,Z04,10.934684797363778,-2.1749162581130577e-05,-2.5108512418376345,False,False
2023-11-12,Z04,10.934703338673431,-2.2454445112174426e-06,-0.13658790796360282,False,False
2023-11-13,Z04,10.934724031433404,1.887108680520555e-05,1.5274257106489662,False,False
2023-11-14,Z04,10.93471287355313,6.933384939955545e-06,0.4316118642455668,False,False
2023-11-15,Z04,10.934716343467546,1.0522072670937632e-05,0.45190471325303766,False,False
2023-11-16,Z04,10.934682629165355,-2.385611637656382e-05,-1.597673036501469,False,False
2023-11-17,Z04,10.93469885567011,-6.81339037633677e-06,0.7360045993576229,False,False
2023-11-18,Z04,10.934704830053667,-3.86675791830271e-07,1.040397334469677,False,False
2023-11-19,Z04,10.934708180735887,2.210411864211892e-06,0.22868337417086396,False,False
2023-11-20,Z04,10.93471740920887,1.1298772282231084e-05,-0.6439091331503618,False,False
2023-11-21,Z04,10.934688104679514,-1.8381184503368786e-05,0.4721975622605076,False,False
2023-11-22,Z04,10.93472981360845,2.36653493050909e-05,-1.0294732642922984,False,False
2023-11-23,Z04,10.934687250947052,-1.9694823336635636e-05,-1.1715232073445916,False,False
2023-11-24,Z04,10.93470021751235,-5.291841711496659e-06,0.8374688443949744,False,False
2023-11-25,Z04,10.934694858941478,-1.0170662980257816e-05,1.1418615795070304,False,False
2023-11-26,Z04,10.934693216672981,-1.2317499093583706e-05,-0.7250805291802432,False,False
2023-11-27,Z04,10.934699807014695,-4.782848005646656e-06,-1.1512303583371206,False,False
2023-11-28,Z04,10.934708660646551,4.287287415749574e-06,-0.8671304722325355,False,False
2023-11-29,Z04,10.934681458547429,-2.3138781564568944e-05,0.22868337417086396,False,False
2023-11-30,Z04,10.934672708720667,-3.170182575118474e-05,-1.1512303583371206,False,False
2023-12-01,Z04,10.934713927769955,1.0796022859693721e-05,1.3244972205742633,False,False
2023-12-02,Z04,10.934733657631023,2.9890534809950964e-05,-0.440980643075658,False,False
2023-12-03,Z04,10.93472704821526,2.2630614481045086e-05,0.3910261662306261,False,False
2023-12-04,Z04,10.934677205598668,-2.73724590709179e-05,-0.7250805291802432,False,False
2023-12-05,Z04,10.934717246890088,1.4208603930754293e-05,0.6142475053128007,False,False
2023-12-06,Z04,10.934687713802765,-1.5795954825037484e-05,0.6954189013426821,False,False
2023-12-07,Z04,10.934698527730932,-4.397809492573401e-06,-1.6788444325313505,False,False
2023-12-08,Z04,10.934731325121154,2.849531992410448e-05,-0.6642019821578325,False,False
2023-12-09,Z04,10.934689037533003,-1.5259150888624617e-05,-0.13658790796360282,False,False
2023-12-10,Z04,10.934691029788105,-1.2342328727044105e-05,-0.5018591900980696,False,False
2023-12-11,Z04,10.93472164552197,1.9108632059783304e-05,0.9186402404248558,False,False
2023-12-12,Z04,10.934708469597869,4.704436019409286e-06,-0.5830305861279511,False,False
2023-12-13,Z04,10.934684196510958,-1.9739681707875434e-05,0.7562974483650928,False,False
2023-12-14,Z04,10.934696409961866,-6.1984000492287805e-06,0.5127832602754483,False,False
2023-12-15,Z04,10.934726183517618,2.4123942079512517e-05,-0.07570936094119213,False,False
2023-12-16,Z04,10.934722582676361,2.0195099152076068e-05,0.7968831463800335,False,False
2023-12-17,Z04,10.934679026969404,-2.4692391505709566e-05,-1.5367944894790575,False,False
2023-12-18,Z04,10.934703938846841,8.804426219199968e-07,-0.03512366292625138,False,False
2023-12-19,Z04,10.934722042156283,1.901345895660711e-05,-0.765666227195184,False,False
2023-12-20,Z04,10.934715147365797,1.1656621124345179e-05,-0.07570936094119213,False,False
2023-12-21,Z04,10.934722385251247,1.8969901343979245e-05,-0.440980643075658,False,False
2023-12-22,Z04,10.934689999028556,-1.4559007071923702e-05,0.08663343111857087,False,False
2023-12-23,Z04,10.93473895404379,3.5723160824119304e-05,0.0257548840961602,False,False
2023-12-24,Z04,10.934712460360144,7.506040621052534e-06,0.16780482714845238,False,False
2023-12-25,Z04,10.934701762496172,-3.59991827814099e-06,0.20839052516339313,False,False
2023-12-26,Z04,10.934727875256568,2.22827236306955e-05,0.6142475053128007,False,False
2023-12-27,Z04,10.934709983196258,3.2353772017046367e-06,-1.2526946033744721,False,False
2023-12-28,Z04,10.93469920634682,-7.88067828949579e-06,0.5330761092829192,False,False
2023-12-29,Z04,10.934691825220211,-1.4946661574199993e-05,-1.5165016404715874,False,False
2023-12-30,Z04,10.93469511842029,-1.1999017255348576e-05,-2.8152439769496898,False,False
2023-12-31,Z04,10.934694204709054,-1.365971847810954e-05,2.034746935835725,False,False
2024-01-01,Z04,10.934707216379401,9.387232324797878e-09,-0.928009019254947,False,False
2024-01-02,Z04,10.934698993124996,-7.332492119260792e-06,-0.42068779406818807,False,False
2024-01-03,Z04,10.934712071235676,6.680788235513546e-06,-1.8614800735985835,False,False
2024-01-04,Z04,10.93469948764377,-7.064991569549761e-06,-0.440980643075658,False,False
2024-01-05,Z04,10.934712186539228,6.225878765420134e-06,0.22868337417086396,False,False
2024-01-06,Z04,10.934696852319988,-9.92409835731678e-06,0.2692690721858047,False,False
2024-01-07,Z04,10.934714383698166,7.663126853074687e-06,-1.1918160563520614,False,False
2024-01-08,Z04,10.93469996689309,-6.188964123410301e-06,-0.42068779406818807,False,False
2024-01-09,Z04,10.934728644534324,2.2124365107956123e-05,0.3910261662306261,False,False
2024-01-10,Z04,10.934682180883915,-2.5593110175137213e-05,0.2692690721858047,False,False
2024-01-11,Z04,10.934710481245357,4.022739201303693e-06,0.14751197814098246,False,False
2024-01-12,Z04,10.934703870355786,-2.655205285861939e-06,0.7968831463800335,False,False
2024-01-13,Z04,10.934686404454595,-2.0776901303420914e-05,-0.07570936094119213,False,False
2024-01-14,Z04,10.93470754602398,6.981849889342584e-07,1.4462543146190847,False,False
2024-01-15,Z04,10.93467685007505,-2.9376514152801292e-05,-0.278637851015895,False,False
2024-01-16,Z04,10.934674465861967,-3.0236307191344736e-05,0.7360045993576229,False,False
2024-01-17,Z04,10.934707776199676,3.2260674327488914e-06,0.7765902973725637,False,False
2024-01-18,Z04,10.934701917561934,-2.760482070485182e-06,-1.6382587345164097,False,False
2024-01-19,Z04,10.934698815133252,-5.192090940298044e-06,0.4721975622605076,False,False
2024-01-20,Z04,10.934700168970474,-3.293845965757214e-06,-0.6236162841428918,False,False
2024-01-21,Z04,10.934695684498065,-7.037775684892722e-06,-0.9888875662773577,False,False
2024-01-22,Z04,10.934732540050431,2.9628261030367753e-05,-0.40039494506071727,False,False
2024-01-23,Z04,10.934720857999947,1.816001032572956e-05,0.1880976761559232,False,False
2024-01-24,Z04,10.934711311112807,8.33320185833486e-06,-1.5570873384865282,False,False
2024-01-25,Z04,10.934725721226753,2.2425028584294182e-05,0.046047733103630126,False,False
2024-01-26,Z04,10.934706708237542,3.483840366413915e-06,-0.19746645498601348,False,False
2024-01-27,Z04,10.934689973668291,-1.314156359377705e-05,1.0809830324846188,False,False
2024-01-28,Z04,10.934731528652948,2.872117701357979e-05,-0.6236162841428918,False,False
2024-01-29,Z04,10.934694801457532,-9.329466161389632e-06,1.2230329755369118,False,False
2024-01-30,Z04,10.934676168145403,-2.7952212864335024e-05,0.4113190152380969,False,False
2024-01-31,Z04,10.9347365535663,3.3034426820677254e-05,-0.014830813918780553,False,False
2024-02-01,Z04,10.934691358928019,-1.313811768888229e-05,1.3244972205742633,False,False
2024-02-02,Z04,10.93471024144482,5.998872344648021e-06,1.9738683888133135,False,False
2024-02-03,Z04,10.934696748860881,-7.432718563293861e-06,-0.19746645498601348,False,False
2024-02-04,Z04,10.93467851007055,-2.5580216135523415e-05,-0.7250805291802432,False,False
2024-02-05,Z04,10.9347441783307,4.1210592971907545e-05,0.45190471325303766,False,False
2024-02-06,Z04,10.934698803100948,-5.742170470668384e-06,-1.4150373954342352,False,False
2024-02-07,Z04,10.934734219509721,3.0193591543437037e-05,-1.293280301389413,False,False
2024-02-08,Z04,10.934684511250405,-2.065642166115822e-05,1.3447900695817332,False,False
2024-02-09,Z04,10.93472815043382,2.445387121774445e-05,0.6142475053128007,False,False
2024-02-10,Z04,10.934704449954518,-7.789264149238306e-07,-0.8468376232250655,False,False
2024-02-11,Z04,10.934714992178328,9.9643404247729e-06,3.2117321782690063,False,False
2024-02-12,Z04,10.93474683848702,4.1439921698582793e-05,-1.3744516974192944,False,False
2024-02-13,Z04,10.93470287971928,-4.533313788357418e-06,0.6548332033277414,False,False
2024-02-14,Z04,10.934714138362926,6.880873346659655e-06,-0.7859590762026539,False,False
2024-02-15,Z04,10.934733871810282,2.5371377772032133e-05,1.8318184457610223,False,False
2024-02-16,Z04,10.934717313355797,6.8327250097866e-06,-0.5221520391055395,False,False
2024-02-17,Z04,10.934713300575154,2.502039164298253e-06,-0.2583450020084251,False,False
2024-02-18,Z04,10.93469441062348,-1.676734628475174e-05,-1.800601526576172,False,False
2024-02-19,Z04,10.934722671908641,1.1640755868569386e-05,2.1362111808730764,False,False
2024-02-20,Z04,10.934707604961218,-4.176289492008323e-06,-0.603323435135421,False,False
2024-02-21,Z04,10.934676629921524,-3.554867795685368e-05,0.5127832602754483,False,False
2024-02-22,Z04,10.93470150474143,-8.810187088315047e-06,0.0257548840961602,False,False
2024-02-23,Z04,10.934700789510721,-8.880309179559731e-06,-0.5424448881130103,False,False
2024-02-24,Z04,10.934689608895319,-1.971020451385641e-05,-2.2267513557330494,False,False
2024-02-25,Z04,10.934690112467862,-1.8002887587798e-05,-0.19746645498601348,False,False
2024-02-26,Z04,10.934710192055231,2.6298921032008593e-06,-0.2583450020084251,False,False
2024-02-27,Z04,10.934685324070012,-2.2912039348454982e-05,0.3504404682156853,False,False
2024-02-28,Z04,10.934672331398643,-3.4364557953026065e-05,2.197089727895488,False,False
2024-02-29,Z04,10.934720440568006,1.4493613372579262e-05,0.6751260523352113,False,False
2024-03-01,Z04,10.934706145566112,-1.2771359383378922e-06,0.898347391417386,False,False
2024-03-02,Z04,10.93469609729018,-1.0311811864838205e-05,-0.278637851015895,False,False
2024-03-03,Z04,10.934733346693958,2.6779646507435473e-05,-1.3135731503968837,False,False
2024-03-04,Z04,10.934695749001113,-1.1588221310532276e-05,-0.2583450020084251,False,False
2024-03-05,Z04,10.93470354900389,-3.7548898728090307e-06,-0.7250805291802432,False,False
2024-03-06,Z04,10.934709779194007,1.6406691312198518e-06,-0.03512366292625138,False,False
2024-03-07,Z04,10.934702753319943,-4.238567042236241e-06,-0.48156634109059876,False,False
2024-03-08,Z04,10.934681828871966,-2.5294688985155744e-05,-1.6788444325313505,False,False
2024-03-09,Z04,10.93469668709477,-8.690111590325955e-06,1.3042043715667935,False,False
2024-03-10,Z04,10.934693745467703,-1.203760013623878e-05,-0.11629505895613289,False,False
2024-03-11,Z04,10.934704640782034,4.5464005893336434e-09,-0.3192235490308357,False,False
2024-03-12,Z04,10.934706432197308,1.789600755586207e-06,-1.09035181131471,False,False
2024-03-13,Z04,10.934694804463811,-9.552800039003273e-06,-0.46127349208312884,False,False
2024-03-14,Z04,10.934728702915528,2.6080119116755895e-05,-0.8468376232250655,False,False
2024-03-15,Z04,10.934691431995207,-1.2051574412197397e-05,-1.1918160563520614,False,False
2024-03-16,Z04,10.934712607568803,9.880878108603497e-06,0.1880976761559232,False,False
2024-03-17,Z04,10.934692385626333,-9.632256311675746e-06,-0.440980643075658,False,False
2024-03-18,Z04,10.934714358505932,1.3171547600165923e-05,0.7765902973725637,False,False
2024-03-19,Z04,10.934683927370545,-1.7294852144189576e-05,-0.3395163980383066,False,False
2024-03-20,Z04,10.934724529997181,2.3657216257078062e-05,0.14751197814098246,False,False
2024-03-21,Z04,10.93467593147051,-2.5003246699739634e-05,0.1069262801260417,False,False
2024-03-22,Z04,10.934704927537917,5.048603728852186e-06,0.4113190152380969,False,False
2024-03-23,Z04,10.93470158284525,7.606571852392108e-07,-0.8265447742175946,False,False
2024-03-24,Z04,10.934692610521738,-8.214269788808792e-06,0.9389330894323258,False,False
2024-03-25,Z04,10.934719110246952,1.855808839401618e-05,-1.1715232073445916,False,False
2024-03-26,Z04,10.934713039946049,1.150440909825079e-05,0.06634058211110096,False,False
2024-03-27,Z04,10.934707895772187,5.59598596616695e-06,-1.1918160563520614,False,False
2024-03-28,Z04,10.934701924542601,-2.9870085072047914e-07,-0.09600220994866206,False,False
2024-03-29,Z04,10.934703840587858,1.0639953202939978e-06,0.9389330894323258,False,False
2024-03-30,Z04,10.934697454841617,-6.372057228531958e-06,0.5939546563053298,False,False
2024-03-31,Z04,10.934726251369446,2.3190661478267316e-05,1.1012758814920887,False,False
2024-04-01,Z04,10.934717371646876,1.3640745462950576e-05,-0.278637851015895,False,False
2024-04-02,Z04,10.934729235187843,2.479514120956594e-05,0.9389330894323258,False,False
2024-04-03,Z04,10.934729357379998,2.5054383568701155e-05,-0.6844948311653025,False,False
2024-04-04,Z04,10.93469669877237,-8.72450335620556e-06,-0.440980643075658,False,False
2024-04-05,Z04,10.934719956343544,1.476140886680355e-05,0.16780482714845238,False,False
2024-04-06,Z04,10.934712002293026,6.468120030689306e-06,0.898347391417386,False,False
2024-04-07,Z04,10.934720354579424,1.4512107329167634e-05,-0.5221520391055395,False,False
2024-04-08,Z04,10.934711155683571,4.029021225093743e-06,0.7360045993576229,False,False
2024-04-09,Z04,10.934698465405347,-9.143543289624745e-06,0.2692690721858047,False,False
2024-04-10,Z04,10.934706295685618,-1.4705942756876311e-06,0.3707333172231561,False,False
2024-04-11,Z04,10.934703848408397,-3.973034949922294e-06,-0.8468376232250655,False,False
2024-04-12,Z04,10.93470559989853,-2.1354185211208687e-06,-0.3598092470457765,False,False
2024-04-13,Z04,10.934694245667067,-1.3849497804585553e-05,-0.07570936094119213,False,False
2024-04-14,Z04,10.93469641961114,-1.0526978785563301e-05,0.3707333172231561,False,False
2024-04-15,Z04,10.934691025415681,-1.608742810788044e-05,-0.7859590762026539,False,False
2024-04-16,Z04,10.934729984179798,2.3590741111689795e-05,-1.293280301389413,False,False
2024-04-17,Z04,10.93470300049091,-4.646232891758473e-06,-2.1455799597031686,False,False
2024-04-18,Z04,10.934719170386868,1.1902263567620253e-05,0.7765902973725637,False,False
2024-04-19,Z04,10.934704207486298,-4.235404214014693e-06,0.9795187874472674,False,False
2024-04-20,Z04,10.934723330397627,1.556492414600541e-05,-2.0035300166508754,False,False
2024-04-21,Z04,10.934688740904122,-2.0604533595758312e-05,0.1069262801260417,False,False
2024-04-22,Z04,10.934716097776786,7.29189352810522e-06,-0.3598092470457765,False,False
2024-04-23,Z04,10.934707061979944,-2.2277343649790282e-06,1.2636186735518518,False,False
2024-04-24,Z04,10.934705060777544,-4.710652040884611e-06,-0.19746645498601348,False,False
2024-04-25,Z04,10.934681295827,-2.800728693586052e-05,0.5736618072978599,False,False
2024-04-26,Z04,10.934688879932155,-1.9365044479968674e-05,-0.40039494506071727,False,False
2024-04-27,Z04,10.934711669135579,4.0580202789186615e-06,-0.6642019821578325,False,False
2024-04-28,Z04,10.934702013550728,-5.922384339385189e-06,0.7968831463800335,False,False
2024-04-29,Z04,10.934685749256168,-2.2125777661585744e-05,1.1215687304995587,False,False
2024-04-30,Z04,10.934692555867521,-1.492898012500632e-05,-1.2526946033744721,False,False
2024-05-01,Z04,10.934698673829109,-7.687835140046673e-06,1.1824472775219703,False,False
2024-05-02,Z04,10.934704332878127,-1.4055255306288927e-06,-0.9685947172698878,False,False
2024-05-03,Z04,10.93469872497386,-6.183352807553888e-06,-2.3485084497778717,False,False
2024-05-04,Z04,10.934705128280362,1.2410339014223837e-06,0.046047733103630126,False,False
2024-05-05,Z04,10.93471233035445,8.162124389698988e-06,0.5330761092829192,False,False
2024-05-06,Z04,10.934710162940679,6.248910255024498e-06,-1.5165016404715874,False,False
2024-05-07,Z04,10.934694619861316,-9.232857363983271e-06,-1.9832371676434057,False,False
2024-05-08,Z04,10.934705698658108,2.7037633660853544e-06,-0.48156634109059876,False,False
2024-05-09,Z04,10.934688170638312,-1.4642355582239475e-05,-0.603323435135421,False,False
2024-05-10,Z04,10.934684445951962,-1.8023883031403898e-05,1.4056686166041448,False,False
2024-05-11,Z04,10.934711453513792,9.712003254946922e-06,0.046047733103630126,False,False
2024-05-12,Z04,10.934717051842934,1.5056828884141282e-05,0.7765902973725637,False,False
2024-05-13,Z04,10.934708669537692,6.29279216113332e-06,0.22868337417086396,False,False
2024-05-14,Z04,10.93470169030046,-1.1672407591589717e-06,1.6085971066788478,False,False
2024-05-15,Z04,10.934699294907912,-3.7383229525289607e-06,-0.8874233212400062,False,False
2024-05-16,Z04,10.93472646018825,2.3151307646074315e-05,-0.0554165119337213,False,False
2024-05-17,Z04,10.934726435231996,2.3243817777185427e-05,-1.5570873384865282,False,False
2024-05-18,Z04,10.934712220878334,8.24830607903948e-06,0.8577616934024442,False,False
2024-05-19,Z04,10.934718725006022,1.4984084051761215e-05,1.1621544285145002,False,False
2024-05-20,Z04,10.934692107692246,-1.211714704929534e-05,0.9186402404248558,False,False
2024-05-21,Z04,10.934716654025355,1.3469942905075527e-05,-0.09600220994866206,False,False
2024-05-22,Z04,10.93471834858533,1.4234065504936666e-05,-1.4759159424566468,False,False
2024-05-23,Z04,10.934707370496142,3.1809493670209577e-06,-0.0554165119337213,False,False
2024-05-24,Z04,10.93470110635724,-3.09347340632371e-06,-0.6642019821578325,False,False
2024-05-25,Z04,10.934710643971405,6.575954767384928e-06,0.9592259384397956,False,False
2024-05-26,Z04,10.934710774220065,5.7279319474190515e-06,-0.40039494506071727,False,False
2024-05-27,Z04,10.934699687892413,-6.088205303456107e-06,-0.42068779406818807,False,False
2024-05-28,Z04,10.934712467200944,7.090478000293388e-06,2.23767542591043,False,False
2024-05-29,Z04,10.934702602235502,-3.122942448641197e-06,0.8374688443949744,False,False
2024-05-30,Z04,10.934705346814754,-9.401291745092522e-07,1.1215687304995587,False,False
2024-05-31,Z04,10.934693516649045,-1.3196659791603338e-05,-0.5018591900980696,False,False
2024-06-01,Z04,10.93470252202254,-4.019380293485142e-06,-1.09035181131471,False,False
2024-06-02,Z04,10.934714588859787,8.107818805669353e-06,1.1012758814920887,False,False
2024-06-03,Z04,10.934687760388096,-1.92494490836026e-05,1.5477185596564362,False,False
2024-06-04,Z04,10.934701693954171,-4.736953265194188e-06,-1.2729874523819429,False,False
2024-06-05,Z04,10.93471445489918,8.378538419506754e-06,-0.5018591900980696,False,False
2024-06-06,Z04,10.934690003508457,-1.621591758649288e-05,-0.9077161702474762,False,False
2024-06-07,Z04,10.93470608537995,1.983233666180695e-08,0.5127832602754483,False,False
2024-06-08,Z04,10.93471609952769,1.0021089346778922e-05,1.1215687304995587,False,False
2024-06-09,Z04,10.934693989774818,-1.301962650579469e-05,-0.3395163980383066,False,False
2024-06-10,Z04,10.934700442341375,-6.885187374905399e-06,-0.3598092470457765,False,False
2024-06-11,Z04,10.934708313263995,1.3527743227825795e-06,-1.9629443186359348,False,False
2024-06-12,Z04,10.934704878126267,-1.7910774392504436e-06,-0.9483018682624169,False,False
2024-06-13,Z04,10.934711945255815,5.402432488921249e-06,1.5477185596564362,False,False
2024-06-14,Z04,10.93471089774899,4.0130938216975665e-06,0.5330761092829192,False,False
2024-06-15,Z04,10.934704216835659,-3.0545808797910468e-06,0.9592259384397956,False,False
2024-06-16,Z04,10.934699132944017,-7.397027436795156e-06,-0.3395163980383066,False,False
2024-06-17,Z04,10.934706257400933,6.375057441943e-07,-0.2583450020084251,False,False
2024-06-18,Z04,10.93471057502915,5.153916543321202e-06,0.046047733103630126,False,False
2024-06-19,Z04,10.934704952023148,-1.9742356194285549e-07,0.3504404682156853,False,False
2024-06-20,Z04,10.934701119497536,-4.4580935387728005e-06,1.4259614656116149,False,False
2024-06-21,Z04,10.934700995840013,-4.063933467080005e-06,-0.6642019821578325,False,False
2024-06-22,Z04,10.934706549758129,2.0684094916845197e-06,-0.11629505895613289,False,False
2024-06-23,Z04,10.93469881440675,-5.639583953609417e-06,-0.7859590762026539,False,False
2024-06-24,Z04,10.934687886260503,-1.6491331848556e-05,-1.9629443186359348,False,False
2024-06-25,Z04,10.934695391844437,-8.227157552553876e-06,0.9592259384397956,False,False
2024-06-26,Z04,10.934698479141014,-4.627115121280667e-06,1.7912327477460805,False,False
2024-06-27,Z04,10.934714041459895,1.097549547424137e-05,0.7968831463800335,False,False
2024-06-28,Z04,10.934687136020237,-1.598241948386203e-05,0.2692690721858047,False,False
2024-06-29,Z04,10.934706729867214,4.126968001116893e-06,1.9129898417909037,False,False
2024-06-30,Z04,10.93471174893325,9.099932288592072e-06,0.4924904112679784,False,False
2024-07-01,Z04,10.93472357046367,2.0313719900855176e-05,0.8374688443949744,False,False
2024-07-02,Z04,10.934695389775314,-8.56858315856357e-06,0.16780482714845238,False,False
2024-07-03,Z04,10.934692075741403,-1.1242647586229282e-05,0.3301476192082154,False,False
2024-07-04,Z04,10.934706180245806,2.7180117072589383e-06,-0.11629505895613289,False,False
2024-07-05,Z04,10.934695155470349,-8.456306806792213e-06,0.8780545424099142,False,False
2024-07-06,Z04,10.934701285435823,-1.6830270350709498e-06,-1.09035181131471,False,False
2024-07-07,Z04,10.934708286468368,4.941941263325589e-06,0.45190471325303766,False,False
2024-07-08,Z04,10.934712736929395,9.31903267620271e-06,-0.8468376232250655,False,False
2024-07-09,Z04,10.934688402081767,-1.4903728342119393e-05,0.5330761092829192,False,False
2024-07-10,Z04,10.934691287749093,-1.1831804583195549e-05,2.4608967649926026,False,False
2024-07-11,Z04,10.934700915905717,-1.8984948795264245e-06,0.7360045993576229,False,False
2024-07-12,Z04,10.934709529918305,6.962096314566679e-06,1.2230329755369118,False,False
2024-07-13,Z04,10.934709659289506,6.9364077841527205e-06,0.9389330894323258,False,False
2024-07-14,Z04,10.934720950603385,1.8303920539253227e-05,-2.3282156007704016,False,False
2024-07-15,Z04,10.934702225890614,-7.558873793556131e-07,-0.11629505895613289,False,False
2024-07-16,Z04,10.934703188254625,2.7284146675299326e-07,0.4721975622605076,False,False
2024-07-17,Z04,10.934724260387803,2.120979762487707e-05,-2.084701412680757,False,False
2024-07-18,Z04,10.934704824539882,1.173850142421884e-06,-0.2583450020084251,False,False
2024-07-19,Z04,10.93470554515302,2.0861462566301725e-06,-0.0554165119337213,False,False
2024-07-20,Z04,10.934699120564986,-4.358212773780679e-06,-1.2324017543670023,False,False
2024-07-21,Z04,10.934696030275305,-7.381871371947568e-06,-0.9483018682624169,False,False
2024-07-22,Z04,10.934728587192764,2.5340564912212926e-05,1.3853757675966731,False,False
2024-07-23,Z04,10.934709589429366,5.60822035922115e-06,-3.606665088241034,False,False
2024-07-24,Z04,10.9347125336014,8.193224971364543e-06,0.3098547702007455,False,False
2024-07-25,Z04,10.934703762985,-1.3989694576110878e-06,1.2027401265294402,False,False
2024-07-26,Z04,10.93470761398954,2.17299706406493e-06,0.005462035088689372,False,False
2024-07-27,Z04,19.811923122412082,8.877217376924655,1.4462543146190847,True,True
2024-07-28,Z04,19.81190528742272,8.581292572570222,-0.40039494506071727,True,True
2024-07-29,Z04,19.811911738874127,8.285391752308211,-0.8874233212400062,True,True
2024-07-30,Z04,19.81190551841522,7.989478698215741,0.0257548840961602,True,True
2024-07-31,Z04,19.811925319299316,7.693592040117103,-0.3598092470457765,True,True
2024-08-01,Z04,19.811911421428782,7.397671417285382,-0.5627377371204803,True,True
2024-08-02,Z04,19.811924444070517,7.1017772388720015,-0.15688075697107365,True,True
2024-08-03,Z04,19.81190599768054,6.805851046871053,-0.7859590762026539,True,True
2024-08-04,Z04,19.811918459635468,6.5099568482448245,-0.8265447742175946,True,True
2024-08-05,Z04,19.811891041153142,6.2140219862903265,-1.11064466032218,True,True
2024-08-06,Z04,19.81190760065555,5.918132220602159,0.45190471325303766,True,True
2024-08-07,Z04,19.811910191327737,5.622228167468105,-0.9888875662773577,True,True
2024-08-08,Z04,19.811903050031816,5.326314444358905,-1.2324017543670023,True,True
2024-08-09,Z04,19.811921232297518,5.03042547169294,-1.0700589623072392,True,True
2024-08-10,Z04,19.81191039196761,4.734506966544753,0.22868337417086396,True,True
2024-08-11,Z04,19.811913486950257,4.438603078992003,0.6954189013426821,True,True
2024-08-12,Z04,19.81192061992228,4.142703413396292,0.7968831463800335,True,True
2024-08-13,Z04,10.934690708394996,-5.030433530152083,0.24897622317833387,False,True
2024-08-14,Z04,10.934702832941028,-5.030420397532438,0.5736618072978599,False,False
2024-08-15,Z04,10.934710487032717,-5.030412763675763,-0.03512366292625138,False,False
2024-08-16,Z04,10.934697400887078,-5.030426093114004,0.4924904112679784,False,False
2024-08-17,Z04,10.93469994266793,-5.030422656016462,0.4721975622605076,False,False
2024-08-18,Z04,10.934708977261215,-5.030413458694111,-0.7047876801727724,False,False
2024-08-19,Z04,10.934695984963891,-5.030426565395041,-1.0700589623072392,False,False
2024-08-20,Z04,10.934700083426716,-5.030422362412182,1.4056686166041448,False,False
2024-08-21,Z04,10.934693983722587,-5.030428597221359,0.14751197814098246,False,False
2024-08-22,Z04,10.93469999723987,-5.030421430255069,1.1012758814920887,False,False
2024-08-23,Z04,10.934699070900384,-5.030422036854905,-1.09035181131471,False,False
2024-08-24,Z04,10.934697497417861,-5.030423161580726,-0.3801020960532473,False,False
2024-08-25,Z04,10.93470352973102,-5.030416920415329,-1.3744516974192944,False,False
2024-08-26,Z04,10.934711019962231,-5.030409294042169,0.6751260523352113,False,False
2024-08-27,Z04,10.934704434954487,-4.7345088089682505,-0.603323435135421,False,False
2024-08-28,Z04,10.934706363127248,-4.4386001857132165,-0.5424448881130103,False,False
2024-08-29,Z04,10.93471004415614,-4.142689658826095,2.0144540868282554,False,False
2024-08-30,Z04,10.934706610014523,-3.846786577159074,0.6954189013426821,False,False
2024-08-31,Z04,10.934693741834971,-3.5508921550291337,0.6954189013426821,False,False
2024-09-01,Z04,10.93470478794521,-3.2549738529324355,-1.1918160563520614,False,False
2024-09-02,Z04,10.934707585310655,-2.959063733696146,-1.8614800735985835,False,False
2024-09-03,Z04,10.934696605367074,-2.6631680998940634,1.0201044854622072,False,False
2024-09-04,Z04,10.934721761862901,-2.367235548255957,-2.24704420474052,False,False
2024-09-05,Z04,10.934708257520013,-2.071343409955837,-0.48156634109059876,False,False
2024-09-06,Z04,10.934712077646644,-1.7754329450580215,-0.8062519252101248,False,False
2024-09-07,Z04,10.934707360555432,-1.4795310583598624,-0.9077161702474762,False,False
2024-09-08,Z04,10.934693014900137,-1.1836388810326124,-0.42068779406818807,False,False
2024-09-09,Z04,10.93470692932744,-0.887717359358728,-1.0497661132997693,False,False
2024-09-10,Z04,10.934697604789534,-0.5918199018086323,-1.2121089053595313,False,False
2024-09-11,Z04,10.934710677940208,-0.29589963258593244,0.2895619211932746,False,False
2024-09-12,Z04,10.934694276344443,-9.03611562819151e-06,1.1012758814920887,False,False
2024-09-13,Z04,10.93471969189993,1.6260508211018987e-05,-1.7397229795537612,False,False
2024-09-14,Z04,10.934703020832796,-9.725242193781014e-07,0.22868337417086396,False,False
2024-09-15,Z04,10.93469659435695,-7.150126737798246e-06,0.5736618072978599,False,False
2024-09-16,Z04,10.934729185862006,2.54682626579239e-05,0.4721975622605076,False,False
2024-09-17,Z04,10.934729349002755,2.4656630269959123e-05,-0.19746645498601348,False,False
2024-09-18,Z04,10.934719648109699,1.427667916331643e-05,-0.5830305861279511,False,False
2024-09-19,Z04,10.934682993051133,-2.3167150928316005e-05,0.7968831463800335,False,False
2024-09-20,Z04,10.934688921842344,-1.6668680530074198e-05,0.3707333172231561,False,False
2024-09-21,Z04,10.934725761453858,2.033966032577439e-05,-1.902065771613524,False,False
2024-09-22,Z04,10.934694014879739,-1.2265720927828738e-05,-0.19746645498601348,False,False
2024-09-23,Z04,10.93471112131891,5.009252264542852e-06,0.08663343111857087,False,False
2024-09-24,Z04,10.934733429631532,2.686343484903375e-05,-1.09035181131471,False,False
2024-09-25,Z04,10.934706646845346,-9.160146881015407e-07,-0.2177593039934843,False,False
2024-09-26,Z04,10.934717404413712,9.987324244065121e-06,0.5330761092829192,False,False
2024-09-27,Z04,10.934703621190522,-4.2282142551641755e-06,-0.8062519252101248,False,False
2024-09-28,Z04,10.93472390739922,1.6149392335407242e-05,0.2692690721858047,False,False
2024-09-29,Z04,10.934709314533919,1.0944189305917007e-06,-0.9685947172698878,False,False
2024-09-30,Z04,10.934715953525085,7.643259449352513e-06,-1.2324017543670023,False,False
2024-10-01,Z04,10.934706251891642,-2.7987636634918545e-06,0.6548332033277414,False,False
2024-10-02,Z04,10.934707882928665,-1.2165248541862184e-06,1.2230329755369118,False,False
2024-10-03,Z04,10.934709254333825,1.4495970468431096e-07,-1.1715232073445916,False,False
2024-10-04,Z04,10.934693088754003,-1.644225234187502e-05,0.9998116364547374,False,False
2024-10-05,Z04,10.934688405099296,-2.0170136751929135e-05,0.005462035088689372,False,False
2024-10-06,Z04,10.934701023120306,-6.890368384304679e-06,-2.2267513557330494,False,False
2024-10-07,Z04,10.934698919882297,-8.625122180916378e-06,-1.435330244441706,False,False
2024-10-08,Z04,10.934701933973425,-5.329675282439439e-06,0.6345403543202706,False,False
2024-10-09,Z04,10.93468182154456,-2.5739406591895886e-05,-1.617965885508939,False,False
2024-10-10,Z04,10.934704203186731,-2.5208383238606302e-06,-0.603323435135421,False,False
2024-10-11,Z04,10.934706868601191,-7.537043700267532e-08,-0.0554165119337213,False,False
2024-10-12,Z04,10.934701048539296,-5.768454366616993e-06,0.4721975622605076,False,False
2024-10-13,Z04,10.93470101475847,-6.027975018696452e-06,0.20839052516339313,False,False
2024-10-14,Z04,10.934715003064548,8.582902438547535e-06,1.6085971066788478,False,False
2024-10-15,Z04,10.934690194790585,-1.662477924746497e-05,-0.8062519252101248,False,False
2024-10-16,Z04,10.934676278148753,-3.0328102200272156e-05,0.12721912913351163,False,False
2024-10-17,Z04,10.934713595037593,8.752377079090934e-06,0.4924904112679784,False,False
2024-10-18,Z04,10.93468330754462,-2.1009983720787773e-05,0.7562974483650928,False,False
2024-10-19,Z04,10.934696144205802,-6.961970369090409e-06,1.1012758814920887,False,False
2024-10-20,Z04,10.934727373948801,2.382940080636331e-05,-0.42068779406818807,False,False
2024-10-21,Z04,10.934727918662974,2.309237809861031e-05,0.6954189013426821,False,False
2024-10-22,Z04,10.934711368792538,6.4706006916992465e-06,-0.9077161702474762,False,False
2024-10-23,Z04,10.93472189967191,1.642301630511156e-05,-0.0554165119337213,False,False
2024-10-24,Z04,10.93472028944712,1.4453513081491565e-05,0.5330761092829192,False,False
2024-10-25,Z04,10.934729725710254,2.432778236283184e-05,1.0201044854622072,False,False
2024-10-26,Z04,10.934696053851258,-1.0113372130859943e-05,0.6142475053128007,False,False
2024-10-27,Z04,10.934716102136987,1.0646599013952596e-05,0.12721912913351163,False,False
2024-10-28,Z04,10.934721197236774,1.5325667252596986e-05,-0.0554165119337213,False,False
2024-10-29,Z04,10.934721277850615,1.5496619839794334e-05,0.5736618072978599,False,False
2024-10-30,Z04,10.934698879997903,-7.300010093302944e-06,2.23767542591043,False,False
2024-10-31,Z04,10.93469004806929,-1.5562821133130456e-05,0.898347391417386,False,False
2024-11-01,Z04,10.934707093468434,2.0227054200461225e-06,0.4113190152380969,False,False
2024-11-02,Z04,10.934721273508803,1.6229061129635625e-05,-1.3541588484118245,False,False
2024-11-03,Z04,10.934697463930645,-7.981156194603045e-06,-0.8265447742175946,False,False
2024-11-04,Z04,10.934690064712935,-1.5526213124061883e-05,-0.2989307000233658,False,False
2024-11-05,Z04,10.93470427176871,-1.374477804461094e-06,0.9592259384397956,False,False
2024-11-06,Z04,10.934692895215578,-1.2859319216573795e-05,-0.928009019254947,False,False
2024-11-07,Z04,10.93472063541319,1.5081700617258775e-05,0.6751260523352113,False,False
2024-11-08,Z04,10.934688174999236,-1.8002094659408385e-05,0.14751197814098246,False,False
2024-11-09,Z04,10.934726152882343,1.9764006625067054e-05,0.3910261662306261,False,False
2024-11-10,Z04,10.934708558199162,1.4376669223992167e-06,-0.19746645498601348,False,False
2024-11-11,Z04,10.934693837581646,-1.333927052371564e-05,-0.5830305861279511,False,False
2024-11-12,Z04,10.934697771635493,-9.164851423548726e-06,-0.9685947172698878,False,False
2024-11-13,Z04,10.934712974991118,6.146608303225776e-06,0.6548332033277414,False,False
2024-11-14,Z04,10.934706373763097,-3.8701727156364996e-07,-0.0554165119337213,False,False
2024-11-15,Z04,10.93469636393138,-1.0936148074236485e-05,-1.0700589623072392,False,False
2024-11-16,Z04,10.934708387596354,4.1799081351712175e-07,0.24897622317833387,False,False
2024-11-17,Z04,10.934705902936733,-1.8930874325917557e-06,3.4958320643735905,False,False
2024-11-18,Z04,10.934708758619081,2.0941517853145797e-07,-0.17717360597854356,False,False
2024-11-19,Z04,10.934716018325831,7.048641485596363e-06,1.710061351716199,False,False
2024-11-20,Z04,10.934699019074403,-9.572089176401732e-06,-2.592022637867516,False,False
2024-11-21,Z04,10.934687658217882,-1.9969626077198654e-05,-0.2583450020084251,False,False
2024-11-22,Z04,10.934722580294991,1.5742803519458448e-05,0.9998116364547374,False,False
2024-11-23,Z04,10.934705820501572,-1.0396773379994784e-06,0.046047733103630126,False,False
2024-11-24,Z04,10.934713775645193,7.397764468564105e-06,-0.6236162841428918,False,False
2024-11-25,Z04,10.934711858635401,6.012423511947418e-06,0.005462035088689372,False,False
2024-11-26,Z04,10.93470845332423,2.0802862028546087e-06,1.0201044854622072,False,False
2024-11-27,Z04,10.934688608892351,-1.7509185250119685e-05,2.197089727895488,False,False
2024-11-28,Z04,10.934740697941011,3.566614155658954e-05,1.1012758814920887,False,False
2024-11-29,Z04,10.934702546236688,-3.13289911169079e-06,-0.48156634109059876,False,False
2024-11-30,Z04,10.934681418930543,-2.4382413217338694e-05,-0.2177593039934843,False,False
2024-12-01,Z04,10.934703397505,-2.1162008003727806e-06,-0.19746645498601348,False,False
2024-12-02,Z04,10.934706081062325,6.905553053826452e-07,-0.8468376232250655,False,False
2024-12-03,Z04,10.934718737717736,1.3853625599580255e-05,-0.13658790796360282,False,False
2024-12-04,Z04,10.934696664916821,-8.928301552302287e-06,-0.2583450020084251,False,False
2024-12-05,Z04,10.934704027482246,-1.78574292419853e-06,-1.1918160563520614,False,False
2024-12-06,Z04,10.934725801017946,1.9995935655714447e-05,0.8780545424099142,False,False
2024-12-07,Z04,10.93471352256834,6.6206259727863426e-06,0.45190471325303766,False,False
2024-12-08,Z04,10.934707389250732,7.244031934305895e-07,-0.6236162841428918,False,False
2024-12-09,Z04,10.934705610523274,-1.6947993142224504e-06,0.16780482714845238,False,False
2024-12-10,Z04,10.934697532224456,-9.088352829422774e-06,-0.9483018682624169,False,False
2024-12-11,Z04,10.934705603030299,-6.500144973387023e-07,-0.5424448881130103,False,False
2024-12-12,Z04,10.934713804306227,7.159079810747926e-06,0.7157117503501521,False,False
2024-12-13,Z04,10.934701204083249,-5.975565526838977e-06,0.5127832602754483,False,False
2024-12-14,Z04,10.934738057573778,3.127028860028247e-05,-0.5018591900980696,False,False
2024-12-15,Z04,10.934676371080606,-3.1472331595949754e-05,0.3504404682156853,False,False
2024-12-16,Z04,10.934707069260691,-1.0772315128804166e-07,-0.0554165119337213,False,False
2024-12-17,Z04,10.934728928988735,2.1795949413316862e-05,-0.9888875662773577,False,False
2024-12-18,Z04,10.934724266220586,1.6365646200000583e-05,-0.13658790796360282,False,False
2024-12-19,Z04,10.934723701816559,1.5284322120834304e-05,0.4721975622605076,False,False
2024-12-20,Z04,10.934726629581776,1.79559709803101e-05,0.3301476192082154,False,False
2024-12-21,Z04,10.934698826952216,-1.0767008825851576e-05,-1.6991372815388204,False,False
2024-12-22,Z04,10.934711112915668,1.1466634806112097e-06,0.1880976761559232,False,False
2024-12-23,Z04,10.934718734281065,9.150274856040141e-06,0.046047733103630126,False,False
2024-12-24,Z04,10.934722808125471,1.2793659944776437e-05,-1.902065771613524,False,False
2024-12-25,Z04,10.934691417722906,-1.8897825293962e-05,-0.7859590762026539,False,False
2024-12-26,Z04,10.934713666552506,4.032368055462143e-06,0.5330761092829192,False,False
2024-12-27,Z04,10.93473399572621,2.4187767483141442e-05,1.4259614656116149,False,False
2024-12-28,Z04,10.934711881998362,5.611451747711271e-07,-1.6382587345164097,False,False
2024-12-29,Z04,10.934718309769025,7.94944725868163e-06,1.0201044854622072,False,False
2024-12-30,Z04,10.93467132345159,-3.9562321255459665e-05,-1.8817729226060533,False,False
2024-12-31,Z04,10.934702275335283,-8.273921597634626e-06,1.4462543146190847,False,False
2025-01-01,Z04,10.934683638390783,-2.6873460438281427e-05,-0.2177593039934843,False,False
2025-01-02,Z04,10.934701916963347,-7.846798826705026e-06,-0.7047876801727724,False,False
2025-01-03,Z04,10.934715673801175,6.47073081694316e-06,0.3910261662306261,False,False
2025-01-04,Z04,10.93468508798291,-2.4748716926481507e-05,-0.9483018682624169,False,False
2025-01-05,Z04,10.934683612322218,-2.559306097538183e-05,0.5533689582903891,False,False
2025-01-06,Z04,10.934739426359538,3.1627266203315685e-05,-0.09600220994866206,False,False
2025-01-07,Z04,10.934684615139785,-2.404741325712223e-05,-3.8501792763306786,False,False
2025-01-08,Z04,10.934698294960677,-9.608455332710264e-06,-0.8062519252101248,False,False
2025-01-09,Z04,10.934700395489921,-7.264074001867016e-06,0.22868337417086396,False,False
2025-01-10,Z04,10.934675918335161,-3.183667094575071e-05,1.1012758814920887,False,False
2025-01-11,Z04,10.934667539913463,-3.92256028050042e-05,0.3707333172231561,False,False
2025-01-12,Z04,10.934685466879673,-1.975649016827674e-05,1.1012758814920887,False,False
2025-01-13,Z04,10.934685288342044,-1.941045434605826e-05,-0.8874233212400062,False,False
2025-01-14,Z04,10.934728748197106,2.580837510812728e-05,0.7562974483650928,False,False
2025-01-15,Z04,10.934706341932479,1.6562065976444273e-06,0.7765902973725637,False,False
2025-01-16,Z04,10.934674721648303,-2.9939833305903107e-05,-1.6382587345164097,False,False
2025-01-17,Z04,10.934722312373028,1.945780276813025e-05,1.1418615795070304,False,False
2025-01-18,Z04,10.934732473091122,2.968364911382082e-05,0.3504404682156853,False,False
2025-01-19,Z04,10.934724481591592,2.1399773766361818e-05,-0.2583450020084251,False,False
2025-01-20,Z04,10.93472464485433,2.163463617499417e-05,-0.278637851015895,False,False
2025-01-21,Z04,10.93469400563083,-9.865184061652599e-06,-1.0294732642922984,False,False
2025-01-22,Z04,10.93470964413375,6.343561686605881e-06,0.6751260523352113,False,False
2025-01-23,Z04,10.934719363868068,1.6366300915393595e-05,0.3301476192082154,False,False
2025-01-24,Z04,10.934694771968,-8.110790574278326e-06,0.6142475053128007,False,False
2025-01-25,Z04,10.934716733327248,1.3738760504367065e-05,0.1069262801260417,False,False
2025-01-26,Z04,10.934716471088315,1.337429574732596e-05,0.22868337417086396,False,False
2025-01-27,Z04,10.93468852166916,-1.3990968810162485e-05,-0.278637851015895,False,False
2025-01-28,Z04,10.934731664992363,2.993103203152714e-05,1.1215687304995587,False,False
2025-01-29,Z04,10.934691336345205,-1.0842789237131e-05,0.6345403543202706,False,False
2025-01-30,Z04,10.934689241067783,-1.3605163111662932e-05,0.20839052516339313,False,False
2025-01-31,Z04,10.934711177648591,8.76589327702959e-06,-0.11629505895613289,False,False
2025-02-01,Z04,10.934737335230443,3.40054998702044e-05,-1.760015828561231,False,False
2025-02-02,Z04,10.934711944998078,7.434658600757871e-06,-1.9832371676434057,False,False
2025-02-03,Z04,10.934713978583574,9.592537534075518e-06,-0.3395163980383066,False,False
2025-02-04,Z04,10.934704692435986,-6.566300747579135e-07,1.3042043715667935,False,False
2025-02-05,Z04,10.934738100855045,3.2049118523502784e-05,-0.6844948311653025,False,False
2025-02-06,Z04,10.934698941673005,-7.065880032186556e-06,-0.6439091331503618,False,False
2025-02-07,Z04,10.934722795907323,1.631080317743283e-05,-0.9685947172698878,False,False
2025-02-08,Z04,10.934706270222195,-1.0315801706184402e-06,-1.293280301389413,False,False
2025-02-09,Z04,10.934683169090025,-2.4328536747830753e-05,-0.9077161702474762,False,False
2025-02-10,Z04,10.9347062911724,-1.4481462038418158e-06,0.3098547702007455,False,False
2025-02-11,Z04,10.934732945890351,2.3914863115592766e-05,-0.48156634109059876,False,False
2025-02-12,Z04,10.934702745160953,-7.868499974250653e-06,-0.5221520391055395,False,False
2025-02-13,Z04,10.934729404305914,1.8208751026094205e-05,-0.603323435135421,False,False
2025-02-14,Z04,10.934678697177281,-3.252024790079133e-05,0.2692690721858047,False,False
2025-02-15,Z04,10.934686313467463,-2.398246587809183e-05,0.4316118642455668,False,False
2025-02-16,Z04,15.044812622825127,4.110101940497813,-1.8614800735985835,True,True
2025-02-17,Z04,15.044800258478826,3.973086565803108,-0.7453733781877132,True,True
2025-02-18,Z04,15.044797870851504,3.836081918662863,-0.0554165119337213,True,True
2025-02-19,Z04,15.044796854000062,3.6990784555027574,0.4721975622605076,True,True
2025-02-20,Z04,15.044806018178136,3.5620852127093077,0.14751197814098246,True,True
2025-02-21,Z04,15.044788117827729,3.425063578607322,0.8577616934024442,True,True
2025-02-22,Z04,15.044803301477405,3.2880761464672013,-1.4150373954342352,True,True
2025-02-23,Z04,15.044813288321604,3.151083335391087,0.45190471325303766,True,True
2025-02-24,Z04,15.044792341293354,3.0140584378177167,2.1159183318656067,True,True
2025-02-25,Z04,15.044786156792636,2.8770497330514644,0.06634058211110096,False,True
2025-02-26,Z04,10.934705501206738,-1.370033245391248,0.1069262801260417,False,True
2025-02-27,Z04,10.934735835524743,-1.3700034770578284,0.5533689582903891,False,False
2025-02-28,Z04,10.934691823423321,-1.3700476281769944,-0.5221520391055395,False,False
2025-03-01,Z04,10.934698709581344,-1.370040758254909,-0.928009019254947,False,False
2025-03-02,Z04,10.93467507633724,-1.3700647071161338,0.08663343111857087,False,False
2025-03-03,Z04,10.934700563807134,-1.3700380162691932,-1.6585515835238795,False,False
2025-03-04,Z04,10.93472758310418,-1.3700097712580348,0.4316118642455668,False,False
2025-03-05,Z04,10.934701488588477,-1.3700363870439425,0.5939546563053298,False,False
2025-03-06,Z04,10.93469420265291,-1.3700432566463405,-1.597673036501469,False,False
2025-03-07,Z04,10.934697295367554,-1.3700398142722587,0.1880976761559232,False,False
2025-03-08,Z04,10.93467886671335,-1.3700568827435475,-0.19746645498601348,False,False
2025-03-09,Z04,10.934706359008826,-1.3700287212827504,1.5274257106489662,False,False
2025-03-10,Z04,10.934692563650279,-1.3700419687446832,1.3447900695817332,False,False
2025-03-11,Z04,10.934735213831521,-1.3699988616777077,0.8780545424099142,False,False
2025-03-12,Z04,10.934731280647277,-1.3700045296866694,1.2636186735518518,False,False
2025-03-13,Z04,10.934710317842256,-1.3700263254741856,-0.3395163980383066,False,False
2025-03-14,Z04,10.934718736863319,-1.370017152184852,0.2895619211932746,False,False
2025-03-15,Z04,10.934721803800647,-1.3700146183042712,-0.23805215300095423,False,False
2025-03-16,Z04,10.934690321965945,-1.3700458467887966,-0.9888875662773577,False,False
2025-03-17,Z04,10.934685761158153,-1.3700507950895435,0.1069262801260417,False,False
2025-03-18,Z04,10.934696716894834,-1.3700398209425533,-0.0554165119337213,False,False
2025-03-19,Z04,10.934709894508494,-1.2330227797978814,-0.17717360597854356,False,False
2025-03-20,Z04,10.934701479767186,-1.0960281824068456,-0.03512366292625138,False,False
2025-03-21,Z04,10.934707206077357,-0.9590192430605313,0.08663343111857087,False,False
2025-03-22,Z04,10.93468109240833,-0.8220423684654694,0.9186402404248558,False,False
2025-03-23,Z04,10.934709846391508,-0.6850094502899626,-0.5627377371204803,False,False
2025-03-24,Z04,10.934691753979585,-0.5480249336540126,-1.2729874523819429,False,False
2025-03-25,Z04,10.934693963786946,-0.41101900559672266,0.7157117503501521,False,False
2025-03-26,Z04,10.934726834024543,-0.273982157874638,0.898347391417386,False,False
2025-03-27,Z04,10.93470404041496,-0.1370027679085961,0.3910261662306261,False,False
2025-03-28,Z04,10.934720517345559,1.6446234594624798e-05,-1.1309375093296508,False,False
2025-03-29,Z04,10.934708964731069,4.393082143394622e-06,-0.11629505895613289,False,False
2025-03-30,Z04,10.934715676340186,1.20003843839811e-05,0.3098547702007455,False,False
2025-03-31,Z04,10.934683075129966,-2.139592306704685e-05,-1.0497661132997693,False,False
2025-04-01,Z04,10.934713628206362,9.678301710280834e-06,-0.7453733781877132,False,False
2025-04-02,Z04,10.934699939740932,-5.295226026547084e-06,-0.11629505895613289,False,False
2025-04-03,Z04,10.934686889534326,-1.8324630424615407e-05,1.2230329755369118,False,False
2025-04-04,Z04,10.934721901024764,1.8043312341120554e-05,0.24897622317833387,False,False
2025-04-05,Z04,10.93471813722489,1.3599097924199555e-05,-0.5627377371204803,False,False
2025-04-06,Z04,10.934719668381186,1.4332435155139933e-05,-0.17717360597854356,False,False
2025-04-07,Z04,10.93468128317794,-2.4798535214642925e-05,-0.6439091331503618,False,False
2025-04-08,Z04,10.934703198052063,-2.9642099068638572e-06,-0.40039494506071727,False,False
2025-04-09,Z04,10.934711532280954,5.475384208253331e-06,0.7562974483650928,False,False
2025-04-10,Z04,10.934717153392574,1.046420813821669e-05,-1.9223586206209942,False,False
2025-04-11,Z04,10.934697170934575,-8.916235229250447e-06,1.3650829185892033,False,False
2025-04-12,Z04,10.934705390348988,4.4016960920600923e-07,2.23767542591043,False,False
2025-04-13,Z04,10.934721455873047,1.6669943443403668e-05,0.1880976761559232,False,False
2025-04-14,Z04,10.934687657893221,-1.7218670041785344e-05,-0.8265447742175946,False,False
2025-04-15,Z04,10.934716922261178,1.3183894829182918e-05,1.2027401265294402,False,False
2025-04-16,Z04,10.934703222913935,-1.402128919636425e-06,0.3098547702007455,False,False
2025-04-17,Z04,10.93469019230387,-1.501479751198076e-05,-0.5018591900980696,False,False
2025-04-18,Z04,10.934704924037787,-6.557722898037355e-08,-0.9685947172698878,False,False
2025-04-19,Z04,10.934714887328218,1.0063395556869636e-05,-0.3801020960532473,False,False
2025-04-20,Z04,10.934700685735468,-4.5851158922971536e-06,0.22868337417086396,False,False
2025-04-21,Z04,10.93469798228325,-7.0712233810610314e-06,0.9389330894323258,False,False
2025-04-22,Z04,10.934694734552895,-1.0881949567220772e-05,0.3098547702007455,False,False
2025-04-23,Z04,10.93469986000632,-5.252768186636558e-06,0.4924904112679784,False,False
2025-04-24,Z04,10.934698221982032,-7.160993368060531e-06,-0.3192235490308357,False,False
2025-04-25,Z04,10.934705606995463,8.208022705957774e-08,0.898347391417386,False,False
2025-04-26,Z04,10.934698336723022,-6.480624577420713e-06,-0.17717360597854356,False,False
2025-04-27,Z04,10.934704875050054,2.478255183291367e-07,1.892696992783432,False,False
2025-04-28,Z04,10.934705748726426,1.6429117408733873e-06,-0.6439091331503618,False,False
2025-04-29,Z04,10.934718354167988,1.4355553457079395e-05,0.4316118642455668,False,False
2025-04-30,Z04,10.934687943797766,-1.6144077690682934e-05,2.23767542591043,False,False
2025-05-01,Z04,10.934717753547666,1.3503383282653658e-05,1.0809830324846188,False,False
2025-05-02,Z04,10.934710301377878,5.913702118220954e-06,0.7765902973725637,False,False
2025-05-03,Z04,10.934701704838357,-3.0282253007385407e-06,0.3301476192082154,False,False
2025-05-04,Z04,10.934702662091553,-2.564815572370094e-06,0.08663343111857087,False,False
2025-05-05,Z04,10.934718491637623,1.3906028272003823e-05,-0.15688075697107365,False,False
2025-05-06,Z04,10.93472482405579,2.022663267986502e-05,-0.5424448881130103,False,False
2025-05-07,Z04,10.93472138072177,1.66114428399311e-05,-1.5367944894790575,False,False
2025-05-08,Z04,10.934715952376454,9.846512730504742e-06,0.6751260523352113,False,False
2025-05-09,Z04,10.934691413635347,-1.5117372523576478e-05,-1.5367944894790575,False,False
2025-05-10,Z04,10.934710135768677,4.275382327278976e-06,0.6954189013426821,False,False
2025-05-11,Z04,10.934709612927488,3.986461933891405e-06,-0.278637851015895,False,False
2025-05-12,Z04,18.203419806999293,7.268713765800642,-0.9483018682624169,True,True
2025-05-13,Z04,18.203420556939225,7.026424035185563,1.4462543146190847,True,True
2025-05-14,Z04,18.20341184652386,6.784125354734661,-1.435330244441706,True,True
2025-05-15,Z04,18.203425330773943,6.541848032697056,-0.6439091331503618,True,True
2025-05-16,Z04,18.20342137060078,6.299553792240131,-0.5627377371204803,True,True
2025-05-17,Z04,18.203412436992142,6.057254253708601,0.16780482714845238,True,True
2025-05-18,Z04,18.20341277926874,5.814963854495588,-0.603323435135421,True,True
2025-05-19,Z04,10.93470015540452,-1.6960390312096632,1.5071328616414963,False,True
2025-05-20,Z04,10.934709361369885,-1.6960293341801762,-1.3744516974192944,False,False
2025-05-21,Z04,10.934707587388386,-1.6960313973494863,4.1654960816201125,False,False
2025-05-22,Z04,10.934726008647122,-1.6960132962609222,-1.0497661132997693,False,False
2025-05-23,Z04,10.93470768861513,-1.6960326587627232,3.0290965372017733,False,False
2025-05-24,Z04,10.934701329869187,-1.696039278462294,1.1418615795070304,False,False
2025-05-25,Z04,10.934699009295002,-1.6960417026327157,-0.09600220994866206,False,False
2025-05-26,Z04,10.934708457744136,-1.6960320342602326,0.24897622317833387,False,False
2025-05-27,Z04,10.934722646267863,-1.6960181831038756,-0.3598092470457765,False,False
2025-05-28,Z04,10.934693569010987,-1.6960478527346776,0.3707333172231561,False,False
2025-05-29,Z04,10.934687213063041,-1.696053802692111,-0.7250805291802432,False,False
2025-05-30,Z04,10.934705135636836,-1.6960348420814846,0.7360045993576229,False,False
2025-05-31,Z04,10.934706928978233,-1.696033621801389,0.20839052516339313,False,False
2025-06-01,Z04,10.93471629098698,-1.696023898973662,-0.9685947172698878,False,False
2025-06-02,Z04,10.934716347843256,-1.6960240417710217,0.45190471325303766,False,False
2025-06-03,Z04,10.934712466695633,-1.6960284110188084,0.3910261662306261,False,False
2025-06-04,Z04,10.934700557261513,-1.6960406472730654,-0.7047876801727724,False,False
2025-06-05,Z04,10.934710488167095,-1.6960301185549458,-0.40039494506071727,False,False
2025-06-06,Z04,10.934695362979138,-1.6960447658799467,0.5533689582903891,False,False
2025-06-07,Z04,10.934699515433161,-1.6960397461678376,1.1418615795070304,False,False
2025-06-08,Z04,10.934702204818597,-1.6960365088842888,-0.11629505895613289,False,False
2025-06-09,Z04,10.934696815813822,-1.6960422575951721,0.9795187874472674,False,False
2025-06-10,Z04,10.934701740964405,-1.6960368884460948,1.2027401265294402,False,False
2025-06-11,Z04,10.934708220650283,-1.6960301463614478,1.3447900695817332,False,False
2025-06-12,Z04,10.934686055417696,-1.4537619253824001,0.45190471325303766,False,False
2025-06-13,Z04,10.934708920849728,-1.2114479098996522,-0.8874233212400062,False,False
2025-06-14,Z04,10.934716790572443,-0.9691499426544663,0.9389330894323258,False,False
2025-06-15,Z04,10.934690334176315,-0.7268861143772103,-0.17717360597854356,False,False
2025-06-16,Z04,10.934718387062638,-0.4845670269434059,0.5330761092829192,False,False
2025-06-17,Z04,10.93471708910387,-0.24227852323785548,-0.603323435135421,False,False
2025-06-18,Z04,10.934706381172948,6.251700508386193e-07,-0.5830305861279511,False,False
2025-06-19,Z04,10.934693634031383,-1.2329497128149569e-05,-0.6844948311653025,False,False
2025-06-20,Z04,10.934723752020004,1.831273610974904e-05,-1.3135731503968837,False,False
2025-06-21,Z04,10.9347027581969,-3.219908048635034e-06,-0.5627377371204803,False,False
2025-06-22,Z04,10.934708016345516,2.813255575162543e-06,-1.0294732642922984,False,False
2025-06-23,Z04,10.934718452098862,1.3238084575206699e-05,0.5939546563053298,False,False
2025-06-24,Z04,10.934691522284904,-1.4262470372727876e-05,-1.0497661132997693,False,False
2025-06-25,Z04,10.934715997304977,1.0462116703635616e-05,-0.6439091331503618,False,False
2025-06-26,Z04,10.93471384085305,8.054346080754726e-06,0.0257548840961602,False,False
2025-06-27,Z04,10.934694073094843,-1.1419898298115072e-05,1.8724041437759622,False,False
2025-06-28,Z04,10.93470398486832,-1.5249276170692383e-06,-0.6844948311653025,False,False
2025-06-29,Z04,10.934704518361466,-1.550494644675382e-06,-1.3744516974192944,False,False
2025-06-30,Z04,10.934717520757951,1.147247768429338e-05,-1.3135731503968837,False,False
2025-07-01,Z04,10.934696159099676,-1.024223991308304e-05,-0.8468376232250655,False,False
2025-07-02,Z04,10.934723658938443,1.792866176408836e-05,-0.6439091331503618,False,False
2025-07-03,Z04,10.934712409693349,6.43571349634442e-06,2.3594325199552513,False,False
2025-07-04,Z04,10.934719648794031,1.3676714255339562e-05,0.9998116364547374,False,False
2025-07-05,Z04,10.934693578426376,-1.3030037816719187e-05,-0.2989307000233658,False,False
2025-07-06,Z04,10.934714967755465,8.922949294998261e-06,1.9129898417909037,False,False
2025-07-07,Z04,10.934694017296051,-1.2681002662162655e-05,-0.603323435135421,False,False
2025-07-08,Z04,10.934713560371758,7.045344281308985e-06,-0.40039494506071727,False,False
2025-07-09,Z04,10.934702295958841,-4.597587073718046e-06,-0.46127349208312884,False,False
2025-07-10,Z04,10.934709656734483,2.5805170675852196e-06,1.060690183477149,False,False
2025-07-11,Z04,10.934698281429526,-9.058646892157185e-06,-0.03512366292625138,False,False
2025-07-12,Z04,10.934715451509794,8.44274073230622e-06,1.5477185596564362,False,False
2025-07-13,Z04,10.934717958095531,9.969456733927018e-06,0.4721975622605076,False,False
2025-07-14,Z04,10.934698661856881,-9.62802344162128e-06,0.9389330894323258,False,False
2025-07-15,Z04,10.934707354691549,-3.308982563510199e-07,-1.8208943755836426,False,False
2025-07-16,Z04,10.934700688466256,-7.5644740569202895e-06,-1.6991372815388204,False,False
2025-07-17,Z04,10.934707127034502,-5.359525996340153e-07,-1.6585515835238795,False,False
2025-07-18,Z04,10.934708165454655,8.345365341000388e-07,-0.40039494506071727,False,False
2025-07-19,Z04,10.934713703370297,6.3129761187497024e-06,-1.5367944894790575,False,False
2025-07-20,Z04,10.934712103720178,4.044348035137091e-06,1.2839115225593216,False,False
2025-07-21,Z04,10.934717292493474,9.621397992987113e-06,-0.17717360597854356,False,False
2025-07-22,Z04,10.934708792965822,6.373937875281399e-07,0.6548332033277414,False,False
2025-07-23,Z04,10.934697536961398,-1.0644497978162804e-05,-0.48156634109059876,False,False
2025-07-24,Z04,10.934715905952103,8.421663975965998e-06,0.8577616934024442,False,False
2025-07-25,Z04,10.934708138962772,-1.5811426301581832e-07,-1.9629443186359348,False,False
2025-07-26,Z04,10.934697668814811,-1.0366317484411525e-05,-0.014830813918780553,False,False
2025-07-27,Z04,10.934699039118021,-8.456946334334248e-06,0.5330761092829192,False,False
2025-07-28,Z04,10.934686796408041,-2.086519041810675e-05,0.6142475053128007,False,False
2025-07-29,Z04,10.934717773113885,1.068446410101842e-05,-0.2989307000233658,False,False
2025-07-30,Z04,10.934723430905272,1.590043040877731e-05,-1.7194301305462902,False,False
2025-07-31,Z04,10.934717407163113,9.679683339314238e-06,1.060690183477149,False,False
2025-08-01,Z04,10.934691940957494,-1.6494791061916203e-05,-0.3801020960532473,False,False
2025-08-02,Z04,10.934691333650042,-1.6044832481298954e-05,-0.278637851015895,False,False
2025-08-03,Z04,10.934694585123639,-1.2090824109023401e-05,2.2782611239253696,False,False
2025-08-04,Z04,10.93470591690556,7.641349242248907e-08,0.12721912913351163,False,False
2025-08-05,Z04,10.934702076354405,-4.175420302843236e-06,-0.5018591900980696,False,False
2025-08-06,Z04,10.93470494862227,-8.734390686271354e-07,-0.5627377371204803,False,False
2025-08-07,Z04,10.93471195787507,5.7714361894056765e-06,0.6751260523352113,False,False
2025-08-08,Z04,10.934709675574556,3.5425522337817483e-06,-0.8062519252101248,False,False
2025-08-09,Z04,10.93469548663742,-1.0892372094062353e-05,0.5533689582903891,False,False
2025-08-10,Z04,10.934705331993763,-5.746791824634556e-07,1.1418615795070304,False,False
2025-08-11,Z04,10.934707861429821,1.719738069283494e-06,-0.0554165119337213,False,False
2025-08-12,Z04,10.934709924660055,4.035970968985225e-06,1.0201044854622072,False,False
2025-08-13,Z04,10.934707208569444,1.587661540014551e-06,-0.03512366292625138,False,False
2025-08-14,Z04,10.934699976591022,-5.929207302912687e-06,-0.6642019821578325,False,False
2025-08-15,Z04,10.934703717407334,-1.9424543040713615e-06,-1.6585515835238795,False,False
2025-08-16,Z04,10.93470142968102,-4.33114532150114e-06,0.3098547702007455,False,False
2025-08-17,Z04,10.934695602012441,-9.968902116241907e-06,0.3301476192082154,False,False
2025-08-18,Z04,10.934701105972406,-4.046160745119209e-06,1.0201044854622072,False,False
2025-08-19,Z04,10.9346892267386,-1.5505481290034595e-05,0.9186402404248558,False,False
2025-08-20,Z04,10.934694442256383,-9.527397452302466e-06,2.1159183318656067,False,False
2025-08-21,Z04,10.934707773505908,4.565526642963391e-06,-0.5627377371204803,False,False
2025-08-22,Z04,10.93470512701333,1.953016061762014e-06,0.3910261662306261,False,False
2025-08-23,Z04,10.934705992780454,2.56578145396702e-06,-0.6642019821578325,False,False
2025-08-24,Z04,10.934693962027783,-9.13453216178084e-06,0.9795187874472674,False,False
2025-08-25,Z04,10.934703461134482,8.371390389783073e-07,-0.9077161702474762,False,False
2025-08-26,Z04,10.934722907133555,2.0090060786515096e-05,0.9592259384397956,False,False
2025-08-27,Z04,10.93471954205395,1.5929380664303494e-05,-0.7250805291802432,False,False
2025-08-28,Z04,10.934709611231074,4.90703625821709e-06,0.7968831463800335,False,False
2025-08-29,Z04,10.934708719075687,4.286943630305018e-06,1.243325824544382,False,False
2025-08-30,Z04,10.93470772318507,3.7814473348163347e-06,-1.5570873384865282,False,False
2025-08-31,Z04,10.934715153735986,1.1534797518919504e-05,-1.3338659994043536,False,False
2025-09-01,Z04,10.934698812533401,-5.58016435014963e-06,0.2692690721858047,False,False
2025-09-02,Z04,10.934712702656961,8.060663096998155e-06,0.14751197814098246,False,False
2025-09-03,Z04,10.934710463759794,5.217848155325555e-06,-0.278637851015895,False,False
2025-09-04,Z04,10.93468240260789,-2.2994865556569266e-05,-0.46127349208312884,False,False
2025-09-05,Z04,10.934713822904364,9.081222463791505e-06,-0.8468376232250655,False,False
2025-09-06,Z04,10.934703311279446,-1.7262118561234274e-06,0.3707333172231561,False,False
2025-09-07,Z04,10.93471268501446,7.935743013831598e-06,-0.9483018682624169,False,False
2025-09-08,Z04,10.934720655915555,1.5806329445311462e-05,0.3910261662306261,False,False
2025-09-09,Z04,10.93469994401319,-5.744548857933296e-06,-0.5627377371204803,False,False
2025-09-10,Z04,10.934714337980719,8.829018023348567e-06,-0.40039494506071727,False,False
2025-09-11,Z04,10.93469464825205,-1.1076595676229317e-05,1.2636186735518518,False,False
2025-09-12,Z04,10.93470118010171,-4.035532414903287e-06,0.9998116364547374,False,False
2025-09-13,Z04,10.934684490462839,-2.052422236076268e-05,-0.9888875662773577,False,False
2025-09-14,Z04,10.934705162507823,6.640268956914497e-07,-0.8671304722325355,False,False
2025-09-15,Z04,10.934723397484987,1.885083404218335e-05,0.8171759953875044,False,False
2025-09-16,Z04,10.934704968297158,-3.10613920362357e-07,-1.435330244441706,False,False
2025-09-17,Z04,10.934690809923477,-1.4781197089419607e-05,1.5071328616414963,False,False
2025-09-18,Z04,10.934702494107867,-2.7538110689562245e-06,0.16780482714845238,False,False
2025-09-19,Z04,10.93472271750066,1.7027336081554267e-05,-0.5627377371204803,False,False
2025-09-20,Z04,10.934706641677785,9.00506336165563e-09,0.046047733103630126,False,False
2025-09-21,Z04,10.934691456045522,-1.5138899595257271e-05,1.4056686166041448,False,False
2025-09-22,Z04,10.934699639315017,-6.499931174630547e-06,-2.1455799597031686,False,False
2025-09-23,Z04,10.934709054355622,3.126891611415772e-06,1.060690183477149,False,False
2025-09-24,Z04,10.934717094570324,1.0664028719631347e-05,1.243325824544382,False,False
2025-09-25,Z04,10.934720270461773,1.3385472309224156e-05,-0.2989307000233658,False,False
2025-09-26,Z04,10.934705136477172,-1.660623233590286e-06,-0.0554165119337213,False,False
2025-09-27,Z04,10.934708861407396,2.5444928830609115e-06,0.16780482714845238,False,False
2025-09-28,Z04,10.93468697459195,-1.9317328439072412e-05,0.7765902973725637,False,False
2025-09-29,Z04,10.934705374374786,-1.9272947859860778e-07,-0.7047876801727724,False,False
2025-09-30,Z04,10.934698445428413,-7.043382176163959e-06,0.005462035088689372,False,False
2025-10-01,Z04,10.93471363762331,8.705756306071066e-06,-0.07570936094119213,False,False
2025-10-02,Z04,10.93469754596842,-7.880068245924576e-06,0.7157117503501521,False,False
2025-10-03,Z04,10.934705534582104,6.137683872253774e-07,2.7449966510971886,False,False
2025-10-04,Z04,10.934709874665675,5.118157883288177e-06,-0.7250805291802432,False,False
2025-10-05,Z04,10.934701375579875,-4.2966631763619034e-06,0.1069262801260417,False,False
2025-10-06,Z04,10.934715131685866,9.874353631644794e-06,-0.7453733781877132,False,False
2025-10-07,Z04,10.934716938272214,1.128692642993201e-05,-0.46127349208312884,False,False
2025-10-08,Z04,10.93471198149059,6.1883695465780875e-06,-1.0700589623072392,False,False
2025-10-09,Z04,10.934715596683887,1.0092710343911904e-05,-1.5367944894790575,False,False
2025-10-10,Z04,10.934731167962989,2.514223375449376e-05,1.2230329755369118,False,False
2025-10-11,Z04,10.934694171199464,-1.2415529178966267e-05,0.3910261662306261,False,False
2025-10-12,Z04,10.934700293382056,-6.277444832392121e-06,0.12721912913351163,False,False
2025-10-13,Z04,10.9346916349659,-1.4906303668738019e-05,-0.8671304722325355,False,False
2025-10-14,Z04,10.93472084825696,1.4068837291603131e-05,-0.0554165119337213,False,False
2025-10-15,Z04,10.934697908595329,-9.393682645963963e-06,-1.1512303583371206,False,False
2025-10-16,Z04,10.934691247800728,-1.5204847590766235e-05,0.005462035088689372,False,False
2025-10-17,Z04,10.93469828802469,-7.707273747215027e-06,0.3707333172231561,False,False
2025-10-18,Z04,10.934723480292433,1.7235723955622007e-05,-0.5221520391055395,False,False
2025-10-19,Z04,10.93470917516334,2.231055376000768e-06,-0.7453733781877132,False,False
2025-10-20,Z04,10.934716675959615,1.0183262897811574e-05,-0.48156634109059876,False,False
2025-10-21,Z04,10.934721617171212,1.4789998431297136e-05,0.8577616934024442,False,False
2025-10-22,Z04,10.934703383779553,-4.448764082454204e-06,0.22868337417086396,False,False
2025-10-23,Z04,10.934708085288385,1.279292636269247e-07,-1.597673036501469,False,False
2025-10-24,Z04,10.934728199938453,2.027488157274604e-05,0.7562974483650928,False,False
2025-10-25,Z04,10.934686979581082,-2.131565473639796e-05,0.5736618072978599,False,False
2025-10-26,Z04,10.934713975956683,6.790416888335926e-06,0.20839052516339313,False,False
2025-10-27,Z04,10.934699482601589,-7.99758752201285e-06,1.6897685027087292,False,False
2025-10-28,Z04,10.934700611774268,-6.5557879853628265e-06,0.046047733103630126,False,False
2025-10-29,Z04,10.93471257524868,4.9531136845359924e-06,0.4721975622605076,False,False
2025-10-30,Z04,10.934706067804035,-1.7943600898462364e-06,0.4924904112679784,False,False
2025-10-31,Z04,10.93467821119343,-2.9905049881762125e-05,0.9186402404248558,False,False
2025-11-01,Z04,10.934680764958339,-2.6170403979008938e-05,-0.19746645498601348,False,False
2025-11-02,Z04,10.934709130515119,2.754519805137079e-06,-0.6236162841428918,False,False
2025-11-03,Z04,10.934704628119905,-1.8677398454514105e-06,1.0201044854622072,False,False
2025-11-04,Z04,10.93470869907813,2.378103239664142e-06,0.9592259384397956,False,False
2025-11-05,Z04,10.9347240067131,1.7441621602998225e-05,1.3244972205742633,False,False
2025-11-06,Z04,10.934712187585044,5.326659305637804e-06,0.45190471325303766,False,False
2025-11-07,Z04,10.934686945962309,-1.975660718933625e-05,-1.6382587345164097,False,False
2025-11-08,Z04,10.934717843878486,1.1975826597065975e-05,0.1880976761559232,False,False
2025-11-09,Z04,10.934687782862447,-1.8160095930142006e-05,0.06634058211110096,False,False
2025-11-10,Z04,10.93468965718804,-1.4839600320115665e-05,1.2636186735518518,False,False
2025-11-11,Z04,10.93470429785727,-4.8464043445051175e-08,1.1012758814920887,False,False
2025-11-12,Z04,10.934688197773676,-1.6282030141923087e-05,0.6548332033277414,False,False
2025-11-13,Z04,10.934675392812618,-2.8972418126826938e-05,-2.084701412680757,False,False
2025-11-14,Z04,10.934705788975165,2.9389258990875078e-06,-0.8062519252101248,False,False
2025-11-15,Z04,10.934711820751378,8.708022784631453e-06,-0.3395163980383066,False,False
2025-11-16,Z04,10.934721204227593,1.7405733975905946e-05,-0.3192235490308357,False,False
2025-11-17,Z04,10.934714479148695,9.9167816500767e-06,0.1880976761559232,False,False
2025-11-18,Z04,10.93470396819716,-2.9413176072523584e-07,1.5274257106489662,False,False
2025-11-19,Z04,10.934725384393163,2.1295629778705916e-05,0.8171759953875044,False,False
2025-11-20,Z04,10.934690817782242,-1.3561262257155704e-05,-0.9077161702474762,False,False
2025-11-21,Z04,10.934697916645671,-5.435752530758009e-06,-0.8062519252101248,False,False
2025-11-22,Z04,10.934707275671903,4.1055114952115446e-06,-0.9077161702474762,False,False
2025-11-23,Z04,10.934693740974385,-9.40219880263271e-06,-0.09600220994866206,False,False
2025-11-24,Z04,10.934697800423198,-4.194117856570756e-06,0.8374688443949744,False,False
2025-11-25,Z04,10.934674564394008,-2.7790841782504572e-05,0.9998116364547374,False,False
2025-11-26,Z04,10.93470751315133,6.471634295124318e-06,-0.3598092470457765,False,False
2025-11-27,Z04,10.934695089757128,-6.219444896871096e-06,-0.014830813918780553,False,False
2025-11-28,Z04,10.934700987851654,-1.372831341939218e-07,1.730354200723671,False,False
2025-11-29,Z04,10.934725241581448,2.4502693227290706e-05,-1.4759159424566468,False,False
2025-11-30,Z04,10.934725309359044,2.3931344909300378e-05,0.6751260523352113,False,False
2025-12-01,Z04,10.93471102881255,8.080859561943043e-06,0.5533689582903891,False,False
2025-12-02,Z04,10.934705845353298,1.8886051673661086e-06,-0.278637851015895,False,False
2025-12-03,Z04,10.934719618469678,1.577122694484956e-05,0.005462035088689372,False,False
2025-12-04,Z04,10.934669664519898,-3.4682401160779364e-05,0.45190471325303766,False,False
2025-12-05,Z04,10.934679092790489,-2.3952978629893096e-05,-0.278637851015895,False,False
2025-12-06,Z04,10.934711174047772,9.625409406410768e-06,-0.6236162841428918,False,False
2025-12-07,Z04,10.934689564293766,-1.1950560024232004e-05,-0.7047876801727724,False,False
2025-12-08,Z04,10.934703022072842,1.419941337843511e-06,1.9129898417909037,False,False
2025-12-09,Z04,10.934705934239574,4.8261682561445696e-06,-0.42068779406818807,False,False
2025-12-10,Z04,10.93471653487335,1.4821756129990149e-05,0.22868337417086396,False,False
2025-12-11,Z04,10.934680247285588,-2.2361754478339435e-05,0.8171759953875044,False,False
2025-12-12,Z04,10.934711792454408,9.985100065890151e-06,-0.19746645498601348,False,False
2025-12-13,Z04,10.934718334637461,1.574079376176485e-05,0.06634058211110096,False,False
2025-12-14,Z04,10.934725455607472,2.1430369610442312e-05,0.5330761092829192,False,False
2025-12-15,Z04,10.934700054780274,-4.626011996577972e-06,-0.8265447742175946,False,False
2025-12-16,Z04,10.934704635718836,3.471256029285996e-07,-1.5367944894790575,False,False
2025-12-17,Z04,10.934697477509262,-6.2588003473251774e-06,-0.7250805291802432,False,False
2025-12-18,Z04,10.934714464810078,1.1295221781892906e-05,1.7709398987386107,False,False
2025-12-19,Z04,10.934682508100734,-2.1011374657931015e-05,-0.5627377371204803,False,False
2025-12-20,Z04,10.9346839979945,-1.8092271147907013e-05,0.16780482714845238,False,False
2025-12-21,Z04,10.934675685782064,-2.617715732178283e-05,-1.3135731503968837,False,False
2025-12-22,Z04,10.934743329203249,4.220729264936551e-05,1.3853757675966731,False,False
2025-12-23,Z04,10.934688013775006,-1.4309919972532725e-05,-0.278637851015895,False,False
2025-12-24,Z04,10.934703343006598,1.2102182651574367e-06,-0.440980643075658,False,False
2025-12-25,Z04,10.934714795008912,1.2477467800309228e-05,-0.11629505895613289,False,False
2025-12-26,Z04,10.934712604501344,8.94593973654878e-06,2.5826538590374257,False,False
2025-12-27,Z04,10.93469815508709,-5.673186185717327e-06,0.4721975622605076,False,False
2025-12-28,Z04,10.934698908407125,-5.0220438172488e-06,-0.13658790796360282,False,False
2025-12-29,Z04,10.934667654252632,-3.620688349137424e-05,-2.8964153729795714,False,False
2025-12-30,Z04,10.934699952875725,-1.9886827722359612e-06,1.4056686166041448,False,False
2025-12-31,Z04,10.93468859796948,-1.2498372905511701e-05,-0.6844948311653025,False,False
2023-01-11,Z05,13.157941321210961,-1.6100438676502904e-05,-0.6213177498030139,False,False
2023-01-12,Z05,13.157947149128049,-8.808845345598115e-06,0.6466983177612161,False,False
2023-01-13,Z05,13.157952819117755,-2.404785192311465e-06,-0.8590707624713063,False,False
2023-01-14,Z05,13.157949952754219,-5.0861652525213685e-06,-0.12599897341073668,False,False
2023-01-15,Z05,13.157973203302365,1.852768041210595e-05,-1.631768053643259,False,False
2023-01-16,Z05,13.157963026396372,7.115595725082358e-06,-1.4930787962534218,False,False
2023-01-17,Z05,13.157936788212227,-1.956731315289062e-05,-0.7005687540257775,False,False
2023-01-18,Z05,13.1579249386097,-3.0265897260406405e-05,-0.20524997763350022,False,False
2023-01-19,Z05,13.157949011298612,-4.511769610360261e-06,-0.7600070071928513,False,False
2023-01-20,Z05,13.157956245325355,2.9597186905760964e-06,0.19100504348032105,False,False
2023-01-21,Z05,13.1579360617586,-1.73718339997464e-05,-1.631768053643259,False,False
2023-01-22,Z05,13.157946891838183,-5.7145242262635065e-06,-0.165624475522118,False,False
2023-01-23,Z05,13.157953355757021,1.009145712771442e-06,-0.14581172446642734,False,False
2023-01-24,Z05,13.157982949569973,3.0559082764725076e-05,-1.3742022899192752,False,False
2023-01-25,Z05,13.157921668559966,-3.199522235597385e-05,0.2702560477030855,False,False
2023-01-26,Z05,13.157973128833419,2.0744859989818565e-05,-2.0874613279241543,False,False
2023-01-27,Z05,13.157929422998487,-2.3758854172939436e-05,-0.6213177498030139,False,False
2023-01-28,Z05,13.157944689970014,-7.611925084916038e-06,0.8250130772624366,False,False
2023-01-29,Z05,13.157951637641382,-3.923992490939554e-07,-2.146899581091227,False,False
2023-01-30,Z05,13.157961860197926,9.84368830359017e-06,0.7259493219839805,False,False
2023-01-31,Z05,13.157919501244928,-3.284338763798189e-05,-1.0968237751395997,False,False
2023-02-01,Z05,13.157939367304591,-1.1618018572079336e-05,-0.5420667455802495,False,False
2023-02-02,Z05,13.157956180402191,6.271164247451111e-06,1.4392083599888597,False,False
2023-02-03,Z05,13.157949130339318,-7.696314980876195e-07,-0.5618794966359402,False,False
2023-02-04,Z05,13.157936158982372,-1.3309439129471912e-05,1.6571486216014621,False,False
2023-02-05,Z05,13.157929416503316,-1.981654990323989e-05,-0.24487547974488244,False,False
2023-02-06,Z05,13.157976654836487,2.8060532326179555e-05,-0.02693521813228069,False,False
2023-02-07,Z05,13.15794892083104,-5.069082931186131e-10,0.8844513304295085,False,False
2023-02-08,Z05,13.157973605060636,2.399172529798932e-05,0.5872600645941433,False,False
2023-02-09,Z05,13.157966474793056,1.6289847978967487e-05,0.2108177945360126,False,False
2023-02-10,Z05,13.15795181714149,2.0993822040793475e-06,-0.4033774881904113,False,False
2023-02-11,Z05,13.157958935710534,8.868086899482819e-06,-1.4930787962534218,False,False
2023-02-12,Z05,13.157939588009837,-1.0872499879965858e-05,-1.4336405430863481,False,False
2023-02-13,Z05,13.157948133016125,-1.8864566619924972e-06,1.359957355766095,False,False
2023-02-14,Z05,13.15794654127691,-3.4175379397538563e-06,1.7363996258242267,False,False
2023-02-15,Z05,13.15795575200069,6.681920021733845e-06,0.17119229242463038,False,False
2023-02-16,Z05,13.157953171321395,4.343720583221966e-06,-1.7110190578660236,False,False
2023-02-17,Z05,13.157935852393635,-1.3521310815889365e-05,-0.720381505081469,False,False
2023-02-18,Z05,13.15793012354689,-1.961395035898761e-05,-0.7600070071928513,False,False
2023-02-19,Z05,13.157942806567805,-6.3013377218368305e-06,-0.5024412434688673,False,False
2023-02-20,Z05,13.157949857293152,1.1973462097358833e-06,-0.8194452603599242,False,False
2023-02-21,Z05,13.157959658796178,1.0538998084896889e-05,0.5674473135384517,False,False
2023-02-22,Z05,13.157942589220022,-6.956143336012133e-06,0.29006879875877706,False,False
2023-02-23,Z05,13.157936995213637,-1.2191265154726239e-05,1.617523119490079,False,False
2023-02-24,Z05,13.157968533138083,2.0878471168828128e-05,-0.3241264839676469,False,False
2023-02-25,Z05,13.157946853700823,-2.363118696280253e-06,0.25044329664739484,False,False
2023-02-26,Z05,13.157951654135115,3.3131533498931276e-06,0.7853875751510543,False,False
2023-02-27,Z05,13.157974045305407,2.4963285754964204e-05,1.0627660899307299,False,False
2023-02-28,Z05,13.157940250372608,-9.810158223544363e-06,-1.176074779362364,False,False
2023-03-01,Z05,13.15795602111891,6.340163704265933e-06,0.44857080720430503,False,False
2023-03-02,Z05,13.157948195631297,-1.2906879423013606e-06,0.19100504348032105,False,False
2023-03-03,Z05,13.15793978652422,-1.065627456497964e-05,0.3495070519258499,False,False
2023-03-04,Z05,13.157933045273227,-1.7411499545261222e-05,0.11175403925755663,False,False
2023-03-05,Z05,13.157928835337005,-2.0850264801808294e-05,1.7562123768799174,False,False
2023-03-06,Z05,13.157952526369233,3.5172675030281653e-06,-0.8392580114156157,False,False
2023-03-07,Z05,13.157958250964692,8.696283400055904e-06,-0.8986962645826886,False,False
2023-03-08,Z05,13.157958037416337,7.5215863315492015e-06,-0.7600070071928513,False,False
2023-03-09,Z05,13.15793733698866,-1.255826067492194e-05,-0.24487547974488244,False,False
2023-03-10,Z05,13.157959519600478,1.0010479224220603e-05,0.3495070519258499,False,False
2023-03-11,Z05,13.157947303665296,-1.7359406179195958e-06,-0.4033774881904113,False,False
2023-03-12,Z05,13.157948159157959,-2.414103636994014e-07,1.0429533388750374,False,False
2023-03-13,Z05,13.157941622067376,-6.656568162455301e-06,0.05231578609048374,False,False
2023-03-14,Z05,13.157952923041934,5.221527834109452e-06,-0.04674796918797224,False,False
2023-03-15,Z05,13.157931946574564,-1.61994406067123e-05,-1.2751385346408193,False,False
2023-03-16,Z05,13.157945163726165,-2.4427409517358e-06,1.8552761321583724,False,False
2023-03-17,Z05,13.157956481424208,8.920875448126253e-06,0.012690283979101526,False,False
2023-03-18,Z05,13.157953715327276,6.130464397458013e-06,1.6769613726571528,False,False
2023-03-19,Z05,13.157944303702099,-3.2992943079790393e-06,-0.5618794966359402,False,False
2023-03-20,Z05,13.157925609704183,-2.2275002505622865e-05,0.8844513304295085,False,False
2023-03-21,Z05,13.157941379778917,-6.354466346891741e-06,-0.5024412434688673,False,False
2023-03-22,Z05,13.15793643731556,-1.1249370075461229e-05,1.8552761321583724,False,False
2023-03-23,Z05,13.157939944163036,-7.295190011191721e-06,1.1618298452091849,False,False
2023-03-24,Z05,13.15794126433488,-5.317863729814576e-06,0.8844513304295085,False,False
2023-03-25,Z05,13.1579435214995,-3.0165362705503185e-06,-0.6609432519143953,False,False
2023-03-26,Z05,13.157962759851296,1.6004272659131402e-05,1.9345271363811367,False,False
2023-03-27,Z05,13.15794813606784,1.5729320992363682e-06,2.073216393770975,False,False
2023-03-28,Z05,13.15794809600661,1.4901253013732685e-06,-0.3241264839676469,False,False
2023-03-29,Z05,13.157965075755552,1.8588478525316532e-05,0.2108177945360126,False,False
2023-03-30,Z05,13.157935892718402,-1.02955736291932e-05,0.963702334652273,False,False
2023-03-31,Z05,13.157937041331202,-9.001705690181439e-06,-1.9091465684229347,False,False
2023-04-01,Z05,13.157953155606391,7.745229090971861e-06,1.1816425962648756,False,False
2023-04-02,Z05,13.157958281597312,1.2705887510122693e-05,1.0627660899307299,False,False
2023-04-03,Z05,13.157940268035542,-5.924176697646999e-06,-0.5024412434688673,False,False
2023-04-04,Z05,13.157967490635125,2.1057664140400334e-05,-2.1270868300355366,False,False
2023-04-05,Z05,13.157943734366537,-3.9871143844294465e-06,0.3891325540372321,False,False
2023-04-06,Z05,13.157933584581327,-1.384383283742352e-05,-1.077011024083909,False,False
2023-04-07,Z05,13.157960506619112,1.3900417727086278e-05,-1.5128915473091125,False,False
2023-04-08,Z05,13.15794219130216,-4.497205983611252e-06,0.42875805614861434,False,False
2023-04-09,Z05,13.15793588815303,-1.0962165562844461e-05,1.359957355766095,False,False
2023-04-10,Z05,13.157935124338291,-1.093826539033671e-05,-0.165624475522118,False,False
2023-04-11,Z05,13.15795402657951,8.369953397036056e-06,1.2212680983762587,False,False
2023-04-12,Z05,13.1579494085447,3.5563378695258052e-06,0.7061365709282899,False,False
2023-04-13,Z05,13.157944661032223,-1.4507238521588306e-06,-1.3147640367522013,False,False
2023-04-14,Z05,13.157949718674459,3.88231870651623e-06,-0.5024412434688673,False,False
2023-04-15,Z05,13.157939821165602,-6.607593480367768e-06,1.122204343097802,False,False
2023-04-16,Z05,13.157959744215935,1.3493542207143605e-05,-0.5024412434688673,False,False
2023-04-17,Z05,13.157951319665399,4.960231946071758e-06,0.8646385793738178,False,False
2023-04-18,Z05,13.157969958298896,2.3678720838304912e-05,-0.3637519860790291,False,False
2023-04-19,Z05,13.15795018805052,3.0533192365567174e-06,0.7655748240953627,False,False
2023-04-20,Z05,13.157963641281455,1.5687271959663462e-05,0.46838355825999656,False,False
2023-04-21,Z05,13.157961895630818,1.3199571236910401e-05,-0.18543722657780956,False,False
2023-04-22,Z05,13.15792949283337,-2.005183671904831e-05,0.7457620730396721,False,False
2023-04-23,Z05,13.157949417427092,2.2113465902862117e-07,-2.0874613279241543,False,False
2023-04-24,Z05,13.157945081598918,-4.386463256622619e-06,-1.0175727709168352,False,False
2023-04-25,Z05,13.1579645227755,1.5002710012979037e-05,-0.4033774881904113,False,False
2023-04-26,Z05,13.157950109133385,5.303037564630131e-07,1.2212680983762587,False,False
2023-04-27,Z05,13.157960652670154,1.1008071673757058e-05,-1.3742022899192752,False,False
2023-04-28,Z05,13.157949943888209,-1.1926572085485532e-07,0.012690283979101526,False,False
2023-04-29,Z05,13.157936124560477,-1.343419787502853e-05,0.3693198029815406,False,False
2023-04-30,Z05,13.157947727983613,-1.838502807771647e-06,0.29006879875877706,False,False
2023-05-01,Z05,13.157950806001907,8.832937385960804e-07,-0.04674796918797224,False,False
2023-05-02,Z05,13.157942758962424,-7.085425595576567e-06,-0.5618794966359402,False,False
2023-05-03,Z05,13.15793916367378,-1.0163293076459468e-05,-0.18543722657780956,False,False
2023-05-04,Z05,13.157959164325641,9.87417084452602e-06,1.0231405878193467,False,False
2023-05-05,Z05,13.157951542473608,2.5298624599656705e-06,-0.6213177498030139,False,False
2023-05-06,Z05,13.157943242464345,-6.030417038616065e-06,-2.0874613279241543,False,False
2023-05-07,Z05,13.157945650276787,-3.944534030964064e-06,0.5080090603713788,False,False
2023-05-08,Z05,13.157946487830932,-2.6117684761572946e-06,1.5382721152673147,False,False
2023-05-09,Z05,13.157953479547027,4.236729992612709e-06,-0.9977600198611446,False,False
2023-05-10,Z05,13.157943493226584,-6.33597024801702e-06,1.3995828578774783,False,False
2023-05-11,Z05,13.15793848611414,-1.1622045635206746e-05,0.5674473135384517,False,False
2023-05-12,Z05,13.157949943961428,3.5381716578797295e-07,-1.0968237751395997,False,False
2023-05-13,Z05,13.157957457423858,7.84943236986635e-06,-0.6411305008587046,False,False
2023-05-14,Z05,13.157948770596992,-1.2639408826231602e-06,-0.6807560029700869,False,False
2023-05-15,Z05,13.157962481784663,1.2478849370722855e-05,0.2108177945360126,False,False
2023-05-16,Z05,13.157951221233974,4.6294471012231497e-07,-0.12599897341073668,False,False
2023-05-17,Z05,13.15794391941141,-6.554778453349286e-06,1.1420170941534942,False,False
2023-05-18,Z05,13.157953208276204,2.9807614740917643e-06,0.8844513304295085,False,False
2023-05-19,Z05,13.15794361237232,-6.056808322441043e-06,-1.4732660451977302,False,False
2023-05-20,Z05,13.157957472624538,8.022633169346705e-06,-1.3543895388635836,False,False
2023-05-21,Z05,13.157951168510643,1.9241411735038128e-06,0.6665110688169077,False,False
2023-05-22,Z05,13.157957346224503,8.459425705709123e-06,-0.46281574135748504,False,False
2023-05-23,Z05,13.157936274927629,-1.3540317539195712e-05,-0.12599897341073668,False,False
2023-05-24,Z05,13.157949103426029,-2.7373582511813765e-07,0.5872600645941433,False,False
2023-05-25,Z05,13.157947563487527,-1.947735229990144e-06,0.904264081485201,False,False
2023-05-26,Z05,13.157945181096418,-3.7648167392489995e-06,-1.176074779362364,False,False
2023-05-27,Z05,13.157944854611985,-3.927033272788094e-06,-2.146899581091227,False,False
2023-05-28,Z05,13.157954043386406,5.788343086621239e-06,-0.06656072024366291,False,False
2023-05-29,Z05,13.157945230712553,-3.1609807074062246e-06,-0.7996325093042335,False,False
2023-05-30,Z05,13.157943031178618,-5.664053043474837e-06,0.11175403925755663,False,False
2023-05-31,Z05,13.15795997510267,1.1436431174516315e-05,-0.02693521813228069,False,False
2023-06-01,Z05,13.157958120382245,9.276074058206518e-06,-0.9185090156383802,False,False
2023-06-02,Z05,13.157936984251013,-1.2372104503555192e-05,2.1128418958823563,False,False
2023-06-03,Z05,13.157942885684411,-6.398023678855225e-06,0.07212853714617441,False,False
2023-06-04,Z05,13.157958735917052,9.994830335813276e-06,-0.522253994524558,False,False
2023-06-05,Z05,13.157953332761153,4.351892989973294e-06,0.15137954136893883,False,False
2023-06-06,Z05,13.15794604942008,-3.2677913122114433e-06,0.5674473135384517,False,False
2023-06-07,Z05,13.157954692792579,5.362276411347011e-06,-0.5816922476916317,False,False
2023-06-08,Z05,13.157931602483053,-1.800153183317832e-05,2.3505949085506495,False,False
2023-06-09,Z05,13.157937909160507,-1.096561891600345e-05,-1.4534532941420395,False,False
2023-06-10,Z05,13.157942396379884,-6.292264004059689e-06,-1.3940150409749659,False,False
2023-06-11,Z05,13.157943801169678,-5.017816400609831e-06,-1.532704298364804,False,False
2023-06-12,Z05,13.157956145931829,7.5317054761825375e-06,0.05231578609048374,False,False
2023-06-13,Z05,13.157939527167843,-9.043342108938646e-06,0.5278218114270694,False,False
2023-06-14,Z05,13.157961157109066,1.2894713417921366e-05,-0.28450098185626466,False,False
2023-06-15,Z05,13.15793851246635,-9.705773443613452e-06,0.5080090603713788,False,False
2023-06-16,Z05,13.157947974132355,1.795181479025132e-07,0.5080090603713788,False,False
2023-06-17,Z05,13.157952474795238,4.5450236658695076e-06,-0.3043137329119562,False,False
2023-06-18,Z05,13.1579549246752,7.019352995740746e-06,0.46838355825999656,False,False
2023-06-19,Z05,13.15795491847546,6.6360764918727e-06,-0.14581172446642734,False,False
2023-06-20,Z05,13.157938778278735,-9.418981932185488e-06,-0.3439392350233384,False,False
2023-06-21,Z05,13.157950723729838,2.939476901886451e-06,-0.4430029903017935,False,False
2023-06-22,Z05,13.157940157366705,-7.406136408150132e-06,0.29006879875877706,False,False
2023-06-23,Z05,13.157952326458963,4.633541212939463e-06,1.26089360048764,False,False
2023-06-24,Z05,13.15794199075404,-5.809598141226502e-06,-1.1364492772509818,False,False
2023-06-25,Z05,13.157949996960694,2.38236629535038e-06,-0.42319023924610283,False,False
2023-06-26,Z05,13.15795329116168,5.516038473984963e-06,0.2108177945360126,False,False
2023-06-27,Z05,13.157943053580167,-5.002761360728414e-06,1.7958378789913003,False,False
2023-06-28,Z05,13.157954256368253,6.5663535977478205e-06,0.48819630931568725,False,False
2023-06-29,Z05,13.157939786537131,-8.204332715422424e-06,-0.7600070071928513,False,False
2023-06-30,Z05,13.157941947949162,-5.934765965776023e-06,-0.8590707624713063,False,False
2023-07-01,Z05,13.157959920561012,1.2638751000437765e-05,1.0231405878193467,False,False
2023-07-02,Z05,13.157939944657032,-7.39715893871562e-06,-0.26468823080057396,False,False
2023-07-03,Z05,13.157958949047496,1.1508551324368455e-05,-1.176074779362364,False,False
2023-07-04,Z05,13.157957887442686,9.911501079429286e-06,1.0627660899307299,False,False
2023-07-05,Z05,13.15793530455489,-1.2643104239984382e-05,0.3495070519258499,False,False
2023-07-06,Z05,13.157947428964775,8.224585457128342e-08,-1.1364492772509818,False,False
2023-07-07,Z05,13.1579409701251,-6.422578641362975e-06,-1.2751385346408193,False,False
2023-07-08,Z05,13.157946983962626,4.868113023803744e-08,-2.0874613279241543,False,False
2023-07-09,Z05,13.157961906394307,1.4458396828231912e-05,-0.5618794966359402,False,False
2023-07-10,Z05,13.157950713286029,2.465380756433433e-06,0.3495070519258499,False,False
2023-07-11,Z05,13.157953185212365,4.6600768861537745e-06,1.003327836763656,False,False
2023-07-12,Z05,13.157947455122349,-1.3828145526417757e-06,0.46838355825999656,False,False
2023-07-13,Z05,13.157957161054417,8.612811166486267e-06,-1.235513032529437,False,False
2023-07-14,Z05,13.157937966312783,-1.1169726686688364e-05,-0.22506272868919178,False,False
2023-07-15,Z05,13.15794200449647,-6.358516458249142e-06,1.4590211110445501,False,False
2023-07-16,Z05,13.157958228448727,9.749034795447642e-06,-0.46281574135748504,False,False
2023-07-17,Z05,13.157935474365848,-1.334685862985907e-05,0.805200326206745,False,False
2023-07-18,Z05,13.157937403530617,-1.0851012881119004e-05,0.6863238198725983,False,False
2023-07-19,Z05,13.157958834317702,1.1163812358105929e-05,0.805200326206745,False,False
2023-07-20,Z05,13.157942763979358,-5.037054062739799e-06,0.48819630931568725,False,False
2023-07-21,Z05,13.157956827998559,8.894108450618887e-06,0.805200326206745,False,False
2023-07-22,Z05,13.157949230349725,1.0929839930895469e-06,-1.4138277920306574,False,False
2023-07-23,Z05,13.15795629620991,7.856411411211184e-06,1.5580848663230071,False,False
2023-07-24,Z05,13.157948024436156,-5.476873745635658e-07,-1.7308318089217143,False,False
2023-07-25,Z05,13.15793767779343,-1.1095452835618858e-05,0.3693198029815406,False,False
2023-07-26,Z05,13.157946874046786,-1.488560572582287e-06,0.012690283979101526,False,False
2023-07-27,Z05,13.157951569356333,3.4206528045643836e-06,-0.5618794966359402,False,False
2023-07-28,Z05,13.157948044419285,-3.8814344804904977e-07,-0.9185090156383802,False,False
2023-07-29,Z05,13.157945004149493,-3.2213482761278556e-06,0.5872600645941433,False,False
2023-07-30,Z05,13.157951915965024,3.516546842163848e-06,0.8448258283181271,False,False
2023-07-31,Z05,13.157956988121455,8.256436078823981e-06,-0.04674796918797224,False,False
2023-08-01,Z05,13.157944285195395,-4.34874199584101e-06,-0.22506272868919178,False,False
2023-08-02,Z05,13.15794748389188,-1.2947301240018305e-06,1.3203318536547137,False,False
2023-08-03,Z05,13.157943259502375,-5.136947773820566e-06,-0.3637519860790291,False,False
2023-08-04,Z05,13.157936003010779,-1.1905841359904912e-05,0.012690283979101526,False,False
2023-08-05,Z05,13.157944293858304,-3.6382756967157093e-06,-0.14581172446642734,False,False
2023-08-06,Z05,13.157954827234958,6.999604503121759e-06,2.5090969169961785,False,False
2023-08-07,Z05,13.157943264934572,-5.02459954354606e-06,-0.7798197582485419,False,False
2023-08-08,Z05,13.157953759313159,5.593746644549924e-06,0.8844513304295085,False,False
2023-08-09,Z05,13.15795242540004,4.531402899132786e-06,-1.631768053643259,False,False
2023-08-10,Z05,13.157941306365018,-6.644702589042595e-06,-0.8986962645826886,False,False
2023-08-11,Z05,13.15795551202816,7.956922129181976e-06,-0.24487547974488244,False,False
2023-08-12,Z05,13.157938846139455,-8.977530102427522e-06,-0.08637347129935445,False,False
2023-08-13,Z05,13.157955027489063,7.814316669296772e-06,-0.22506272868919178,False,False
2023-08-14,Z05,13.157962932813671,1.5150935402274968e-05,-0.04674796918797224,False,False
2023-08-15,Z05,13.157942456537377,-6.0229514655674166e-06,-0.6213177498030139,False,False
2023-08-16,Z05,13.15794722496298,-7.287954826296072e-07,1.3203318536547137,False,False
2023-08-17,Z05,13.157945821528108,-2.523916926122638e-06,-0.9383217666940707,False,False
2023-08-18,Z05,13.157956250268535,7.624223584912215e-06,0.7853875751510543,False,False
2023-08-19,Z05,13.157945527506175,-3.0124038019607724e-06,0.7259493219839805,False,False
2023-08-20,Z05,13.15795067514571,2.0431181706470625e-06,-0.8788835135269979,False,False
2023-08-21,Z05,13.157946313040354,-2.113892090704894e-06,-0.3043137329119562,False,False
2023-08-22,Z05,13.15795889409332,1.0564404522739324e-05,0.05231578609048374,False,False
2023-08-23,Z05,13.157945426282122,-2.9900027893603465e-06,1.716586874768536,False,False
2023-08-24,Z05,13.157962318796148,1.3989116370183297e-05,-0.3043137329119562,False,False
2023-08-25,Z05,13.157942286126161,-6.864920372606775e-06,3.6384237271705713,False,False
2023-08-26,Z05,13.157945268322713,-3.7297931338997614e-06,0.805200326206745,False,False
2023-08-27,Z05,13.157945134170056,-3.653911337053728e-06,0.3891325540372321,False,False
2023-08-28,Z05,13.15793941707328,-9.273999804548794e-06,0.9240768325408916,False,False
2023-08-29,Z05,13.157957635814821,9.13097760957271e-06,-1.6515808046989497,False,False
2023-08-30,Z05,13.15795599061325,7.29511437924657e-06,1.2212680983762587,False,False
2023-08-31,Z05,13.15793483805516,-1.3824193437983467e-05,-1.2553257835851286,False,False
2023-09-01,Z05,13.15795394335297,5.596009046371364e-06,0.904264081485201,False,False
2023-09-02,Z05,13.157935080236419,-1.348242287591006e-05,-0.5420667455802495,False,False
2023-09-03,Z05,13.15795847763759,1.0187620496537875e-05,-0.7401942561371597,False,False
2023-09-04,Z05,13.15796345979251,1.4420621187838378e-05,1.815650630046991,False,False
2023-09-05,Z05,13.157947027376037,-2.6506597574638135e-06,-0.04674796918797224,False,False
2023-09-06,Z05,13.157951886546016,2.4685055191042693e-06,-1.4732660451977302,False,False
2023-09-07,Z05,13.157953210970119,3.5055425726682188e-06,1.0231405878193467,False,False
2023-09-08,Z05,13.157966197056528,1.650990708235156e-05,-1.1562620283066725,False,False
2023-09-09,Z05,13.157950750240344,6.040356836933825e-07,1.3995828578774783,False,False
2023-09-10,Z05,13.157960521277538,1.0060277034540377e-05,0.032503035034792196,False,False
2023-09-11,Z05,13.157956827707462,6.199731977574174e-06,-1.2157002814737463,False,False
2023-09-12,Z05,13.15794020671194,-1.1020649143489436e-05,0.8646385793738178,False,False
2023-09-13,Z05,13.157951428809866,6.954746858411909e-07,0.5674473135384517,False,False
2023-09-14,Z05,13.15794748511384,-2.8647545473603486e-06,-2.047835825812772,False,False
2023-09-15,Z05,13.157955500863173,4.983375571754323e-06,-0.007122467076590023,False,False
2023-09-16,Z05,13.157951630737418,8.373864766042516e-07,0.3495070519258499,False,False
2023-09-17,Z05,13.157949840613961,-1.1463772935371708e-06,0.29006879875877706,False,False
2023-09-18,Z05,13.157954041509285,3.26817318629935e-06,-0.12599897341073668,False,False
2023-09-19,Z05,13.157949070469884,-1.986666319453434e-06,0.7853875751510543,False,False
2023-09-20,Z05,13.157948352955879,-2.650691131478311e-06,0.6070728156498338,False,False
2023-09-21,Z05,13.157953942196492,2.8705522971961273e-06,0.09194128820186595,False,False
2023-09-22,Z05,13.157940306492355,-1.060008861131223e-05,-0.18543722657780956,False,False
2023-09-23,Z05,13.157948825808877,-1.910112430891786e-06,0.19100504348032105,False,False
2023-09-24,Z05,13.15794981832545,-4.6782961504732157e-07,-0.5420667455802495,False,False
2023-09-25,Z05,13.157947606210257,-2.9310181179909023e-06,-0.9581345177497623,False,False
2023-09-26,Z05,13.157957836348766,7.2211908044295114e-06,-1.0571982730282175,False,False
2023-09-27,Z05,13.15794102269944,-1.001586447735292e-05,-0.04674796918797224,False,False
2023-09-28,Z05,13.157940303972618,-1.078811217070097e-05,-0.7996325093042335,False,False
2023-09-29,Z05,13.157954307158404,3.792801688717873e-06,-0.10618622235504513,False,False
2023-09-30,Z05,13.157949138023481,-1.3202180717541978e-06,1.3797701068217858,False,False
2023-10-01,Z05,13.157951741597898,8.066907337678231e-07,-0.14581172446642734,False,False
2023-10-02,Z05,13.157964092161754,1.323064642377858e-05,0.19100504348032105,False,False
2023-10-03,Z05,13.15795733740216,5.508822651378864e-06,-0.165624475522118,False,False
2023-10-04,Z05,13.157962933944376,1.1143372718791511e-05,1.3401446047104044,False,False
2023-10-05,Z05,13.157962635736107,1.086269272043694e-05,1.6967741237128435,False,False
2023-10-06,Z05,13.157933923794163,-1.836952789346924e-05,-0.4033774881904113,False,False
2023-10-07,Z05,13.15794782864947,-3.865914189660202e-06,0.7655748240953627,False,False
2023-10-08,Z05,13.157962813850688,1.129869771432368e-05,2.132654646938049,False,False
2023-10-09,Z05,13.157943000112454,-8.402266990614748e-06,-1.0968237751395997,False,False
2023-10-10,Z05,13.15795094054545,-2.0349639839878364e-07,1.0231405878193467,False,False
2023-10-11,Z05,13.157947575149215,-3.249534897165063e-06,-1.6713935557546413,False,False
2023-10-12,Z05,13.15795239662634,1.8803608359263535e-06,0.07212853714617441,False,False
2023-10-13,Z05,13.157954473675899,3.55107991545367e-06,-0.08637347129935445,False,False
2023-10-14,Z05,13.157942533124858,-8.49096666044602e-06,-1.631768053643259,False,False
2023-10-15,Z05,13.157940632536416,-1.0226488802445033e-05,1.122204343097802,False,False
2023-10-16,Z05,13.157953084416581,2.72100225373606e-06,0.19100504348032105,False,False
2023-10-17,Z05,13.157950251713785,-1.6015651560508104e-07,-0.8590707624713063,False,False
2023-10-18,Z05,13.157954259832353,3.834258725632367e-06,0.3693198029815406,False,False
2023-10-19,Z05,13.157943631547528,-6.801303534587078e-06,0.9438895835965823,False,False
2023-10-20,Z05,13.1579374027732,-1.2848780448493358e-05,-1.691206306810332,False,False
2023-10-21,Z05,13.157950211884586,3.2533702665205055e-07,-3.058286129653018,False,False
2023-10-22,Z05,13.15793398660641,-1.577559742038659e-05,0.012690283979101526,False,False
2023-10-23,Z05,13.157968945571689,1.9394030724484423e-05,-0.7005687540257775,False,False
2023-10-24,Z05,13.157953783025611,3.5608258848185415e-06,1.3797701068217858,False,False
2023-10-25,Z05,13.157930231764722,-2.012259167649688e-05,-0.3241264839676469,False,False
2023-10-26,Z05,13.157958113779058,8.338570845367599e-06,0.3495070519258499,False,False
2023-10-27,Z05,13.157960659739526,1.0875283637190591e-05,-0.12599897341073668,False,False
2023-10-28,Z05,13.157953549590898,3.1105670039721645e-06,-1.4732660451977302,False,False
2023-10-29,Z05,13.15796592118146,1.504063695811908e-05,0.09194128820186595,False,False
2023-10-30,Z05,13.157955827788733,4.560110127727057e-06,-1.2553257835851286,False,False
2023-10-31,Z05,13.157938824889731,-1.2665781047971336e-05,-1.3147640367522013,False,False
2023-11-01,Z05,13.157964063331134,1.3003217294027536e-05,-1.0373855219725268,False,False
2023-11-02,Z05,13.157932844975786,-1.821417703418149e-05,-1.1166365261952913,False,False
2023-11-03,Z05,13.157932996924165,-1.724581444406681e-05,-0.165624475522118,False,False
2023-11-04,Z05,13.157964240172253,1.4995334318257392e-05,-0.3439392350233384,False,False
2023-11-05,Z05,13.157949020839682,-2.774794580773232e-07,0.3296943008701593,False,False
2023-11-06,Z05,13.157949317118867,-4.844351231270139e-07,-1.5128915473091125,False,False
2023-11-07,Z05,13.15794614324632,-3.7079233141668055e-06,-0.20524997763350022,False,False
2023-11-08,Z05,13.157946746118062,-2.5493647637375716e-06,-0.42319023924610283,False,False
2023-11-09,Z05,13.157956670263554,7.249913876350433e-06,0.25044329664739484,False,False
2023-11-10,Z05,13.157955720231787,6.108891504652547e-06,0.29006879875877706,False,False
2023-11-11,Z05,13.157933462045582,-1.6420797452454394e-05,0.2108177945360126,False,False
2023-11-12,Z05,13.157926768206284,-2.2483484059421244e-05,-0.9383217666940707,False,False
2023-11-13,Z05,13.157939059638062,-9.268536624418289e-06,0.07212853714617441,False,False
2023-11-14,Z05,13.157953186031202,4.973639406102848e-06,-0.46281574135748504,False,False
2023-11-15,Z05,13.157943072465535,-5.558376084735528e-06,1.359957355766095,False,False
2023-11-16,Z05,13.157948632311262,3.3520134401499035e-07,0.17119229242463038,False,False
2023-11-17,Z05,13.157970850792605,2.2607662771179093e-05,0.13156679031324817,False,False
2023-11-18,Z05,13.15793980320363,-8.992958210995994e-06,-1.2157002814737463,False,False
2023-11-19,Z05,13.1579525137023,3.845151919534828e-06,-0.5420667455802495,False,False
2023-11-20,Z05,13.157926861000693,-2.2311247324324768e-05,0.3098815498144677,False,False
2023-11-21,Z05,13.157963431513991,1.5037628770642186e-05,-0.02693521813228069,False,False
2023-11-22,Z05,13.157928265693347,-2.1109688793430337e-05,-0.02693521813228069,False,False
2023-11-23,Z05,13.157949696130098,1.6767439028342324e-06,-1.691206306810332,False,False
2023-11-24,Z05,13.157930692688065,-1.719046827730608e-05,-0.7600070071928513,False,False
2023-11-25,Z05,13.157947050754878,-8.477655786265359e-07,-0.22506272868919178,False,False
2023-11-26,Z05,13.157959585653959,1.2055900974417e-05,1.2410808494319494,False,False
2023-11-27,Z05,13.157961368371746,1.3874421615156507e-05,-1.8298955642001702,False,False
2023-11-28,Z05,13.157975807782746,2.8053206587941304e-05,-0.977947268805453,False,False
2023-11-29,Z05,13.15794165069916,-6.433430375096805e-06,-1.8298955642001702,False,False
2023-11-30,Z05,13.157941372469622,-6.239090259541058e-06,0.3693198029815406,False,False
2023-12-01,Z05,13.157943530928781,-4.165550432588816e-06,1.2212680983762587,False,False
2023-12-02,Z05,13.157941210232138,-5.801833660612488e-06,0.4089453050929228,False,False
2023-12-03,Z05,13.157944667631375,-2.6232763037370432e-06,0.6268855667055254,False,False
2023-12-04,Z05,13.157946942265527,-7.376657258362229e-07,-0.977947268805453,False,False
2023-12-05,Z05,13.15795883483572,1.1731501357914453e-05,0.4089453050929228,False,False
2023-12-06,Z05,13.157945854501854,-1.5759657099323476e-06,-0.720381505081469,False,False
2023-12-07,Z05,13.157973558902444,2.624385544613972e-05,0.11175403925755663,False,False
2023-12-08,Z05,13.157942054666485,-6.174235714695442e-06,0.547634562482761,False,False
2023-12-09,Z05,13.157949524022673,1.45150219310608e-06,-0.24487547974488244,False,False
2023-12-10,Z05,13.157944882452421,-2.951860029298814e-06,0.8646385793738178,False,False
2023-12-11,Z05,13.157946196360351,-1.2766927870444533e-06,-0.10618622235504513,False,False
2023-12-12,Z05,13.157958357257261,1.0459726963674143e-05,0.3296943008701593,False,False
2023-12-13,Z05,13.15796466891708,1.5718418413968038e-05,1.9345271363811367,False,False
2023-12-14,Z05,13.157955125667636,5.321526337809246e-06,0.547634562482761,False,False
2023-12-15,Z05,13.157937382219389,-1.2486576457249043e-05,-0.6807560029700869,False,False
2023-12-16,Z05,13.157962696744727,1.3017623752276108e-05,-0.42319023924610283,False,False
2023-12-17,Z05,13.157955057485161,4.909549737419638e-06,0.9240768325408916,False,False
2023-12-18,Z05,13.157957030012712,7.408520870555435e-06,1.0825788409864205,False,False
2023-12-19,Z05,13.157957782675739,7.5869569293729455e-06,0.012690283979101526,False,False
2023-12-20,Z05,13.157949861141887,-5.102093716402578e-07,-1.4534532941420395,False,False
2023-12-21,Z05,13.157941611898766,-9.526123866621106e-06,-0.8986962645826886,False,False
2023-12-22,Z05,13.157942891890695,-7.518811429463312e-06,0.23063054559170326,False,False
2023-12-23,Z05,13.157943443461285,-7.454780750038026e-06,0.6268855667055254,False,False
2023-12-24,Z05,13.157936899631842,-1.379018790181874e-05,1.0429533388750374,False,False
2023-12-25,Z05,13.157920036486539,-3.0860231330365195e-05,-1.9685848215900075,False,False
2023-12-26,Z05,13.157938304539249,-1.1691703008409604e-05,0.9240768325408916,False,False
2023-12-27,Z05,13.15796074361953,1.1456747762039754e-05,1.4590211110445501,False,False
2023-12-28,Z05,13.157957487873917,8.221827222598677e-06,-2.3252143405924475,False,False
2023-12-29,Z05,13.15794381886897,-4.836514097661393e-06,0.05231578609048374,False,False
2023-12-30,Z05,13.157956514834531,7.787179137963562e-06,0.805200326206745,False,False
2023-12-31,Z05,13.157943167130764,-6.0652701261432185e-06,-1.3543895388635836,False,False
2024-01-01,Z05,13.157951236091536,2.0158172482354075e-06,-0.4430029903017935,False,False
2024-01-02,Z05,13.15796001773682,1.0463267216209715e-05,0.6070728156498338,False,False
2024-01-03,Z05,13.157941528952804,-8.53718697868544e-06,-0.46281574135748504,False,False
2024-01-04,Z05,13.157957829048842,7.943352816397464e-06,-0.3043137329119562,False,False
2024-01-05,Z05,13.157944582892108,-5.2692776879581515e-06,0.2702560477030855,False,False
2024-01-06,Z05,13.157954749798215,4.9400154100709415e-06,-1.0968237751395997,False,False
2024-01-07,Z05,13.157939437671434,-9.745141230865784e-06,-0.9977600198611446,False,False
2024-01-08,Z05,13.157948468096011,-6.274834838393417e-07,0.5080090603713788,False,False
2024-01-09,Z05,13.15795033363026,1.2732483192223754e-06,0.9835150857079654,False,False
2024-01-10,Z05,13.157957186986474,7.944898603895467e-06,0.44857080720430503,False,False
2024-01-11,Z05,13.157930138903948,-1.9469538125704844e-05,1.3995828578774783,False,False
2024-01-12,Z05,13.157936424120814,-1.2243709479164977e-05,0.46838355825999656,False,False
2024-01-13,Z05,13.15792410636437,-2.3619972717270343e-05,1.875088883214063,False,False
2024-01-14,Z05,13.157939600287937,-7.092072372927305e-06,0.11175403925755663,False,False
2024-01-15,Z05,13.157958585467231,1.1819171300331277e-05,0.3098815498144677,False,False
2024-01-16,Z05,13.15793449794227,-1.2131311077467899e-05,0.44857080720430503,False,False
2024-01-17,Z05,13.15793431800717,-1.1625928081571146e-05,-0.5618794966359402,False,False
2024-01-18,Z05,13.157942482496493,-2.7043719068586825e-06,-0.720381505081469,False,False
2024-01-19,Z05,13.157961044170763,1.6367308338871567e-05,-0.8392580114156157,False,False
2024-01-20,Z05,13.157941530898512,-3.518731540808062e-06,-0.5024412434688673,False,False
2024-01-21,Z05,13.157940466053834,-4.5808762116905655e-06,2.1128418958823563,False,False
2024-01-22,Z05,13.157970417438655,2.545136983833629e-05,1.8552761321583724,False,False
2024-01-23,Z05,13.157955350199638,9.484998242825782e-06,-0.26468823080057396,False,False
2024-01-24,Z05,13.157980040115842,3.355989552034089e-05,-0.3637519860790291,False,False
2024-01-25,Z05,13.157949910380475,1.4300391768529153e-06,-2.0676485768684634,False,False
2024-01-26,Z05,13.1579160860611,-3.2781141571902594e-05,-0.9383217666940707,False,False
2024-01-27,Z05,13.157948264289065,8.856716728899983e-07,-0.7401942561371597,False,False
2024-01-28,Z05,13.157967922009629,2.0850845066533452e-05,-0.3835647371347206,False,False
2024-01-29,Z05,13.157929012381283,-1.886222130309534e-05,-0.5024412434688673,False,False
2024-01-30,Z05,13.157963481538959,1.6523684816860396e-05,0.2702560477030855,False,False
2024-01-31,Z05,13.157932695227567,-1.4939773516076116e-05,0.8250130772624366,False,False
2024-02-01,Z05,13.157926283267976,-2.0733704308995016e-05,-0.6609432519143953,False,False
2024-02-02,Z05,13.157948607077326,2.7145873371381413e-06,1.4788338621002426,False,False
2024-02-03,Z05,13.15794733156968,1.2031422063074615e-06,0.3891325540372321,False,False
2024-02-04,Z05,13.15796860088696,2.282237545792043e-05,0.9240768325408916,False,False
2024-02-05,Z05,13.157963067356803,1.648824547473282e-05,-0.3835647371347206,False,False
2024-02-06,Z05,13.157958900665179,1.2044301895386411e-05,0.5872600645941433,False,False
2024-02-07,Z05,13.157975582631348,2.8077501605494604e-05,0.5080090603713788,False,False
2024-02-08,Z05,13.157944917274211,-3.491673373545723e-06,1.4986466131559333,False,False
2024-02-09,Z05,13.15793277868567,-1.5449716713078487e-05,0.7061365709282899,False,False
2024-02-10,Z05,13.157956589962586,9.17517023069081e-06,0.904264081485201,False,False
2024-02-11,Z05,13.157956608989934,8.312495621609628e-06,-0.46281574135748504,False,False
2024-02-12,Z05,13.157971056523882,2.2087200600040546e-05,1.2410808494319494,False,False
2024-02-13,Z05,13.157972572649552,2.203832095304392e-05,-1.2157002814737463,False,False
2024-02-14,Z05,13.157960202717964,8.569310644190864e-06,-0.522253994524558,False,False
2024-02-15,Z05,13.157954247279774,2.559964094928091e-06,0.3296943008701593,False,False
2024-02-16,Z05,13.157962894531504,1.054890457652391e-05,-1.0968237751395997,False,False
2024-02-17,Z05,13.157970551456938,1.7253279198214955e-05,-0.8590707624713063,False,False
2024-02-18,Z05,13.157962080763602,7.846953847590044e-06,-0.8590707624713063,False,False
2024-02-19,Z05,13.157954878272173,6.099093230460539e-07,0.42875805614861434,False,False
2024-02-20,Z05,13.15795226468792,-2.4485873844071193e-06,-0.10618622235504513,False,False
2024-02-21,Z05,13.157959907704653,4.801141548327337e-06,1.003327836763656,False,False
2024-02-22,Z05,13.157967308682487,1.2552443847013706e-05,1.9147143853254462,False,False
2024-02-23,Z05,13.157951868884322,-3.2859704113263888e-06,0.3296943008701593,False,False
2024-02-24,Z05,13.15795287309606,-1.3427176241975758e-06,-0.46281574135748504,False,False
2024-02-25,Z05,13.157951866078912,-2.4484919585177067e-06,0.4089453050929228,False,False
2024-02-26,Z05,13.157949139405844,-6.367832286358066e-06,-0.8392580114156157,False,False
2024-02-27,Z05,13.157927891010313,-2.7645398375852892e-05,-0.007122467076590023,False,False
2024-02-28,Z05,13.157974678170179,2.0476128133495308e-05,2.4892841659404876,False,False
2024-02-29,Z05,13.157931061648458,-2.466258655253739e-05,-0.14581172446642734,False,False
2024-03-01,Z05,13.157960829030891,6.185458897078888e-06,0.3495070519258499,False,False
2024-03-02,Z05,13.15793911390667,-1.646745876549005e-05,-0.10618622235504513,False,False
2024-03-03,Z05,13.157949235577593,-6.773475798027562e-06,-0.3439392350233384,False,False
2024-03-04,Z05,13.157953115946947,-2.914056453917624e-06,0.5278218114270694,False,False
2024-03-05,Z05,13.157946274113,-9.948702977879975e-06,-1.2157002814737463,False,False
2024-03-06,Z05,13.15795573350315,2.549129707318798e-07,-0.10618622235504513,False,False
2024-03-07,Z05,13.157964994739208,9.760610817366455e-06,-1.2949512856965106,False,False
2024-03-08,Z05,13.157939989122772,-1.5448141418517025e-05,1.5778976173786978,False,False
2024-03-09,Z05,13.157945247678063,-9.003135842178267e-06,1.0231405878193467,False,False
2024-03-10,Z05,13.157947031782971,-7.230044397843471e-06,-0.7005687540257775,False,False
2024-03-11,Z05,13.157956064713169,1.3277825576807345e-06,-1.790270062088788,False,False
2024-03-12,Z05,13.157947815045553,-6.904376743221974e-06,0.547634562482761,False,False
2024-03-13,Z05,13.157969497655925,1.5071365108809687e-05,0.012690283979101526,False,False
2024-03-14,Z05,13.157939842072155,-1.4532256395582976e-05,2.2713439043278854,False,False
2024-03-15,Z05,13.15796076392865,7.48061934530142e-06,1.4392083599888597,False,False
2024-03-16,Z05,13.157941290286916,-1.2011729412009231e-05,0.6863238198725983,False,False
2024-03-17,Z05,13.157937905315997,-1.4964800570282932e-05,-0.46281574135748504,False,False
2024-03-18,Z05,13.157933484312162,-1.8552830553630884e-05,-0.20524997763350022,False,False
2024-03-19,Z05,13.15793891284979,-1.1888721433095384e-05,0.3495070519258499,False,False
2024-03-20,Z05,13.1579467669218,-3.262385630975473e-06,0.4089453050929228,False,False
2024-03-21,Z05,13.15793790851971,-1.1850409373792559e-05,-0.6411305008587046,False,False
2024-03-22,Z05,13.157954130936304,4.850546158507996e-06,-1.2949512856965106,False,False
2024-03-23,Z05,13.157933008461681,-1.6079369515864528e-05,1.9543398874368274,False,False
2024-03-24,Z05,13.157953439847075,5.495356569795717e-06,0.09194128820186595,False,False
2024-03-25,Z05,13.157940302861421,-7.693994509949675e-06,0.46838355825999656,False,False
2024-03-26,Z05,13.157942607115961,-4.970732147668855e-06,-0.7996325093042335,False,False
2024-03-27,Z05,13.157931989439057,-1.5279776954812974e-05,1.3995828578774783,False,False
2024-03-28,Z05,13.157961820698805,1.5123148354945215e-05,1.0825788409864205,False,False
2024-03-29,Z05,13.157935414317018,-1.2414223050427609e-05,0.11175403925755663,False,False
2024-03-30,Z05,13.15796620800341,1.9688258447558837e-05,0.2702560477030855,False,False
2024-03-31,Z05,13.157939246329747,-8.44496038077125e-06,0.3296943008701593,False,False
2024-04-01,Z05,13.157944536376846,-2.435489909302646e-06,0.15137954136893883,False,False
2024-04-02,Z05,13.15795086253744,3.709921680083994e-06,0.6070728156498338,False,False
2024-04-03,Z05,13.157967393447512,2.01865997553341e-05,0.42875805614861434,False,False
2024-04-04,Z05,13.15796267338793,1.4990623487420862e-05,-0.12599897341073668,False,False
2024-04-05,Z05,13.15794160409037,-6.6253165691421145e-06,-1.0968237751395997,False,False
2024-04-06,Z05,13.157958519441848,1.076101533570295e-05,0.032503035034792196,False,False
2024-04-07,Z05,13.15794187586112,-5.666722147523728e-06,0.805200326206745,False,False
2024-04-08,Z05,13.15793578674157,-1.181873297539937e-05,0.7259493219839805,False,False
2024-04-09,Z05,13.157950764521994,3.4744119972174303e-06,1.359957355766095,False,False
2024-04-10,Z05,13.157963513635826,1.609910119526603e-05,1.4590211110445501,False,False
2024-04-11,Z05,13.157958503221137,1.0840389084165736e-05,0.7457620730396721,False,False
2024-04-12,Z05,13.157966410168912,1.839106434076143e-05,0.23063054559170326,False,False
2024-04-13,Z05,13.157969816815221,2.19006268835642e-05,0.3891325540372321,False,False
2024-04-14,Z05,13.157947823862507,-1.0914839343456606e-06,-0.522253994524558,False,False
2024-04-15,Z05,13.157944106576789,-4.3774341147440055e-06,0.8448258283181271,False,False
2024-04-16,Z05,13.157948633425187,5.553795645596438e-08,1.359957355766095,False,False
2024-04-17,Z05,13.15794174223688,-7.193253992454629e-06,1.0825788409864205,False,False
2024-04-18,Z05,13.15794554077033,-3.6699847001386843e-06,0.6070728156498338,False,False
2024-04-19,Z05,13.157954984992184,5.553306470673647e-06,-0.18543722657780956,False,False
2024-04-20,Z05,13.157943550173368,-6.155448025069177e-06,-0.3043137329119562,False,False
2024-04-21,Z05,13.157964241196385,1.434751987083871e-05,-0.10618622235504513,False,False
2024-04-22,Z05,13.157955476696223,5.2460110389063175e-06,-0.6807560029700869,False,False
2024-04-23,Z05,13.157954452926548,3.4733002109987865e-06,0.3296943008701593,False,False
2024-04-24,Z05,13.157941216765504,-9.796630147107521e-06,-2.721469361706269,False,False
2024-04-25,Z05,13.157953450785568,2.406926446596458e-06,-0.48262849241317574,False,False
2024-04-26,Z05,13.157949308221733,-2.097093041442122e-06,0.11175403925755663,False,False
2024-04-27,Z05,13.157953213828332,1.2312208017561943e-06,2.528909668051869,False,False
2024-04-28,Z05,13.157947112731483,-4.582980364986611e-06,0.05231578609048374,False,False
2024-04-29,Z05,13.157951912849935,-1.7280906128291917e-07,0.09194128820186595,False,False
2024-04-30,Z05,13.157962276275004,1.0667121124185996e-05,-0.7798197582485419,False,False
2024-05-01,Z05,13.157933623309301,-1.8753509422708703e-05,1.7562123768799174,False,False
2024-05-02,Z05,13.15795065442655,-1.3586232547879717e-06,-0.7600070071928513,False,False
2024-05-03,Z05,13.157958803732964,6.7976201894026644e-06,2.073216393770975,False,False
2024-05-04,Z05,13.157945296486812,-6.423302144398235e-06,-0.6807560029700869,False,False
2024-05-05,Z05,13.157954570804439,3.430245518742936e-06,0.9835150857079654,False,False
2024-05-06,Z05,13.157947197005923,-4.375776796905484e-06,-0.007122467076590023,False,False
2024-05-07,Z05,13.157947263918434,-3.931449757743621e-06,-0.5024412434688673,False,False
2024-05-08,Z05,13.157940525134451,-1.0849835650361683e-05,1.0429533388750374,False,False
2024-05-09,Z05,13.157943029168075,-8.50374845562385e-06,1.359957355766095,False,False
2024-05-10,Z05,13.157953317838086,2.042766684695607e-06,-0.12599897341073668,False,False
2024-05-11,Z05,13.157956506809512,5.571598036269165e-06,0.032503035034792196,False,False
2024-05-12,Z05,13.157932649215592,-1.8219448829626117e-05,-0.3637519860790291,False,False
2024-05-13,Z05,13.157955764269358,6.02097004964719e-06,0.2702560477030855,False,False
2024-05-14,Z05,13.157945858900929,-3.415980186716183e-06,-1.0373855219725268,False,False
2024-05-15,Z05,13.1579486536714,-5.557109954423822e-07,-2.622405606427814,False,False
2024-05-16,Z05,13.157938679983197,-1.0680969019460917e-05,-1.8100828131444786,False,False
2024-05-17,Z05,13.157960333352719,1.1304181901650168e-05,-0.165624475522118,False,False
2024-05-18,Z05,13.157950373017288,7.241426107640336e-07,-0.9977600198611446,False,False
2024-05-19,Z05,13.157959157154087,9.347204510845586e-06,-0.06656072024366291,False,False
2024-05-20,Z05,13.157951334743645,1.385722004698664e-06,-0.46281574135748504,False,False
2024-05-21,Z05,13.157938206196093,-1.2002311223113793e-05,-0.6411305008587046,False,False
2024-05-22,Z05,13.157949364658014,2.3984041419566893e-08,-0.5816922476916317,False,False
2024-05-23,Z05,13.157940368218618,-8.768720748619785e-06,1.003327836763656,False,False
2024-05-24,Z05,13.15794611520441,-2.5522446911452334e-06,0.29006879875877706,False,False
2024-05-25,Z05,13.157936168530076,-1.2662200321145178e-05,1.5977103684343885,False,False
2024-05-26,Z05,13.157955351088166,7.096432948827669e-06,0.15137954136893883,False,False
2024-05-27,Z05,13.157941254330513,-7.201753582819492e-06,-1.8298955642001702,False,False
2024-05-28,Z05,13.15795419749787,6.14006370192044e-06,-0.977947268805453,False,False
2024-05-29,Z05,13.157946542746348,-1.7508466996218885e-06,0.17119229242463038,False,False
2024-05-30,Z05,13.15793996980204,-8.144787557284872e-06,0.29006879875877706,False,False
2024-05-31,Z05,13.157953418733648,6.047693151600697e-06,-0.522253994524558,False,False
2024-06-01,Z05,13.157935047266475,-1.298362149881882e-05,-0.7401942561371597,False,False
2024-06-02,Z05,13.1579606890896,1.317844029458115e-05,-0.5420667455802495,False,False
2024-06-03,Z05,13.1579437495209,-3.8239736284140236e-06,-0.08637347129935445,False,False
2024-06-04,Z05,13.157963634707908,1.6112778910226666e-05,0.012690283979101526,False,False
2024-06-05,Z05,13.15794753187253,-2.9218658248453266e-07,-1.0373855219725268,False,False
2024-06-06,Z05,13.157957036307714,9.201086381693813e-06,0.29006879875877706,False,False
2024-06-07,Z05,13.157959673354089,1.1512386446810297e-05,0.29006879875877706,False,False
2024-06-08,Z05,13.15796168248878,1.2883247149986232e-05,-0.04674796918797224,False,False
2024-06-09,Z05,13.157943541202268,-5.879816718845632e-06,-0.6411305008587046,False,False
2024-06-10,Z05,13.15796104517852,1.1950047394293506e-05,0.7259493219839805,False,False
2024-06-11,Z05,13.157952179461347,2.933051254316865e-06,1.359957355766095,False,False
2024-06-12,Z05,13.157946942252574,-2.9551657121373864e-06,-0.3835647371347206,False,False
2024-06-13,Z05,13.157946034206772,-3.569144286785786e-06,-0.5618794966359402,False,False
2024-06-14,Z05,13.157946900766726,-2.708427860653728e-06,0.5080090603713788,False,False
2024-06-15,Z05,13.157953477555415,3.9267909830442704e-06,-1.1166365261952913,False,False
2024-06-16,Z05,13.157944174194608,-5.869822231829858e-06,-1.2157002814737463,False,False
2024-06-17,Z05,13.157942597080712,-6.9082975233669686e-06,-0.5816922476916317,False,False
2024-06-18,Z05,13.157956946112895,7.699932545790489e-06,0.3495070519258499,False,False
2024-06-19,Z05,13.157952505766268,3.3332872924063395e-06,-0.8194452603599242,False,False
2024-06-20,Z05,13.157955517020564,6.305507501025431e-06,0.032503035034792196,False,False
2024-06-21,Z05,13.157958619371584,8.830831038864062e-06,-1.9289593194786252,False,False
2024-06-22,Z05,13.15795087828693,7.812559328357338e-07,0.6665110688169077,False,False
2024-06-23,Z05,13.15795707832742,6.6309608133252596e-06,1.4788338621002426,False,False
2024-06-24,Z05,13.157958010074907,7.197270864622851e-06,-0.8392580114156157,False,False
2024-06-25,Z05,13.157941727462655,-9.813392882307426e-06,0.48819630931568725,False,False
2024-06-26,Z05,13.157941774672732,-9.312061953536954e-06,-0.14581172446642734,False,False
2024-06-27,Z05,13.157948517380582,-2.5866988444533945e-06,0.15137954136893883,False,False
2024-06-28,Z05,13.157948087228593,-2.8275135903754745e-06,-0.18543722657780956,False,False
2024-06-29,Z05,13.157950648582501,-3.176424225870278e-07,-0.24487547974488244,False,False
2024-06-30,Z05,13.157948267795508,-3.0543887685752225e-06,-0.7798197582485419,False,False
2024-07-01,Z05,13.157953773167852,2.622681515518366e-06,-1.0373855219725268,False,False
2024-07-02,Z05,13.157949772896224,-2.0017868251898108e-06,1.1420170941534942,False,False
2024-07-03,Z05,13.157956047816722,4.6370067856571495e-06,-1.6119553025875684,False,False
2024-07-04,Z05,13.157952502098919,6.813457886778451e-07,0.032503035034792196,False,False
2024-07-05,Z05,13.157947013054827,-4.43661133786577e-06,-0.007122467076590023,False,False
2024-07-06,Z05,13.157951188910339,-2.4346190130586365e-07,0.012690283979101526,False,False
2024-07-07,Z05,13.157947750351942,-3.487107052890792e-06,0.7061365709282899,False,False
2024-07-08,Z05,13.157961555161682,1.071513609218755e-05,-0.3241264839676469,False,False
2024-07-09,Z05,13.15794778451125,-3.051270102361059e-06,0.7061365709282899,False,False
2024-07-10,Z05,13.15796247200844,1.1494783453969148e-05,2.0137781406039013,False,False
2024-07-11,Z05,13.157951028201412,3.415429716824292e-09,-0.10618622235504513,False,False
2024-07-12,Z05,13.157954355342405,3.368931754010873e-06,-1.9685848215900075,False,False
2024-07-13,Z05,13.157952168688853,9.351752066066865e-07,-0.08637347129935445,False,False
2024-07-14,Z05,13.157943695507326,-7.742489056994373e-06,-0.18543722657780956,False,False
2024-07-15,Z05,13.15794101579393,-1.0315360471579993e-05,0.44857080720430503,False,False
2024-07-16,Z05,13.157942742062001,-8.173700349445312e-06,-1.9289593194786252,False,False
2024-07-17,Z05,13.157947331872288,-3.536152309635554e-06,0.3693198029815406,False,False
2024-07-18,Z05,13.15794993294323,-1.0929077554067135e-06,-0.3637519860790291,False,False
2024-07-19,Z05,13.157951732807295,9.407286327700604e-07,0.8448258283181271,False,False
2024-07-20,Z05,13.15793567098387,-1.5095329494840826e-05,-0.46281574135748504,False,False
2024-07-21,Z05,13.157955430892457,5.326113647896591e-06,0.904264081485201,False,False
2024-07-22,Z05,13.157945615889687,-4.3826064839436185e-06,-1.4534532941420395,False,False
2024-07-23,Z05,13.157965221360012,1.5398277083633616e-05,0.07212853714617441,False,False
2024-07-24,Z05,13.157949040511483,-1.0540058674735064e-06,-0.9185090156383802,False,False
2024-07-25,Z05,13.157952782405664,2.9868737634330955e-06,-0.42319023924610283,False,False
2024-07-26,Z05,13.157940578881606,-9.585148395885312e-06,2.7468499296644717,False,False
2024-07-27,Z05,13.157952630354213,2.5061839163953437e-06,-0.8788835135269979,False,False
2024-07-28,Z05,13.157954968764335,4.707494918321231e-06,-0.3241264839676469,False,False
2024-07-29,Z05,13.157940598862053,-9.891791890481727e-06,-1.077011024083909,False,False
2024-07-30,Z05,13.1579399946704,-1.016099285955363e-05,-0.24487547974488244,False,False
2024-07-31,Z05,13.157938088457383,-1.1791435039043563e-05,-0.08637347129935445,False,False
2024-08-01,Z05,13.157958586846952,9.229778211050643e-06,-0.6807560029700869,False,False
2024-08-02,Z05,13.157951590162199,1.939295099617766e-06,1.617523119490079,False,False
2024-08-03,Z05,13.157942963920865,-6.5383577503297374e-06,1.2014553473205662,False,False
2024-08-04,Z05,13.157963242567813,1.4058228467561662e-05,-0.8788835135269979,False,False
2024-08-05,Z05,13.15794011013944,-9.61518367326164e-06,0.8646385793738178,False,False
2024-08-06,Z05,13.157948555791268,-8.002394800143975e-07,-0.42319023924610283,False,False
2024-08-07,Z05,13.157948508569126,-8.743096024943497e-07,-1.1562620283066725,False,False
2024-08-08,Z05,13.15795253420341,3.5862111023021725e-06,-0.6609432519143953,False,False
2024-08-09,Z05,13.157937081011065,-1.2025304314988716e-05,-1.1958875304180547,False,False
2024-08-10,Z05,13.157954609527787,6.349578985265225e-06,0.9835150857079654,False,False
2024-08-11,Z05,13.157946772199072,-1.6071272757045563e-06,-0.8194452603599242,False,False
2024-08-12,Z05,13.157952693051167,4.566496263791464e-06,1.3203318536547137,False,False
2024-08-13,Z05,13.15793489373854,-1.3250295106459475e-05,0.19100504348032105,False,False
2024-08-14,Z05,13.157941020937876,-6.8297034783171284e-06,-0.3439392350233384,False,False
2024-08-15,Z05,13.157959833017236,1.198220441622766e-05,-0.4430029903017935,False,False
2024-08-16,Z05,13.157959940466204,1.1519954878025374e-05,1.7958378789913003,False,False
2024-08-17,Z05,13.157960364142413,1.1523344623398657e-05,0.07212853714617441,False,False
2024-08-18,Z05,13.157942771613515,-6.416890915517115e-06,-0.4430029903017935,False,False
2024-08-19,Z05,13.15795042330136,1.533503388273516e-06,0.904264081485201,False,False
2024-08-20,Z05,13.157949929870357,5.483284706286895e-07,0.6268855667055254,False,False
2024-08-21,Z05,13.157961659930162,1.2461755678927489e-05,-0.9185090156383802,False,False
2024-08-22,Z05,13.15795934473977,9.611763937655837e-06,0.05231578609048374,False,False
2024-08-23,Z05,13.157962525729221,1.2988640731848022e-05,-1.7308318089217143,False,False
2024-08-24,Z05,13.157937323279137,-1.2663316612204767e-05,0.012690283979101526,False,False
2024-08-25,Z05,13.157953227185661,3.7558941290427583e-06,0.3693198029815406,False,False
2024-08-26,Z05,13.157960168574338,1.0275672671866687e-05,0.48819630931568725,False,False
2024-08-27,Z05,13.157946507680068,-3.636495602421519e-06,-0.9383217666940707,False,False
2024-08-28,Z05,13.15794929447002,-5.676695078449256e-07,-0.6807560029700869,False,False
2024-08-29,Z05,13.15794841498581,-1.7370073184252988e-06,0.29006879875877706,False,False
2024-08-30,Z05,13.15794303547845,-7.397191858160568e-06,1.300519102599023,False,False
2024-08-31,Z05,13.157951015663896,4.1809288653382737e-07,0.15137954136893883,False,False
2024-09-01,Z05,13.157955101102994,4.755904752684614e-06,-0.5024412434688673,False,False
2024-09-02,Z05,13.157944363545726,-6.098683876132327e-06,1.0231405878193467,False,False
2024-09-03,Z05,13.157957564243414,7.055359649399406e-06,0.17119229242463038,False,False
2024-09-04,Z05,13.157954290162749,3.970556466725839e-06,0.23063054559170326,False,False
2024-09-05,Z05,13.157953229122587,2.436848857811924e-06,0.8448258283181271,False,False
2024-09-06,Z05,13.157956000006314,5.051954875767706e-06,-0.04674796918797224,False,False
2024-09-07,Z05,13.157948550534911,-2.6472310992176062e-06,-0.8788835135269979,False,False
2024-09-08,Z05,13.157946049620453,-5.015356606463683e-06,-0.10618622235504513,False,False
2024-09-09,Z05,13.157947987815069,-3.376115639497357e-06,1.1618298452091849,False,False
2024-09-10,Z05,13.157945921370457,-5.221836493873866e-06,1.9345271363811367,False,False
2024-09-11,Z05,13.157936774548196,-1.434029779900925e-05,-1.1562620283066725,False,False
2024-09-12,Z05,13.157958384904406,7.800675176028449e-06,1.6769613726571528,False,False
2024-09-13,Z05,13.157948897942164,-2.4693259277341895e-06,-0.3043137329119562,False,False
2024-09-14,Z05,13.157947993432357,-3.63640254619213e-06,0.07212853714617441,False,False
2024-09-15,Z05,13.157947199897494,-4.0352845793734105e-06,1.7363996258242267,False,False
2024-09-16,Z05,13.157946520696836,-4.2897996141988415e-06,-0.3439392350233384,False,False
2024-09-17,Z05,13.157946471836542,-3.877211719682805e-06,-0.22506272868919178,False,False
2024-09-18,Z05,13.157951340301683,8.679126537458615e-07,-0.5816922476916317,False,False
2024-09-19,Z05,13.157952956400143,2.4534444342805273e-06,0.09194128820186595,False,False
2024-09-20,Z05,13.157958360388488,7.756548454196377e-06,0.3693198029815406,False,False
2024-09-21,Z05,13.157957407110363,6.91325505108864e-06,-0.6213177498030139,False,False
2024-09-22,Z05,13.157963223355578,1.2794087913547969e-05,1.4986466131559333,False,False
2024-09-23,Z05,16.864322654650728,3.7063722021288523,-0.6807560029700869,True,True
2024-09-24,Z05,16.864320946466535,3.582824316232271,0.547634562482761,True,True
2024-09-25,Z05,16.86431587325852,3.45927365238156,0.07212853714617441,True,True
2024-09-26,Z05,16.864324847666467,3.3357374366333676,1.2807063515433308,True,True
2024-09-27,Z05,16.864323769249424,3.212190413550113,-0.7401942561371597,True,True
2024-09-28,Z05,16.864328328891418,3.0886491573661257,0.6268855667055254,True,True
2024-09-29,Z05,16.86432487947356,2.965099710818082,2.449658663829105,True,True
2024-09-30,Z05,16.864333770195003,2.8415625400730207,-1.3742022899192752,True,True
2024-10-01,Z05,16.864335934434266,2.71801861249458,-0.8392580114156157,True,True
2024-10-02,Z05,16.864313803252514,2.5944504535351207,2.1128418958823563,True,True
2024-10-03,Z05,16.86431987111002,2.4709108734023992,-0.08637347129935445,True,True
2024-10-04,Z05,16.864319053132174,2.3473646451956665,0.17119229242463038,True,True
2024-10-05,Z05,16.864319906161025,2.2238200061255373,-0.28450098185626466,True,True
2024-10-06,Z05,13.157943422687312,-1.60610203324946,1.6967741237128435,False,True
2024-10-07,Z05,13.15794425167797,-1.606100785014835,-1.5525170494204947,False,False
2024-10-08,Z05,13.157951611415925,-1.6060932819816482,1.2807063515433308,False,False
2024-10-09,Z05,13.15795231441099,-1.6060927643797651,-1.4138277920306574,False,False
2024-10-10,Z05,13.15793348788202,-1.6061117351285965,-1.4930787962534218,False,False
2024-10-11,Z05,13.157938839488159,-1.6061059690728463,-1.0175727709168352,False,False
2024-10-12,Z05,13.157940569766296,-1.6061043076260404,-0.06656072024366291,False,False
2024-10-13,Z05,13.157951130502104,-1.6060931530522957,-0.6609432519143953,False,False
2024-10-14,Z05,13.157957872115608,-1.6060864858574568,-0.720381505081469,False,False
2024-10-15,Z05,13.15793991769169,-1.6061047695708144,-0.8590707624713063,False,False
2024-10-16,Z05,13.157953997265698,-1.6060904472566122,-0.8590707624713063,False,False
2024-10-17,Z05,13.157937985376334,-1.6061067083649405,-0.8788835135269979,False,False
2024-10-18,Z05,13.157959016601747,-1.6060853942575193,0.29006879875877706,False,False
2024-10-19,Z05,13.157953914933037,-1.606090751802899,-0.5816922476916317,False,False
2024-10-20,Z05,13.15796594860004,-1.6060787500869917,-2.5827801043164316,False,False
2024-10-21,Z05,13.157964147338472,-1.606080804288947,0.012690283979101526,False,False
2024-10-22,Z05,13.157934549946763,-1.6061106263549263,0.7853875751510543,False,False
2024-10-23,Z05,13.15795659757501,-1.606087622946383,-0.22506272868919178,False,False
2024-10-24,Z05,13.15794232086858,-1.4825563644169577,-1.1958875304180547,False,False
2024-10-25,Z05,13.157936864875467,-1.3590158662234728,0.7853875751510543,False,False
2024-10-26,Z05,13.157935511485924,-1.2354712526669136,-1.3147640367522013,False,False
2024-10-27,Z05,13.157948290589811,-1.111912162357008,-0.26468823080057396,False,False
2024-10-28,Z05,13.157947742170572,-0.9883668614875916,0.032503035034792196,False,False
2024-10-29,Z05,13.15794026731822,-0.8648283167825834,1.122204343097802,False,False
2024-10-30,Z05,13.1579467525828,-0.7412756777794929,0.6268855667055254,False,False
2024-10-31,Z05,13.157927666584696,-0.6177485298571899,0.29006879875877706,False,False
2024-11-01,Z05,13.157938581632717,-0.49419067254751603,0.9835150857079654,False,False
2024-11-02,Z05,13.157941950964707,-0.3706414624948664,-1.0968237751395997,False,False
2024-11-03,Z05,13.157946248556385,-0.2470912342316769,1.617523119490079,False,False
2024-11-04,Z05,13.1579563359028,-0.1235353867327369,-2.9790351254302534,False,False
2024-11-05,Z05,13.15796707544609,2.0805152495029233e-05,1.4590211110445501,False,False
2024-11-06,Z05,13.15794390128813,-3.1574307577386662e-06,-0.7798197582485419,False,False
2024-11-07,Z05,13.157937125977998,-9.921061225881544e-06,0.42875805614861434,False,False
2024-11-08,Z05,13.157940484998381,-6.0791929143988455e-06,1.4788338621002426,False,False
2024-11-09,Z05,13.15793233315446,-1.3836723082860658e-05,0.6070728156498338,False,False
2024-11-10,Z05,13.157963492211469,1.7360824843493106e-05,0.42875805614861434,False,False
2024-11-11,Z05,13.157945769460856,-1.183683210115305e-06,0.904264081485201,False,False
2024-11-12,Z05,13.157952876926963,5.750459745712533e-06,-1.4138277920306574,False,False
2024-11-13,Z05,13.157948288721746,1.1040403649076325e-06,-1.2553257835851286,False,False
2024-11-14,Z05,13.157937635360145,-9.229874773808433e-06,0.3296943008701593,False,False
2024-11-15,Z05,13.157930650556892,-1.6138600308579498e-05,-0.14581172446642734,False,False
2024-11-16,Z05,13.157949491599439,3.4806658657515754e-06,-0.26468823080057396,False,False
2024-11-17,Z05,13.157929867805276,-1.6526669069705235e-05,1.2807063515433308,False,False
2024-11-18,Z05,13.157945124760811,-2.9808698442934656e-07,1.2014553473205662,False,False
2024-11-19,Z05,13.157957824943377,1.269510132217988e-05,-0.8590707624713063,False,False
2024-11-20,Z05,13.157967343740514,2.248468701715467e-05,0.48819630931568725,False,False
2024-11-21,Z05,13.157950036188437,5.0705882053136975e-06,-1.4930787962534218,False,False
2024-11-22,Z05,13.157933226879932,-1.2254928359212158e-05,-1.5128915473091125,False,False
2024-11-23,Z05,13.157945674304719,9.715195989912218e-07,-0.8392580114156157,False,False
2024-11-24,Z05,13.157941818704419,-2.995861905219499e-06,-0.007122467076590023,False,False
2024-11-25,Z05,13.157958546784778,1.3567090823229933e-05,-0.6015049987473224,False,False
2024-11-26,Z05,13.157946894042324,1.1465050722136993e-06,0.5080090603713788,False,False
2024-11-27,Z05,13.157956839460756,1.113847508626975e-05,0.032503035034792196,False,False
2024-11-28,Z05,13.157945857990406,-1.4623826771753556e-07,1.1618298452091849,False,False
2024-11-29,Z05,13.15795003043288,3.8398484658586085e-06,0.5872600645941433,False,False
2024-11-30,Z05,13.157946365623571,6.577748834502017e-08,-0.977947268805453,False,False
2024-12-01,Z05,13.157950990138731,4.066991351692195e-06,0.9438895835965823,False,False
2024-12-02,Z05,13.157923614471054,-2.372229319114183e-05,-0.7996325093042335,False,False
2024-12-03,Z05,13.157964143715258,1.741816746658742e-05,0.46838355825999656,False,False
2024-12-04,Z05,13.157969919464696,2.259741160948181e-05,-0.4430029903017935,False,False
2024-12-05,Z05,13.157930655269102,-1.7119569381662814e-05,1.359957355766095,False,False
2024-12-06,Z05,13.157944148634627,-2.4121979560476348e-06,0.7853875751510543,False,False
2024-12-07,Z05,13.157943521373817,-3.0477036521148193e-06,-0.6411305008587046,False,False
2024-12-08,Z05,13.157943830547381,-2.95170994668581e-06,-0.3241264839676469,False,False
2024-12-09,Z05,13.15797050249008,2.3608714453615676e-05,3.281794208168132,False,False
2024-12-10,Z05,13.157953121581405,4.955494590674903e-06,-1.1958875304180547,False,False
2024-12-11,Z05,13.157955741245402,7.920846254449998e-06,-0.6609432519143953,False,False
2024-12-12,Z05,13.157938948570228,-9.204221736780482e-06,-0.6213177498030139,False,False
2024-12-13,Z05,13.15793976897201,-7.919541397782837e-06,-1.0968237751395997,False,False
2024-12-14,Z05,13.157934545491218,-1.2859030530165683e-05,-0.9977600198611446,False,False
2024-12-15,Z05,13.157950717493677,3.415967558595412e-06,-0.04674796918797224,False,False
2024-12-16,Z05,13.157936380631504,-1.158979250703851e-05,0.5278218114270694,False,False
2024-12-17,Z05,13.157936244521848,-1.1288869897541076e-05,-1.532704298364804,False,False
2024-12-18,Z05,13.157920035022022,-2.7710926945090364e-05,-0.4430029903017935,False,False
2024-12-19,Z05,13.157948614333629,1.7047092892852334e-06,-0.7401942561371597,False,False
2024-12-20,Z05,13.157967205495257,2.0602891241949806e-05,-1.1166365261952913,False,False
2024-12-21,Z05,13.157959884932835,1.328693699420569e-05,1.0429533388750374,False,False
2024-12-22,Z05,13.157969347951651,2.2421664333194258e-05,-0.7005687540257775,False,False
2024-12-23,Z05,13.157973269987453,2.513966441064497e-05,-1.2949512856965106,False,False
2024-12-24,Z05,13.157966904502901,1.7854323768773384e-05,0.9240768325408916,False,False
2024-12-25,Z05,13.15795232074464,2.4343722220265818e-06,1.300519102599023,False,False
2024-12-26,Z05,13.157947614867323,-2.0639704221281363e-06,0.29006879875877706,False,False
2024-12-27,Z05,13.157943014551531,-6.6883137144202465e-06,-0.8788835135269979,False,False
2024-12-28,Z05,13.157928597017191,-2.0645017746900862e-05,-0.22506272868919178,False,False
2024-12-29,Z05,13.157953990154919,5.323485753550017e-06,-0.6015049987473224,False,False
2024-12-30,Z05,13.157955888888567,7.0902286690710525e-06,0.012690283979101526,False,False
2024-12-31,Z05,13.15796001341765,1.089731558501228e-05,0.7655748240953627,False,False
2025-01-01,Z05,13.157963160105481,1.3743227450291329e-05,0.032503035034792196,False,False
2025-01-02,Z05,13.157955229179445,4.494113602149241e-06,0.05231578609048374,False,False
2025-01-03,Z05,13.157956972209545,6.534294895388371e-06,-0.46281574135748504,False,False
2025-01-04,Z05,13.15794711267245,-2.893667028658342e-06,0.7061365709282899,False,False
2025-01-05,Z05,13.157925523825122,-2.503109446649887e-05,0.4089453050929228,False,False
2025-01-06,Z05,13.157965270219782,1.533612717530275e-05,-1.7704573110330963,False,False
2025-01-07,Z05,13.157932193841472,-1.846521266735124e-05,-1.7110190578660236,False,False
2025-01-08,Z05,13.157927816637848,-2.2454526094506377e-05,-0.28450098185626466,False,False
2025-01-09,Z05,13.157952724321568,3.876019368576067e-06,1.0231405878193467,False,False
2025-01-10,Z05,13.157945845584951,-2.9894752540116087e-06,1.2014553473205662,False,False
2025-01-11,Z05,13.157964013531123,1.5508326267621442e-05,0.805200326206745,False,False
2025-01-12,Z05,13.157962921294686,1.358059113165666e-05,-0.10618622235504513,False,False
2025-01-13,Z05,13.157929768070304,-2.0344377340109077e-05,1.4986466131559333,False,False
2025-01-14,Z05,13.157940267622642,-9.685577635920595e-06,-0.6609432519143953,False,False
2025-01-15,Z05,13.157944245941561,-5.3589296840073075e-06,-0.28450098185626466,False,False
2025-01-16,Z05,13.157943805474567,-6.061573680327115e-06,-1.3543895388635836,False,False
2025-01-17,Z05,13.157971250465202,2.113138519987956e-05,-0.28450098185626466,False,False
2025-01-18,Z05,13.157936721702562,-1.5104558880096874e-05,-0.7996325093042335,False,False
2025-01-19,Z05,13.157953886473875,2.45663346731817e-06,1.5778976173786978,False,False
2025-01-20,Z05,13.157932670823927,-1.831504910043691e-05,1.3797701068217858,False,False
2025-01-21,Z05,13.157932580650264,-1.7498085799871888e-05,0.11175403925755663,False,False
2025-01-22,Z05,13.157947550354496,-1.302804855995987e-06,0.5080090603713788,False,False
2025-01-23,Z05,13.157945152781672,-2.8430565812698205e-06,-0.5420667455802495,False,False
2025-01-24,Z05,13.157928985861542,-1.8284919336863936e-05,-2.4639035979822848,False,False
2025-01-25,Z05,13.157942913900186,-3.5790512562527965e-06,-0.7005687540257775,False,False
2025-01-26,Z05,13.157931770511343,-1.4565741192740234e-05,0.7853875751510543,False,False
2025-01-27,Z05,13.157965372827327,1.9411376129596647e-05,0.48819630931568725,False,False
2025-01-28,Z05,13.157959032479253,1.1845167716018068e-05,-0.3439392350233384,False,False
2025-01-29,Z05,13.157960355057455,1.2999668440372147e-05,0.7853875751510543,False,False
2025-01-30,Z05,13.1579762959816,2.8791720289689238e-05,-0.42319023924610283,False,False
2025-01-31,Z05,13.1579649203908,1.6873377358450625e-05,-1.077011024083909,False,False
2025-02-01,Z05,13.157934619982589,-1.3485707031080096e-05,0.7853875751510543,False,False
2025-02-02,Z05,13.157939461332035,-7.957384356771513e-06,-0.5618794966359402,False,False
2025-02-03,Z05,13.157962921294686,1.6086274211346563e-05,1.0627660899307299,False,False
2025-02-04,Z05,13.157946962185255,-3.997892932261493e-07,-1.9289593194786252,False,False
2025-02-05,Z05,13.157929342390759,-1.87341957946785e-05,-0.5024412434688673,False,False
2025-02-06,Z05,13.157959278630813,1.2399638562143878e-05,0.6466983177612161,False,False
2025-02-07,Z05,13.15794902456464,1.2427460784891764e-06,0.547634562482761,False,False
2025-02-08,Z05,13.157937631336509,-1.0857412947373746e-05,-0.165624475522118,False,False
2025-02-09,Z05,13.157926594005431,-2.1391644525081688e-05,0.3296943008701593,False,False
2025-02-10,Z05,13.157946662691069,-6.812395678679195e-07,0.19100504348032105,False,False
2025-02-11,Z05,13.15793710677095,-9.65879835135297e-06,-1.4138277920306574,False,False
2025-02-12,Z05,13.15795123787549,5.332790314227509e-06,-0.3043137329119562,False,False
2025-02-13,Z05,13.157959310670423,1.2689925071640573e-05,0.2702560477030855,False,False
2025-02-14,Z05,13.157957146075677,9.890562067127462e-06,0.547634562482761,False,False
2025-02-15,Z05,13.157938296817772,-9.388700307866316e-06,-0.007122467076590023,False,False
2025-02-16,Z05,13.157952001099474,4.499203287267051e-06,-0.5024412434688673,False,False
2025-02-17,Z05,13.157950392384137,3.5321334745930244e-06,-1.2751385346408193,False,False
2025-02-18,Z05,13.157951840250456,4.524310408982046e-06,0.805200326206745,False,False
2025-02-19,Z05,13.157943402894787,-3.8448378134603445e-06,0.6863238198725983,False,False
2025-02-20,Z05,13.157956032850166,8.427381869680062e-06,1.0231405878193467,False,False
2025-02-21,Z05,13.157937624787511,-1.07624207803525e-05,-1.0175727709168352,False,False
2025-02-22,Z05,13.15794776327008,-2.9308598037403044e-07,0.17119229242463038,False,False
2025-02-23,Z05,13.157942335087181,-5.808285159503157e-06,-0.6411305008587046,False,False
2025-02-24,Z05,13.157948532475801,-5.5870726711759744e-08,0.09194128820186595,False,False
2025-02-25,Z05,13.157949688200993,9.125686109001663e-07,2.9251646891656913,False,False
2025-02-26,Z05,13.157969150100454,1.9777211749172352e-05,0.9438895835965823,False,False
2025-02-27,Z05,13.157951802493498,2.3036956893207616e-06,-0.7005687540257775,False,False
2025-02-28,Z05,13.157950801609866,1.543811583459842e-06,-0.20524997763350022,False,False
2025-03-01,Z05,13.157959450845402,1.0511495371900992e-05,-0.3043137329119562,False,False
2025-03-02,Z05,13.157946805588534,-1.5722569557397037e-06,0.17119229242463038,False,False
2025-03-03,Z05,13.157946160699618,-1.613319129845081e-06,-1.4534532941420395,False,False
2025-03-04,Z05,13.15793164428728,-1.6514422036095766e-05,0.3693198029815406,False,False
2025-03-05,Z05,13.157936298053095,-1.1600088061669567e-05,-2.047835825812772,False,False
2025-03-06,Z05,13.157933975486834,-1.3035212935719187e-05,-1.6119553025875684,False,False
2025-03-07,Z05,13.15795392240651,7.344596687275384e-06,2.0335908916595917,False,False
2025-03-08,Z05,13.157937591890725,-9.805252956240906e-06,-0.3043137329119562,False,False
2025-03-09,Z05,13.157966835389285,2.0161136939478297e-05,1.4590211110445501,False,False
2025-03-10,Z05,13.157932978529669,-1.4289416832014012e-05,-0.7600070071928513,False,False
2025-03-11,Z05,13.157942967434815,-4.145418124323896e-06,-2.028023074757081,False,False
2025-03-12,Z05,13.157941794172018,-5.864461900983997e-06,-0.9977600198611446,False,False
2025-03-13,Z05,13.157932793271781,-1.4703078168309958e-05,2.7072244275530903,False,False
2025-03-14,Z05,13.157926905525574,-2.044704107184714e-05,-1.3543895388635836,False,False
2025-03-15,Z05,13.157952513565863,5.972077550708832e-06,1.815650630046991,False,False
2025-03-16,Z05,13.157939566055527,-6.748862633187969e-06,0.3891325540372321,False,False
2025-03-17,Z05,13.157964978564717,1.924964722732625e-05,0.17119229242463038,False,False
2025-03-18,Z05,13.157937038217632,-9.580091424155057e-06,-0.6807560029700869,False,False
2025-03-19,Z05,13.157947969014916,1.8494685889436369e-06,-0.8392580114156157,False,False
2025-03-20,Z05,13.157949055428539,3.016661183963265e-06,0.6070728156498338,False,False
2025-03-21,Z05,13.157932636051054,-1.3309888901247291e-05,1.359957355766095,False,False
2025-03-22,Z05,13.157948919831759,3.3327865924803746e-06,0.25044329664739484,False,False
2025-03-23,Z05,13.157951737646728,6.387702176979815e-06,0.7853875751510543,False,False
2025-03-24,Z05,13.157957569027054,1.1748653864884773e-05,-0.3637519860790291,False,False
2025-03-25,Z05,13.157950926562242,4.779330483373201e-06,2.211905651160813,False,False
2025-03-26,Z05,13.157958944551652,1.251093739185194e-05,0.29006879875877706,False,False
2025-03-27,Z05,13.157938967411683,-7.813271771794916e-06,2.073216393770975,False,False
2025-03-28,Z05,13.157967525384572,2.110206076366694e-05,-0.8986962645826886,False,False
2025-03-29,Z05,13.15795701286021,1.0643693595824288e-05,0.012690283979101526,False,False
2025-03-30,Z05,13.157944606328734,-1.9365167727158905e-06,1.122204343097802,False,False
2025-03-31,Z05,13.157937159571082,-9.176765050966651e-06,0.19100504348032105,False,False
2025-04-01,Z05,13.157957567402331,1.1974108675261164e-05,0.5674473135384517,False,False
2025-04-02,Z05,13.157956273895607,1.0321874825081068e-05,-0.9185090156383802,False,False
2025-04-03,Z05,13.157958520228622,1.223110130510463e-05,-0.3439392350233384,False,False
2025-04-04,Z05,13.157964948295048,1.7763303020501553e-05,-0.8194452603599242,False,False
2025-04-05,Z05,13.157949379667327,1.2396672346426385e-06,-0.02693521813228069,False,False
2025-04-06,Z05,13.157954185267846,5.53179507001289e-06,-0.12599897341073668,False,False
2025-04-07,Z05,13.157940058409338,-8.60382548317773e-06,-0.46281574135748504,False,False
2025-04-08,Z05,13.157942780095405,-5.964356702747864e-06,0.6863238198725983,False,False
2025-04-09,Z05,13.157937874364608,-1.0068244371552737e-05,-0.9977600198611446,False,False
2025-04-10,Z05,13.157945392026967,-2.713776508400656e-06,-2.0676485768684634,False,False
2025-04-11,Z05,13.15794828496151,9.83382957286949e-08,-0.522253994524558,False,False
2025-04-12,Z05,13.15795544361201,7.040629146359834e-06,2.192092900105121,False,False
2025-04-13,Z05,13.157943661337232,-5.4966569731362824e-06,0.547634562482761,False,False
2025-04-14,Z05,13.157937865253244,-1.1851268018503447e-05,-0.7798197582485419,False,False
2025-04-15,Z05,13.157937179742643,-1.2048501531580769e-05,0.48819630931568725,False,False
2025-04-16,Z05,13.157946688493821,-2.4602065913370552e-06,-0.08637347129935445,False,False
2025-04-17,Z05,13.157942653802834,-5.885228548052623e-06,0.42875805614861434,False,False
2025-04-18,Z05,13.157944959488471,-3.7667290815335264e-06,0.9240768325408916,False,False
2025-04-19,Z05,13.157952793907699,4.168007691873754e-06,0.25044329664739484,False,False
2025-04-20,Z05,13.157951434065552,2.6835495745558546e-06,0.17119229242463038,False,False
2025-04-21,Z05,13.157948625006325,-7.521101359486693e-07,1.518459364211624,False,False
2025-04-22,Z05,13.157943481931856,-5.88535709233895e-06,0.5872600645941433,False,False
2025-04-23,Z05,13.157934475620092,-1.461647835832025e-05,0.25044329664739484,False,False
2025-04-24,Z05,13.157959327001237,1.1004683017290517e-05,0.09194128820186595,False,False
2025-04-25,Z05,13.15795581960818,7.217275328486039e-06,-0.5024412434688673,False,False
2025-04-26,Z05,13.157957695757888,9.197589816878349e-06,-1.176074779362364,False,False
2025-04-27,Z05,13.157940010691696,-9.111754579294029e-06,0.7259493219839805,False,False
2025-04-28,Z05,13.157947738321496,-4.669683502100952e-07,1.3203318536547137,False,False
2025-04-29,Z05,13.15794281278241,-5.08335614490818e-06,0.46838355825999656,False,False
2025-04-30,Z05,13.157945353606213,-2.482747467169588e-06,0.6070728156498338,False,False
2025-05-01,Z05,13.157930235929127,-1.7873559057690613e-05,-0.8194452603599242,False,False
2025-05-02,Z05,13.157933833255237,-1.3365183839653128e-05,-0.5420667455802495,False,False
2025-05-03,Z05,13.157959943758868,1.349334113776024e-05,-1.2157002814737463,False,False
2025-05-04,Z05,13.157953120134508,6.622265766864643e-06,-0.18543722657780956,False,False
2025-05-05,Z05,13.157953899269096,7.795672374300011e-06,1.0231405878193467,False,False
2025-05-06,Z05,13.157935759252847,-1.0494997265908523e-05,-0.6411305008587046,False,False
2025-05-07,Z05,13.157955277935526,9.637885913349464e-06,-0.02693521813228069,False,False
2025-05-08,Z05,13.157944228427423,-1.9189397288954524e-06,0.7457620730396721,False,False
2025-05-09,Z05,13.15795106801797,4.8723730845523505e-06,1.2410808494319494,False,False
2025-05-10,Z05,13.157953003226266,6.367792931172289e-06,-1.5723298004761863,False,False
2025-05-11,Z05,13.157943332697267,-3.5564427083301098e-06,-0.42319023924610283,False,False
2025-05-12,Z05,13.15795648233737,9.758272867088635e-06,-0.6807560029700869,False,False
2025-05-13,Z05,13.157940644148367,-6.114540312296413e-06,-0.8194452603599242,False,False
2025-05-14,Z05,13.157964588333698,1.7930217980577368e-05,-0.3241264839676469,False,False
2025-05-15,Z05,13.157964812735855,1.726385078981707e-05,-1.8695210663115525,False,False
2025-05-16,Z05,13.157949448076112,9.780912719747903e-07,-0.3043137329119562,False,False
2025-05-17,Z05,13.157963015535156,1.445356424056854e-05,0.09194128820186595,False,False
2025-05-18,Z05,13.157947289376148,-1.9513191791276085e-06,-0.977947268805453,False,False
2025-05-19,Z05,13.157951398649498,2.0802912494843895e-06,-0.42319023924610283,False,False
2025-05-20,Z05,13.157954241121669,4.969272024979432e-06,0.07212853714617441,False,False
2025-05-21,Z05,13.157937747694639,-1.1617723540524594e-05,0.17119229242463038,False,False
2025-05-22,Z05,13.157949006055148,3.214024602016252e-09,-1.5723298004761863,False,False
2025-05-23,Z05,13.157944449477707,-4.737500859164356e-06,0.7457620730396721,False,False
2025-05-24,Z05,13.157954973308083,5.453867597537965e-06,0.7655748240953627,False,False
2025-05-25,Z05,13.157953593157043,4.218839659841933e-06,-0.6807560029700869,False,False
2025-05-26,Z05,13.157937321579343,-1.1978523000166774e-05,1.716586874768536,False,False
2025-05-27,Z05,13.157958790892346,1.0169929288039725e-05,0.5080090603713788,False,False
2025-05-28,Z05,13.157943352764894,-5.894204852197049e-06,0.3693198029815406,False,False
2025-05-29,Z05,13.157953267968372,4.167183844216993e-06,0.7259493219839805,False,False
2025-05-30,Z05,13.157947372020296,-2.0772704303340106e-06,-0.977947268805453,False,False
2025-05-31,Z05,13.157954082549464,4.565978269255311e-06,-0.3043137329119562,False,False
2025-06-01,Z05,13.157949079897351,-1.231561189030117e-06,0.6665110688169077,False,False
2025-06-02,Z05,13.157959399225575,8.579545630382768e-06,-0.7401942561371597,False,False
2025-06-03,Z05,13.157951503705151,7.021763170911299e-07,-0.3043137329119562,False,False
2025-06-04,Z05,13.157954857870832,4.110222976194677e-06,0.6466983177612161,False,False
2025-06-05,Z05,13.157938634096542,-1.2145504703298116e-05,0.3495070519258499,False,False
2025-06-06,Z05,13.15794982373831,-1.0516910613489472e-06,0.07212853714617441,False,False
2025-06-07,Z05,13.157945199484908,-5.494137889527906e-06,0.11175403925755663,False,False
2025-06-08,Z05,13.157942266255143,-8.459736237753646e-06,-0.12599897341073668,False,False
2025-06-09,Z05,13.157948225368374,-2.207230910045155e-06,0.904264081485201,False,False
2025-06-10,Z05,13.157949128854804,-1.1444825513962087e-06,2.132654646938049,False,False
2025-06-11,Z05,13.15794182144307,-8.645099537574197e-06,0.3495070519258499,False,False
2025-06-12,Z05,13.15796391580449,1.393795836079903e-05,1.3203318536547137,False,False
2025-06-13,Z05,13.157948976675307,-1.776892693428067e-06,-0.3835647371347206,False,False
2025-06-14,Z05,13.157943121943996,-7.111235390766524e-06,-0.6213177498030139,False,False
2025-06-15,Z05,13.157935073233492,-1.4436919499871692e-05,-0.720381505081469,False,False
2025-06-16,Z05,13.157958444259382,9.413267809676995e-06,-0.8590707624713063,False,False
2025-06-17,Z05,13.15794315316323,-5.725452483673621e-06,-0.24487547974488244,False,False
2025-06-18,Z05,13.157952108632664,3.367890714756072e-06,0.9240768325408916,False,False
2025-06-19,Z05,13.157952027913607,3.263505552908441e-06,1.0429533388750374,False,False
2025-06-20,Z05,13.157953988710377,5.298075924642376e-06,-0.4430029903017935,False,False
2025-06-21,Z05,13.15795108779887,1.8557972261135092e-06,-0.26468823080057396,False,False
2025-06-22,Z05,13.157953194939633,3.893546532296455e-06,0.05231578609048374,False,False
2025-06-23,Z05,13.157952059924058,2.467015558949015e-06,0.29006879875877706,False,False
2025-06-24,Z05,13.157955797492244,6.301696547694746e-06,0.6268855667055254,False,False
2025-06-25,Z05,13.157951731556416,2.1622828789702453e-06,-0.3439392350233384,False,False
2025-06-26,Z05,13.157955975045413,5.925439305443092e-06,-0.14581172446642734,False,False
2025-06-27,Z05,13.157956460637694,6.504893150349744e-06,1.3995828578774783,False,False
2025-06-28,Z05,13.157947554258332,-2.8384153036853377e-06,-0.22506272868919178,False,False
2025-06-29,Z05,13.157953720502515,3.518285881298766e-06,-0.522253994524558,False,False
2025-06-30,Z05,13.157952139793272,1.7259605638031417e-06,-0.02693521813228069,False,False
2025-07-01,Z05,13.15793705962556,-1.3289448608233556e-05,0.13156679031324817,False,False
2025-07-02,Z05,13.157943933408466,-6.014989976321772e-06,-1.4732660451977302,False,False
2025-07-03,Z05,13.157947693220171,-1.7396510330058845e-06,-0.3835647371347206,False,False
2025-07-04,Z05,13.157941038797105,-8.267057932442867e-06,0.46838355825999656,False,False
2025-07-05,Z05,13.157948535545493,-3.09673755083395e-07,2.0335908916595917,False,False
2025-07-06,Z05,13.157946601005696,-2.5742618490198765e-06,-0.46281574135748504,False,False
2025-07-07,Z05,13.157951764464123,2.6966209958345644e-06,0.805200326206745,False,False
2025-07-08,Z05,13.15794970846487,4.217891031998988e-07,0.23063054559170326,False,False
2025-07-09,Z05,13.15794000913776,-9.525611663008249e-06,1.2014553473205662,False,False
2025-07-10,Z05,13.157938584944562,-1.0675930507630937e-05,-0.5618794966359402,False,False
2025-07-11,Z05,13.15793693955038,-1.1969861015259653e-05,1.1420170941534942,False,False
2025-07-12,Z05,13.157949375646316,6.289646776735935e-07,1.4392083599888597,False,False
2025-07-13,Z05,13.15793838783946,-9.874170242341052e-06,1.4788338621002426,False,False
2025-07-14,Z05,13.157948404589776,4.955412702400963e-07,1.4590211110445501,False,False
2025-07-15,Z05,13.157951625260452,3.5401237532539653e-06,0.25044329664739484,False,False
2025-07-16,Z05,13.157949969620555,1.3327496244386339e-06,0.6268855667055254,False,False
2025-07-17,Z05,13.157956115850421,7.761467452738202e-06,-0.3637519860790291,False,False
2025-07-18,Z05,13.157942465977278,-6.3204952631679134e-06,-2.146899581091227,False,False
2025-07-19,Z05,13.157961527111222,1.3062060526536357e-05,0.3098815498144677,False,False
2025-07-20,Z05,13.157945298915394,-3.4827752219968033e-06,-0.10618622235504513,False,False
2025-07-21,Z05,13.157946744001153,-1.7480296303773457e-06,1.003327836763656,False,False
2025-07-22,Z05,13.157954407033579,6.059796053392574e-06,0.904264081485201,False,False
2025-07-23,Z05,13.157947182254542,-1.2053861144778466e-06,-0.9977600198611446,False,False
2025-07-24,Z05,13.157955249329124,7.0242774476980685e-06,2.3704076596063404,False,False
2025-07-25,Z05,13.15793573246993,-1.2474309640353454e-05,0.42875805614861434,False,False
2025-07-26,Z05,13.157948011024226,3.375475383649018e-07,-1.2157002814737463,False,False
2025-07-27,Z05,21.243557080690863,8.08560967268155,-1.077011024083909,True,True
2025-07-28,Z05,21.243563886582038,7.816096457904285,-2.1072740789798456,True,True
2025-07-29,Z05,21.243566238217852,7.546578265129309,0.805200326206745,True,True
2025-07-30,Z05,21.24356490934157,7.277056518995847,-0.46281574135748504,True,True
2025-07-31,Z05,21.24356622573233,7.007537409734999,-0.7798197582485419,True,True
2025-08-01,Z05,21.243563782610565,6.738013994409675,-0.5816922476916317,True,True
2025-08-02,Z05,21.24355646272919,6.468486012888231,-0.24487547974488244,True,True
2025-08-03,Z05,21.243556870167023,6.198966128009095,0.6268855667055254,True,True
2025-08-04,Z05,21.24356043300806,5.929449163137802,-1.5723298004761863,True,True
2025-08-05,Z05,21.243554695547324,5.65992302909498,-0.9977600198611446,True,True
2025-08-06,Z05,21.24356649324715,5.390414556976754,0.5080090603713788,True,True
2025-08-07,Z05,21.243577351708154,5.120904924478321,-0.5420667455802495,True,True
2025-08-08,Z05,21.243557853831593,4.851364505160316,0.6268855667055254,True,True
2025-08-09,Z05,21.24356532878656,4.581851385292158,-0.4430029903017935,True,True
2025-08-10,Z05,21.243565869207462,4.312331034251656,1.617523119490079,True,True
2025-08-11,Z05,13.157942547019019,-4.042813252258689,0.25044329664739484,False,True
2025-08-12,Z05,13.15796132129342,-4.042794250363372,1.26089360048764,False,False
2025-08-13,Z05,13.157950507569389,-4.042805828535872,0.5674473135384517,False,False
2025-08-14,Z05,13.157951981148495,-4.042804425056085,0.6268855667055254,False,False
2025-08-15,Z05,13.15795875303016,-4.042797665037357,-0.7005687540257775,False,False
2025-08-16,Z05,13.157944883548023,-4.042811827299811,1.2014553473205662,False,False
2025-08-17,Z05,13.157952117586952,-4.042804218850804,0.2702560477030855,False,False
2025-08-18,Z05,13.157941217133773,-4.042815441024304,-0.8986962645826886,False,False
2025-08-19,Z05,13.15794462828245,-4.042811352876377,-2.028023074757081,False,False
2025-08-20,Z05,13.157942894920808,-4.042813063883592,0.19100504348032105,False,False
2025-08-21,Z05,13.157957499997824,-4.042798330503899,1.5382721152673147,False,False
2025-08-22,Z05,13.15795397999812,-4.0428019536024085,-0.8392580114156157,False,False
2025-08-23,Z05,13.157947993694542,-4.042808166497441,-0.8788835135269979,False,False
2025-08-24,Z05,13.157950577907778,-4.042805340429718,-0.26468823080057396,False,False
2025-08-25,Z05,13.15795919411857,-4.042797219066854,1.1420170941534942,False,False
2025-08-26,Z05,13.15795555051355,-4.042801235441688,-1.7704573110330963,False,False
2025-08-27,Z05,13.157961121059195,-3.7732756138901316,-0.6015049987473224,False,False
2025-08-28,Z05,13.157941298242346,-3.503775344522886,-0.9383217666940707,False,False
2025-08-29,Z05,13.157946556187042,-3.234249255245672,0.6070728156498338,False,False
2025-08-30,Z05,13.157950342991928,-2.964724856668969,-0.08637347129935445,False,False
2025-08-31,Z05,13.157956429547845,-2.69519824068837,-0.28450098185626466,False,False
2025-09-01,Z05,13.157943802523587,-2.4256906226105404,-0.12599897341073668,False,False
2025-09-02,Z05,13.15793934835077,-2.1561746547765015,0.8250130772624366,False,False
2025-09-03,Z05,13.157967343048485,-1.8866260760182456,1.1618298452091849,False,False
2025-09-04,Z05,13.157951411211435,-1.6171222381899764,1.0627660899307299,False,False
2025-09-05,Z05,13.157943871430506,-1.3476096684930408,0.6268855667055254,False,False
2025-09-06,Z05,13.157956317086178,-1.078076468776814,1.419395608933169,False,False
2025-09-07,Z05,13.157945022721904,-0.8085670619870235,-0.8788835135269979,False,False
2025-09-08,Z05,13.157956888306824,-0.5390347686984462,0.42875805614861434,False,False
2025-09-09,Z05,13.157946327029643,-0.2695250486263028,2.3704076596063404,False,False
2025-09-10,Z05,13.157957692025422,6.967775401989229e-06,-1.7704573110330963,False,False
2025-09-11,Z05,13.157947609987087,-3.6190964767257583e-06,-0.48262849241317574,False,False
2025-09-12,Z05,13.15794671741634,-4.054623680360692e-06,-0.977947268805453,False,False
2025-09-13,Z05,13.157932623765383,-1.802193620292769e-05,0.3296943008701593,False,False
2025-09-14,Z05,13.157943604954445,-6.395501037204099e-06,1.4788338621002426,False,False
2025-09-15,Z05,13.157938555283636,-1.0940235990020142e-05,0.5872600645941433,False,False
2025-09-16,Z05,13.157944064395046,-5.220182433873788e-06,-0.165624475522118,False,False
2025-09-17,Z05,13.157955399418173,6.383280421573545e-06,0.5872600645941433,False,False
2025-09-18,Z05,13.15795719432083,7.705440266292385e-06,-0.22506272868919178,False,False
2025-09-19,Z05,13.157936322284886,-1.3585463621623717e-05,0.25044329664739484,False,False
2025-09-20,Z05,13.157959371761713,9.68310106941317e-06,0.6665110688169077,False,False
2025-09-21,Z05,13.157942909241862,-6.841810911595303e-06,1.7958378789913003,False,False
2025-09-22,Z05,13.157951406538318,2.024510752818287e-06,0.48819630931568725,False,False
2025-09-23,Z05,13.157946672195544,-2.8235934781406513e-06,0.2702560477030855,False,False
2025-09-24,Z05,13.157946013006091,-3.3525925271504775e-06,2.073216393770975,False,False
2025-09-25,Z05,13.157935787749079,-1.3138479124208402e-05,-1.8893338173672432,False,False
2025-09-26,Z05,13.157950174043462,1.9065740772816753e-06,-0.04674796918797224,False,False
2025-09-27,Z05,13.157947553486432,-3.490824269647419e-07,-0.6807560029700869,False,False
2025-09-28,Z05,13.157951283644811,3.1725678155680725e-06,-0.18543722657780956,False,False
2025-09-29,Z05,13.157966235497742,1.796683882027139e-05,0.6466983177612161,False,False
2025-09-30,Z05,13.157936102664014,-1.2695745102320188e-05,1.0231405878193467,False,False
2025-10-01,Z05,13.157953466377496,5.345531175038332e-06,-0.46281574135748504,False,False
2025-10-02,Z05,13.15796119542449,1.2752449702446711e-05,0.7061365709282899,False,False
2025-10-03,Z05,13.157956694736347,7.523525770380957e-06,-0.8392580114156157,False,False
2025-10-04,Z05,13.157958487288129,9.671021292234627e-06,-1.2157002814737463,False,False
2025-10-05,Z05,13.15794811506253,-9.370735334357505e-07,0.13156679031324817,False,False
2025-10-06,Z05,13.157939922613282,-9.270977180619866e-06,-0.165624475522118,False,False
2025-10-07,Z05,13.157943622619522,-5.0244885105854564e-06,1.5382721152673147,False,False
2025-10-08,Z05,13.15795695145798,8.351020026609035e-06,2.1524673979937394,False,False
2025-10-09,Z05,13.157939205003972,-9.397539018962675e-06,-0.5420667455802495,False,False
2025-10-10,Z05,13.157948010807093,-3.54335041308218e-07,-1.7506445599774059,False,False
2025-10-11,Z05,13.157951798307144,3.7558722851827042e-06,-1.2949512856965106,False,False
2025-10-12,Z05,13.157932405773565,-1.5776271961698285e-05,-0.7798197582485419,False,False
2025-10-13,Z05,13.157966225770615,1.8520779848429925e-05,0.25044329664739484,False,False
2025-10-14,Z05,13.157945960208501,-2.8648491081639804e-06,-0.20524997763350022,False,False
2025-10-15,Z05,13.157929916574526,-1.8986991550562493e-05,-1.1958875304180547,False,False
2025-10-16,Z05,13.157940399288085,-8.216321020881878e-06,1.815650630046991,False,False
2025-10-17,Z05,13.15794022454105,-8.268897824237342e-06,0.7061365709282899,False,False
2025-10-18,Z05,13.157960174949507,1.2187339867963942e-05,1.7958378789913003,False,False
2025-10-19,Z05,13.157938622131057,-9.464832869454654e-06,-1.7308318089217143,False,False
2025-10-20,Z05,13.157938151240964,-1.0012384500157623e-05,1.3203318536547137,False,False
2025-10-21,Z05,13.157956631530032,9.175255259563642e-06,-0.08637347129935445,False,False
2025-10-22,Z05,13.157960628907016,1.2715222636572321e-05,-0.3439392350233384,False,False
2025-10-23,Z05,13.15792842082843,-1.9800268239222873e-05,0.07212853714617441,False,False
2025-10-24,Z05,13.157940579464434,-7.03325333262228e-06,-0.6411305008587046,False,False
2025-10-25,Z05,13.157931410271598,-1.6021328113069444e-05,-0.08637347129935445,False,False
2025-10-26,Z05,13.157943599915292,-3.6857685028479636e-06,0.9835150857079654,False,False
2025-10-27,Z05,13.157951697298929,4.6307527394873205e-06,-1.8893338173672432,False,False
2025-10-28,Z05,13.1579492100142,2.0053409297560165e-06,1.5382721152673147,False,False
2025-10-29,Z05,13.157943244263057,-3.891289194868364e-06,0.44857080720430503,False,False
2025-10-30,Z05,13.157965376746569,1.9007568807793973e-05,-0.06656072024366291,False,False
2025-10-31,Z05,13.157952682734168,5.3377536524124025e-06,0.9835150857079654,False,False
2025-11-01,Z05,13.157953087046753,5.768187683941051e-06,0.4089453050929228,False,False
2025-11-02,Z05,13.157952016746208,4.96816639738995e-06,-0.42319023924610283,False,False
2025-11-03,Z05,13.157950594977699,3.702330893418093e-06,-0.720381505081469,False,False
2025-11-04,Z05,13.1579362185304,-1.0411039390589849e-05,1.5382721152673147,False,False
2025-11-05,Z05,15.8847798179721,2.726833584953379,-1.4138277920306574,True,True
2025-11-06,Z05,15.884787712001575,2.6359468158042265,-0.14581172446642734,True,True
2025-11-07,Z05,15.884801175655138,2.5450654764783884,-1.3543895388635836,True,True
2025-11-08,Z05,15.884787922097491,2.4541574154475025,0.5278218114270694,False,True
2025-11-09,Z05,15.884791170038632,2.363265706152191,-0.04674796918797224,True,True
2025-11-10,Z05,15.884774484534296,2.2723542486734694,-1.176074779362364,True,True
2025-11-11,Z05,13.15795321227852,-0.5453611131232083,-0.7996325093042335,False,True
2025-11-12,Z05,13.157957717195226,-0.5453573017566686,0.09194128820186595,False,False
2025-11-13,Z05,13.157950244186189,-0.5453644911465272,0.3296943008701593,False,False
2025-11-14,Z05,13.157967212461537,-0.5453476656704339,-1.8695210663115525,False,False
2025-11-15,Z05,13.157949772007438,-0.5453663493207674,-0.6411305008587046,False,False
2025-11-16,Z05,13.157940258371928,-0.5453761753802535,0.2108177945360126,False,False
2025-11-17,Z05,13.157940506971643,-0.5453759279082337,1.2410808494319494,False,False
2025-11-18,Z05,13.157963112670343,-0.5453526666102739,0.8844513304295085,False,False
2025-11-19,Z05,13.157960239007835,-0.545356356624092,-0.4033774881904113,False,False
2025-11-20,Z05,13.157930055828981,-0.5453872760618417,1.0429533388750374,False,False
2025-11-21,Z05,13.157959324899164,-0.5453571211349555,-0.26468823080057396,False,False
2025-11-22,Z05,13.157955824660887,-0.5453605779063064,-3.0384733785973266,False,False
2025-11-23,Z05,13.157945169775697,-0.5453721462525749,1.4788338621002426,False,False
2025-11-24,Z05,13.157935169752182,-0.5453822992864659,0.5080090603713788,False,False
2025-11-25,Z05,13.157944489145624,-0.5453731052090447,0.23063054559170326,False,False
2025-11-26,Z05,13.157941075848745,-0.545376548146935,0.05231578609048374,False,False
2025-11-27,Z05,13.157940874181403,-0.5453763957659383,0.3495070519258499,False,False
2025-11-28,Z05,13.157971057438116,-0.5453459346481306,0.05231578609048374,False,False
2025-11-29,Z05,13.157941826826805,-0.5453760923652773,-0.22506272868919178,False,False
2025-11-30,Z05,13.157931795633756,-0.545385338561001,-0.6015049987473224,False,False
2025-12-01,Z05,13.157937704436232,-0.5453787335218454,0.13156679031324817,False,False
2025-12-02,Z05,13.157940771580606,-0.5453751536237892,-0.8194452603599242,False,False
2025-12-03,Z05,13.157956277560379,-0.545359272805161,-1.077011024083909,False,False
2025-12-04,Z05,13.157961437150185,-0.5453543026347774,0.3098815498144677,False,False
2025-12-05,Z05,13.157943579887995,-0.5453730005176247,1.0231405878193467,False,False
2025-12-06,Z05,13.157933860543075,-0.45448817859307766,-0.7401942561371597,False,False
2025-12-07,Z05,13.15794496801051,-0.3635819427436928,-0.5618794966359402,False,False
2025-12-08,Z05,13.157939448552916,-0.27269225527979835,-1.631768053643259,False,False
2025-12-09,Z05,13.157937312339104,-0.1817994423754552,-1.2553257835851286,False,False
2025-12-10,Z05,13.157935904429339,-0.09090572169523803,-1.2157002814737463,False,False
2025-12-11,Z05,13.157951260309042,4.253521296959661e-06,1.0231405878193467,False,False
2025-12-12,Z05,13.15797099984162,2.4058119523218124e-05,-1.6713935557546413,False,False
2025-12-13,Z05,13.157965498365831,1.8113888854642823e-05,0.5080090603713788,False,False
2025-12-14,Z05,13.157942445130185,-5.447819445336677e-06,-0.20524997763350022,False,False
2025-12-15,Z05,13.157968593884675,2.152651275544315e-05,0.6466983177612161,False,False
2025-12-16,Z05,13.157964232772382,1.653800455336807e-05,1.2014553473205662,False,False
2025-12-17,Z05,13.157934322071837,-1.4171842673604829e-05,0.032503035034792196,False,False
2025-12-18,Z05,13.157958690639143,1.0402887962612795e-05,1.1816425962648756,False,False
2025-12-19,Z05,13.15797507726622,2.6936916080799733e-05,1.5778976173786978,False,False
2025-12-20,Z05,13.157963002046118,1.4367087363353903e-05,1.3797701068217858,False,False
2025-12-21,Z05,13.157948281014543,-1.452151449754524e-06,-0.6213177498030139,False,False
2025-12-22,Z05,13.157974749352896,2.5384316391097173e-05,-1.8893338173672432,False,False
2025-12-23,Z05,13.157952940621936,2.9447623628442443e-06,-0.06656072024366291,False,False
2025-12-24,Z05,13.157958912079376,8.65719159470757e-06,0.23063054559170326,False,False
2025-12-25,Z05,13.157946923714348,-4.122584337906687e-06,-1.8893338173672432,False,False
2025-12-26,Z05,13.1579454184651,-5.7089858778169855e-06,0.11175403925755663,False,False
2025-12-27,Z05,13.157958054296829,6.782091972468152e-06,-2.503529100093667,False,False
2025-12-28,Z05,13.157962995532285,1.1150656913372359e-05,1.5778976173786978,False,False
2025-12-29,Z05,13.157940561578732,-1.1014566442923979e-05,0.5278218114270694,False,False
2025-12-30,Z05,13.157930456901711,-2.107706852960689e-05,-0.7600070071928513,False,False
2025-12-31,Z05,13.157952517635223,1.0282893860846798e-06,0.17119229242463038,False,False
2023-01-11,Z06,10.781622209746967,4.940747917459021e-06,0.16344018376655006,False,False
2023-01-12,Z06,10.781613996103182,-3.722054769284e-06,0.18349284708325606,False,False
2023-01-13,Z06,10.781602162208701,-1.5245778019590261e-05,-0.2977710725176974,False,False
2023-01-14,Z06,10.781650330832832,3.409559826650366e-05,1.9481272189534213,False,False
2023-01-15,Z06,10.7815593305945,-5.9340039941346845e-05,-0.41808705241793603,False,False
2023-01-16,Z06,10.781618675932231,3.96130045210441e-06,0.9254413898013928,False,False
2023-01-17,Z06,10.781610116349134,-4.845863923463867e-06,-1.1800882584527805,False,False
2023-01-18,Z06,10.781595880640213,-1.87965220259656e-05,-0.23761308256757857,False,False
2023-01-19,Z06,10.781642113476522,2.8480565507749134e-05,2.0082852089035392,False,False
2023-01-20,Z06,10.78162687999124,1.1748103093012219e-05,0.6848094300009164,False,False
2023-01-21,Z06,10.781599526551455,-1.6192741846055014e-05,-1.4006675549365508,False,False
2023-01-22,Z06,10.78162286539795,7.917187593520225e-06,-1.039719615235835,False,False
2023-01-23,Z06,10.781639938497202,2.4630414682036417e-05,1.6072319425694124,False,False
2023-01-24,Z06,10.781602470594933,-1.3908375180449184e-05,0.08322953049972434,False,False
2023-01-25,Z06,10.781600325617571,-1.547383690869708e-05,-0.27771840920099145,False,False
2023-01-26,Z06,10.781586512645848,-2.866785515642789e-05,-0.7790349921186518,False,False
2023-01-27,Z06,10.781610201950082,-3.87594110939915e-06,-0.3178237358344043,False,False
2023-01-28,Z06,10.781607530993247,-6.40334456925018e-06,1.4267579727190531,False,False
2023-01-29,Z06,10.78156857204838,-4.513359855806698e-05,-0.698824338851826,False,False
2023-01-30,Z06,10.781623979225312,1.1829909357885526e-05,-0.5985610222682943,False,False
2023-01-31,Z06,10.781623899961946,1.1356315679833529e-05,0.6045987767340907,False,False
2023-02-01,Z06,10.781629602506303,1.673673685331778e-05,-1.039719615235835,False,False
2023-02-02,Z06,10.781614664330009,1.1239009491958996e-06,-0.9394562986523033,False,False
2023-02-03,Z06,10.781630103443106,1.638071645437833e-05,0.00301887723289861,False,False
2023-02-04,Z06,10.781635914572133,2.241471634611969e-05,0.043124203866311474,False,False
2023-02-05,Z06,10.781669379548417,5.506317902082003e-05,-0.7990876554353578,False,False
2023-02-06,Z06,10.781635063447235,1.850511610967942e-05,0.4842827968338521,False,False
2023-02-07,Z06,10.781625683341813,1.0347633947915824e-05,0.22359817371666893,False,False
2023-02-08,Z06,10.781590168879214,-2.5097207121405063e-05,-1.982194791121037,False,False
2023-02-09,Z06,10.781592602707658,-2.2152179949941342e-05,0.785072746584449,False,False
2023-02-10,Z06,10.781583074173842,-3.1949230669070516e-05,-0.5584556956348815,False,False
2023-02-11,Z06,10.781611856508807,-1.8623766013803333e-06,0.805125409901155,False,False
2023-02-12,Z06,10.7816288235229,1.517595730504695e-05,2.088495862170365,False,False
2023-02-13,Z06,10.78161726841202,2.7321359521437216e-06,-0.057139112717221135,False,False
2023-02-14,Z06,10.781597918904193,-1.5515291181600332e-05,-0.6386663489017073,False,False
2023-02-15,Z06,10.781618195264944,3.474792581670272e-06,1.3866526460856412,False,False
2023-02-16,Z06,10.781611010470682,-3.693979440555495e-06,-0.8391929820687707,False,False
2023-02-17,Z06,10.781609704849759,-5.0294044129373106e-06,1.9080218923200074,False,False
2023-02-18,Z06,10.781685726020882,7.053095972509027e-05,-0.4581923790513489,False,False
2023-02-19,Z06,10.781617567178854,9.183662168510409e-07,-0.6186136855850004,False,False
2023-02-20,Z06,10.781594377437575,-2.1960947981014556e-05,2.369233148604256,False,False
2023-02-21,Z06,10.781596238629302,-1.992811912643333e-05,0.3639668169336135,False,False
2023-02-22,Z06,10.781638598186676,2.331899720431352e-05,1.6272846058861183,False,False
2023-02-23,Z06,10.78161427423596,-9.602764965421784e-07,-0.017033786083808268,False,False
2023-02-24,Z06,10.78162439707484,8.76910768177197e-06,-0.097244439350634,False,False
2023-02-25,Z06,10.781613389591284,-3.040757780681247e-06,-2.924669967006238,False,False
2023-02-26,Z06,10.781611880276557,-5.445970687745216e-06,1.0257047063849263,False,False
2023-02-27,Z06,10.781618632207925,1.2500164636719546e-06,0.3840194802503204,False,False
2023-02-28,Z06,10.781625761116134,8.008884183396958e-06,-0.11729710266733999,False,False
2023-03-01,Z06,10.781637865291799,1.8206757591343603e-05,0.6045987767340907,False,False
2023-03-02,Z06,10.781604187911979,-1.593349111317366e-05,0.043124203866311474,False,False
2023-03-03,Z06,10.781609993141549,-9.471193211041395e-06,-0.9394562986523033,False,False
2023-03-04,Z06,10.781589134554956,-2.967613431259508e-05,0.3639668169336135,False,False
2023-03-05,Z06,10.781577134139656,-4.082555711093505e-05,-0.19750775593416572,False,False
2023-03-06,Z06,10.781616939937164,7.458838453544558e-07,0.7449674199510362,False,False
2023-03-07,Z06,10.781588720036215,-2.684152927123762e-05,-0.27771840920099145,False,False
2023-03-08,Z06,10.781608556021474,-4.316893605249561e-06,-0.4581923790513489,False,False
2023-03-09,Z06,10.781617971476212,5.982141992433299e-06,-0.5384030323181747,False,False
2023-03-10,Z06,10.781589970147543,-2.1762124491786494e-05,-0.8792983087021835,False,False
2023-03-11,Z06,10.781613246368378,1.520720733338976e-06,-0.5183503690014687,False,False
2023-03-12,Z06,10.78160112833456,-1.1285435109087416e-05,0.44417747020043924,False,False
2023-03-13,Z06,10.781641703902883,2.8688327857295803e-05,-0.738929665485239,False,False
2023-03-14,Z06,10.781606726739026,-7.283749136277606e-06,-1.1800882584527805,False,False
2023-03-15,Z06,10.781588673432497,-2.4600496203674993e-05,0.785072746584449,False,False
2023-03-16,Z06,10.781637330927929,2.5010165213501523e-05,-0.13734976598404686,False,False
2023-03-17,Z06,10.781623322864363,9.688367523352781e-06,0.7650200832677422,False,False
2023-03-18,Z06,10.781598602872801,-1.5202544018322328e-05,-0.21756041925087172,False,False
2023-03-19,Z06,10.781613441779312,4.994908664457398e-08,-0.5785083589515875,False,False
2023-03-20,Z06,10.781610020886824,-3.495507719719626e-06,-1.7415628313205598,False,False
2023-03-21,Z06,10.781612050893957,1.0580038818375215e-06,-1.1199302685026606,False,False
2023-03-22,Z06,10.781600530695936,-1.0278317974510287e-05,-0.8792983087021835,False,False
2023-03-23,Z06,10.781619005307832,7.991185309919047e-06,0.2837561636667887,False,False
2023-03-24,Z06,10.78161797008347,6.197071662938924e-06,-0.097244439350634,False,False
2023-03-25,Z06,10.781584277373199,-2.680803516774688e-05,-1.019666951919129,False,False
2023-03-26,Z06,10.781642654414906,3.256890196468021e-05,-2.7843013237892933,False,False
2023-03-27,Z06,10.781615164892235,4.47080129184485e-06,0.4642301335171461,False,False
2023-03-28,Z06,10.781613799664521,3.046396878758628e-06,0.8853360631679807,False,False
2023-03-29,Z06,10.781621414123519,1.0596876277801925e-05,0.9655467164348065,False,False
2023-03-30,Z06,10.781628427688341,1.751771057989515e-05,-0.9595089619690093,False,False
2023-03-31,Z06,10.781606402609809,-4.596253692312757e-06,1.0257047063849263,False,False
2023-04-01,Z06,10.781625354353821,1.5404246386907516e-05,0.5644934501006779,False,False
2023-04-02,Z06,10.78163548729679,2.4831641292522022e-05,0.5644934501006779,False,False
2023-04-03,Z06,10.78162792252591,1.641706523969333e-05,-0.5985610222682943,False,False
2023-04-04,Z06,10.781620784351556,7.985958520251302e-06,-0.13734976598404686,False,False
2023-04-05,Z06,10.781601663316337,-1.2590083763086568e-05,1.8478639023698877,False,False
2023-04-06,Z06,10.781596801807854,-1.6942371550143775e-05,1.687442595836238,False,False
2023-04-07,Z06,10.781612217924144,-1.7956476483504957e-06,-0.037086449400514254,False,False
2023-04-08,Z06,10.781599731444725,-1.4404190489258895e-05,0.20354551039996294,False,False
2023-04-09,Z06,10.781568802286854,-4.472534731192468e-05,-2.202774087604807,False,False
2023-04-10,Z06,10.78160170109293,-1.112094587796264e-05,1.2061786762352837,False,False
2023-04-11,Z06,10.781619468680988,7.031484694053347e-06,0.7449674199510362,False,False
2023-04-12,Z06,10.781604753660995,-8.294880181836106e-06,0.3439141536169075,False,False
2023-04-13,Z06,10.78159341314225,-1.8403724196147664e-05,-0.5985610222682943,False,False
2023-04-14,Z06,10.781628974216833,1.760113694615484e-05,0.06317686718301746,False,False
2023-04-15,Z06,10.781645341489346,3.2625049982470955e-05,1.4668632993524668,False,False
2023-04-16,Z06,10.781633897879956,2.0914421877904488e-05,0.3639668169336135,False,False
2023-04-17,Z06,10.781599515225409,-1.3820733190783585e-05,2.6499704350381452,False,False
2023-04-18,Z06,10.781604214776024,-9.151594328571377e-06,0.8251780732178611,False,False
2023-04-19,Z06,10.78162264203871,9.5832351352243e-06,-0.9194036353355964,False,False
2023-04-20,Z06,10.781625446135187,1.1966626548343129e-05,-0.41808705241793603,False,False
2023-04-21,Z06,10.781625691948552,1.1765931871465796e-05,-0.698824338851826,False,False
2023-04-22,Z06,10.781624327326249,9.562601148260796e-06,0.8652833998512748,False,False
2023-04-23,Z06,10.781618745841337,3.803715623362791e-06,1.16607334960187,False,False
2023-04-24,Z06,10.781623354932215,8.386947905947295e-06,1.72754792246965,False,False
2023-04-25,Z06,10.781609401481347,-6.869088261751699e-06,-0.3378763991511103,False,False
2023-04-26,Z06,10.781614905255072,-2.568834194249803e-07,0.4642301335171461,False,False
2023-04-27,Z06,10.781623043717259,7.890233339580277e-06,1.2863893295021094,False,False
2023-04-28,Z06,10.781625714820562,1.025320155179088e-05,1.5470739526192927,False,False
2023-04-29,Z06,10.781597346006862,-1.8258968715656465e-05,-1.2402462484028993,False,False
2023-04-30,Z06,10.781641993986632,2.7425067100850242e-05,0.6246514400507975,False,False
2023-05-01,Z06,10.781618455708962,2.7004102047811784e-06,-1.2001409217694865,False,False
2023-05-02,Z06,10.78162416039131,8.635047381133631e-06,-0.5985610222682943,False,False
2023-05-03,Z06,10.781625298474337,1.0150693926291865e-05,-1.300404238353018,False,False
2023-05-04,Z06,10.781620886297185,5.825985159191305e-06,-0.6186136855850004,False,False
2023-05-05,Z06,10.781617494177318,2.430467105796197e-06,-1.4407728815699636,False,False
2023-05-06,Z06,10.781602426690661,-1.3164714918190157e-05,-1.1800882584527805,False,False
2023-05-07,Z06,10.781583066785075,-3.271211659949813e-05,-0.8993509720188905,False,False
2023-05-08,Z06,10.781612139784956,-2.6674120814362823e-06,0.30380882698349465,False,False
2023-05-09,Z06,10.781617856553751,2.6357453730696534e-06,0.043124203866311474,False,False
2023-05-10,Z06,10.781617931007311,1.0750567014383705e-06,-1.641299514737028,False,False
2023-05-11,Z06,10.781620395174093,2.9982263374250806e-06,2.7502337516216766,False,False
2023-05-12,Z06,10.781616549604676,-8.782261815554193e-07,-0.47824504236805576,False,False
2023-05-13,Z06,10.781588259006554,-2.9562022426432577e-05,-1.320456901669725,False,False
2023-05-14,Z06,10.78161291832999,-4.730894469062719e-06,0.5845461134173847,False,False
2023-05-15,Z06,10.781625165225872,8.051197642799934e-06,0.00301887723289861,False,False
2023-05-16,Z06,10.781615292211482,-1.1492746310182156e-06,-0.8191403187520647,False,False
2023-05-17,Z06,10.781620073653086,4.2523559216078866e-06,0.40407214356702637,False,False
2023-05-18,Z06,10.78161181338496,-4.69319312657035e-06,-0.6787716755351201,False,False
2023-05-19,Z06,10.781623806993471,7.047128418591342e-06,-0.2977710725176974,False,False
2023-05-20,Z06,10.781609135517527,-7.663179351524718e-06,1.4668632993524668,False,False
2023-05-21,Z06,10.781650610311843,3.4355302220845374e-05,0.1233348571331372,False,False
2023-05-22,Z06,10.781630711789571,1.362616784028603e-05,0.6246514400507975,False,False
2023-05-23,Z06,10.78162614664215,8.848204974043483e-06,-0.5183503690014687,False,False
2023-05-24,Z06,10.781618678620262,1.1334897269676958e-06,0.16344018376655006,False,False
2023-05-25,Z06,10.781604767391913,-1.2621861559480863e-05,-0.7790349921186518,False,False
2023-05-26,Z06,10.781632085842551,1.4851058727671784e-05,-0.8191403187520647,False,False
2023-05-27,Z06,10.781641131833135,2.3324363061405506e-05,-0.41808705241793603,False,False
2023-05-28,Z06,10.781620235442698,1.8250354294480076e-06,-0.698824338851826,False,False
2023-05-29,Z06,10.781613058243439,-5.16951789997222e-06,1.0457573697016322,False,False
2023-05-30,Z06,10.78160524027715,-1.3511225407825123e-05,0.5845461134173847,False,False
2023-05-31,Z06,10.7816137107323,-3.815646609339751e-06,-2.303037404188339,False,False
2023-06-01,Z06,10.78160382054967,-1.3547663352042605e-05,1.72754792246965,False,False
2023-06-02,Z06,10.78162493262136,8.242403060521042e-06,0.6447041033675036,False,False
2023-06-03,Z06,10.781584637618634,-3.2040404565947256e-05,1.1460206862851638,False,False
2023-06-04,Z06,10.78160743633172,-8.033402195906092e-06,-0.17745509261745973,False,False
2023-06-05,Z06,10.781624170803093,9.036330698819484e-06,-1.5009308715200824,False,False
2023-06-06,Z06,10.781618643977325,2.78470118075802e-06,-1.320456901669725,False,False
2023-06-07,Z06,10.78162858041383,1.1535231278614333e-05,1.707495259152944,False,False
2023-06-08,Z06,10.781619118628106,1.5254245901985541e-06,-1.621246851420321,False,False
2023-06-09,Z06,10.781600661964742,-1.6973307916501312e-05,-1.4407728815699636,False,False
2023-06-10,Z06,10.78162027901021,3.2193723047413414e-06,-0.4381397157346429,False,False
2023-06-11,Z06,10.781612494882426,-4.5608833509902524e-06,-1.380614891619844,False,False
2023-06-12,Z06,10.781620018691983,3.098083613650715e-06,0.5444407867839719,False,False
2023-06-13,Z06,10.78161448452234,-3.4947422093978275e-06,0.6246514400507975,False,False
2023-06-14,Z06,10.781618765147547,7.336765843746207e-07,0.4241248068837333,False,False
2023-06-15,Z06,10.781607253757297,-1.0564377719290974e-05,-0.6186136855850004,False,False
2023-06-16,Z06,10.781625887817514,8.337630967858445e-06,0.2837561636667887,False,False
2023-06-17,Z06,10.781590036499727,-2.770749229874525e-05,1.7877059124197698,False,False
2023-06-18,Z06,10.781618047723567,1.0296277164201229e-06,-1.4407728815699636,False,False
2023-06-19,Z06,10.78160058256094,-1.624355924789711e-05,1.1259680229684579,False,False
2023-06-20,Z06,10.781622445801068,5.904779433407725e-06,0.805125409901155,False,False
2023-06-21,Z06,10.781623147453395,7.545248786655634e-06,-0.097244439350634,False,False
2023-06-22,Z06,10.78160446802767,-1.0882032398740193e-05,0.16344018376655006,False,False
2023-06-23,Z06,10.781620935371633,6.307932045146458e-06,0.3639668169336135,False,False
2023-06-24,Z06,10.781628760629678,1.4057965046276877e-05,-0.9795616252857161,False,False
2023-06-25,Z06,10.78162932409356,1.382165433483351e-05,-1.641299514737028,False,False
2023-06-26,Z06,10.781608135981672,-7.274399253631714e-06,0.9053887264846867,False,False
2023-06-27,Z06,10.781622547253246,8.236734036159987e-06,-1.2402462484028993,False,False
2023-06-28,Z06,10.781614462334607,7.475504482101769e-08,-1.0998776051859547,False,False
2023-06-29,Z06,10.78161486909802,4.347154192174685e-07,-0.5183503690014687,False,False
2023-06-30,Z06,10.781614143423338,-6.119199582599322e-07,0.2837561636667887,False,False
2023-07-01,Z06,10.781627944774694,1.3175008364285645e-05,-0.4982977056847618,False,False
2023-07-02,Z06,10.781631738808487,1.616490132150261e-05,-0.7188770021685321,False,False
2023-07-03,Z06,10.781604959812212,-1.084096785675115e-05,0.9655467164348065,False,False
2023-07-04,Z06,10.78162115605337,4.677866849434054e-06,-0.3378763991511103,False,False
2023-07-05,Z06,10.781622380724192,5.445213615118405e-06,-0.7990876554353578,False,False
2023-07-06,Z06,10.781614345614562,-2.530226717922801e-06,0.40407214356702637,False,False
2023-07-07,Z06,10.781624185489258,7.452926737983034e-06,0.06317686718301746,False,False
2023-07-08,Z06,10.781623474097824,6.888032787699672e-06,0.023071540549604596,False,False
2023-07-09,Z06,10.781615046408682,-1.6848386774626078e-06,0.44417747020043924,False,False
2023-07-10,Z06,10.781612653788237,-4.55694058842937e-06,-0.13734976598404686,False,False
2023-07-11,Z06,10.781618506624486,1.5500697276848996e-06,0.845230736534567,False,False
2023-07-12,Z06,10.781608079575358,-9.077370803467488e-06,-1.4207202182532568,False,False
2023-07-13,Z06,10.78161443042161,-2.3285539967332625e-06,1.2462840028686957,False,False
2023-07-14,Z06,10.781631002426433,1.424525418514122e-05,-0.9194036353355964,False,False
2023-07-15,Z06,10.781599069734662,-1.8095346881352725e-05,-1.641299514737028,False,False
2023-07-16,Z06,10.781607311733001,-9.580547787990668e-06,-0.7790349921186518,False,False
2023-07-17,Z06,10.781613857734477,-2.4153434967644216e-06,-0.3378763991511103,False,False
2023-07-18,Z06,10.78160793977696,-9.127342172732256e-06,-0.738929665485239,False,False
2023-07-19,Z06,10.781608785208697,-7.94497888279011e-06,-0.9595089619690093,False,False
2023-07-20,Z06,10.781619846051862,2.842442691886049e-06,1.0257047063849263,False,False
2023-07-21,Z06,10.781606913757344,-1.0003193519736442e-05,-0.8792983087021835,False,False
2023-07-22,Z06,10.781583438112087,-3.2937715575442894e-05,-2.262932077554926,False,False
2023-07-23,Z06,10.781622102623848,6.427793373120494e-06,-0.3579290624678172,False,False
2023-07-24,Z06,10.781619310594733,3.596855849608005e-06,2.048390535536953,False,False
2023-07-25,Z06,10.781619916305008,4.517567290918123e-06,-1.0597722785525419,False,False
2023-07-26,Z06,10.781628980517956,1.3895373189853899e-05,-0.8993509720188905,False,False
2023-07-27,Z06,10.781606500591167,-9.27937147388036e-06,-0.39803438910123007,False,False
2023-07-28,Z06,10.781610314995751,-4.930078155496176e-06,1.5470739526192927,False,False
2023-07-29,Z06,10.781614837251247,-2.695780292327754e-07,-0.3579290624678172,False,False
2023-07-30,Z06,10.781586742114595,-2.8363653122198684e-05,-1.019666951919129,False,False
2023-07-31,Z06,10.78161369846935,-4.939214086618904e-07,0.3639668169336135,False,False
2023-08-01,Z06,10.781603669450805,-1.0048063110446037e-05,0.2837561636667887,False,False
2023-08-02,Z06,10.781612453527877,-3.2834078211863016e-07,0.4842827968338521,False,False
2023-08-03,Z06,10.781607739879398,-5.2917797841445235e-06,-1.0597722785525419,False,False
2023-08-04,Z06,10.78161305925961,4.748062281123566e-07,-0.5584556956348815,False,False
2023-08-05,Z06,10.781627557007225,1.5283269329202653e-05,1.1259680229684579,False,False
2023-08-06,Z06,10.781601823220836,-1.0890896813720019e-05,0.40407214356702637,False,False
2023-08-07,Z06,10.781606705227448,-5.263481256179148e-06,0.805125409901155,False,False
2023-08-08,Z06,10.781603397694099,-8.01205225897661e-06,-0.057139112717221135,False,False
2023-08-09,Z06,10.781620585835817,9.564379945814494e-06,1.0658100330183382,False,False
2023-08-10,Z06,10.78162267919877,1.1393341312171401e-05,0.30380882698349465,False,False
2023-08-11,Z06,10.781608122834504,-3.3021087624263146e-06,-0.5183503690014687,False,False
2023-08-12,Z06,10.781635533734237,2.4107348997048916e-05,0.7449674199510362,False,False
2023-08-13,Z06,10.78161081128927,-1.3185397254034115e-06,-0.8792983087021835,False,False
2023-08-14,Z06,10.781614157717916,2.700926826193495e-06,1.5470739526192927,False,False
2023-08-15,Z06,10.781604986734244,-6.9729896203796216e-06,1.0056520430682185,False,False
2023-08-16,Z06,10.781609148139163,-2.7340847417178793e-06,-0.2977710725176974,False,False
2023-08-17,Z06,10.781606614289958,-5.110947434161517e-06,-0.17745509261745973,False,False
2023-08-18,Z06,10.781597468323842,-1.4212730652829464e-05,0.14338752044984318,False,False
2023-08-19,Z06,10.781608150229317,-3.153595681482102e-06,-0.17745509261745973,False,False
2023-08-20,Z06,10.781647997544882,3.70835806347003e-05,1.3264946561355213,False,False
2023-08-21,Z06,10.781606874782684,-5.408641149173832e-06,-0.5384030323181747,False,False
2023-08-22,Z06,10.781601563940836,-1.1500705349831719e-05,-1.5009308715200824,False,False
2023-08-23,Z06,10.78163074657014,1.8366546724379873e-05,-0.2576657458842846,False,False
2023-08-24,Z06,10.78161626994242,3.508719821354589e-06,0.7650200832677422,False,False
2023-08-25,Z06,10.781623495489848,1.0855812670129694e-05,1.0257047063849263,False,False
2023-08-26,Z06,10.781642136623436,2.9679780528368838e-05,0.1233348571331372,False,False
2023-08-27,Z06,10.78161480153179,1.1568211384371807e-06,-0.6386663489017073,False,False
2023-08-28,Z06,10.781609875848902,-3.918412950554284e-06,-0.037086449400514254,False,False
2023-08-29,Z06,10.781620037981728,6.409099952975339e-06,-0.6587190122184132,False,False
2023-08-30,Z06,10.781599808678708,-1.4930065304952223e-05,-2.303037404188339,False,False
2023-08-31,Z06,10.78161407779382,-1.9795717065562712e-07,-0.8592456453854775,False,False
2023-09-01,Z06,10.781609181141697,-5.441554060681142e-06,0.5243881234672649,False,False
2023-09-02,Z06,10.781611756288893,-2.757327324687253e-06,-0.27771840920099145,False,False
2023-09-03,Z06,10.781582902165331,-3.1745331202870375e-05,-0.2977710725176974,False,False
2023-09-04,Z06,10.78161059015723,-3.0521028282493035e-06,1.105915359651752,False,False
2023-09-05,Z06,10.781609789267343,-3.287431050935652e-06,-0.9595089619690093,False,False
2023-09-06,Z06,10.78161157856769,-1.7636655869068818e-06,-0.8592456453854775,False,False
2023-09-07,Z06,10.781622490511687,8.985833735764004e-06,0.3439141536169075,False,False
2023-09-08,Z06,10.78162547075496,1.1329649758806681e-05,-0.7188770021685321,False,False
2023-09-09,Z06,10.781590628119552,-2.36758162888151e-05,-0.7188770021685321,False,False
2023-09-10,Z06,10.781613328335602,9.276906709487776e-08,1.5470739526192927,False,False
2023-09-11,Z06,10.781617005598092,3.596514854820043e-06,-1.0798249418692478,False,False
2023-09-12,Z06,10.781634100983917,2.130950521816999e-05,-0.738929665485239,False,False
2023-09-13,Z06,10.781605410049863,-8.157751990367501e-06,0.44417747020043924,False,False
2023-09-14,Z06,10.781618674306403,5.398093485098343e-06,-0.037086449400514254,False,False
2023-09-15,Z06,10.781613254465732,-4.779995919079738e-07,-1.380614891619844,False,False
2023-09-16,Z06,10.781581735153404,-3.213418947467517e-05,1.7877059124197698,False,False
2023-09-17,Z06,10.781607823064016,-5.216974310329192e-06,-0.7990876554353578,False,False
2023-09-18,Z06,10.781610904868408,-2.4803279217167074e-06,-0.23761308256757857,False,False
2023-09-19,Z06,10.781614866619938,1.3896023034476457e-06,0.44417747020043924,False,False
2023-09-20,Z06,10.781617686087865,5.313434396470029e-06,2.1687065154371905,False,False
2023-09-21,Z06,10.781630726157005,1.799312669525932e-05,-0.39803438910123007,False,False
2023-09-22,Z06,10.781619324526844,5.619422662306306e-06,-0.9194036353355964,False,False
2023-09-23,Z06,10.78158826073179,-2.5063637615119205e-05,0.504335460150559,False,False
2023-09-24,Z06,10.781628938498931,1.6547769881469776e-05,2.088495862170365,False,False
2023-09-25,Z06,10.781592974341054,-1.959782163218904e-05,0.14338752044984318,False,False
2023-09-26,Z06,10.7816108908876,-4.253233854001337e-08,-0.27771840920099145,False,False
2023-09-27,Z06,10.781615699805077,4.896739943305306e-06,0.40407214356702637,False,False
2023-09-28,Z06,10.78161912073948,8.123542475146905e-06,-2.0824581077045687,False,False
2023-09-29,Z06,10.781615478334855,4.511712591082073e-06,-0.6186136855850004,False,False
2023-09-30,Z06,10.781614726143754,3.2371996194768826e-06,-1.8217734845873854,False,False
2023-10-01,Z06,10.781621493105089,9.982549288523046e-06,-0.3579290624678172,False,False
2023-10-02,Z06,10.781619019350137,7.09839555668168e-06,-0.5183503690014687,False,False
2023-10-03,Z06,10.781610256944651,-1.9061119704844032e-06,-2.6439326805723486,False,False
2023-10-04,Z06,10.781617278830197,4.203947598924174e-06,0.18349284708325606,False,False
2023-10-05,Z06,10.781625931131481,1.2633293117403355e-05,0.6246514400507975,False,False
2023-10-06,Z06,10.781618224666142,4.388765637131087e-06,-0.19750775593416572,False,False
2023-10-07,Z06,10.781611654418542,-2.403018575236615e-06,-1.5209835348367895,False,False
2023-10-08,Z06,10.781598419985299,-1.527624871400235e-05,1.2663366661854034,False,False
2023-10-09,Z06,10.781620789687935,7.995146244610396e-06,1.9080218923200074,False,False
2023-10-10,Z06,10.78160684459897,-6.955328332836075e-06,0.40407214356702637,False,False
2023-10-11,Z06,10.781596250196648,-1.7333606100677912e-05,-0.3579290624678172,False,False
2023-10-12,Z06,10.781625319400268,1.2427444234575091e-05,-0.3378763991511103,False,False
2023-10-13,Z06,10.7816199709202,7.371683620860381e-06,0.44417747020043924,False,False
2023-10-14,Z06,10.781599974997134,-1.3109601789906833e-05,0.10328219381643033,False,False
2023-10-15,Z06,10.781599888787028,-1.2572501587371221e-05,0.44417747020043924,False,False
2023-10-16,Z06,10.781597577627673,-1.4438138318695337e-05,0.44417747020043924,False,False
2023-10-17,Z06,10.781614665363719,2.121515251474193e-06,-0.738929665485239,False,False
2023-10-18,Z06,10.781600002091029,-1.2769834095038846e-05,-0.8191403187520647,False,False
2023-10-19,Z06,10.781603146652634,-9.2618465767913e-06,-0.27771840920099145,False,False
2023-10-20,Z06,10.781629174498589,1.7156664954498524e-05,0.4642301335171461,False,False
2023-10-21,Z06,10.78160664918619,-5.751594468250687e-06,-1.5610888614702023,False,False
2023-10-22,Z06,10.781648410132574,3.681191761017999e-05,-0.21756041925087172,False,False
2023-10-23,Z06,10.781613650922576,1.083187422423748e-06,-0.037086449400514254,False,False
2023-10-24,Z06,10.781607061080441,-6.352994407876622e-06,-0.47824504236805576,False,False
2023-10-25,Z06,10.781611874807172,-8.100203938710138e-07,1.4067053094023472,False,False
2023-10-26,Z06,10.781624864997315,1.1550154214390318e-05,1.2462840028686957,False,False
2023-10-27,Z06,10.781611549540049,-2.2311067109370697e-06,0.4241248068837333,False,False
2023-10-28,Z06,10.78160173160173,-1.1910702863104916e-05,1.7877059124197698,False,False
2023-10-29,Z06,10.781622945333085,9.882666416771713e-06,0.8853360631679807,False,False
2023-10-30,Z06,10.781607044938005,-6.266628604478797e-06,0.14338752044984318,False,False
2023-10-31,Z06,10.781610638698618,-2.4168277992231424e-06,-0.47824504236805576,False,False
2023-11-01,Z06,10.78158997584612,-2.2717866746901905e-05,-0.39803438910123007,False,False
2023-11-02,Z06,10.78161630454127,4.57894520344837e-06,0.3840194802503204,False,False
2023-11-03,Z06,10.781631437354172,1.9510171551218036e-05,-0.37798172578452316,False,False
2023-11-04,Z06,10.781650366550327,3.796741690642591e-05,-1.5209835348367895,False,False
2023-11-05,Z06,10.781606100212143,-7.113435238181864e-06,-0.37798172578452316,False,False
2023-11-06,Z06,10.781631632661982,1.8823163067338555e-05,1.0257047063849263,False,False
2023-11-07,Z06,10.78162961471021,1.6139269845893978e-05,-2.583774690622229,False,False
2023-11-08,Z06,10.781629789359357,1.527409482982023e-05,1.4067053094023472,False,False
2023-11-09,Z06,10.781620210885688,5.395632113547322e-06,0.5845461134173847,False,False
2023-11-10,Z06,10.781628945219527,1.3684423063153872e-05,-0.23761308256757857,False,False
2023-11-11,Z06,10.78160633097361,-1.0019656953019762e-05,0.2837561636667887,False,False
2023-11-12,Z06,10.781579743003752,-3.5974679253314434e-05,0.9655467164348065,False,False
2023-11-13,Z06,10.781613293387233,-1.083365225085231e-06,0.043124203866311474,False,False
2023-11-14,Z06,10.781608494876622,-6.325822171859841e-06,0.9454940531181005,False,False
2023-11-15,Z06,10.781613222985028,-1.8845834190983624e-06,0.8652833998512748,False,False
2023-11-16,Z06,10.781616487382724,8.583023660690969e-07,0.18349284708325606,False,False
2023-11-17,Z06,10.781600408920735,-1.528089359048579e-05,-1.1199302685026606,False,False
2023-11-18,Z06,10.78164541557474,2.9712199426157326e-05,-0.097244439350634,False,False
2023-11-19,Z06,10.781629018743756,1.190640437087609e-05,-2.042352781071156,False,False
2023-11-20,Z06,10.781605719809868,-1.138733769145972e-05,0.44417747020043924,False,False
2023-11-21,Z06,10.781616587849198,-4.883191486726446e-07,-0.41808705241793603,False,False
2023-11-22,Z06,10.781631662430982,1.5647005414010096e-05,-0.6186136855850004,False,False
2023-11-23,Z06,10.78164162107534,2.5005266158117934e-05,0.6647567666842105,False,False
2023-11-24,Z06,10.781622864180882,5.096371870294547e-06,-1.2803515750363121,False,False
2023-11-25,Z06,10.781603417944208,-1.4716177261675512e-05,0.1233348571331372,False,False
2023-11-26,Z06,10.781576531895364,-4.0887324333382935e-05,-0.3378763991511103,False,False
2023-11-27,Z06,10.781617105004958,8.530400847917008e-07,-0.17745509261745973,False,False
2023-11-28,Z06,10.781612363623982,-4.400787666725137e-06,0.2837561636667887,False,False
2023-11-29,Z06,10.781638734724007,2.2323035993920826e-05,1.8278112390531818,False,False
2023-11-30,Z06,10.781597417900507,-2.0050113706204797e-05,0.40407214356702637,False,False
2023-12-01,Z06,10.781606147363764,-1.0879957180520705e-05,1.3665999827689352,False,False
2023-12-02,Z06,10.781609922044467,-7.644327062905631e-06,1.4067053094023472,False,False
2023-12-03,Z06,10.781618730613465,1.376991827228835e-06,0.7650200832677422,False,False
2023-12-04,Z06,10.781604331930502,-1.259813311094149e-05,-1.8418261479040914,False,False
2023-12-05,Z06,10.781602288690092,-1.310688619504674e-05,-0.23761308256757857,False,False
2023-12-06,Z06,10.78162875091572,1.3482390169627934e-05,-1.0998776051859547,False,False
2023-12-07,Z06,10.781634213545093,1.904107774919339e-05,2.8705497315219164,False,False
2023-12-08,Z06,10.781627440136086,1.2114374246863235e-05,-0.9996142886024222,False,False
2023-12-09,Z06,10.78163221142652,1.6963972125694227e-05,-1.5009308715200824,False,False
2023-12-10,Z06,10.78159975065877,-1.5896813653881736e-05,-2.7843013237892933,False,False
2023-12-11,Z06,10.781617086093238,2.4117728401051863e-06,-1.039719615235835,False,False
2023-12-12,Z06,10.781643066100557,2.803327616973661e-05,0.1233348571331372,False,False
2023-12-13,Z06,10.781591634723583,-2.5508870697521502e-05,1.0858626963350442,False,False
2023-12-14,Z06,10.78164960683014,3.31851913148995e-05,-1.0798249418692478,False,False
2023-12-15,Z06,10.781614519774031,-3.2722632443693556e-06,1.1861260129185778,False,False
2023-12-16,Z06,10.7816545077881,3.667252452288494e-05,-0.057139112717221135,False,False
2023-12-17,Z06,10.781634753729179,1.5651118756565552e-05,-0.47824504236805576,False,False
2023-12-18,Z06,10.781595753218909,-2.4494218461512673e-05,0.18349284708325606,False,False
2023-12-19,Z06,10.781596516645948,-2.2075379559893804e-05,1.4267579727190531,False,False
2023-12-20,Z06,10.781608397255962,-9.111366285452505e-06,0.06317686718301746,False,False
2023-12-21,Z06,10.781628274313777,1.0676443324086904e-05,-1.0998776051859547,False,False
2023-12-22,Z06,10.781637579034934,1.959161566134071e-05,0.4241248068837333,False,False
2023-12-23,Z06,10.781558517766658,-5.966687274394644e-05,0.40407214356702637,False,False
2023-12-24,Z06,10.781614802941073,-6.115880406554197e-07,-0.19750775593416572,False,False
2023-12-25,Z06,10.781609919628181,-5.2261929379682215e-06,1.0257047063849263,False,False
2023-12-26,Z06,10.78158860026313,-2.676228078968279e-05,-2.282984740871633,False,False
2023-12-27,Z06,10.781607480354124,-8.284468721697635e-06,0.3639668169336135,False,False
2023-12-28,Z06,10.781604468506249,-1.0975494902254468e-05,0.785072746584449,False,False
2023-12-29,Z06,10.781634388083448,1.920725288862002e-05,-1.4407728815699636,False,False
2023-12-30,Z06,10.781622924558608,7.888616067930343e-06,-1.4808782082033765,False,False
2023-12-31,Z06,10.781597034438944,-1.88517255317322e-05,1.0056520430682185,False,False
2024-01-01,Z06,10.78162117061077,5.588210452600606e-06,1.1861260129185778,False,False
2024-01-02,Z06,10.781582204694647,-3.375265787930459e-05,1.3665999827689352,False,False
2024-01-03,Z06,10.781619661474672,4.921652772438279e-06,-0.698824338851826,False,False
2024-01-04,Z06,10.781634489195923,1.923838921769061e-05,0.20354551039996294,False,False
2024-01-05,Z06,10.781629998303263,1.3674146364550666e-05,0.3439141536169075,False,False
2024-01-06,Z06,10.781618116564282,1.7508277991851173e-06,-1.7014575046871467,False,False
2024-01-07,Z06,10.781636367591712,2.0538421257043638e-05,0.16344018376655006,False,False
2024-01-08,Z06,10.781617643071746,1.5163194344580688e-06,0.14338752044984318,False,False
2024-01-09,Z06,10.781641682731836,2.6041591350889348e-05,0.7449674199510362,False,False
2024-01-10,Z06,10.781612801757017,-4.2371192368051425e-06,-0.5785083589515875,False,False
2024-01-11,Z06,10.781625233414612,8.337349564513374e-06,1.2663366661854034,False,False
2024-01-12,Z06,10.781615152767369,-1.148874812173517e-06,0.08322953049972434,False,False
2024-01-13,Z06,10.781567903659402,-4.9181917573193346e-05,1.707495259152944,False,False
2024-01-14,Z06,10.781625549840832,1.1187702883219686e-05,0.7449674199510362,False,False
2024-01-15,Z06,10.781614195994585,-5.338122583964378e-07,0.2837561636667887,False,False
2024-01-16,Z06,10.78161247835559,-9.077248019906392e-07,-1.1800882584527805,False,False
2024-01-17,Z06,10.781623016946362,1.0373378422912083e-05,-1.320456901669725,False,False
2024-01-18,Z06,10.781615562989685,2.0106308298295517e-06,1.6072319425694124,False,False
2024-01-19,Z06,10.781607218110787,-6.9691261934679005e-06,0.8853360631679807,False,False
2024-01-20,Z06,10.781620650449868,6.502517727824397e-06,-0.27771840920099145,False,False
2024-01-21,Z06,10.781623554244115,9.66044077088668e-06,-0.41808705241793603,False,False
2024-01-22,Z06,10.781595404991782,-1.8021318535232922e-05,0.22359817371666893,False,False
2024-01-23,Z06,10.78160992174723,-4.734137258211035e-06,-1.3405095649864311,False,False
2024-01-24,Z06,10.781602845402277,-1.1647775750134315e-05,-0.4581923790513489,False,False
2024-01-25,Z06,10.781596748893078,-1.7508477418104462e-05,0.6246514400507975,False,False
2024-01-26,Z06,10.781622239474617,7.710483123091194e-06,0.7449674199510362,False,False
2024-01-27,Z06,10.781623767818758,8.746856581254292e-06,-0.3579290624678172,False,False
2024-01-28,Z06,10.781627338893228,1.1674620633783661e-05,1.6072319425694124,False,False
2024-01-29,Z06,10.781599039965752,-1.6389333834965214e-05,1.0457573697016322,False,False
2024-01-30,Z06,10.781635226438649,2.059329215597927e-05,-0.7589823288019449,False,False
2024-01-31,Z06,10.781623063785677,7.157572527560774e-06,-1.2803515750363121,False,False
2024-02-01,Z06,10.781639201769538,2.3232450558907658e-05,0.6045987767340907,False,False
2024-02-02,Z06,10.781591222603524,-2.6646617950376594e-05,-0.4581923790513489,False,False
2024-02-03,Z06,10.781587136724367,-2.9784534737231638e-05,-0.6386663489017073,False,False
2024-02-04,Z06,10.781649189020708,3.3846177323937354e-05,0.22359817371666893,False,False
2024-02-05,Z06,10.781619972820442,3.990286474575555e-06,0.7249147566343292,False,False
2024-02-06,Z06,10.781601734351739,-1.4310057432354029e-05,0.805125409901155,False,False
2024-02-07,Z06,10.78160441942097,-1.0470546868646124e-05,0.06317686718301746,False,False
2024-02-08,Z06,10.78158870923164,-2.5739947840719424e-05,-2.303037404188339,False,False
2024-02-09,Z06,10.781628986608297,1.6303212156287827e-05,0.9655467164348065,False,False
2024-02-10,Z06,10.781600426184008,-1.2796707174800304e-05,-0.7990876554353578,False,False
2024-02-11,Z06,10.781589152567001,-2.3243416494622693e-05,0.30380882698349465,False,False
2024-02-12,Z06,10.781614909162531,3.3798523819683624e-06,-0.11729710266733999,False,False
2024-02-13,Z06,10.781620623429795,7.527269540119619e-06,2.2489171687040166,False,False
2024-02-14,Z06,10.781610372930603,-2.5590159502542065e-06,2.068443198853659,False,False
2024-02-15,Z06,10.781616168762007,3.3642509187359337e-06,-0.4581923790513489,False,False
2024-02-16,Z06,10.781604211293134,-8.716231500116578e-06,-1.3405095649864311,False,False
2024-02-17,Z06,10.781618090876762,5.790207234568356e-06,-1.2602989117196053,False,False
2024-02-18,Z06,10.781637997118606,2.5612186176360296e-05,0.2837561636667887,False,False
2024-02-19,Z06,10.78164384879705,3.0437897692081606e-05,-0.5384030323181747,False,False
2024-02-20,Z06,10.781634678593987,2.0494416391514392e-05,-1.1199302685026606,False,False
2024-02-21,Z06,10.781632268991908,1.7714002648716587e-05,-0.5183503690014687,False,False
2024-02-22,Z06,10.78161475200607,-1.031783192217972e-06,0.4642301335171461,False,False
2024-02-23,Z06,10.781605510988257,-1.0433809633170199e-05,-0.07719177603392711,False,False
2024-02-24,Z06,10.781597687929008,-1.8345721748858068e-05,-0.47824504236805576,False,False
2024-02-25,Z06,10.781611623819996,-4.4411319581882935e-06,-0.3579290624678172,False,False
2024-02-26,Z06,10.781608489944455,-7.221152344527582e-06,-0.15740242930075285,False,False
2024-02-27,Z06,10.781599980499273,-1.5221335049275808e-05,0.22359817371666893,False,False
2024-02-28,Z06,10.78163715072523,2.2860837370686227e-05,0.2837561636667887,False,False
2024-02-29,Z06,10.78161703549293,1.4752464227996143e-06,-1.641299514737028,False,False
2024-03-01,Z06,10.781603685471287,-1.12684103612537e-05,0.16344018376655006,False,False
2024-03-02,Z06,10.781637288380525,2.298044268833621e-05,-0.3579290624678172,False,False
2024-03-03,Z06,10.781597014471297,-1.7229686905650965e-05,-1.019666951919129,False,False
2024-03-04,Z06,10.781589315456301,-2.5121764162250315e-05,-0.37798172578452316,False,False
2024-03-05,Z06,10.78159600129685,-1.8508548013329573e-05,1.16607334960187,False,False
2024-03-06,Z06,10.781597113983734,-1.5622936995640657e-05,0.805125409901155,False,False
2024-03-07,Z06,10.781608270374399,-3.7045851097872173e-06,0.10328219381643033,False,False
2024-03-08,Z06,10.781596632086591,-1.556074033892685e-05,-0.8993509720188905,False,False
2024-03-09,Z06,10.781632277685251,2.0344436133967747e-05,-1.360562228303138,False,False
2024-03-10,Z06,10.781573398558992,-3.998697191143208e-05,-0.9394562986523033,False,False
2024-03-11,Z06,10.78160933236419,-2.2002317372482594e-06,0.023071540549604596,False,False
2024-03-12,Z06,10.781624633623919,1.2804155318235644e-05,0.043124203866311474,False,False
2024-03-13,Z06,10.781612994903865,-1.7266634344537124e-08,-0.6587190122184132,False,False
2024-03-14,Z06,10.781608090336617,-4.858025258513976e-06,0.8853360631679807,False,False
2024-03-15,Z06,10.781634936916197,2.2406324093893204e-05,0.3840194802503204,False,False
2024-03-16,Z06,10.781594085033218,-1.926435840360341e-05,-2.663985343889055,False,False
2024-03-17,Z06,10.781628853481122,1.6240213790652547e-05,0.10328219381643033,False,False
2024-03-18,Z06,10.781607285194179,-6.149479418127157e-06,0.7650200832677422,False,False
2024-03-19,Z06,10.781615003327746,1.928843570198069e-06,0.20354551039996294,False,False
2024-03-20,Z06,10.781611391328722,-9.166957593009784e-07,0.5845461134173847,False,False
2024-03-21,Z06,10.781608708809895,-2.5172989754906894e-06,-0.2576657458842846,False,False
2024-03-22,Z06,10.781616927499883,6.567050482075842e-06,-0.057139112717221135,False,False
2024-03-23,Z06,10.781650319207769,4.047014143537808e-05,-0.037086449400514254,False,False
2024-03-24,Z06,10.781615710373854,4.675734130543674e-06,0.18349284708325606,False,False
2024-03-25,Z06,10.781622422287695,1.1047668451169557e-05,-0.5785083589515875,False,False
2024-03-26,Z06,10.781626559977267,1.4360879401209559e-05,1.105915359651752,False,False
2024-03-27,Z06,10.78158947366834,-2.3223301434782684e-05,1.4267579727190531,False,False
2024-03-28,Z06,10.781603698618172,-8.36447573426824e-06,-0.5384030323181747,False,False
2024-03-29,Z06,10.781601140928649,-1.1046102553535775e-05,-1.1600355951360737,False,False
2024-03-30,Z06,10.781584449329989,-2.6537374658630597e-05,-1.3405095649864311,False,False
2024-03-31,Z06,10.781634704507773,2.4804008557310908e-05,0.40407214356702637,False,False
2024-04-01,Z06,10.781618877045723,7.942578623243435e-06,0.5845461134173847,False,False
2024-04-02,Z06,10.781618133896599,7.8131406588966e-06,0.40407214356702637,False,False
2024-04-03,Z06,10.781612856251122,1.8315143410774226e-06,0.504335460150559,False,False
2024-04-04,Z06,10.781626478790193,1.4669360249186525e-05,-0.5584556956348815,False,False
2024-04-05,Z06,10.78160637529405,-6.450052339346257e-06,-2.002247454437743,False,False
2024-04-06,Z06,10.781614706762571,1.5727058393366633e-06,-0.4982977056847618,False,False
2024-04-07,Z06,10.781607530114531,-5.818488475028971e-06,1.6673899325195303,False,False
2024-04-08,Z06,10.781630781991408,1.707012080665038e-05,0.2637035003500818,False,False
2024-04-09,Z06,10.781625519207644,1.1857193502606833e-05,0.4241248068837333,False,False
2024-04-10,Z06,10.781624252977183,8.85360808844382e-06,0.9053887264846867,False,False
2024-04-11,Z06,10.781616581490072,6.847672082699319e-07,-0.8391929820687707,False,False
2024-04-12,Z06,10.781626088293947,1.0459975547050249e-05,0.22359817371666893,False,False
2024-04-13,Z06,10.781601177414537,-1.4887350200609717e-05,0.5243881234672649,False,False
2024-04-14,Z06,10.781627463918385,1.1629584383499036e-05,-0.9394562986523033,False,False
2024-04-15,Z06,10.781620321656176,4.7364221007484275e-06,0.3639668169336135,False,False
2024-04-16,Z06,10.781589516588406,-2.6943199767259784e-05,1.3064419928188153,False,False
2024-04-17,Z06,10.781610836930332,-4.31162808389729e-06,-0.39803438910123007,False,False
2024-04-18,Z06,10.781627689804676,1.2422855055760351e-05,-1.721510168003853,False,False
2024-04-19,Z06,10.781626957898514,1.1268066328895543e-05,0.18349284708325606,False,False
2024-04-20,Z06,10.781592081060882,-2.4127656963912614e-05,-0.6587190122184132,False,False
2024-04-21,Z06,10.781629661362983,1.4006903438001927e-05,0.18349284708325606,False,False
2024-04-22,Z06,10.781615975315367,-1.036062826642592e-07,-0.8391929820687707,False,False
2024-04-23,Z06,10.781608375161566,-6.558963667302464e-06,0.06317686718301746,False,False
2024-04-24,Z06,10.781622930680284,8.241062126046472e-06,1.2262313395519897,False,False
2024-04-25,Z06,10.781602032798363,-1.2673766214277293e-05,-0.017033786083808268,False,False
2024-04-26,Z06,10.78161384183289,-4.7159058880197335e-08,-1.641299514737028,False,False
2024-04-27,Z06,10.781644166864249,2.9465600150047067e-05,0.3840194802503204,False,False
2024-04-28,Z06,10.781587649324788,-2.8400880847101462e-05,0.023071540549604596,False,False
2024-04-29,Z06,10.781621831935357,6.2314498503468485e-06,0.22359817371666893,False,False
2024-04-30,Z06,10.781615103309521,-1.7432628318658772e-06,0.9855993797515125,False,False
2024-05-01,Z06,10.781610906622435,-5.2865766431153816e-06,-0.5183503690014687,False,False
2024-05-02,Z06,10.781612113819374,-3.8136989264359045e-06,-0.27771840920099145,False,False
2024-05-03,Z06,10.781613059416568,-2.667432493552724e-06,-1.019666951919129,False,False
2024-05-04,Z06,10.781590376403638,-2.535721760210663e-05,0.20354551039996294,False,False
2024-05-05,Z06,10.781642449627618,2.7919419261834832e-05,0.16344018376655006,False,False
2024-05-06,Z06,10.781627984343618,1.2251657476980427e-05,-0.2576657458842846,False,False
2024-05-07,Z06,10.781621167607728,4.992335551179394e-06,0.7449674199510362,False,False
2024-05-08,Z06,10.781627173099869,1.0543244584937383e-05,-1.039719615235835,False,False
2024-05-09,Z06,10.781599523095466,-1.6986463432289156e-05,0.1233348571331372,False,False
2024-05-10,Z06,10.781605490762052,-1.0152259775964012e-05,0.6045987767340907,False,False
2024-05-11,Z06,10.781641949616317,2.693200166170584e-05,-0.5384030323181747,False,False
2024-05-12,Z06,10.78159674615178,-1.911706708312977e-05,-1.380614891619844,False,False
2024-05-13,Z06,10.781627928693114,1.3043545656898914e-05,-1.7014575046871467,False,False
2024-05-14,Z06,10.781608396916122,-7.379940621277115e-06,0.16344018376655006,False,False
2024-05-15,Z06,10.781606215576359,-8.92571364197181e-06,1.707495259152944,False,False
2024-05-16,Z06,10.781627653418715,1.2982331373478928e-05,-0.5985610222682943,False,False
2024-05-17,Z06,10.781614790536954,-1.151778064922837e-06,0.4642301335171461,False,False
2024-05-18,Z06,10.78164831617526,3.224207335428275e-05,-2.4233533840885775,False,False
2024-05-19,Z06,10.781595733556415,-2.102809117765503e-05,0.3840194802503204,False,False
2024-05-20,Z06,10.781610572987129,-5.147849059028431e-06,-1.0798249418692478,False,False
2024-05-21,Z06,10.781606321993014,-1.0015240716754192e-05,-0.39803438910123007,False,False
2024-05-22,Z06,10.781615044759548,-5.144951824576083e-07,0.08322953049972434,False,False
2024-05-23,Z06,10.781624230754055,8.702517849457081e-06,-1.661352178053734,False,False
2024-05-24,Z06,10.781611335821994,-4.7209339602005684e-06,3.1512870179558052,False,False
2024-05-25,Z06,10.781599892540218,-1.5777720461684908e-05,-0.5985610222682943,False,False
2024-05-26,Z06,10.781584763061558,-3.083585718144377e-05,0.6045987767340907,False,False
2024-05-27,Z06,10.781618847492922,4.2178665626835254e-06,1.5069686259858788,False,False
2024-05-28,Z06,10.78160196938404,-1.1816263278063843e-05,0.30380882698349465,False,False
2024-05-29,Z06,10.78160704072751,-7.2222551157352655e-06,-1.2201935850861925,False,False
2024-05-30,Z06,10.78161537344738,1.6035050158791364e-06,0.10328219381643033,False,False
2024-05-31,Z06,10.781613451519135,-3.2742782529737724e-07,-1.8418261479040914,False,False
2024-06-01,Z06,10.781624654843085,1.0791066237914038e-05,-0.3378763991511103,False,False
2024-06-02,Z06,10.781618916046677,4.634235706291179e-06,1.687442595836238,False,False
2024-06-03,Z06,10.78160427898524,-1.019804673596525e-05,-1.4207202182532568,False,False
2024-06-04,Z06,10.78161679453339,1.8540820274637326e-06,-0.8191403187520647,False,False
2024-06-05,Z06,10.781622949502747,8.864221191728916e-06,1.8679165656865955,False,False
2024-06-06,Z06,10.781609135447848,-4.782005676773338e-06,-0.17745509261745973,False,False
2024-06-07,Z06,10.78160468697667,-8.829404858801126e-06,-0.8993509720188905,False,False
2024-06-08,Z06,10.781617732026765,4.9651826756758055e-06,0.3840194802503204,False,False
2024-06-09,Z06,10.78162940263612,1.6028827655389932e-05,-0.4581923790513489,False,False
2024-06-10,Z06,10.781618244059263,4.073188327069488e-06,-2.7241433338391734,False,False
2024-06-11,Z06,10.7816247248993,1.1344213598718511e-05,-1.360562228303138,False,False
2024-06-12,Z06,10.78163071230462,1.6398994000965672e-05,2.068443198853659,False,False
2024-06-13,Z06,10.781618842784452,4.436686783293453e-06,0.32386149030020067,False,False
2024-06-14,Z06,10.781610328923414,-4.425369867888662e-06,1.4668632993524668,False,False
2024-06-15,Z06,10.781600799861103,-1.4091543743433022e-05,-1.019666951919129,False,False
2024-06-16,Z06,10.78161769637643,3.7000901684791643e-06,-0.057139112717221135,False,False
2024-06-17,Z06,10.781629609173292,1.5516025715811566e-05,-0.15740242930075285,False,False
2024-06-18,Z06,10.781613698813223,2.292323788566364e-07,-0.5384030323181747,False,False
2024-06-19,Z06,10.78162065611082,6.587688082149157e-06,0.22359817371666893,False,False
2024-06-20,Z06,10.781602770686943,-1.1633839918090416e-05,-1.1199302685026606,False,False
2024-06-21,Z06,10.781609257305215,-5.028844777044128e-06,1.2061786762352837,False,False
2024-06-22,Z06,10.781619306173235,5.212938388510224e-06,0.4642301335171461,False,False
2024-06-23,Z06,10.781620656800524,6.727718371735136e-06,-0.17745509261745973,False,False
2024-06-24,Z06,10.7816237452623,9.505480861093929e-06,0.14338752044984318,False,False
2024-06-25,Z06,10.781613788958524,-1.2459136495834855e-06,-0.2977710725176974,False,False
2024-06-26,Z06,10.781610721968624,-5.2804334487177584e-06,-1.721510168003853,False,False
2024-06-27,Z06,10.781620004308396,4.272757132994798e-06,-0.9996142886024222,False,False
2024-06-28,Z06,10.781616386910766,5.4195359311393076e-08,-0.17745509261745973,False,False
2024-06-29,Z06,10.781597741992961,-1.8902261889053307e-05,-0.3579290624678172,False,False
2024-06-30,Z06,10.781632770397605,1.6713857904804286e-05,0.6447041033675036,False,False
2024-07-01,Z06,10.781621735251042,5.0347487228208365e-06,0.5644934501006779,False,False
2024-07-02,Z06,10.781601145876378,-1.545730620655661e-05,-0.5584556956348815,False,False
2024-07-03,Z06,10.781611185058933,-4.82578464122696e-06,-0.9595089619690093,False,False
2024-07-04,Z06,10.781609301623533,-6.939422497964642e-06,0.7650200832677422,False,False
2024-07-05,Z06,10.781614562198854,-1.4290835128605295e-06,0.18349284708325606,False,False
2024-07-06,Z06,10.78159895467998,-1.675702559111869e-05,-0.6186136855850004,False,False
2024-07-07,Z06,10.781616483995789,1.1116491460683164e-06,-1.1399829318193677,False,False
2024-07-08,Z06,10.781609238974887,-6.526605726975276e-06,-0.6787716755351201,False,False
2024-07-09,Z06,10.781612016465466,-3.4660134193842396e-06,0.40407214356702637,False,False
2024-07-10,Z06,10.781611022308695,-3.880631165742443e-06,1.687442595836238,False,False
2024-07-11,Z06,10.781606695120011,-7.967094832750377e-06,-0.21756041925087172,False,False
2024-07-12,Z06,10.781607459538897,-6.601683303131267e-06,-0.8391929820687707,False,False
2024-07-13,Z06,10.78163230279175,1.9016661740423046e-05,2.1687065154371905,False,False
2024-07-14,Z06,10.781625729158677,1.1994361758027594e-05,-0.37798172578452316,False,False
2024-07-15,Z06,10.781611692472298,-2.5556657963221596e-06,-0.7990876554353578,False,False
2024-07-16,Z06,10.781603897724281,-1.0713500854464542e-05,-0.39803438910123007,False,False
2024-07-17,Z06,10.781607163013266,-6.988256798123871e-06,-0.4581923790513489,False,False
2024-07-18,Z06,10.781622371715587,8.968650856644445e-06,1.2863893295021094,False,False
2024-07-19,Z06,10.78163092785779,1.7235696315509585e-05,-1.6814048413704408,False,False
2024-07-20,Z06,10.781605933802828,-8.100750212847174e-06,0.6045987767340907,False,False
2024-07-21,Z06,10.781629285749366,1.5145759128643022e-05,-0.017033786083808268,False,False
2024-07-22,Z06,10.781613722687169,-1.0849178728733477e-06,-0.5584556956348815,False,False
2024-07-23,Z06,10.781619324760644,4.703271804018527e-06,-0.3378763991511103,False,False
2024-07-24,Z06,10.781612448142035,-2.1289454750217374e-06,-0.2576657458842846,False,False
2024-07-25,Z06,10.781617295485834,3.094968999306502e-06,0.08322953049972434,False,False
2024-07-26,Z06,10.781617572004054,3.254602974678278e-06,-0.4581923790513489,False,False
2024-07-27,Z06,10.781606988866576,-7.5568690149907525e-06,-0.057139112717221135,False,False
2024-07-28,Z06,10.78160159460404,-1.25172834923859e-05,-0.7790349921186518,False,False
2024-07-29,Z06,10.781625403144115,1.1784333475262088e-05,2.1887591787538985,False,False
2024-07-30,Z06,10.781597994601059,-1.654624795399684e-05,1.0056520430682185,False,False
2024-07-31,Z06,10.781611428163153,-1.9534926423148136e-06,0.4842827968338521,False,False
2024-08-01,Z06,10.781602762748776,-1.0275337421816744e-05,-0.4381397157346429,False,False
2024-08-02,Z06,10.78162290090417,9.808922225573724e-06,0.8251780732178611,False,False
2024-08-03,Z06,10.781614782624855,1.3001147358693288e-06,0.30380882698349465,False,False
2024-08-04,Z06,17.941199279610796,7.159585614400632,0.1233348571331372,True,True
2024-08-05,Z06,17.941203140833032,6.9209366517091375,-0.5384030323181747,True,True
2024-08-06,Z06,17.94119038865451,6.682270426658846,0.2837561636667887,True,True
2024-08-07,Z06,17.941192638379565,6.4436202128952775,1.687442595836238,True,True
2024-08-08,Z06,17.941196983972414,6.204971778507971,0.08322953049972434,True,True
2024-08-09,Z06,17.94119728941189,5.966319251697213,-0.2576657458842846,True,True
2024-08-10,Z06,17.941198337608906,5.727667424324125,0.10328219381643033,True,True
2024-08-11,Z06,17.941197118874477,5.489013150840066,0.043124203866311474,True,True
2024-08-12,Z06,17.94119092534695,5.250353968668021,-0.5384030323181747,True,True
2024-08-13,Z06,10.781620699282518,-2.1478682114815832,-0.738929665485239,False,True
2024-08-14,Z06,10.781628820988729,-2.1478599221128363,0.805125409901155,False,False
2024-08-15,Z06,10.78160904642606,-2.1478802676260518,1.2061786762352837,False,False
2024-08-16,Z06,10.781602253980536,-2.1478872316949698,2.268969832020724,True,False
2024-08-17,Z06,10.781622164376746,-2.1478671576643364,0.4642301335171461,False,False
2024-08-18,Z06,10.781618239243471,-2.1478710758863144,0.1233348571331372,False,False
2024-08-19,Z06,10.781618579239263,-2.1478703129367123,0.9053887264846867,False,False
2024-08-20,Z06,10.78162104430298,-2.1478682693875424,-0.8993509720188905,False,False
2024-08-21,Z06,10.781602892060397,-2.1478861469152477,0.6447041033675036,False,False
2024-08-22,Z06,10.781628128485831,-2.1478605494689216,1.0457573697016322,False,False
2024-08-23,Z06,10.781622083534009,-2.1478668878782496,1.0257047063849263,False,False
2024-08-24,Z06,10.78164343284472,-2.147845859747269,1.6673899325195303,True,False
2024-08-25,Z06,10.781614048437072,-2.1478761154002157,-0.5985610222682943,False,False
2024-08-26,Z06,10.781615154456253,-2.147874891928801,-0.4982977056847618,False,False
2024-08-27,Z06,10.781606347253746,-2.147883971317629,-0.21756041925087172,False,False
2024-08-28,Z06,10.781626877307072,-2.1478635996859605,-1.1199302685026606,True,False
2024-08-29,Z06,10.781616820929859,-2.1478737052019383,0.5444407867839719,False,False
2024-08-30,Z06,10.781610596778778,-2.147880556897313,0.6848094300009164,False,False
2024-08-31,Z06,10.78164615905091,-2.14784496691237,0.5644934501006779,False,False
2024-09-01,Z06,10.781595679369618,-2.147896893137066,0.14338752044984318,False,False
2024-09-02,Z06,10.781609725855157,-2.1478819392670445,1.0056520430682185,False,False
2024-09-03,Z06,10.78161049690703,-2.147880999656177,0.5845461134173847,False,False
2024-09-04,Z06,10.781613807899355,-1.9092247292403943,-0.5985610222682943,False,False
2024-09-05,Z06,10.781620821814553,-1.6705647375607402,-2.9447226303229446,True,False
2024-09-06,Z06,10.781623758466289,-1.4319094820143388,-0.3378763991511103,False,False
2024-09-07,Z06,10.78161049544947,-1.193270449034049,0.043124203866311474,False,False
2024-09-08,Z06,10.781628636628529,-0.9545994249042256,0.043124203866311474,False,False
2024-09-09,Z06,10.781605830895737,-0.7159699422109043,-0.17745509261745973,False,False
2024-09-10,Z06,10.781619007213642,-0.4773036823358936,-0.5384030323181747,False,False
2024-09-11,Z06,10.781612533407372,-0.23865755242013797,-0.8391929820687707,False,False
2024-09-12,Z06,10.78161680649699,-6.662658673661781e-07,-1.039719615235835,False,False
2024-09-13,Z06,10.781608199612387,-9.143390952814912e-06,0.44417747020043924,False,False
2024-09-14,Z06,10.781605255169366,-1.1400454763332846e-05,1.0858626963350442,False,False
2024-09-15,Z06,10.781595584682496,-2.0944566410108223e-05,-1.2602989117196053,False,False
2024-09-16,Z06,10.781627968788309,1.1661849340427466e-05,-0.057139112717221135,False,False
2024-09-17,Z06,10.781598177280632,-1.832313872363045e-05,0.785072746584449,False,False
2024-09-18,Z06,10.7816038902744,-1.1941412859428624e-05,-0.17745509261745973,False,False
2024-09-19,Z06,10.781617277661802,1.9356067042508585e-06,0.7249147566343292,False,False
2024-09-20,Z06,10.781623957830403,8.741330010053616e-06,1.0858626963350442,False,False
2024-09-21,Z06,10.78160001652779,-1.5902164935965857e-05,0.40407214356702637,False,False
2024-09-22,Z06,10.781635682001886,2.0700374427917723e-05,-0.4982977056847618,False,False
2024-09-23,Z06,10.781630197148901,1.4762239180399206e-05,1.3264946561355213,False,False
2024-09-24,Z06,10.781604568379043,-1.0425340816411222e-05,-0.2576657458842846,False,False
2024-09-25,Z06,10.781630135926827,1.54582089013644e-05,-0.2576657458842846,False,False
2024-09-26,Z06,10.78161580482195,6.277216701988664e-07,0.5243881234672649,False,False
2024-09-27,Z06,10.781609161794798,-6.33055775445257e-06,-0.2977710725176974,False,False
2024-09-28,Z06,10.781587622207725,-2.7279627751397584e-05,-0.21756041925087172,False,False
2024-09-29,Z06,10.781652150827071,3.822228233119063e-05,-0.37798172578452316,False,False
2024-09-30,Z06,10.781623066389171,7.752709491271048e-06,-0.17745509261745973,False,False
2024-10-01,Z06,10.781619509211158,4.9652868678862205e-06,0.20354551039996294,False,False
2024-10-02,Z06,10.781611241826454,-4.09642588650172e-06,-1.982194791121037,False,False
2024-10-03,Z06,10.781616117915478,7.29130759324903e-07,-0.097244439350634,False,False
2024-10-04,Z06,10.781612905153812,-2.670997854892221e-06,-1.7616154946372657,False,False
2024-10-05,Z06,10.781600275292366,-1.527076778273795e-05,-0.39803438910123007,False,False
2024-10-06,Z06,10.78159851488036,-1.6346295716118675e-05,0.3439141536169075,False,False
2024-10-07,Z06,10.78162418979448,1.0170071268689185e-05,-0.3178237358344043,False,False
2024-10-08,Z06,10.781602513529599,-1.1962671779386369e-05,0.7048620933176233,False,False
2024-10-09,Z06,10.781618577337142,4.971905728012871e-06,0.3439141536169075,False,False
2024-10-10,Z06,10.781618824688923,4.794376128103295e-06,-2.1626687609713944,False,False
2024-10-11,Z06,10.781608874463771,-5.149764865208795e-06,1.2061786762352837,False,False
2024-10-12,Z06,10.781589723655141,-2.417860870806976e-05,0.2436508370333758,False,False
2024-10-13,Z06,10.781612147737063,-8.517653906636724e-07,-0.5584556956348815,False,False
2024-10-14,Z06,10.781609787433657,-3.343672952738075e-06,-0.4581923790513489,False,False
2024-10-15,Z06,10.78161527476596,1.992583873899889e-06,-2.0824581077045687,False,False
2024-10-16,Z06,10.781606123574019,-7.814944185113859e-06,0.22359817371666893,False,False
2024-10-17,Z06,10.781616590461924,3.3801175316483523e-06,0.6647567666842105,False,False
2024-10-18,Z06,10.781610757260534,-3.0668565695890493e-06,-0.6787716755351201,False,False
2024-10-19,Z06,10.78163235929178,1.8306275139323702e-05,-0.8993509720188905,False,False
2024-10-20,Z06,10.781623523161965,8.967424324879403e-06,0.14338752044984318,False,False
2024-10-21,Z06,10.781609412903435,-5.128345256011357e-06,1.2061786762352837,False,False
2024-10-22,Z06,10.781611819148473,-3.035312740706786e-06,1.105915359651752,False,False
2024-10-23,Z06,10.781606310959571,-7.748073194591143e-06,0.8251780732178611,False,False
2024-10-24,Z06,10.781628586905272,1.5324078816547626e-05,2.028337872220247,False,False
2024-10-25,Z06,10.781605551354447,-8.512089546997004e-06,0.9254413898013928,False,False
2024-10-26,Z06,10.781595925500934,-1.7318457315340652e-05,1.16607334960187,False,False
2024-10-27,Z06,10.781597335342171,-1.5245972045718759e-05,0.08322953049972434,False,False
2024-10-28,Z06,10.781617214153787,5.02705466054465e-06,-0.3378763991511103,False,False
2024-10-29,Z06,10.781617235262553,4.0617652228291945e-06,1.1460206862851638,False,False
2024-10-30,Z06,10.781613796420153,1.78677497153501e-06,-0.9795616252857161,False,False
2024-10-31,Z06,10.781607881805568,-3.818840642821897e-06,0.4241248068837333,False,False
2024-11-01,Z06,10.781613888962344,2.575896315804016e-06,-0.5985610222682943,False,False
2024-11-02,Z06,10.781630261613168,1.8860309278778686e-05,0.3439141536169075,False,False
2024-11-03,Z06,10.781635043745617,2.3170985139486788e-05,0.2637035003500818,False,False
2024-11-04,Z06,10.781620930364006,8.319650467214501e-06,0.16344018376655006,False,False
2024-11-05,Z06,10.78160768285676,-5.616359167959217e-06,-0.017033786083808268,False,False
2024-11-06,Z06,10.781616865431918,3.2606167774673622e-06,0.5444407867839719,False,False
2024-11-07,Z06,10.78161900697112,5.646301397987941e-06,0.7048620933176233,False,False
2024-11-08,Z06,10.781598737658832,-1.5172792274142921e-05,-1.4006675549365508,False,False
2024-11-09,Z06,10.781641718667082,2.846953858615109e-05,-0.037086449400514254,False,False
2024-11-10,Z06,10.781612465849275,-1.5464118252594972e-06,-0.41808705241793603,False,False
2024-11-11,Z06,10.78161264614534,-1.4858286103702767e-06,0.20354551039996294,False,False
2024-11-12,Z06,10.781617668796244,2.7727392861720546e-06,-0.41808705241793603,False,False
2024-11-13,Z06,10.781613337278227,-1.7428140370867595e-06,1.2863893295021094,False,False
2024-11-14,Z06,10.781618520167873,3.3217474566527017e-06,-0.057139112717221135,False,False
2024-11-15,Z06,10.781621529236915,6.222636436348239e-06,0.9855993797515125,False,False
2024-11-16,Z06,10.781637432132317,2.1612009740934468e-05,-0.9595089619690093,False,False
2024-11-17,Z06,10.781623537595998,7.02275107578032e-06,-0.27771840920099145,False,False
2024-11-18,Z06,10.781628225060516,1.1284204409989229e-05,-0.6186136855850004,False,False
2024-11-19,Z06,10.781608321940016,-8.48110837914362e-06,0.40407214356702637,False,False
2024-11-20,Z06,10.781623553301523,7.2569605258365755e-06,-1.1800882584527805,False,False
2024-11-21,Z06,10.781591236610526,-2.553107707647939e-05,-1.7014575046871467,False,False
2024-11-22,Z06,10.78161243901308,-3.6425899239134196e-06,-0.6186136855850004,False,False
2024-11-23,Z06,10.781623349981576,7.064110123522482e-06,0.5644934501006779,False,False
2024-11-24,Z06,10.781601429227955,-1.4682079376271417e-05,-0.7990876554353578,False,False
2024-11-25,Z06,10.781635397448422,1.942354530903856e-05,0.2637035003500818,False,False
2024-11-26,Z06,10.781613098436734,-4.1911979629105645e-06,-0.6386663489017073,False,False
2024-11-27,Z06,10.78159630944644,-2.150562474056983e-05,-1.7616154946372657,False,False
2024-11-28,Z06,10.781613841347,-3.2769006033106507e-06,0.8652833998512748,False,False
2024-11-29,Z06,10.781636399496305,1.9394379220827318e-05,0.6447041033675036,False,False
2024-11-30,Z06,10.781585701902612,-3.205665034577976e-05,-0.037086449400514254,False,False
2024-12-01,Z06,10.78159800676231,-1.9012460548140098e-05,0.043124203866311474,False,False
2024-12-02,Z06,10.781644230073018,2.7740256827613052e-05,-0.19750775593416572,False,False
2024-12-03,Z06,10.781620923910856,3.968479335370034e-06,-1.039719615235835,False,False
2024-12-04,Z06,10.781593896445676,-2.2588324684491567e-05,1.3064419928188153,False,False
2024-12-05,Z06,10.78163671672673,2.1133086983482485e-05,-0.097244439350634,False,False
2024-12-06,Z06,10.781613992591259,-2.5588441534551976e-06,0.3639668169336135,False,False
2024-12-07,Z06,10.781610733763843,-5.721910216749393e-06,-0.4982977056847618,False,False
2024-12-08,Z06,10.781615557160684,-6.227397992830674e-07,0.44417747020043924,False,False
2024-12-09,Z06,10.781608201046758,-8.5395037849878e-06,1.1460206862851638,False,False
2024-12-10,Z06,10.781610553698696,-5.069597838414097e-06,0.16344018376655006,False,False
2024-12-11,Z06,10.781631774230497,1.621467231416318e-05,0.3639668169336135,False,False
2024-12-12,Z06,10.781620019182144,3.822021122701358e-06,0.8853360631679807,False,False
2024-12-13,Z06,10.781609301733134,-6.97377408265254e-06,0.7048620933176233,False,False
2024-12-14,Z06,10.781637890947374,2.174995832682214e-05,1.0457573697016322,False,False
2024-12-15,Z06,10.781573880691866,-4.290598983125449e-05,0.32386149030020067,False,False
2024-12-16,Z06,10.781642542268678,2.7343871815688203e-05,0.32386149030020067,False,False
2024-12-17,Z06,10.78161581407256,4.453378181779044e-07,0.2436508370333758,False,False
2024-12-18,Z06,10.781589704381107,-2.5406902853575275e-05,0.8652833998512748,False,False
2024-12-19,Z06,10.781616027609182,2.200347870129349e-06,-0.4381397157346429,False,False
2024-12-20,Z06,10.78159123980158,-2.284431537091791e-05,0.5444407867839719,False,False
2024-12-21,Z06,10.781664885908029,5.1878907742164415e-05,2.309075158654136,False,False
2024-12-22,Z06,10.78161877798062,3.316003748921048e-06,0.3639668169336135,False,False
2024-12-23,Z06,10.781627173178828,1.1499903040501636e-05,-1.2001409217694865,False,False
2024-12-24,Z06,10.78161424674712,-1.5539685751519983e-06,-0.2977710725176974,False,False
2024-12-25,Z06,10.781640484998958,2.4257032622543306e-05,0.6246514400507975,False,False
2024-12-26,Z06,10.781596511448498,-1.98861028550823e-05,-0.6787716755351201,False,False
2024-12-27,Z06,10.781611696168799,-4.148482947385901e-06,-0.9795616252857161,False,False
2024-12-28,Z06,10.781581204714987,-3.515282750399251e-05,-1.380614891619844,False,False
2024-12-29,Z06,10.781645723527332,3.0453872573943386e-05,-0.19750775593416572,False,False
2024-12-30,Z06,10.781595257191473,-2.0323264317667622e-05,1.6272846058861183,False,False
2024-12-31,Z06,10.781614632723832,-1.2662415880271283e-06,-0.5384030323181747,False,False
2025-01-01,Z06,10.781601157500782,-1.5295663354564226e-05,0.8853360631679807,False,False
2025-01-02,Z06,10.781617722791369,2.7053796394227447e-06,-0.27771840920099145,False,False
2025-01-03,Z06,10.781604989533673,-9.921174074278838e-06,-0.37798172578452316,False,False
2025-01-04,Z06,10.78160237388724,-1.2906590105998816e-05,0.5243881234672649,False,False
2025-01-05,Z06,10.781628914826419,1.4779110387053151e-05,-1.5410361981534955,False,False
2025-01-06,Z06,10.781619775652985,5.142529117208028e-06,1.6673899325195303,False,False
2025-01-07,Z06,10.781596961654273,-1.7972865899551493e-05,0.5444407867839719,False,False
2025-01-08,Z06,10.781611981206245,-2.3334637155869586e-06,1.0658100330183382,False,False
2025-01-09,Z06,10.781605451252071,-8.989423204042168e-06,-0.2576657458842846,False,False
2025-01-10,Z06,10.781595155582142,-1.911501158069484e-05,0.504335460150559,False,False
2025-01-11,Z06,10.78160618402999,-6.8659421206263005e-06,0.9454940531181005,False,False
2025-01-12,Z06,10.78160466143888,-7.927361492576779e-06,-0.097244439350634,False,False
2025-01-13,Z06,10.781624192959944,1.1758836047093268e-05,-0.8792983087021835,False,False
2025-01-14,Z06,10.781631834263413,1.9856739097434684e-05,-0.9394562986523033,False,False
2025-01-15,Z06,10.781611151031607,-2.7582784269952754e-06,-0.41808705241793603,False,False
2025-01-16,Z06,10.78164228405826,2.9421122794914822e-05,0.22359817371666893,False,False
2025-01-17,Z06,10.781624817448561,1.1072180241100682e-05,-0.15740242930075285,False,False
2025-01-18,Z06,10.781636240135011,2.1324431108027397e-05,-0.47824504236805576,False,False
2025-01-19,Z06,10.78159301462895,-2.2574825813137522e-05,0.6848094300009164,False,False
2025-01-20,Z06,10.781633857211823,1.8208596145541378e-05,-0.4581923790513489,False,False
2025-01-21,Z06,10.781611899553267,-2.7147725347731466e-06,-0.5985610222682943,False,False
2025-01-22,Z06,10.781618079381056,3.6943361649832696e-06,0.9454940531181005,False,False
2025-01-23,Z06,10.781634239007595,2.0157089295480546e-05,0.5644934501006779,False,False
2025-01-24,Z06,10.781638050940943,2.3302613961107e-05,-1.2201935850861925,False,False
2025-01-25,Z06,10.781579499913274,-3.516727843866363e-05,-1.3405095649864311,False,False
2025-01-26,Z06,10.78157556073048,-3.853941005793615e-05,-1.0998776051859547,False,False
2025-01-27,Z06,10.781628360732268,1.546510633865239e-05,-0.037086449400514254,False,False
2025-01-28,Z06,10.781616039995289,1.5725021160761798e-06,1.1861260129185778,False,False
2025-01-29,Z06,10.781587366401702,-2.6111640400117153e-05,1.4468106360357609,False,False
2025-01-30,Z06,10.781632038647409,1.8823631632969295e-05,0.7650200832677422,False,False
2025-01-31,Z06,10.781632909457215,1.9114243984930113e-05,1.9280745556367136,False,False
2025-02-01,Z06,10.78161620979895,1.3561871714529161e-06,0.20354551039996294,False,False
2025-02-02,Z06,10.781599466378152,-1.5336800547771645e-05,1.105915359651752,False,False
2025-02-03,Z06,10.781616632641299,2.0135677853971856e-06,-0.5785083589515875,False,False
2025-02-04,Z06,10.781590290024443,-2.4804340872819353e-05,-1.5610888614702023,False,False
2025-02-05,Z06,10.781616171490796,2.364618879369118e-06,-0.2977710725176974,False,False
2025-02-06,Z06,10.781609530189613,-4.1565435644486115e-06,-0.11729710266733999,False,False
2025-02-07,Z06,10.781614539126577,4.334422225582557e-07,2.5898124450880253,False,False
2025-02-08,Z06,10.781634989757208,2.079880884053864e-05,0.00301887723289861,False,False
2025-02-09,Z06,10.781628534189252,1.3358624048720458e-05,-1.019666951919129,False,False
2025-02-10,Z06,10.781614683373157,-1.6048122830625289e-06,0.9655467164348065,False,False
2025-02-11,Z06,10.781606282274273,-1.028922260459808e-05,-0.7589823288019449,False,False
2025-02-12,Z06,10.781597959588764,-1.866593596311361e-05,0.14338752044984318,False,False
2025-02-13,Z06,10.781634311837745,1.856075872552765e-05,0.8853360631679807,False,False
2025-02-14,Z06,10.781608022094764,-7.811570068128049e-06,-0.9394562986523033,False,False
2025-02-15,Z06,10.781640006407384,2.4277040447273635e-05,1.5270212893025865,False,False
2025-02-16,Z06,10.781596299901558,-1.9353543683209296e-05,1.1259680229684579,False,False
2025-02-17,Z06,10.781638664124287,2.3961263947214206e-05,0.3639668169336135,False,False
2025-02-18,Z06,10.781627919329994,1.3135670009489786e-05,1.7676532491030639,False,False
2025-02-19,Z06,10.781600468355219,-1.5478794800571904e-05,-0.37798172578452316,False,False
2025-02-20,Z06,10.781609359090293,-5.475097838214538e-06,0.805125409901155,False,False
2025-02-21,Z06,10.781641895544743,2.714603871112331e-05,0.2837561636667887,False,False
2025-02-22,Z06,10.78160160593193,-1.393744622646409e-05,-0.6386663489017073,False,False
2025-02-23,Z06,10.781634477356032,2.002174706561277e-05,-0.5985610222682943,False,False
2025-02-24,Z06,10.781607741713948,-6.594775522117402e-06,2.048390535536953,False,False
2025-02-25,Z06,10.781620451583578,5.173700753147159e-06,1.0658100330183382,False,False
2025-02-26,Z06,10.781593092484993,-2.3681759600435726e-05,0.8853360631679807,False,False
2025-02-27,Z06,10.781594877884356,-2.07207519959951e-05,-0.6186136855850004,False,False
2025-02-28,Z06,10.781601078938444,-1.381429421165592e-05,0.7048620933176233,False,False
2025-03-01,Z06,10.781658348100368,4.299778315441927e-05,-0.3579290624678172,False,False
2025-03-02,Z06,10.781583480763295,-3.274653568219321e-05,1.707495259152944,False,False
2025-03-03,Z06,10.781590609593254,-2.3970082594360065e-05,1.2262313395519897,False,False
2025-03-04,Z06,10.781587000095714,-2.672623994293133e-05,0.9254413898013928,False,False
2025-03-05,Z06,10.781600597201404,-1.2713591507562683e-05,0.8251780732178611,False,False
2025-03-06,Z06,10.781596613080326,-1.6163197919638606e-05,-0.07719177603392711,False,False
2025-03-07,Z06,10.781624665881594,1.1678834818340533e-05,0.4842827968338521,False,False
2025-03-08,Z06,10.781667986985518,5.471679238233662e-05,1.5470739526192927,False,False
2025-03-09,Z06,10.781664926550496,4.9707797497688944e-05,0.4642301335171461,False,False
2025-03-10,Z06,10.781610203323417,-6.6950103789764626e-06,-0.8391929820687707,False,False
2025-03-11,Z06,10.781606568719868,-9.503399468258067e-06,1.2663366661854034,False,False
2025-03-12,Z06,10.781613808906629,-1.5310303957960514e-06,-0.6787716755351201,False,False
2025-03-13,Z06,10.781613765905352,-1.5448827888064898e-06,-0.017033786083808268,False,False
2025-03-14,Z06,10.781615489340087,-7.090241993523705e-08,-0.47824504236805576,False,False
2025-03-15,Z06,10.781640108895482,2.3964327930059426e-05,-2.603827353938936,False,False
2025-03-16,Z06,10.781625954099331,9.616296521741674e-06,0.18349284708325606,False,False
2025-03-17,Z06,10.781612767055183,-4.168481114064093e-06,2.1887591787538985,False,False
2025-03-18,Z06,10.781600838269572,-1.5189288317785099e-05,0.32386149030020067,False,False
2025-03-19,Z06,10.781615012242685,-1.1665941386240775e-06,2.9708130481054478,False,False
2025-03-20,Z06,10.781607726095778,-7.664344991553662e-06,-0.15740242930075285,False,False
2025-03-21,Z06,13.517066087359463,2.7354513700265013,0.22359817371666893,True,True
2025-03-22,Z06,13.517074551297192,2.6442776466640865,-0.097244439350634,True,True
2025-03-23,Z06,13.517060804621059,2.5530817269143924,0.06317686718301746,True,True
2025-03-24,Z06,13.517078958834247,2.461919250825037,0.3639668169336135,True,True
2025-03-25,Z06,13.51706737376194,2.3707250873226524,1.5270212893025865,True,True
2025-03-26,Z06,13.517064011047223,2.2795406280610706,-0.8391929820687707,True,True
2025-03-27,Z06,13.517083570770632,2.1883783121400366,0.00301887723289861,True,True
2025-03-28,Z06,13.517052196211846,2.0971648336083497,0.6246514400507975,True,True
2025-03-29,Z06,13.517034877797467,2.005965545069742,1.2863893295021094,True,True
2025-03-30,Z06,13.517057216498612,1.914806550440451,-2.1626687609713944,True,True
2025-03-31,Z06,13.517064670370402,1.8236321330602348,-1.4006675549365508,True,True
2025-04-01,Z06,13.517082053431709,1.7324693053792082,0.043124203866311474,True,True
2025-04-02,Z06,13.517070048369487,1.6412740145613718,1.1259680229684579,True,True
2025-04-03,Z06,13.517083374038302,1.5501046922709776,-0.47824504236805576,True,True
2025-04-04,Z06,13.51705155660165,1.4588896623695735,0.6647567666842105,True,True
2025-04-05,Z06,13.517071362969885,1.3677277700911326,1.9882325455868333,True,True
2025-04-06,Z06,13.517028535368475,1.2765024508267384,0.023071540549604596,True,True
2025-04-07,Z06,13.517078989258415,1.1853727757337822,-0.21756041925087172,True,True
2025-04-08,Z06,13.51705159441301,1.094165014145947,0.4842827968338521,True,True
2025-04-09,Z06,13.51708996315833,1.0030238272958503,0.18349284708325606,True,True
2025-04-10,Z06,10.781618751723757,-1.8236300427998877,0.2637035003500818,False,True
2025-04-11,Z06,10.781614840731375,-1.823634359892397,-0.17745509261745973,False,False
2025-04-12,Z06,10.781622472091703,-1.823626762926228,-0.2576657458842846,False,False
2025-04-13,Z06,10.781636562419141,-1.8236129628050026,-0.9996142886024222,False,False
2025-04-14,Z06,10.781609443423493,-1.8236407842366198,0.6246514400507975,False,False
2025-04-15,Z06,10.781616929375211,-1.8236322761025026,-1.039719615235835,False,False
2025-04-16,Z06,10.78161680223363,-1.8236321024199444,-0.8191403187520647,False,False
2025-04-17,Z06,10.781592346689484,-1.8236566924700401,-1.2001409217694865,False,False
2025-04-18,Z06,10.781615154155059,-1.8236336019517942,-0.3178237358344043,False,False
2025-04-19,Z06,10.781586656070939,-1.8236621047663277,0.023071540549604596,False,False
2025-04-20,Z06,10.781603984055725,-1.8236440744473796,-1.0998776051859547,False,False
2025-04-21,Z06,10.781608116615187,-1.7324578717777932,-0.2576657458842846,False,False
2025-04-22,Z06,10.781603939717868,-1.6412798341857116,0.16344018376655006,False,False
2025-04-23,Z06,10.781609975631113,-1.5500919027756943,-1.5610888614702023,False,False
2025-04-24,Z06,10.781616334762743,-1.4589032442039596,-0.7589823288019449,False,False
2025-04-25,Z06,10.781621914418068,-1.3677159632486617,1.8077585757364758,False,False
2025-04-26,Z06,10.78161624570089,-1.2765402287448673,-0.698824338851826,False,False
2025-04-27,Z06,10.781638439589875,-1.1853357906868922,0.7048620933176233,False,False
2025-04-28,Z06,10.781602980153231,-1.0941907915694689,-0.4982977056847618,False,False
2025-04-29,Z06,10.781607097109028,-1.0030056113588657,0.20354551039996294,False,False
2025-04-30,Z06,10.78162704466062,-0.9118039931609534,-0.7990876554353578,False,False
2025-05-01,Z06,10.781607596090643,-0.8206421875406029,-1.9019841378542113,False,False
2025-05-02,Z06,10.781617898895712,-0.7294494028241676,-0.4381397157346429,False,False
2025-05-03,Z06,10.781611483649975,-0.63827407975411,0.44417747020043924,False,False
2025-05-04,Z06,10.78159278250146,-0.5471103845563459,0.6848094300009164,False,False
2025-05-05,Z06,10.78161259407224,-0.45590861384889614,0.14338752044984318,False,False
2025-05-06,Z06,10.781609526306339,-0.3647297226515409,-0.7790349921186518,False,False
2025-05-07,Z06,10.78159600625547,-0.2735626090670067,0.9254413898013928,False,False
2025-05-08,Z06,10.781606215112067,-0.18236963411031049,-0.7188770021685321,False,False
2025-05-09,Z06,10.781613303179228,-0.0911810333997849,-0.6587190122184132,False,False
2025-05-10,Z06,10.781652519710473,4.073846409724524e-05,-0.9795616252857161,False,False
2025-05-11,Z06,10.781611715580407,-1.1912655271117956e-06,-0.41808705241793603,False,False
2025-05-12,Z06,10.781633725519207,2.0922844973014776e-05,-0.2977710725176974,False,False
2025-05-13,Z06,10.781622556890007,9.379101523876443e-06,0.30380882698349465,False,False
2025-05-14,Z06,10.781631270512559,1.8559575046595e-05,-1.360562228303138,False,False
2025-05-15,Z06,10.781612874871573,-5.636355755456179e-07,-0.4581923790513489,False,False
2025-05-16,Z06,10.78161938628253,6.0829255037475605e-06,-0.7990876554353578,False,False
2025-05-17,Z06,10.78162054619082,7.1566988300020284e-06,0.4241248068837333,False,False
2025-05-18,Z06,10.781597116823663,-1.7212651705733606e-05,0.30380882698349465,False,False
2025-05-19,Z06,10.781626431479276,1.2703248287948554e-05,-1.019666951919129,False,False
2025-05-20,Z06,10.781621084788172,6.030710238746906e-06,0.504335460150559,False,False
2025-05-21,Z06,10.7816027903329,-1.2833769448050703e-05,-0.057139112717221135,False,False
2025-05-22,Z06,10.781603529785478,-1.1916774127485041e-05,0.805125409901155,False,False
2025-05-23,Z06,10.781616130823245,6.979280531282939e-07,-0.6386663489017073,False,False
2025-05-24,Z06,10.781608045151167,-7.592917096843621e-06,0.6045987767340907,False,False
2025-05-25,Z06,10.781607704930433,-7.656817443191244e-06,0.8652833998512748,False,False
2025-05-26,Z06,10.781608994872334,-5.893225955233561e-06,0.06317686718301746,False,False
2025-05-27,Z06,10.781598716696832,-1.5929707171125074e-05,2.108548525487073,False,False
2025-05-28,Z06,10.781610237338498,-3.0849690730860857e-06,0.504335460150559,False,False
2025-05-29,Z06,10.781632615088842,1.905087509612713e-05,1.7676532491030639,False,False
2025-05-30,Z06,10.781616182381065,1.7675679924167298e-06,2.529654455137907,False,False
2025-05-31,Z06,10.78162322821085,9.175473762113029e-06,-1.6814048413704408,False,False
2025-06-01,Z06,10.781644646054845,3.0072247085399795e-05,1.16607334960187,False,False
2025-06-02,Z06,10.781602332517034,-1.3132862697773362e-05,0.5243881234672649,False,False
2025-06-03,Z06,10.781610161675147,-4.998666820910103e-06,0.2436508370333758,False,False
2025-06-04,Z06,10.781622154858836,6.415211080579297e-06,-0.6587190122184132,False,False
2025-06-05,Z06,10.78161722855047,1.1702098277055484e-06,-0.8993509720188905,False,False
2025-06-06,Z06,10.781602490670528,-1.3824411587037844e-05,-1.0597722785525419,False,False
2025-06-07,Z06,10.781614974089257,-1.5571400258096446e-06,2.2288645053873104,False,False
2025-06-08,Z06,10.781628103116105,1.1279920917317554e-05,0.4842827968338521,False,False
2025-06-09,Z06,10.781609532203046,-7.78432337256163e-06,-1.360562228303138,False,False
2025-06-10,Z06,10.781616425443802,5.418342983176672e-07,-1.0597722785525419,False,False
2025-06-11,Z06,10.781629294596112,1.3253991159700718e-05,-2.0223001177544497,False,False
2025-06-12,Z06,10.781616878089888,9.851823730144815e-07,1.2061786762352837,False,False
2025-06-13,Z06,10.781620511666503,4.80805232605519e-06,0.043124203866311474,False,False
2025-06-14,Z06,10.78161242121347,-2.9237725041042495e-06,0.504335460150559,False,False
2025-06-15,Z06,10.781595273740903,-2.0056123133826986e-05,0.00301887723289861,False,False
2025-06-16,Z06,10.781617492267664,2.96615501227393e-06,0.9454940531181005,False,False
2025-06-17,Z06,10.781615433069222,1.0087540101011427e-06,-0.39803438910123007,False,False
2025-06-18,Z06,10.781619221658922,4.186802190275785e-06,0.30380882698349465,False,False
2025-06-19,Z06,10.781611342329105,-3.4522002803072382e-06,0.2837561636667887,False,False
2025-06-20,Z06,10.781609957533684,-4.5122470666569825e-06,-1.1600355951360737,False,False
2025-06-21,Z06,10.781636562583229,2.1853895786350108e-05,-0.7188770021685321,False,False
2025-06-22,Z06,10.781615480851434,-3.289292678232414e-07,-0.2977710725176974,False,False
2025-06-23,Z06,10.781622498172325,6.7100573506451155e-06,0.32386149030020067,False,False
2025-06-24,Z06,10.781616001612202,-2.6827014387720283e-07,1.3866526460856412,False,False
2025-06-25,Z06,10.781620154500608,3.608062202786755e-06,0.1233348571331372,False,False
2025-06-26,Z06,10.781605856260715,-1.1062165299335902e-05,-0.07719177603392711,False,False
2025-06-27,Z06,10.781611028216883,-6.128194593557623e-06,0.30380882698349465,False,False
2025-06-28,Z06,10.781618992911218,1.8101371281886713e-06,-0.15740242930075285,False,False
2025-06-29,Z06,10.78160758425679,-9.14444471256104e-06,-0.017033786083808268,False,False
2025-06-30,Z06,10.78161553194948,-9.101478806172736e-07,1.5270212893025865,False,False
2025-07-01,Z06,10.781618975860138,2.790304822752887e-06,-0.21756041925087172,False,False
2025-07-02,Z06,10.781616961648346,1.6317661888365365e-06,0.2637035003500818,False,False
2025-07-03,Z06,10.78161416175024,-1.6557696298491464e-06,-0.6386663489017073,False,False
2025-07-04,Z06,10.781605228641387,-1.0722214316416512e-05,1.2663366661854034,False,False
2025-07-05,Z06,10.781601170194657,-1.4216453800841578e-05,-0.9194036353355964,False,False
2025-07-06,Z06,10.781607438110122,-7.413259806909878e-06,-0.07719177603392711,False,False
2025-07-07,Z06,10.781626449661779,1.1433377197889172e-05,0.9855993797515125,False,False
2025-07-08,Z06,10.781619175053274,3.776249608122839e-06,-0.8592456453854775,False,False
2025-07-09,Z06,10.781616323838339,1.2226367687162565e-06,0.8652833998512748,False,False
2025-07-10,Z06,10.781618961445941,3.6338565276849977e-06,-2.042352781071156,False,False
2025-07-11,Z06,10.781614294085767,-1.1180370513841353e-06,-1.0998776051859547,False,False
2025-07-12,Z06,10.781614437593399,-4.745124080329788e-07,-0.097244439350634,False,False
2025-07-13,Z06,10.78161983130427,5.000548345179823e-06,2.409338475237668,False,False
2025-07-14,Z06,10.781619273547829,4.465470645698133e-06,0.14338752044984318,False,False
2025-07-15,Z06,10.781600633698078,-1.4402790251111242e-05,0.16344018376655006,False,False
2025-07-16,Z06,10.781598899154199,-1.6315999369354017e-05,1.1460206862851638,False,False
2025-07-17,Z06,10.781616759092639,2.1637095191096023e-06,-1.0798249418692478,False,False
2025-07-18,Z06,10.781616690907702,2.0513238023767144e-06,-3.0449859469064764,False,False
2025-07-19,Z06,10.781588365584923,-2.618964060374651e-05,1.7476005857863561,False,False
2025-07-20,Z06,10.781622957823506,9.168489453870166e-06,0.6045987767340907,False,False
2025-07-21,Z06,10.781619403765239,5.1810881913638696e-06,-0.4381397157346429,False,False
2025-07-22,Z06,10.78161391360217,2.6288572207988636e-07,0.06317686718301746,False,False
2025-07-23,Z06,10.781616361744575,2.763269767669385e-06,1.0658100330183382,False,False
2025-07-24,Z06,10.78160974841057,-3.645516644112945e-06,-0.11729710266733999,False,False
2025-07-25,Z06,10.781617486572435,4.301085272828686e-06,0.14338752044984318,False,False
2025-07-26,Z06,10.781616669168779,3.572612557789512e-06,2.048390535536953,False,False
2025-07-27,Z06,10.781610638441704,-2.8185447860096247e-06,-1.2402462484028993,False,False
2025-07-28,Z06,10.781613104765048,-3.392289347203814e-07,0.5243881234672649,False,False
2025-07-29,Z06,10.781617876171408,4.628448964538734e-06,-1.2201935850861925,False,False
2025-07-30,Z06,10.7816136543166,6.353033477068948e-08,1.5671266159359987,False,False
2025-07-31,Z06,10.781616740923736,3.2127252342917245e-06,0.30380882698349465,False,False
2025-08-01,Z06,10.781623411905965,9.958205342996962e-06,-0.6787716755351201,False,False
2025-08-02,Z06,10.781583572505616,-3.009620359328835e-05,-1.5009308715200824,False,False
2025-08-03,Z06,10.781613253306684,6.042389628646561e-07,-0.3579290624678172,False,False
2025-08-04,Z06,10.781612010020908,-9.065356554316395e-07,0.18349284708325606,False,False
2025-08-05,Z06,10.78160794006458,-5.337819526829435e-06,1.16607334960187,False,False
2025-08-06,Z06,10.781613234945574,-5.967034688580952e-08,-1.0998776051859547,False,False
2025-08-07,Z06,10.781609216567798,-3.6375575831470996e-06,-0.8191403187520647,False,False
2025-08-08,Z06,10.78161532582016,2.8036442945023055e-06,-0.4982977056847618,False,False
2025-08-09,Z06,10.781615962525438,3.4736168448290528e-06,-0.7790349921186518,False,False
2025-08-10,Z06,10.781620746347409,8.357402832004368e-06,-0.5183503690014687,False,False
2025-08-11,Z06,10.781610130601228,-2.4734187356045823e-06,-0.9394562986523033,False,False
2025-08-12,Z06,10.78160763841855,-4.822035007734371e-06,0.4241248068837333,False,False
2025-08-13,Z06,10.781616032546834,3.978522798320228e-06,-0.47824504236805576,False,False
2025-08-14,Z06,10.781613514663542,1.5686728733754762e-06,0.023071540549604596,False,False
2025-08-15,Z06,10.781622157986657,9.782630472798814e-06,0.30380882698349465,False,False
2025-08-16,Z06,10.781608242719454,-4.907931145936573e-06,-1.380614891619844,False,False
2025-08-17,Z06,10.781609547848655,-3.3189228378915914e-06,0.6045987767340907,False,False
2025-08-18,Z06,10.781606482574148,-6.146095376635685e-06,0.20354551039996294,False,False
2025-08-19,Z06,10.781626477555122,1.3244985957783229e-05,0.22359817371666893,False,False
2025-08-20,Z06,10.781617075037866,3.7251443139041385e-06,-0.13734976598404686,False,False
2025-08-21,Z06,10.781617769812819,4.497543510950663e-06,-0.2576657458842846,False,False
2025-08-22,Z06,10.781616704168783,3.303359120465643e-06,0.06317686718301746,False,False
2025-08-23,Z06,10.781628535102756,1.5122878954443308e-05,0.10328219381643033,False,False
2025-08-24,Z06,10.781600585181888,-1.3453264985585633e-05,-1.1800882584527805,False,False
2025-08-25,Z06,10.781617870389972,4.395322783068423e-06,1.5871792792527046,False,False
2025-08-26,Z06,10.78163113080146,1.761569356339976e-05,-0.698824338851826,False,False
2025-08-27,Z06,10.78161981508229,5.6168957343061265e-06,0.06317686718301746,False,False
2025-08-28,Z06,10.781626218265435,1.1796401638619614e-05,1.16607334960187,False,False
2025-08-29,Z06,10.781609485934583,-5.2139990138755365e-06,-0.3378763991511103,False,False
2025-08-30,Z06,10.781622791950143,8.230962611932569e-06,0.2436508370333758,False,False
2025-08-31,Z06,10.781641106897446,2.6344209036466282e-05,-2.202774087604807,False,False
2025-09-01,Z06,10.78161649641193,1.1438904703453545e-06,-1.982194791121037,False,False
2025-09-02,Z06,10.781610098258492,-6.351726511866218e-06,-0.017033786083808268,False,False
2025-09-03,Z06,10.781616127224167,-2.175925644110066e-07,0.18349284708325606,False,False
2025-09-04,Z06,10.781606901730164,-9.580326675973083e-06,1.105915359651752,False,False
2025-09-05,Z06,10.781612137419964,-4.310025728315736e-06,0.805125409901155,False,False
2025-09-06,Z06,10.781612726891336,-3.683970170698103e-06,-1.6011941881036151,False,False
2025-09-07,Z06,10.781630249482706,1.3721610415018404e-05,1.2663366661854034,False,False
2025-09-08,Z06,10.7816248980323,7.872704591349589e-06,-1.2001409217694865,False,False
2025-09-09,Z06,10.781617023869233,-2.9930870404371035e-07,0.8652833998512748,False,False
2025-09-10,Z06,10.781607022004138,-1.0177091192886678e-05,-0.4581923790513489,False,False
2025-09-11,Z06,10.781611610598114,-5.484877314998471e-06,2.730181088304971,False,False
2025-09-12,Z06,10.781615487731393,-1.7401500205238563e-06,-0.5985610222682943,False,False
2025-09-13,Z06,10.781604118041503,-1.3091679395671463e-05,-0.07719177603392711,False,False
2025-09-14,Z06,10.781616064403535,-8.320966298214216e-07,0.16344018376655006,False,False
2025-09-15,Z06,10.781610874918774,-5.818461952245002e-06,-0.23761308256757857,False,False
2025-09-16,Z06,10.78161736078329,5.79662586375207e-07,-0.9996142886024222,False,False
2025-09-17,Z06,10.781622940542249,5.8989903894968165e-06,2.2088118420706047,False,False
2025-09-18,Z06,10.781606210822856,-1.1379327940375106e-05,-0.6186136855850004,False,False
2025-09-19,Z06,10.781618796312117,1.8817190632347547e-06,-0.6386663489017073,False,False
2025-09-20,Z06,10.781617654981273,6.830124110734914e-07,-0.097244439350634,False,False
2025-09-21,Z06,10.781633842922059,1.687478091660921e-05,0.20354551039996294,False,False
2025-09-22,Z06,10.781604978157834,-1.2561275084976842e-05,-0.6787716755351201,False,False
2025-09-23,Z06,10.781603379676046,-1.3374525376974589e-05,0.9655467164348065,False,False
2025-09-24,Z06,10.781612614172039,-4.233179188517511e-06,0.16344018376655006,False,False
2025-09-25,Z06,10.781620922768484,4.250624520807378e-06,0.023071540549604596,False,False
2025-09-26,Z06,10.78162600869039,9.676814194392591e-06,0.5644934501006779,False,False
2025-09-27,Z06,10.781617599621514,1.061291712289858e-06,-0.8391929820687707,False,False
2025-09-28,Z06,10.78164089672089,2.464567922189076e-05,-0.5785083589515875,False,False
2025-09-29,Z06,10.78161643074914,-8.67318739494749e-07,-0.017033786083808268,False,False
2025-09-30,Z06,10.781621761903885,4.67587604013886e-06,0.9254413898013928,False,False
2025-10-01,Z06,10.781619736923345,3.29572861623717e-06,-0.23761308256757857,False,False
2025-10-02,Z06,10.78161252900232,-4.02020945422521e-06,-0.3178237358344043,False,False
2025-10-03,Z06,10.78162866352986,1.2033293291580094e-05,-2.1025107710212754,False,False
2025-10-04,Z06,10.78161626592405,-7.821893746040587e-07,-0.698824338851826,False,False
2025-10-05,Z06,10.781619393587675,2.0333344554757105e-06,-1.661352178053734,False,False
2025-10-06,Z06,10.781606238764093,-1.1363361384297832e-05,-1.4006675549365508,False,False
2025-10-07,Z06,10.781609064575425,-8.321279143075344e-06,0.3639668169336135,False,False
2025-10-08,Z06,10.781620448759996,3.769069003567438e-06,3.3317609878061627,False,False
2025-10-09,Z06,10.781618397780287,1.8663983691880048e-06,0.20354551039996294,False,False
2025-10-10,Z06,10.781621833393364,5.2562144112755504e-06,0.3439141536169075,False,False
2025-10-11,Z06,10.781617820500033,7.496081053659509e-07,-0.7589823288019449,False,False
2025-10-12,Z06,10.781615174698514,-2.1031901411561194e-06,-1.039719615235835,False,False
2025-10-13,Z06,10.781626022100573,8.754646344755201e-06,2.068443198853659,False,False
2025-10-14,Z06,10.781619939930014,1.942340484006877e-06,-0.7990876554353578,False,False
2025-10-15,Z06,10.781620205926892,2.07915314653917e-06,-2.002247454437743,False,False
2025-10-16,Z06,10.781626682003367,8.244196017415106e-06,0.2436508370333758,False,False
2025-10-17,Z06,10.78161455061209,-4.197902596203562e-06,-0.41808705241793603,False,False
2025-10-18,Z06,10.781587558125684,-3.0910724662547295e-05,0.6045987767340907,False,False
2025-10-19,Z06,10.781596106772835,-2.1740320939045432e-05,1.5671266159359987,False,False
2025-10-20,Z06,10.781614973025535,-2.1177502631530842e-06,0.3639668169336135,False,False
2025-10-21,Z06,10.781611455863878,-5.545513396043589e-06,0.22359817371666893,False,False
2025-10-22,Z06,10.781598576696707,-1.7678445296098744e-05,0.6647567666842105,False,False
2025-10-23,Z06,10.781599058143733,-1.6983616230703547e-05,2.7101284249882647,False,False
2025-10-24,Z06,10.781615251299828,-6.464090596125516e-07,2.2890224953374303,False,False
2025-10-25,Z06,10.781578624416543,-3.7361196602248015e-05,-0.3178237358344043,False,False
2025-10-26,Z06,10.781626287034928,1.1711366846967053e-05,0.9454940531181005,False,False
2025-10-27,Z06,10.781607717520146,-6.867426087353579e-06,1.7877059124197698,False,False
2025-10-28,Z06,10.781610196705868,-4.058836985620928e-06,0.7048620933176233,False,False
2025-10-29,Z06,10.781612077352982,-1.1548560383545237e-06,-0.057139112717221135,False,False
2025-10-30,Z06,10.781596496748422,-1.6590347394540572e-05,-0.4982977056847618,False,False
2025-10-31,Z06,10.781627179198923,1.493427495624644e-05,0.10328219381643033,False,False
2025-11-01,Z06,10.781622228642764,9.735642946040457e-06,-1.1399829318193677,False,False
2025-11-02,Z06,10.781610844726924,-1.9715942443099266e-06,0.9053887264846867,False,False
2025-11-03,Z06,10.78161495036988,2.728008810848337e-06,1.4067053094023472,False,False
2025-11-04,Z06,10.781600793609357,-1.138489990815117e-05,-0.39803438910123007,False,False
2025-11-05,Z06,10.781591391349792,-2.0167160194262124e-05,-0.4581923790513489,False,False
2025-11-06,Z06,10.781632222139919,2.1158543741961466e-05,-1.0597722785525419,False,False
2025-11-07,Z06,10.781598712284337,-1.3123230655054385e-05,0.4642301335171461,False,False
2025-11-08,Z06,10.78163677013872,2.5659172916192574e-05,-0.017033786083808268,False,False
2025-11-09,Z06,10.781617001676715,5.2782989623523235e-06,-1.4407728815699636,False,False
2025-11-10,Z06,10.78162283231926,1.12699987298015e-05,2.930707721472034,False,False
2025-11-11,Z06,10.781609208336475,-2.521044697445518e-06,-1.7816681579539726,False,False
2025-11-12,Z06,10.781615693030586,4.162528149720401e-06,-1.4407728815699636,False,False
2025-11-13,Z06,10.781612261436837,1.0752367334276869e-06,0.9454940531181005,False,False
2025-11-14,Z06,10.78162349656371,1.256631337831493e-05,0.6647567666842105,False,False
2025-11-15,Z06,10.781591728715172,-1.931122305265376e-05,-0.7188770021685321,False,False
2025-11-16,Z06,10.781608742073342,-1.132755278021591e-06,-0.7790349921186518,False,False
2025-11-17,Z06,10.781634660820663,2.4979610001807373e-05,0.4642301335171461,False,False
2025-11-18,Z06,10.781625080583375,1.3829282881516747e-05,0.3840194802503204,False,False
2025-11-19,Z06,10.78160233203959,-9.885054586433739e-06,-0.698824338851826,False,False
2025-11-20,Z06,10.7816192740279,7.478299922425435e-06,1.0056520430682185,False,False
2025-11-21,Z06,10.781612948155558,8.918221130471693e-07,0.5845461134173847,False,False
2025-11-22,Z06,10.781587671649254,-2.4863732820179507e-05,1.3465473194522273,False,False
2025-11-23,Z06,10.781615459430988,3.303598729686996e-06,-0.037086449400514254,False,False
2025-11-24,Z06,10.781612526630605,3.638606393963073e-07,0.8251780732178611,False,False
2025-11-25,Z06,10.781634187133447,2.089428968155005e-05,-0.21756041925087172,False,False
2025-11-26,Z06,10.781613932547787,3.763674012446927e-07,0.5444407867839719,False,False
2025-11-27,Z06,10.781621411678632,7.648330660359193e-06,0.3639668169336135,False,False
2025-11-28,Z06,10.781609948358499,-4.188821900896755e-06,0.845230736534567,False,False
2025-11-29,Z06,10.781580010164191,-3.405604972250842e-05,0.5243881234672649,False,False
2025-11-30,Z06,10.781611550628957,-1.9660321495251765e-06,-1.8819314745375042,False,False
2025-12-01,Z06,10.781634066300738,2.1070591962768503e-05,-0.6186136855850004,False,False
2025-12-02,Z06,10.781618433172607,5.042875233840505e-06,0.08322953049972434,False,False
2025-12-03,Z06,10.78162642417797,1.2780932408418266e-05,0.4642301335171461,False,False
2025-12-04,Z06,10.781629370319957,1.5344614123335987e-05,0.8251780732178611,False,False
2025-12-05,Z06,10.781608702889152,-6.27537370156972e-06,0.5444407867839719,False,False
2025-12-06,Z06,10.781605419422917,-1.0135891249873907e-05,-0.698824338851826,False,False
2025-12-07,Z06,10.781641439330029,2.677743976420288e-05,0.9254413898013928,False,False
2025-12-08,Z06,10.781621234293157,5.148168035873368e-06,-0.7990876554353578,False,False
2025-12-09,Z06,10.78161303675271,-2.5315108924672813e-06,1.2663366661854034,False,False
2025-12-10,Z06,10.781615262800694,-1.732987744418324e-07,1.3264946561355213,False,False
2025-12-11,Z06,10.781616212268213,1.0284860305631582e-06,-0.017033786083808268,False,False
2025-12-12,Z06,10.78162123868132,5.821434745811871e-06,-0.6386663489017073,False,False
2025-12-13,Z06,10.781593008325395,-2.259377620461578e-05,-0.698824338851826,False,False
2025-12-14,Z06,10.78163235929178,1.7398960563852484e-05,-1.0998776051859547,False,False
2025-12-15,Z06,10.781604793040243,-1.0462715243519938e-05,-0.9194036353355964,False,False
2025-12-16,Z06,10.781605776170403,-9.915062584298084e-06,-0.17745509261745973,False,False
2025-12-17,Z06,10.78162493989217,9.347522613722958e-06,-0.5584556956348815,False,False
2025-12-18,Z06,10.781622560557109,7.29221850015449e-06,-1.6011941881036151,False,False
2025-12-19,Z06,10.781616417517732,1.233179999005074e-06,-0.47824504236805576,False,False
2025-12-20,Z06,10.78162746644132,1.181258764937354e-05,0.10328219381643033,False,False
2025-12-21,Z06,10.781611538725471,-4.388208646233238e-06,-0.3378763991511103,False,False
2025-12-22,Z06,10.781620580485452,4.7005323366988705e-06,-0.8993509720188905,False,False
2025-12-23,Z06,10.781643579415041,2.6602500721395472e-05,-2.4033007207718717,False,False
2025-12-24,Z06,10.781639583248968,2.1669001844415448e-05,1.1460206862851638,False,False
2025-12-25,Z06,10.78163218297728,1.336684287700507e-05,-0.037086449400514254,False,False
2025-12-26,Z06,10.781598624970096,-2.0124359100037736e-05,0.32386149030020067,False,False
2025-12-27,Z06,10.78165201436996,3.377529335324425e-05,0.18349284708325606,False,False
2025-12-28,Z06,10.781655827555884,3.656838956622721e-05,0.504335460150559,False,False
2025-12-29,Z06,10.781617466848136,-3.3216247619094474e-06,0.2436508370333758,False,False
2025-12-30,Z06,10.781621118694414,-9.183346136865111e-07,0.10328219381643033,False,False
2025-12-31,Z06,10.781613648450053,-8.70751449078e-06,0.7650200832677422,False,False
2023-01-11,Z07,12.218322339427814,-6.4287722665312685e-06,-0.3267084763184535,False,False
2023-01-12,Z07,12.218334942363787,6.7585975500605855e-06,-1.7732602141959417,False,False
2023-01-13,Z07,12.218332976446153,4.229463453242488e-06,0.30488453599425136,False,False
2023-01-14,Z07,12.218324871310083,-4.20101595999256e-06,0.9975994527243164,False,False
2023-01-15,Z07,12.218340809260688,1.203700721497114e-05,0.4271283448289687,False,False
2023-01-16,Z07,12.218339834567933,1.025984731128915e-05,0.14189279088129583,False,False
2023-01-17,Z07,12.218352783778284,2.2567817206109453e-05,-0.44895228515317087,False,False
2023-01-18,Z07,12.21833154699479,3.515051361091537e-09,-0.3470824444575735,False,False
2023-01-19,Z07,12.218345210186666,1.366651164680377e-05,-2.4252271946477664,False,False
2023-01-20,Z07,12.218312869995552,-1.939296955377756e-05,0.8142337394722408,False,False
2023-01-21,Z07,12.218332205633233,9.123166062607879e-07,-0.44895228515317087,False,False
2023-01-22,Z07,12.21833299182276,1.6550624835076633e-06,1.0994692934199137,False,False
2023-01-23,Z07,12.218343225857582,1.181386719295574e-05,-0.6119440302661273,False,False
2023-01-24,Z07,12.218337808745016,5.883108228132983e-06,-0.12296879492725886,False,False
2023-01-25,Z07,12.218352387911144,2.0217144847123336e-05,1.201339134115511,False,False
2023-01-26,Z07,12.218340307687155,7.3282350641079574e-06,1.3032089748111084,False,False
2023-01-27,Z07,12.218351961427281,1.870011999471899e-05,0.7938597713331198,False,False
2023-01-28,Z07,12.218334139723371,1.8581904726033827e-07,-1.9769998955871364,False,False
2023-01-29,Z07,12.21833968462509,5.7240843709394085e-06,-1.3657808514135505,False,False
2023-01-30,Z07,12.218332922810122,-1.2351128155785318e-06,0.6512419943592843,False,False
2023-01-31,Z07,12.21832355504236,-1.0561710150014392e-05,-0.7749357753790838,False,False
2023-02-01,Z07,12.218315308464062,-1.9196076678440477e-05,0.01964898204657849,False,False
2023-02-02,Z07,12.21834934202175,1.5186634467312388e-05,0.14189279088129583,False,False
2023-02-03,Z07,12.218337073049115,2.440727737251791e-06,0.20301469529865404,False,False
2023-02-04,Z07,12.218345537129888,1.0648991981554445e-05,-1.141667201883236,False,False
2023-02-05,Z07,12.218339359549441,3.850980847985852e-06,0.9772254845851972,False,False
2023-02-06,Z07,12.218335301935264,-6.179403388983928e-07,-0.5915700621270082,False,False
2023-02-07,Z07,12.21834092392968,4.889793302709222e-06,0.528998185524567,False,False
2023-02-08,Z07,12.218343564599353,7.828778425533756e-06,-0.2655865719010953,False,False
2023-02-09,Z07,12.218356843309188,2.0818644937747877e-05,1.894054050845575,False,False
2023-02-10,Z07,12.218336126676368,-1.294310450816738e-06,1.4050788155067075,False,False
2023-02-11,Z07,12.218322759273628,-1.5121288143404854e-05,2.1181677003758907,False,False
2023-02-12,Z07,12.21833521562393,-2.2588348347341025e-06,1.6291924650370213,False,False
2023-02-13,Z07,12.218325981043979,-1.1568054047117471e-05,-0.2044646674837371,False,False
2023-02-14,Z07,12.218346135287751,8.549198597052055e-06,-0.6119440302661273,False,False
2023-02-15,Z07,12.218335938086273,-1.825537118804732e-06,-1.223163074439714,False,False
2023-02-16,Z07,12.218337586031968,-4.770870276615824e-08,0.20301469529865404,False,False
2023-02-17,Z07,12.218350525388658,1.3398239532946832e-05,-0.04147292237078063,False,False
2023-02-18,Z07,12.218335152375856,-2.6073863992337465e-06,-0.10259482678813885,False,False
2023-02-19,Z07,12.218341670896946,4.246395050699903e-06,-0.8971795842138012,False,False
2023-02-20,Z07,12.218316412473776,-2.1972058165786734e-05,0.30488453599425136,False,False
2023-02-21,Z07,12.218330531399394,-7.326693898690451e-06,-0.44895228515317087,False,False
2023-02-22,Z07,12.218318237507189,-1.9538571990551645e-05,-0.5508221258487691,False,False
2023-02-23,Z07,12.218339132698057,2.1895638901980874e-06,0.10114485460305672,False,False
2023-02-24,Z07,12.218336812313046,-1.7495288773261564e-07,-0.14334276306637797,False,False
2023-02-25,Z07,12.218332811740206,-3.6563391265787004e-06,-1.508398628387387,False,False
2023-02-26,Z07,12.21832535707201,-1.0861142422768921e-05,-0.856431647935562,False,False
2023-02-27,Z07,12.21834510404599,9.772643400296488e-06,0.48825024924632787,False,False
2023-02-28,Z07,12.21836196483433,2.6267954318370812e-05,-0.10259482678813885,False,False
2023-03-01,Z07,12.21833920442454,2.7648708851302217e-06,-2.0381218000044954,False,False
2023-03-02,Z07,12.218334786443354,-1.8624974469361177e-06,0.6512419943592843,False,False
2023-03-03,Z07,12.218322433348723,-1.4589972108680627e-05,-0.10259482678813885,False,False
2023-03-04,Z07,12.218330587298622,-6.673518367250608e-06,-1.141667201883236,False,False
2023-03-05,Z07,12.218346034961462,9.399301911017233e-06,-0.7341878391008446,False,False
2023-03-06,Z07,12.218348347530645,1.1413140683202982e-05,0.10114485460305672,False,False
2023-03-07,Z07,12.21833294145114,-4.086618847765067e-06,-2.3029833858130493,False,False
2023-03-08,Z07,12.21834025960176,3.4454683834894695e-06,0.3660064404116105,False,False
2023-03-09,Z07,12.218328911228404,-8.068160523677648e-06,0.9364775483069572,False,False
2023-03-10,Z07,12.218338780363123,2.201397570900099e-06,0.854981675750479,False,False
2023-03-11,Z07,12.218326073843192,-1.0345647817544545e-05,1.1198432615590328,False,False
2023-03-12,Z07,12.218318397525755,-1.6996316391626465e-05,-0.856431647935562,False,False
2023-03-13,Z07,12.218331935075938,-2.86779451919017e-06,0.9975994527243164,False,False
2023-03-14,Z07,12.21834209955858,6.990828044450836e-06,0.22338866343777405,False,False
2023-03-15,Z07,12.218318449939114,-1.688825591017462e-05,-0.9175535523529202,False,False
2023-03-16,Z07,12.218334357223082,-7.299351114653518e-07,0.40675437668984965,False,False
2023-03-17,Z07,12.218318500839217,-1.6193716819046244e-05,0.38638040855072964,False,False
2023-03-18,Z07,12.218334555266134,4.419516663745071e-07,1.506948656202305,False,False
2023-03-19,Z07,12.218341119614868,7.107325926014596e-06,1.1605911978372727,False,False
2023-03-20,Z07,12.218329258926977,-4.439836171599154e-06,-0.7749357753790838,False,False
2023-03-21,Z07,12.21833952948423,6.027169376920938e-06,0.2845105678551323,False,False
2023-03-22,Z07,12.218342824014229,9.39307980196702e-06,0.2641365997160123,False,False
2023-03-23,Z07,12.218341825253995,7.513934885849949e-06,0.20301469529865404,False,False
2023-03-24,Z07,12.218328212391777,-6.4753891528823715e-06,-0.36745641259669265,False,False
2023-03-25,Z07,12.218346060479245,1.1040202162249102e-05,1.7310623057326204,False,False
2023-03-26,Z07,12.218340206835828,4.95563270597188e-06,-0.6934399028226056,False,False
2023-03-27,Z07,12.21833962747761,4.263123727810125e-06,1.6291924650370213,False,False
2023-03-28,Z07,12.218337134000128,1.5424549992815173e-06,-1.508398628387387,False,False
2023-03-29,Z07,12.218334642416329,-1.3416930713106012e-06,-0.44895228515317087,False,False
2023-03-30,Z07,12.218335237760394,-3.976280158468626e-07,0.7123638987766425,False,False
2023-03-31,Z07,12.218336544433136,1.799947188629858e-06,-1.141667201883236,False,False
2023-04-01,Z07,12.218348154955798,1.3499136231942543e-05,-0.8156837116573229,False,False
2023-04-02,Z07,12.218329532082224,-5.569354424750372e-06,0.48825024924632787,False,False
2023-04-03,Z07,12.218329294310927,-6.0437501705479235e-06,-1.8140081504741798,False,False
2023-04-04,Z07,12.218331976324635,-3.3186368728621574e-06,1.0587213571416754,False,False
2023-04-05,Z07,12.218331817192611,-3.009147668819878e-06,1.4458267517849457,False,False
2023-04-06,Z07,12.218338969219243,4.69389023116662e-06,1.4865746880631856,False,False
2023-04-07,Z07,12.218342295457349,7.819202732406438e-06,0.2641365997160123,False,False
2023-04-08,Z07,12.218343120657973,8.576541503657609e-06,-0.48970022143141,False,False
2023-04-09,Z07,12.218338231918425,3.214154302710881e-06,-0.42857831701405175,False,False
2023-04-10,Z07,12.218320816448617,-1.4183034014791929e-05,0.22338866343777405,False,False
2023-04-11,Z07,12.218344847323905,1.0023087760657745e-05,0.060396918324817604,False,False
2023-04-12,Z07,12.218335959270869,2.5337478426479265e-07,-0.44895228515317087,False,False
2023-04-13,Z07,12.218343333696955,7.4936610410247795e-06,1.547696592480543,False,False
2023-04-14,Z07,12.218337427557096,1.5463832365725239e-06,-0.30633450817933444,False,False
2023-04-15,Z07,12.218349443835171,1.2930074044348316e-05,1.4050788155067075,False,False
2023-04-16,Z07,12.218331766383022,-5.250265175504865e-06,0.0400229501856976,False,False
2023-04-17,Z07,12.218342937768913,5.478935923619588e-06,-0.021098954231660624,False,False
2023-04-18,Z07,12.218336800960607,-9.372891405234896e-07,0.46787628110720786,False,False
2023-04-19,Z07,12.218332448489754,-5.145804854223002e-06,0.44750231296808873,False,False
2023-04-20,Z07,12.21832491617313,-1.2784440238888806e-05,-0.2044646674837371,False,False
2023-04-21,Z07,12.21834817966871,1.0966165714165754e-05,0.5086242173854469,False,False
2023-04-22,Z07,12.21833473793532,-2.6540894904059087e-06,0.6308680262201642,False,False
2023-04-23,Z07,12.21833648204635,-6.737345064067313e-07,1.6291924650370213,False,False
2023-04-24,Z07,12.218332624791865,-4.806644144039751e-06,0.01964898204657849,False,False
2023-04-25,Z07,12.218337601937698,6.183579337459832e-07,-0.856431647935562,False,False
2023-04-26,Z07,12.218342630282928,5.733533100737986e-06,-0.7545618072399647,False,False
2023-04-27,Z07,12.218337556817898,5.599745627193897e-07,2.342281349906206,False,False
2023-04-28,Z07,12.21833571200387,-1.2989333910695677e-06,-1.9769998955871364,False,False
2023-04-29,Z07,12.21833455030778,-2.49628240034383e-06,-1.2639110107179532,False,False
2023-04-30,Z07,12.218326551283486,-1.0472391606342057e-05,-0.04147292237078063,False,False
2023-05-01,Z07,12.218339816012778,3.12544267266901e-06,-0.6934399028226056,False,False
2023-05-02,Z07,12.218344585299782,8.172694444752437e-06,0.7734858031940007,False,False
2023-05-03,Z07,12.21832849269532,-8.421683935111446e-06,0.6919899306375235,False,False
2023-05-04,Z07,12.218329979379394,-6.9082793405783605e-06,-0.6119440302661273,False,False
2023-05-05,Z07,12.218335065410258,-1.755683635806804e-06,1.4662007199240648,False,False
2023-05-06,Z07,12.218329532565507,-7.396802308434758e-06,-1.182415138161475,False,False
2023-05-07,Z07,12.21833833123058,1.7164178878203984e-06,-0.8156837116573229,False,False
2023-05-08,Z07,12.218345401720553,8.919048756439452e-06,1.547696592480543,False,False
2023-05-09,Z07,12.218344772282364,8.213575146243102e-06,-1.3861548195526696,False,False
2023-05-10,Z07,12.218346105455794,9.328736444658148e-06,0.2845105678551323,False,False
2023-05-11,Z07,12.218327119770557,-1.0499915697792517e-05,1.527322624341424,False,False
2023-05-12,Z07,12.218346756537207,9.727769395340147e-06,-2.7104627485954405,False,False
2023-05-13,Z07,12.218324802891619,-1.2585785070129418e-05,-0.40820434887493173,False,False
2023-05-14,Z07,12.218327691932128,-9.079051048743736e-06,0.895729612028719,False,False
2023-05-15,Z07,12.218344878977312,8.432514968959026e-06,-0.3470824444575735,False,False
2023-05-16,Z07,12.218348671689652,1.2377389234430325e-05,-0.0007249860925415182,False,False
2023-05-17,Z07,12.218321557316274,-1.530049436304637e-05,0.12151882274217582,False,False
2023-05-18,Z07,12.218327680236495,-8.464892388815315e-06,0.2641365997160123,False,False
2023-05-19,Z07,12.218340904955435,5.063850689879246e-06,-0.8768056160746811,False,False
2023-05-20,Z07,12.218338705059628,2.582072694323756e-06,0.7123638987766425,False,False
2023-05-21,Z07,12.21833166461073,-4.918005753751231e-06,0.20301469529865404,False,False
2023-05-22,Z07,12.218327799834244,-8.232280309883322e-06,-1.223163074439714,False,False
2023-05-23,Z07,12.218337218337219,1.4174927009946714e-06,-0.5304481577096491,False,False
2023-05-24,Z07,12.218338523786594,2.6983990473183894e-06,-1.508398628387387,False,False
2023-05-25,Z07,12.218352210321065,1.618830036065333e-05,0.16226675902041493,False,False
2023-05-26,Z07,12.218329944297075,-6.5646697393617615e-06,0.44750231296808873,False,False
2023-05-27,Z07,12.218339512389718,3.4262890995506723e-06,0.16226675902041493,False,False
2023-05-28,Z07,12.21832857570991,-7.575576436380516e-06,0.48825024924632787,False,False
2023-05-29,Z07,12.218342104129523,6.190719641807618e-06,0.08077088646393671,False,False
2023-05-30,Z07,12.218329907931478,-6.257272461951402e-06,0.7123638987766425,False,False
2023-05-31,Z07,12.218335792323511,-4.847686962961006e-07,-0.18409069934461708,False,False
2023-06-01,Z07,12.218334060425065,-2.082544165560307e-06,0.6512419943592843,False,False
2023-06-02,Z07,12.218343887193091,8.095053017243004e-06,-1.3657808514135505,False,False
2023-06-03,Z07,12.218328393598103,-7.911691895401418e-06,-1.4880246602482678,False,False
2023-06-04,Z07,12.218346470003283,1.0217572659954044e-05,0.01964898204657849,False,False
2023-06-05,Z07,12.21834598738562,9.354801896677145e-06,0.6308680262201642,False,False
2023-06-06,Z07,12.2183404396669,3.258589172716597e-06,-0.3470824444575735,False,False
2023-06-07,Z07,12.218328865783533,-8.38557540561169e-06,0.5901200899419252,False,False
2023-06-08,Z07,12.218334114110764,-2.5860502752550474e-06,0.24376263157689318,False,False
2023-06-09,Z07,12.218340444384596,4.09949594448733e-06,-2.1399916407000927,False,False
2023-06-10,Z07,12.218335223819055,-9.323672216510204e-07,2.301533413627966,False,False
2023-06-11,Z07,12.218337080015319,6.536940908574707e-07,-1.3454068832744306,False,False
2023-06-12,Z07,12.218325199119148,-1.0904651349008532e-05,-1.0194233930485184,False,False
2023-06-13,Z07,12.218328986751047,-7.130227036356018e-06,1.0994692934199137,False,False
2023-06-14,Z07,12.218344640684498,8.480545783839943e-06,-0.04147292237078063,False,False
2023-06-15,Z07,12.218344922585501,8.770389881007645e-06,-0.836057679796442,False,False
2023-06-16,Z07,12.218329928442925,-6.098782556307469e-06,-0.5304481577096491,False,False
2023-06-17,Z07,12.218332049024069,-4.257238966687282e-06,-0.9583014886311594,False,False
2023-06-18,Z07,12.218342262415083,5.810525795624244e-06,-0.8768056160746811,False,False
2023-06-19,Z07,12.21834554731607,9.050178125136199e-06,0.7327378669157626,False,False
2023-06-20,Z07,12.218351013386123,1.4288172964782575e-05,-0.5711960939878882,False,False
2023-06-21,Z07,12.21834284337994,5.47320760091452e-06,-1.141667201883236,False,False
2023-06-22,Z07,12.218334885991009,-2.985632852059439e-06,-0.836057679796442,False,False
2023-06-23,Z07,12.218328626442485,-9.167436500590043e-06,-0.2248386356228562,False,False
2023-06-24,Z07,12.218324208729118,-1.325523839668108e-05,-0.8156837116573229,False,False
2023-06-25,Z07,12.218341830662316,5.300081197034956e-06,-0.36745641259669265,False,False
2023-06-26,Z07,12.2183284725114,-8.45428189322206e-06,0.2845105678551323,False,False
2023-06-27,Z07,12.218342205394698,5.646597347919169e-06,-0.5508221258487691,False,False
2023-06-28,Z07,12.218329894924246,-7.118195929578519e-06,-0.9379275204920402,False,False
2023-06-29,Z07,12.21834403617287,7.430026203181228e-06,-0.7749357753790838,False,False
2023-06-30,Z07,12.21833517160002,-1.9054880269209207e-06,1.3643308792284674,False,False
2023-07-01,Z07,12.218340970647574,3.914250310543821e-06,2.1589156366541307,False,False
2023-07-02,Z07,12.218340680091904,3.393353891212314e-06,-0.021098954231660624,False,False
2023-07-03,Z07,12.218327634870006,-9.544964633789732e-06,0.6716159624984034,False,False
2023-07-04,Z07,12.218341478132109,4.3235884064074526e-06,-1.0194233930485184,False,False
2023-07-05,Z07,12.218342196092612,5.2079446142272445e-06,-0.6730659346834864,False,False
2023-07-06,Z07,12.218347060047995,1.0198276429562725e-05,0.38638040855072964,False,False
2023-07-07,Z07,12.218333015125479,-4.067325455991977e-06,-2.465975130926006,False,False
2023-07-08,Z07,12.218334955978557,-2.264783773853196e-06,0.7327378669157626,False,False
2023-07-09,Z07,12.218338448009268,1.1991846768921732e-06,-0.6323179984052474,False,False
2023-07-10,Z07,12.218336023335626,-1.15894312280318e-06,-1.162041170022355,False,False
2023-07-11,Z07,12.218333572358077,-3.636571225484886e-06,0.3252585041333714,False,False
2023-07-12,Z07,12.218332286068978,-4.805938415231026e-06,1.4050788155067075,False,False
2023-07-13,Z07,12.218329093068805,-8.23517024883813e-06,-0.38783038073581266,False,False
2023-07-14,Z07,12.21833669215016,-6.39632817822644e-07,0.24376263157689318,False,False
2023-07-15,Z07,12.218331666790853,-5.400040981484722e-06,0.40675437668984965,False,False
2023-07-16,Z07,12.218336873482965,2.4851095226097186e-07,0.18264072715953494,False,False
2023-07-17,Z07,12.218350780424354,1.3923951007299706e-05,-1.0805452974658767,False,False
2023-07-18,Z07,12.218325889494965,-1.1591358392237794e-05,0.16226675902041493,False,False
2023-07-19,Z07,12.218342490406904,5.555317551753092e-06,0.12151882274217582,False,False
2023-07-20,Z07,12.218341474864411,4.6416720298481096e-06,-2.8327065574301566,False,False
2023-07-21,Z07,12.218330806768165,-5.708473489463017e-06,0.8142337394722408,False,False
2023-07-22,Z07,12.218329833008731,-6.281012533193575e-06,-1.5898945009438652,False,False
2023-07-23,Z07,12.218348018939652,1.2073351129515686e-05,0.060396918324817604,False,False
2023-07-24,Z07,12.218343149380683,6.557375588300829e-06,1.4865746880631856,False,False
2023-07-25,Z07,12.218333640326641,-3.583033505449862e-06,-0.30633450817933444,False,False
2023-07-26,Z07,12.218337681421252,7.310722942577286e-07,-1.1212932337441157,False,False
2023-07-27,Z07,12.21833896606301,1.7087503927371017e-06,0.5086242173854469,False,False
2023-07-28,Z07,12.218338155602623,1.0062677269218057e-06,1.3643308792284674,False,False
2023-07-29,Z07,12.218330263487513,-7.161203329886234e-06,-1.182415138161475,False,False
2023-07-30,Z07,12.218335913633275,-1.0519680557763422e-06,-2.465975130926006,False,False
2023-07-31,Z07,12.21833047795958,-6.512376193867908e-06,1.1402172296981536,False,False
2023-08-01,Z07,12.2183454314151,8.790835595462454e-06,0.8142337394722408,False,False
2023-08-02,Z07,12.218337198552776,3.9959583020277023e-07,0.3252585041333714,False,False
2023-08-03,Z07,12.21833794312433,8.25377959756679e-07,-1.8955040230306581,False,False
2023-08-04,Z07,12.218327168429964,-9.831482813638104e-06,0.5493721536636861,False,False
2023-08-05,Z07,12.21834849763336,1.1998642669652781e-05,0.9975994527243164,False,False
2023-08-06,Z07,12.218332428563814,-4.118346387471661e-06,2.1385416685150096,False,False
2023-08-07,Z07,12.218345177518584,8.65016043860578e-06,-0.3470824444575735,False,False
2023-08-08,Z07,12.218331585765027,-5.282311120069494e-06,0.10114485460305672,False,False
2023-08-09,Z07,12.218343699038856,7.059704183021154e-06,-2.2622354495348103,False,False
2023-08-10,Z07,12.218333137728491,-3.7574629541126114e-06,0.9161035801678381,False,False
2023-08-11,Z07,12.21833516839332,-1.7123104729677152e-06,0.895729612028719,False,False
2023-08-12,Z07,12.218344319557007,7.342775734997531e-06,0.3456324722724905,False,False
2023-08-13,Z07,12.218341248247407,3.763916529564426e-06,1.1402172296981536,False,False
2023-08-14,Z07,12.218342776286386,5.1400855980432425e-06,-0.856431647935562,False,False
2023-08-15,Z07,12.218337626362668,-3.801546366588582e-07,-0.28596054004021443,False,False
2023-08-16,Z07,12.218323377399248,-1.4654214048448466e-05,-0.2452126037619762,False,False
2023-08-17,Z07,12.218338266118382,1.1479392565405533e-06,1.0587213571416754,False,False
2023-08-18,Z07,12.21834524944476,7.7187115206101e-06,1.0790953252807947,False,False
2023-08-19,Z07,12.218339304157585,1.6814564176570457e-06,0.2641365997160123,False,False
2023-08-20,Z07,12.218339486345137,1.9360008636226667e-06,0.20301469529865404,False,False
2023-08-21,Z07,12.218336368129988,-1.4715335190373935e-06,0.5086242173854469,False,False
2023-08-22,Z07,12.218344156737807,6.099236925294349e-06,-0.40820434887493173,False,False
2023-08-23,Z07,12.218332869515427,-5.059245394178902e-06,1.3235829429502293,False,False
2023-08-24,Z07,12.218345743581319,8.157482675130723e-06,-0.5304481577096491,False,False
2023-08-25,Z07,12.218335417360592,-2.572179873538971e-06,0.3660064404116105,False,False
2023-08-26,Z07,12.218344741615333,6.827543554521753e-06,-0.6730659346834864,False,False
2023-08-27,Z07,12.218330444696367,-7.66189382161997e-06,0.895729612028719,False,False
2023-08-28,Z07,12.218341809483979,3.959923999374837e-06,-0.16371673120549798,False,False
2023-08-29,Z07,12.218338233393197,-1.0333316424748773e-09,2.0366718278194123,False,False
2023-08-30,Z07,12.218338107910533,-2.0384132604078786e-07,-0.18409069934461708,False,False
2023-08-31,Z07,12.218342879085284,4.313001726430343e-06,0.895729612028719,False,False
2023-09-01,Z07,12.21833863395962,1.5295372257639883e-07,-0.7138138709617255,False,False
2023-09-02,Z07,12.21834270739383,4.178541038513117e-06,-0.36745641259669265,False,False
2023-09-03,Z07,12.218327964104624,-1.07235571515929e-05,-0.10259482678813885,False,False
2023-09-04,Z07,12.21832461950731,-1.4094676954456986e-05,0.30488453599425136,False,False
2023-09-05,Z07,12.218325016965107,-1.2901281623456384e-05,-0.8156837116573229,False,False
2023-09-06,Z07,12.218339511949498,1.8407560595790073e-06,-0.6526919665443665,False,False
2023-09-07,Z07,12.218336519896265,-9.624448704670385e-07,0.01964898204657849,False,False
2023-09-08,Z07,12.218328112340064,-9.534472113159609e-06,0.3456324722724905,False,False
2023-09-09,Z07,12.21833335612073,-3.771134821306532e-06,-0.10259482678813885,False,False
2023-09-10,Z07,12.218342855732466,5.721197172903203e-06,-0.2452126037619762,False,False
2023-09-11,Z07,12.218331712766618,-5.678013312859775e-06,-1.4065287876917896,False,False
2023-09-12,Z07,12.218336526080675,-4.4447291180915727e-07,0.44750231296808873,False,False
2023-09-13,Z07,12.21832569520145,-1.1117946575822657e-05,0.7938597713331198,False,False
2023-09-14,Z07,12.218336672978076,4.2919954523767956e-07,0.9161035801678381,False,False
2023-09-15,Z07,12.218337056844257,8.448452160081388e-07,0.10114485460305672,False,False
2023-09-16,Z07,12.218335698452327,-9.69528215932769e-07,-0.6730659346834864,False,False
2023-09-17,Z07,12.218331187833417,-5.39455825787627e-06,-0.38783038073581266,False,False
2023-09-18,Z07,12.21833955898301,3.445311714145305e-06,0.10114485460305672,False,False
2023-09-19,Z07,12.218332155229405,-3.966936073851457e-06,-0.08222085864901975,False,False
2023-09-20,Z07,12.218340738212262,4.860417309515697e-06,-0.9175535523529202,False,False
2023-09-21,Z07,12.218335911045756,-1.1241860597976938e-07,-1.7732602141959417,False,False
2023-09-22,Z07,12.218342516797907,6.76818994804762e-06,-0.6323179984052474,False,False
2023-09-23,Z07,12.218333332743274,-2.737440770061994e-06,-0.3470824444575735,False,False
2023-09-24,Z07,12.21833586769331,2.1120386861639417e-07,0.24376263157689318,False,False
2023-09-25,Z07,12.218347250891963,1.1579391431482122e-05,-0.4693262532922909,False,False
2023-09-26,Z07,12.218336989976924,1.234833838736904e-06,-0.3267084763184535,False,False
2023-09-27,Z07,12.218343820615766,7.847296661367409e-06,0.060396918324817604,False,False
2023-09-28,Z07,12.218346011196612,9.97083978049318e-06,1.527322624341424,False,False
2023-09-29,Z07,12.218353373758504,1.707414155838194e-05,-0.2248386356228562,False,False
2023-09-30,Z07,12.218340422578953,3.614100409166099e-06,-1.6306424372221042,False,False
2023-10-01,Z07,12.218332837000892,-3.889594106354366e-06,-0.7545618072399647,False,False
2023-10-02,Z07,12.218333492638317,-3.0407247244568225e-06,1.7718102420108586,False,False
2023-10-03,Z07,12.218328664186865,-7.5620176591684185e-06,1.4050788155067075,False,False
2023-10-04,Z07,12.218320313699795,-1.5935840805170187e-05,0.895729612028719,False,False
2023-10-05,Z07,12.218323936946428,-1.2169067254319543e-05,0.6512419943592843,False,False
2023-10-06,Z07,12.218323205664978,-1.2864348082786137e-05,0.6716159624984034,False,False
2023-10-07,Z07,12.218339579613103,4.053142861337733e-06,-0.30633450817933444,False,False
2023-10-08,Z07,12.218328253246398,-7.375214407190356e-06,0.8142337394722408,False,False
2023-10-09,Z07,12.21832683572662,-8.797431062745886e-06,0.854981675750479,False,False
2023-10-10,Z07,12.218335929509513,5.136983034503828e-07,0.7938597713331198,False,False
2023-10-11,Z07,12.218340527844758,5.342907645200512e-06,-0.6730659346834864,False,False
2023-10-12,Z07,12.218331982636297,-3.4961367543218103e-06,-0.38783038073581266,False,False
2023-10-13,Z07,12.218350435271473,1.5107946568448938e-05,-0.7138138709617255,False,False
2023-10-14,Z07,12.218346071869181,9.919875276764856e-06,0.9568515164460764,False,False
2023-10-15,Z07,12.218339119719998,2.6544297231367864e-06,0.24376263157689318,False,False
2023-10-16,Z07,12.21833838329784,1.8492450397644689e-06,0.3456324722724905,False,False
2023-10-17,Z07,12.218335976544745,-6.470029063621041e-07,0.528998185524567,False,False
2023-10-18,Z07,12.218349158623445,1.2375452083546179e-05,-1.508398628387387,False,False
2023-10-19,Z07,12.218321221814488,-1.5881344886281568e-05,0.8346077076113598,False,False
2023-10-20,Z07,12.218328521719487,-8.216992725351702e-06,-0.6119440302661273,False,False
2023-10-21,Z07,12.218342977701951,6.646206164973023e-06,-0.51007418957053,False,False
2023-10-22,Z07,12.218336606947663,3.989667085591009e-08,-0.9175535523529202,False,False
2023-10-23,Z07,12.21833584972931,-5.203266741915513e-07,0.01964898204657849,False,False
2023-10-24,Z07,12.218329231498178,-7.222457341526933e-06,-0.12296879492725886,False,False
2023-10-25,Z07,12.218352907732216,1.6674983200459792e-05,-1.4880246602482678,False,False
2023-10-26,Z07,12.218349404045739,1.298273538274941e-05,-1.875130054891539,False,False
2023-10-27,Z07,12.218324798614017,-1.2036498633349879e-05,-0.2655865719010953,False,False
2023-10-28,Z07,12.218344337725881,8.136679955583759e-06,0.7734858031940007,False,False
2023-10-29,Z07,12.218335547668103,-5.975954646686432e-07,0.6716159624984034,False,False
2023-10-30,Z07,12.218323799441015,-1.1751619540589786e-05,0.9568515164460764,False,False
2023-10-31,Z07,12.21835189053629,1.689358033374333e-05,-0.2655865719010953,False,False
2023-11-01,Z07,12.218347878584055,1.2246510252111875e-05,-0.42857831701405175,False,False
2023-11-02,Z07,12.218342155436472,6.043831143998091e-06,-0.18409069934461708,False,False
2023-11-03,Z07,12.218339912784723,3.3514710757742705e-06,0.7531118350548817,False,False
2023-11-04,Z07,12.218354644438506,1.742982202834753e-05,1.588444528758783,False,False
2023-11-05,Z07,12.21834672884039,8.490640841074537e-06,-0.5304481577096491,False,False
2023-11-06,Z07,12.218327626356249,-1.1395949147896545e-05,-0.3267084763184535,False,False
2023-11-07,Z07,12.21834574068673,7.116823232067304e-06,-0.021098954231660624,False,False
2023-11-08,Z07,12.218338615527982,-5.912501954696836e-07,-0.3267084763184535,False,False
2023-11-09,Z07,12.218357800334838,1.8200896613862483e-05,-0.6526919665443665,False,False
2023-11-10,Z07,12.218320039565917,-2.0288899817089145e-05,-0.18409069934461708,False,False
2023-11-11,Z07,12.218336549259327,-3.0962637787013136e-06,-0.8768056160746811,False,False
2023-11-12,Z07,12.218319650585228,-2.014715864540051e-05,0.6716159624984034,False,False
2023-11-13,Z07,12.218344329204607,5.557616940876642e-06,1.4458267517849457,False,False
2023-11-14,Z07,12.218328166470235,-1.054702861047474e-05,-0.3470824444575735,False,False
2023-11-15,Z07,12.21833193630626,-6.412084260887241e-06,1.6291924650370213,False,False
2023-11-16,Z07,12.218322168879283,-1.5964611517205185e-05,-0.16371673120549798,False,False
2023-11-17,Z07,12.218355282180623,1.7608945336533566e-05,-0.7749357753790838,False,False
2023-11-18,Z07,12.21834104583018,3.168476320425384e-06,0.6308680262201642,False,False
2023-11-19,Z07,12.218338057508667,-4.80645713452077e-07,-0.9990494249093984,False,False
2023-11-20,Z07,12.218345195355965,6.339341945604815e-06,0.569746121802806,False,False
2023-11-21,Z07,12.218352265338318,1.3335402496039706e-05,0.20301469529865404,False,False
2023-11-22,Z07,12.218334413247135,-5.038635041643147e-06,-0.4693262532922909,False,False
2023-11-23,Z07,12.218352098627872,1.269462843467295e-05,-0.5711960939878882,False,False
2023-11-24,Z07,12.218327378309619,-1.2787927474278149e-05,-0.9583014886311594,False,False
2023-11-25,Z07,12.218338842037536,-4.732188063627518e-07,0.9975994527243164,False,False
2023-11-26,Z07,12.21833536999728,-3.5931921207321693e-06,-0.28596054004021443,False,False
2023-11-27,Z07,12.218331792145078,-7.523423764865811e-06,0.2641365997160123,False,False
2023-11-28,Z07,12.218319477678346,-1.9419704470280408e-05,-0.08222085864901975,False,False
2023-11-29,Z07,12.218351072200347,1.271048385653728e-05,-0.28596054004021443,False,False
2023-11-30,Z07,12.2183431213524,3.8505439317049195e-06,0.2641365997160123,False,False
2023-12-01,Z07,12.218335357007275,-3.621495064720648e-06,0.46787628110720786,False,False
2023-12-02,Z07,12.218358818601036,2.0257484591112984e-05,0.08077088646393671,False,False
2023-12-03,Z07,12.218331063906925,-8.05264833836361e-06,-0.2452126037619762,False,False
2023-12-04,Z07,12.21832423912293,-1.4582469741952764e-05,-1.162041170022355,False,False
2023-12-05,Z07,12.21833210965739,-5.698424761391152e-06,-0.6730659346834864,False,False
2023-12-06,Z07,12.218338270935954,9.501599027572638e-07,-0.36745641259669265,False,False
2023-12-07,Z07,12.218333879725343,-3.795870032519133e-06,-0.04147292237078063,False,False
2023-12-08,Z07,12.218324601067012,-1.2679162985307357e-05,-1.8343821186132998,False,False
2023-12-09,Z07,12.21833356904482,-3.244036477667578e-06,0.569746121802806,False,False
2023-12-10,Z07,12.218336825698417,8.203267878315046e-07,0.2641365997160123,False,False
2023-12-11,Z07,12.21834719990134,1.0634991959079798e-05,-0.6526919665443665,False,False
2023-12-12,Z07,12.218348474262466,1.1554331685204033e-05,-0.9990494249093984,False,False
2023-12-13,Z07,12.218335273486941,-2.607233080098581e-06,-0.7545618072399647,False,False
2023-12-14,Z07,12.218339808496639,2.2296338730853904e-06,-1.4065287876917896,False,False
2023-12-15,Z07,12.21835658381949,1.8616889178701967e-05,-0.40820434887493173,False,False
2023-12-16,Z07,12.21834659283156,7.804317473159017e-06,-0.2452126037619762,False,False
2023-12-17,Z07,12.218358988328434,1.9385682604067256e-05,0.8753556438895981,False,False
2023-12-18,Z07,12.218321871289607,-1.7854894483804173e-05,0.4271283448289687,False,False
2023-12-19,Z07,12.218327507202424,-1.1579830314190076e-05,1.201339134115511,False,False
2023-12-20,Z07,12.218326008055778,-1.2727300086723403e-05,0.060396918324817604,False,False
2023-12-21,Z07,12.218338811232982,7.154537922104964e-07,-0.9990494249093984,False,False
2023-12-22,Z07,12.218345554356548,7.907047535837819e-06,1.7106883375934994,False,False
2023-12-23,Z07,12.218341182027025,3.1633476993420118e-06,-0.38783038073581266,False,False
2023-12-24,Z07,12.218334051042351,-3.603750281300222e-06,-1.6306424372221042,False,False
2023-12-25,Z07,12.218325789719753,-1.2087497303525652e-05,0.16226675902041493,False,False
2023-12-26,Z07,12.218344955543209,7.513403412318098e-06,-1.6713903735003435,False,False
2023-12-27,Z07,12.218325937288038,-1.18243699560594e-05,-0.14334276306637797,False,False
2023-12-28,Z07,12.218345256187495,7.68969140274578e-06,-0.5508221258487691,False,False
2023-12-29,Z07,12.218343895185118,5.469405387259485e-06,0.46787628110720786,False,False
2023-12-30,Z07,12.21832367203027,-1.451451561962358e-05,0.9161035801678381,False,False
2023-12-31,Z07,12.218335368404583,-2.1698305694428655e-06,-0.38783038073581266,False,False
2024-01-01,Z07,12.218353722809596,1.618419453386366e-05,-0.4693262532922909,False,False
2024-01-02,Z07,12.218343153187085,5.784431735378348e-06,0.7123638987766425,False,False
2024-01-03,Z07,12.218321874827232,-1.5896904120182853e-05,-0.836057679796442,False,False
2024-01-04,Z07,12.218353902804981,1.6209883483497833e-05,-0.0007249860925415182,False,False
2024-01-05,Z07,12.218362062704752,2.3643345002710703e-05,0.48825024924632787,False,False
2024-01-06,Z07,12.21833955898301,3.465642990363449e-07,-0.8768056160746811,False,False
2024-01-07,Z07,12.218338184079501,-1.2176477959258136e-06,-0.36745641259669265,False,False
2024-01-08,Z07,12.218335826149044,-4.028345337303563e-06,0.0400229501856976,False,False
2024-01-09,Z07,12.218339208370336,-7.213608537171012e-07,1.3032089748111084,False,False
2024-01-10,Z07,12.218336784019819,-3.2251337689359616e-06,-1.2842849788570723,False,False
2024-01-11,Z07,12.218326346682835,-1.3315274701497515e-05,-0.2044646674837371,False,False
2024-01-12,Z07,12.21834198521315,3.060841603286235e-06,1.3235829429502293,False,False
2024-01-13,Z07,12.218325577582798,-1.3570512958693826e-05,0.9364775483069572,False,False
2024-01-14,Z07,12.218343989053674,5.315321713439403e-06,-0.3470824444575735,False,False
2024-01-15,Z07,12.218350433704781,1.2179798348554982e-05,-0.14334276306637797,False,False
2024-01-16,Z07,12.218326473526202,-1.190840933951165e-05,0.40675437668984965,False,False
2024-01-17,Z07,12.218316181032142,-2.111707665797269e-05,0.4271283448289687,False,False
2024-01-18,Z07,12.218335990523313,-1.1179102390457274e-06,1.3439569110893483,False,False
2024-01-19,Z07,12.218335818739307,-1.5724716071474631e-06,1.0994692934199137,False,False
2024-01-20,Z07,12.218341640884942,3.9226512456025375e-06,-1.467650692109148,False,False
2024-01-21,Z07,12.218335512072628,-2.3004828015871226e-06,-1.6917643416394634,False,False
2024-01-22,Z07,12.21833310305654,-4.37475609338378e-06,-0.6119440302661273,False,False
2024-01-23,Z07,12.218358240004088,2.103149047272268e-05,-1.956625927448017,False,False
2024-01-24,Z07,12.218349214462368,1.1199650028714814e-05,1.2828350066719891,False,False
2024-01-25,Z07,12.218335981621262,-2.8140158310208108e-06,-1.5898945009438652,False,False
2024-01-26,Z07,12.218343039313734,4.542807369389834e-06,-0.36745641259669265,False,False
2024-01-27,Z07,12.218326870172563,-1.2196401323549821e-05,-0.9583014886311594,False,False
2024-01-28,Z07,12.218340825139512,2.371432788805805e-06,-1.6713903735003435,False,False
2024-01-29,Z07,12.218345756872521,7.405500651813668e-06,1.1402172296981536,False,False
2024-01-30,Z07,12.218338413890379,-6.736428979081666e-07,-0.6526919665443665,False,False
2024-01-31,Z07,12.218331060075448,-8.128974021914814e-06,1.873680082706456,False,False
2024-02-01,Z07,12.218331472666522,-6.960958476298629e-06,1.3643308792284674,False,False
2024-02-02,Z07,12.218319091155594,-1.895311871891181e-05,-0.061846890509899735,False,False
2024-02-03,Z07,12.218359113164208,2.116167894961052e-05,-2.201113545117452,False,False
2024-02-04,Z07,12.218361787918404,2.3662754504272243e-05,-0.40820434887493173,False,False
2024-02-05,Z07,12.218325414185315,-1.2701819038341e-05,2.260785477349728,False,False
2024-02-06,Z07,12.218321629579755,-1.6014931343732997e-05,0.3660064404116105,False,False
2024-02-07,Z07,12.218343021942172,5.929247732794352e-06,-0.2248386356228562,False,False
2024-02-08,Z07,12.218341038731038,3.7061768285440166e-06,-0.6934399028226056,False,False
2024-02-09,Z07,12.21832411280529,-1.3280760944311965e-05,0.8346077076113598,False,False
2024-02-10,Z07,12.218322268716458,-1.4702475958472405e-05,0.30488453599425136,False,False
2024-02-11,Z07,12.218341160406846,4.325146642614186e-06,0.22338866343777405,False,False
2024-02-12,Z07,12.218339938013662,3.1302470020477813e-06,1.0994692934199137,False,False
2024-02-13,Z07,12.218315499033542,-2.1787414146601236e-05,1.0383473890025545,False,False
2024-02-14,Z07,12.218322762304663,-1.3574475687505583e-05,0.38638040855072964,False,False
2024-02-15,Z07,12.218354509139278,1.9094738931357824e-05,-1.6713903735003435,False,False
2024-02-16,Z07,12.2183271221703,-9.226750483648516e-06,-1.0601713293267576,False,False
2024-02-17,Z07,12.218334672257932,-2.041367455518639e-06,-0.6934399028226056,False,False
2024-02-18,Z07,12.218359468016615,2.2798333407791915e-05,-0.10259482678813885,False,False
2024-02-19,Z07,12.218352424539185,1.4966546732608776e-05,1.4662007199240648,False,False
2024-02-20,Z07,12.218321067809699,-1.6749637897106595e-05,2.0366718278194123,False,False
2024-02-21,Z07,12.21832876963958,-8.56633258194961e-06,0.3456324722724905,False,False
2024-02-22,Z07,12.218344286012357,7.094487425973739e-06,0.5086242173854469,False,False
2024-02-23,Z07,12.218340306563626,3.580171751949024e-06,-1.6102684690829852,False,False
2024-02-24,Z07,12.218334059952413,-2.3695095023867907e-06,-0.48970022143141,False,False
2024-02-25,Z07,12.218317461111242,-1.8904295044919195e-05,-0.6323179984052474,False,False
2024-02-26,Z07,12.218360648290117,2.5135490579586417e-05,-0.7138138709617255,False,False
2024-02-27,Z07,12.218327816559418,-8.822177370859663e-06,0.528998185524567,False,False
2024-02-28,Z07,12.218334986426418,-1.2186910343103818e-06,-0.5304481577096491,False,False
2024-02-29,Z07,12.218346603833112,1.0757730530386311e-05,-1.9973738637262564,False,False
2024-03-01,Z07,12.218337860322661,1.7412219861512312e-06,0.7938597713331198,False,False
2024-03-02,Z07,12.218335963088114,-3.826874674928149e-07,1.1605911978372727,False,False
2024-03-03,Z07,12.218317190334274,-1.930512202541479e-05,0.22338866343777405,False,False
2024-03-04,Z07,12.218336400751486,-3.134410242466856e-08,-0.2248386356228562,False,False
2024-03-05,Z07,12.218337812097992,2.1370828253708396e-06,-0.9786754567702793,False,False
2024-03-06,Z07,12.218336006448602,1.130627451217947e-06,-0.9175535523529202,False,False
2024-03-07,Z07,12.218333334231598,-1.8946649973372587e-06,1.0383473890025545,False,False
2024-03-08,Z07,12.21834684240295,1.1223351291889117e-05,-0.8156837116573229,False,False
2024-03-09,Z07,12.21833662202676,8.756264104903266e-07,1.9959238915411741,False,False
2024-03-10,Z07,12.218341483358145,5.884181273785316e-06,0.895729612028719,False,False
2024-03-11,Z07,12.218325812104846,-1.0366090457125665e-05,0.2845105678551323,False,False
2024-03-12,Z07,12.218355082273211,1.8785964963186075e-05,2.7090127764103573,False,False
2024-03-13,Z07,12.218335206549504,-1.5538209545695736e-06,1.242087070393751,False,False
2024-03-14,Z07,12.218340147673212,3.545018223860552e-06,-0.51007418957053,False,False
2024-03-15,Z07,12.218330384250946,-7.040025366222835e-06,-1.1009192656049966,False,False
2024-03-16,Z07,12.218339487231635,1.8088904489843571e-06,-0.48970022143141,False,False
2024-03-17,Z07,12.218336629071965,-5.485389653614448e-07,-0.16371673120549798,False,False
2024-03-18,Z07,12.2183418579069,4.36339924547724e-06,-0.836057679796442,False,False
2024-03-19,Z07,12.218338047170885,3.1314159798512264e-07,-1.202789106300594,False,False
2024-03-20,Z07,12.218349315609295,1.2295608200929564e-05,0.18264072715953494,False,False
2024-03-21,Z07,12.218337898715477,9.823453783752711e-07,0.8346077076113598,False,False
2024-03-22,Z07,12.218337820350959,3.42950666976094e-07,1.8329321464282178,False,False
2024-03-23,Z07,12.218328119802498,-9.659288172869651e-06,0.01964898204657849,False,False
2024-03-24,Z07,12.21832576180229,-1.1478414718268937e-05,0.5493721536636861,False,False
2024-03-25,Z07,12.218322396866576,-1.4358525055158111e-05,-1.956625927448017,False,False
2024-03-26,Z07,12.218337782606296,1.415984193897657e-06,0.8142337394722408,False,False
2024-03-27,Z07,12.218353622181809,1.6578176536441447e-05,-1.0805452974658767,False,False
2024-03-28,Z07,12.218339374592995,2.5647913339810202e-06,0.24376263157689318,False,False
2024-03-29,Z07,12.218359567873808,2.2372804362902343e-05,-0.10259482678813885,False,False
2024-03-30,Z07,12.218351972602697,1.3958151669157814e-05,-0.30633450817933444,False,False
2024-03-31,Z07,12.21833486955344,-3.3238565730897562e-06,-1.5695205328047461,False,False
2024-04-01,Z07,12.218336514659644,-1.5790580611962923e-06,-0.836057679796442,False,False
2024-04-02,Z07,12.218345246034056,7.133930632008401e-06,-1.0397973611876377,False,False
2024-04-03,Z07,12.218341019018593,1.971725176019845e-06,-0.6730659346834864,False,False
2024-04-04,Z07,12.218355039790472,1.583855481968044e-05,1.1402172296981536,False,False
2024-04-05,Z07,12.218337267531048,-2.5079610210809733e-06,-0.42857831701405175,False,False
2024-04-06,Z07,12.2183446165489,4.7990207487913494e-06,-0.7545618072399647,False,False
2024-04-07,Z07,12.21832963463408,-1.055897131507777e-05,0.5901200899419252,False,False
2024-04-08,Z07,12.218347381962712,7.761949612827834e-06,0.2641365997160123,False,False
2024-04-09,Z07,12.218336253403953,-3.725273677090968e-06,2.0162978596802934,False,False
2024-04-10,Z07,12.218330900577005,-8.903768817347668e-06,0.9772254845851972,False,False
2024-04-11,Z07,12.21834727262048,7.2986589199075524e-06,-2.0788697362827344,False,False
2024-04-12,Z07,12.21832381633043,-1.589730937467948e-05,0.7531118350548817,False,False
2024-04-13,Z07,12.21833999903525,6.650694128751411e-07,0.6308680262201642,False,False
2024-04-14,Z07,12.218344691675377,5.3626641420834176e-06,1.6291924650370213,False,False
2024-04-15,Z07,12.21832518592136,-1.4620004023413458e-05,-0.2655865719010953,False,False
2024-04-16,Z07,12.218325304013963,-1.4025201080514194e-05,1.0587213571416754,False,False
2024-04-17,Z07,12.218338589679266,-3.620338429044523e-07,-0.42857831701405175,False,False
2024-04-18,Z07,12.218350447281152,1.1604508964424554e-05,0.24376263157689318,False,False
2024-04-19,Z07,12.218329983606937,-9.272502259349835e-06,-1.141667201883236,False,False
2024-04-20,Z07,12.218342659019257,4.0473101385885e-06,-1.467650692109148,False,False
2024-04-21,Z07,12.218339931675235,1.1612893242585187e-06,0.8142337394722408,False,False
2024-04-22,Z07,12.218324133812395,-1.4706950990373002e-05,-0.061846890509899735,False,False
2024-04-23,Z07,12.21833465808797,-4.049809080086675e-06,-1.3657808514135505,False,False
2024-04-24,Z07,12.218333168749567,-5.835690338074073e-06,0.7734858031940007,False,False
2024-04-25,Z07,12.218330994278311,-8.369224360649241e-06,-2.853080525569277,False,False
2024-04-26,Z07,12.218348541134617,9.40390954262682e-06,-0.8768056160746811,False,False
2024-04-27,Z07,12.218337811705677,-1.1561511552571346e-06,-1.7528862460568215,False,False
2024-04-28,Z07,12.21833028482068,-8.63093990943753e-06,1.1605911978372727,False,False
2024-04-29,Z07,12.218344655513366,6.715854549810274e-06,-0.51007418957053,False,False
2024-04-30,Z07,12.21834729697492,9.601219082000512e-06,0.01964898204657849,False,False
2024-05-01,Z07,25.869138116632218,13.650800006628995,0.24376263157689318,True,True
2024-05-02,Z07,25.86914801062682,13.195783180557845,0.7531118350548817,True,True
2024-05-03,Z07,25.869141121392126,12.740749532503392,0.6512419943592843,True,True
2024-05-04,Z07,25.869144129032634,12.285725870064782,0.7531118350548817,True,True
2024-05-05,Z07,25.869150028461835,11.830705466519245,-0.3267084763184535,True,True
2024-05-06,Z07,25.869132944143715,11.375661290170099,0.8142337394722408,True,True
2024-05-07,Z07,25.86913584338847,10.920637911828361,-0.7341878391008446,True,True
2024-05-08,Z07,25.869142986465842,10.465618181280588,-0.4693262532922909,True,True
2024-05-09,Z07,25.869147261341567,10.010595936006206,-1.6306424372221042,True,True
2024-05-10,Z07,25.869136503891333,9.555558144958052,1.6495664331761422,True,True
2024-05-11,Z07,25.86914299432182,9.100537781944727,-1.0805452974658767,True,True
2024-05-12,Z07,25.869148492013398,8.645516755579596,1.3847048473675865,True,True
2024-05-13,Z07,25.86913061106042,8.190471385437185,0.48825024924632787,True,True
2024-05-14,Z07,12.218336431177026,-5.915349148180383,0.14189279088129583,False,True
2024-05-15,Z07,12.218345139912277,-5.915340164095188,0.30488453599425136,False,False
2024-05-16,Z07,12.218343896345127,-5.915342072795367,-1.141667201883236,False,False
2024-05-17,Z07,12.218323932866124,-5.915362656018743,1.5680705606196639,False,False
2024-05-18,Z07,12.218344398110167,-5.915341702214262,-0.42857831701405175,False,False
2024-05-19,Z07,12.218328188495986,-5.915357710189406,0.9772254845851972,False,False
2024-05-20,Z07,12.218340808418441,-5.915345030429924,-0.6119440302661273,False,False
2024-05-21,Z07,12.218349191179053,-5.915336585982617,-1.5287725965265069,False,False
2024-05-22,Z07,12.21834274689318,-5.915343338918616,1.9551759552629342,False,False
2024-05-23,Z07,12.218338478712086,-5.915348227535736,-0.6730659346834864,False,False
2024-05-24,Z07,12.218336741748004,-5.915350091853956,0.40675437668984965,False,False
2024-05-25,Z07,12.218331812646026,-5.9153551400558815,-3.1383160795169505,True,False
2024-05-26,Z07,12.218330140722708,-5.915356839258125,-0.14334276306637797,False,False
2024-05-27,Z07,12.218323524851774,-5.9153628417819935,0.5493721536636861,False,False
2024-05-28,Z07,12.218338428729705,-5.915347461675601,0.08077088646393671,False,False
2024-05-29,Z07,12.218351166783389,-5.915334995085551,-0.16371673120549798,False,False
2024-05-30,Z07,12.218340780155849,-5.915345598755422,-0.28596054004021443,False,False
2024-05-31,Z07,12.21834008635145,-5.915346075332518,0.8346077076113598,False,False
2024-06-01,Z07,12.218335013186724,-5.4603245474878825,-1.3861548195526696,False,False
2024-06-02,Z07,12.218325362134932,-5.005307098625009,-0.30633450817933444,False,False
2024-06-03,Z07,12.21833026376827,-4.550275005016431,1.4050788155067075,False,False
2024-06-04,Z07,12.218330607271545,-4.095247532671012,-1.5695205328047461,False,False
2024-06-05,Z07,12.21832960105639,-3.6402212248464902,-0.16371673120549798,False,False
2024-06-06,Z07,12.21834190226749,-3.1851821455324796,-1.182415138161475,False,False
2024-06-07,Z07,12.218349613081338,-2.730147970014599,0.24376263157689318,False,False
2024-06-08,Z07,12.218337370933268,-2.2751337663831848,-0.021098954231660624,False,False
2024-06-09,Z07,12.218331410628466,-1.8201127303410463,-1.0194233930485184,False,False
2024-06-10,Z07,12.218342613567923,-1.3650746909594904,-0.04147292237078063,False,False
2024-06-11,Z07,12.218335448375884,-0.9100551767930671,-0.0007249860925415182,False,False
2024-06-12,Z07,12.218327970935238,-0.4550355527791279,-0.6730659346834864,False,False
2024-06-13,Z07,12.218343729096079,6.960052550297746e-06,-0.48970022143141,False,False
2024-06-14,Z07,12.218336803101721,-2.0920577625815895e-07,-0.7138138709617255,False,False
2024-06-15,Z07,12.21834208056473,5.346150917517889e-06,-2.3844792583695273,False,False
2024-06-16,Z07,12.218336431399825,-2.4248797281245515e-07,0.8753556438895981,False,False
2024-06-17,Z07,12.218333437955636,-3.652549953159223e-06,1.1605911978372727,False,False
2024-06-18,Z07,12.218332300504336,-4.4246627659561e-06,-1.8547560867524189,False,False
2024-06-19,Z07,12.218342119109018,5.256874969106207e-06,1.1605911978372727,False,False
2024-06-20,Z07,12.218335477047743,-1.4288759917491234e-06,0.3456324722724905,False,False
2024-06-21,Z07,12.2183289347157,-7.514070324177169e-06,-1.182415138161475,False,False
2024-06-22,Z07,12.218328257165808,-7.731214301642808e-06,-0.2655865719010953,False,False
2024-06-23,Z07,12.218332810135877,-2.8375260221480403e-06,-0.7749357753790838,False,False
2024-06-24,Z07,12.218343840412981,8.323804820520309e-06,0.8753556438895981,False,False
2024-06-25,Z07,12.218339106280766,3.188747038862516e-06,-0.9990494249093984,False,False
2024-06-26,Z07,12.218333560770276,-2.655615384483667e-06,2.0977937322367715,False,False
2024-06-27,Z07,12.218329480589677,-7.070326601521515e-06,1.1198432615590328,False,False
2024-06-28,Z07,12.218342619340063,6.366695119552901e-06,-1.3046589469961913,False,False
2024-06-29,Z07,12.21833763928116,1.6715509936204853e-06,1.6088184968979022,False,False
2024-06-30,Z07,12.218333096187603,-2.766846742829898e-06,0.6716159624984034,False,False
2024-07-01,Z07,12.218330215620252,-5.414408629889067e-06,-0.2248386356228562,False,False
2024-07-02,Z07,12.218337150263213,1.6801532147781018e-06,0.6308680262201642,False,False
2024-07-03,Z07,12.218334626662926,-1.2363846817464719e-06,0.8753556438895981,False,False
2024-07-04,Z07,12.218334653639644,-1.3548377868488615e-06,-0.836057679796442,False,False
2024-07-05,Z07,12.218339229820705,3.0864643374428624e-06,0.7938597713331198,False,False
2024-07-06,Z07,12.218337369968427,9.056532483953106e-07,-0.51007418957053,False,False
2024-07-07,Z07,12.21834145769442,5.144455876404663e-06,0.7734858031940007,False,False
2024-07-08,Z07,12.218348003829679,1.1962437366008771e-05,-0.2044646674837371,False,False
2024-07-09,Z07,12.218331609655541,-4.786166648784729e-06,-1.0805452974658767,False,False
2024-07-10,Z07,12.218332790621947,-3.6118344830526894e-06,0.5901200899419252,False,False
2024-07-11,Z07,12.218332654721495,-3.420303400503144e-06,-0.44895228515317087,False,False
2024-07-12,Z07,12.21833649125162,5.093485366813866e-07,0.10114485460305672,False,False
2024-07-13,Z07,12.218330332497695,-5.933415934578079e-06,0.3456324722724905,False,False
2024-07-14,Z07,12.218330345403187,-5.473957163104615e-06,1.4254527836458266,False,False
2024-07-15,Z07,12.218340763069317,5.158965585394526e-06,-0.51007418957053,False,False
2024-07-16,Z07,12.218330870062633,-4.69012458559348e-06,-0.9175535523529202,False,False
2024-07-17,Z07,12.218336852207589,1.4773982783822248e-06,1.6088184968979022,False,False
2024-07-18,Z07,12.218334216299787,-1.2723179221296732e-06,-0.061846890509899735,False,False
2024-07-19,Z07,12.218339597337408,4.0448598497278e-06,-0.6119440302661273,False,False
2024-07-20,Z07,12.21833361499861,-1.8534198940045599e-06,0.30488453599425136,False,False
2024-07-21,Z07,12.218342066769122,6.660418920390043e-06,-0.40820434887493173,False,False
2024-07-22,Z07,12.218331185475039,-4.658610274432817e-06,-0.3267084763184535,False,False
2024-07-23,Z07,12.218336831309085,8.896134637836894e-07,2.56639499943652,False,False
2024-07-24,Z07,12.218344249532175,8.173797445110154e-06,-1.0601713293267576,False,False
2024-07-25,Z07,12.21833542589449,-6.634775449043673e-07,-1.5287725965265069,False,False
2024-07-26,Z07,12.218336775549425,8.088569298791981e-07,1.1809651659763918,False,False
2024-07-27,Z07,12.218344280328399,8.206476602268253e-06,-0.44895228515317087,False,False
2024-07-28,Z07,12.218339662106013,3.0949295890536632e-06,0.2641365997160123,False,False
2024-07-29,Z07,12.218328993684867,-7.474917087080257e-06,0.5901200899419252,False,False
2024-07-30,Z07,12.21833610825242,-7.216299025003536e-08,-1.8343821186132998,False,False
2024-07-31,Z07,12.218333703972633,-2.5768449383178904e-06,1.0994692934199137,False,False
2024-08-01,Z07,12.21833569512202,-7.019739634017697e-07,-0.6323179984052474,False,False
2024-08-02,Z07,12.218341306177757,4.957586480003329e-06,1.873680082706456,False,False
2024-08-03,Z07,12.218339747872779,3.176631008017239e-06,-0.8768056160746811,False,False
2024-08-04,Z07,12.21833428361377,-2.45743577309554e-06,1.527322624341424,False,False
2024-08-05,Z07,12.21833122379781,-5.352378167344796e-06,1.7106883375934994,False,False
2024-08-06,Z07,12.21834478360693,8.412303307281377e-06,-0.5508221258487691,False,False
2024-08-07,Z07,12.218338349383739,1.8672163637489803e-06,-0.2655865719010953,False,False
2024-08-08,Z07,12.218347319783058,1.1159430547635907e-05,-0.38783038073581266,False,False
2024-08-09,Z07,12.218344519325218,7.835301790493077e-06,1.4865746880631856,False,False
2024-08-10,Z07,12.218330714776044,-6.360204158895044e-06,0.12151882274217582,False,False
2024-08-11,Z07,12.21834123537033,4.225054974327236e-06,0.48825024924632787,False,False
2024-08-12,Z07,12.218341860021017,4.691568372905408e-06,-0.2044646674837371,False,False
2024-08-13,Z07,12.218343978424114,6.425720691538572e-06,0.4271283448289687,False,False
2024-08-14,Z07,12.218343640749406,5.6336119538258345e-06,0.48825024924632787,False,False
2024-08-15,Z07,12.218330423426007,-7.679634116186662e-06,-0.6730659346834864,False,False
2024-08-16,Z07,12.21834702363105,8.935458815528818e-06,1.7514362738717395,False,False
2024-08-17,Z07,12.2183483769008,9.949681114562736e-06,-0.2655865719010953,False,False
2024-08-18,Z07,12.218331416239224,-7.483000493024861e-06,0.9772254845851972,False,False
2024-08-19,Z07,12.218336817780592,-1.808755852650279e-06,-1.3454068832744306,False,False
2024-08-20,Z07,12.218336361953055,-2.37134278791018e-06,0.6308680262201642,False,False
2024-08-21,Z07,12.218336164125654,-2.3790096541631556e-06,1.0179734208634355,False,False
2024-08-22,Z07,12.218339106863889,3.97773559868142e-07,0.20301469529865404,False,False
2024-08-23,Z07,12.21833366712298,-5.117819174671467e-06,1.0383473890025545,False,False
2024-08-24,Z07,12.218327431291025,-1.1000904159175207e-05,-0.7749357753790838,False,False
2024-08-25,Z07,12.218331718127102,-6.447581297308602e-06,0.4271283448289687,False,False
2024-08-26,Z07,12.218339084668502,1.0875408449351198e-06,-1.6102684690829852,False,False
2024-08-27,Z07,12.218340193105075,2.369166082871743e-06,0.08077088646393671,False,False
2024-08-28,Z07,12.218325159095638,-1.268254332309482e-05,-0.8768056160746811,False,False
2024-08-29,Z07,12.218340955540993,3.2417216715430186e-06,-0.12296879492725886,False,False
2024-08-30,Z07,12.218328475973534,-9.399422072675634e-06,1.3439569110893483,False,False
2024-08-31,Z07,12.218343816029126,6.114900156006797e-06,1.7106883375934994,False,False
2024-09-01,Z07,12.218337081892795,-8.899330783407322e-07,-1.3657808514135505,False,False
2024-09-02,Z07,12.218332607160566,-5.223855810143618e-06,1.201339134115511,False,False
2024-09-03,Z07,12.218328904769962,-8.688222674635426e-06,1.3643308792284674,False,False
2024-09-04,Z07,12.218332264104008,-5.149593832243227e-06,0.2641365997160123,False,False
2024-09-05,Z07,12.21834616227963,8.713904914969817e-06,1.3235829429502293,False,False
2024-09-06,Z07,12.218347313927092,9.819596620275206e-06,-0.48970022143141,False,False
2024-09-07,Z07,12.21834138261698,3.5894683971804398e-06,-0.5915700621270082,False,False
2024-09-08,Z07,12.218334704244977,-2.890998068494355e-06,-0.5711960939878882,False,False
2024-09-09,Z07,12.21832793700705,-9.331066655349218e-06,0.6716159624984034,False,False
2024-09-10,Z07,12.21834051553052,3.3400491137314248e-06,-0.16371673120549798,False,False
2024-09-11,Z07,12.218339038673202,1.8871864568836827e-06,-0.7953097435182029,False,False
2024-09-12,Z07,12.218332797797386,-4.259644432735854e-06,-0.7341878391008446,False,False
2024-09-13,Z07,12.21833783704375,1.1522894887150414e-06,-0.061846890509899735,False,False
2024-09-14,Z07,12.21833436108644,-2.130210965844981e-06,-0.9175535523529202,False,False
2024-09-15,Z07,12.21833367194305,-2.9506097032339085e-06,0.6104940580810452,False,False
2024-09-16,Z07,12.218334853266741,-1.3242297463023078e-06,1.1605911978372727,False,False
2024-09-17,Z07,12.218344600306342,8.87359765755491e-06,0.9364775483069572,False,False
2024-09-18,Z07,12.218322703715065,-1.3462462522539909e-05,2.912752457801552,False,False
2024-09-19,Z07,12.21833113728302,-4.558425718670378e-06,0.3660064404116105,False,False
2024-09-20,Z07,12.218336858428017,1.3368749485209719e-06,1.6699404013152612,False,False
2024-09-21,Z07,12.2183282818485,-7.262847981692744e-06,0.12151882274217582,False,False
2024-09-22,Z07,12.21834313203567,7.948173033511807e-06,-0.3470824444575735,False,False
2024-09-23,Z07,12.218347085746641,1.1586386914785862e-05,0.060396918324817604,False,False
2024-09-24,Z07,12.218343122202485,6.96769423846888e-06,0.10114485460305672,False,False
2024-09-25,Z07,12.21832824521052,-8.289433573338556e-06,-0.18409069934461708,False,False
2024-09-26,Z07,12.218342522799649,6.349470822897274e-06,-1.162041170022355,False,False
2024-09-27,Z07,12.218332710574446,-3.5404108675862744e-06,-1.0601713293267576,False,False
2024-09-28,Z07,12.218334379776289,-2.122924982472796e-06,1.0994692934199137,False,False
2024-09-29,Z07,12.218347379308021,1.109579890545831e-05,0.7938597713331198,False,False
2024-09-30,Z07,12.218350307460673,1.3393840406550339e-05,1.7514362738717395,False,False
2024-10-01,Z07,12.218338417423,1.2874216839264818e-06,-0.4693262532922909,False,False
2024-10-02,Z07,12.218344994024621,7.81950563322198e-06,-0.5508221258487691,False,False
2024-10-03,Z07,12.21834786137552,1.0273961063234083e-05,-1.223163074439714,False,False
2024-10-04,Z07,12.218339823672032,1.6043707216084613e-06,1.0179734208634355,False,False
2024-10-05,Z07,12.21833779332775,-6.77959159034458e-07,-0.9786754567702793,False,False
2024-10-06,Z07,12.218342215228258,4.022906409772986e-06,-0.10259482678813885,False,False
2024-10-07,Z07,12.218354865902615,1.6843537393285146e-05,0.2641365997160123,False,False
2024-10-08,Z07,12.218322425095153,-1.6046712921991002e-05,-1.6510164053612242,False,False
2024-10-09,Z07,12.218346664932687,8.602429605986117e-06,0.7327378669157626,False,False
2024-10-10,Z07,12.218338245606104,-4.4116116626469193e-07,0.9772254845851972,False,False
2024-10-11,Z07,12.218351028984689,1.241788156569612e-05,0.22338866343777405,False,False
2024-10-12,Z07,12.218323249508298,-1.5761271873415694e-05,-0.14334276306637797,False,False
2024-10-13,Z07,12.218329288699326,-9.403804540397687e-06,-0.10259482678813885,False,False
2024-10-14,Z07,12.21832167734042,-1.6730218634464222e-05,1.3643308792284674,False,False
2024-10-15,Z07,12.21832746998531,-1.0514782209369855e-05,-0.0007249860925415182,False,False
2024-10-16,Z07,12.218337133805637,-6.442299582687383e-07,-0.08222085864901975,False,False
2024-10-17,Z07,12.218328871494997,-8.982558563630505e-06,-0.7545618072399647,False,False
2024-10-18,Z07,12.2183390953925,1.76563265341656e-06,-2.914202429986635,False,False
2024-10-19,Z07,12.218335149480335,-2.7266687592231165e-06,1.0587213571416754,False,False
2024-10-20,Z07,12.218328274540259,-9.735348747597072e-06,-0.061846890509899735,False,False
2024-10-21,Z07,12.21833085668059,-6.8670788255786874e-06,-0.9583014886311594,False,False
2024-10-22,Z07,12.218324510066997,-1.3299520151832667e-05,2.0977937322367715,False,False
2024-10-23,Z07,12.218332923463043,-4.265391817526165e-06,0.38638040855072964,False,False
2024-10-24,Z07,12.218340346227556,3.6294488161559e-06,-0.2655865719010953,False,False
2024-10-25,Z07,12.218334161275916,-2.462970325467495e-06,0.9772254845851972,False,False
2024-10-26,Z07,12.218333439663834,-3.3817845892514242e-06,0.30488453599425136,False,False
2024-10-27,Z07,12.218343779856541,7.2611793129340185e-06,0.2845105678551323,False,False
2024-10-28,Z07,12.218320018787331,-1.686886596807824e-05,-0.6730659346834864,False,False
2024-10-29,Z07,12.21833420885151,-2.200102155569539e-06,0.6512419943592843,False,False
2024-10-30,Z07,12.218336956081492,9.861430427804407e-07,0.895729612028719,False,False
2024-10-31,Z07,12.218332667530344,-2.857362131791774e-06,-0.6730659346834864,False,False
2024-11-01,Z07,12.218318258864869,-1.7074364519586993e-05,-1.9973738637262564,False,False
2024-11-02,Z07,12.218344362515014,9.920457616274803e-06,0.9161035801678381,False,False
2024-11-03,Z07,12.21834272367425,8.39824553544588e-06,0.569746121802806,False,False
2024-11-04,Z07,12.218349220670945,1.4798575488583765e-05,0.7938597713331198,False,False
2024-11-05,Z07,12.218329324096858,-5.47891003499501e-06,-0.021098954231660624,False,False
2024-11-06,Z07,12.21832926217441,-5.111128103862939e-06,0.9161035801678381,False,False
2024-11-07,Z07,12.21832335455884,-1.016528606712086e-05,-0.7341878391008446,False,False
2024-11-08,Z07,12.218339947969085,6.397142055192262e-06,-0.2452126037619762,False,False
2024-11-09,Z07,12.218340280956138,6.95402789574473e-06,-1.1212932337441157,False,False
2024-11-10,Z07,12.218327051106433,-6.3436668114036365e-06,1.1198432615590328,False,False
2024-11-11,Z07,12.218319797276154,-1.2798234482858106e-05,-0.10259482678813885,False,False
2024-11-12,Z07,12.21831946347071,-1.3016965521472912e-05,0.18264072715953494,False,False
2024-11-13,Z07,12.218322459203632,-9.693724978276919e-06,0.38638040855072964,False,False
2024-11-14,Z07,12.218331940507134,-2.384835831037435e-07,-0.30633450817933444,False,False
2024-11-15,Z07,12.218327660354948,-4.667653163537011e-06,0.7734858031940007,False,False
2024-11-16,Z07,12.218326947698904,-5.064527519138551e-06,1.6291924650370213,False,False
2024-11-17,Z07,12.218334779709695,2.831609808850999e-06,0.9364775483069572,False,False
2024-11-18,Z07,12.218349433281338,1.7629037545319193e-05,-1.8140081504741798,False,False
2024-11-19,Z07,12.218327800803237,-4.479567255799566e-06,0.0400229501856976,False,False
2024-11-20,Z07,12.218338217556639,5.952977380374591e-06,0.10114485460305672,False,False
2024-11-21,Z07,12.21832018414494,-1.2325796854284476e-05,1.201339134115511,False,False
2024-11-22,Z07,12.218332332517205,-3.322718633569366e-08,-0.6119440302661273,False,False
2024-11-23,Z07,12.218341403067209,9.057021012282007e-06,-1.1212932337441157,False,False
2024-11-24,Z07,12.218348986715553,1.660544136683484e-05,0.7938597713331198,False,False
2024-11-25,Z07,12.218320702351047,-1.217310445866815e-05,-0.08222085864901975,False,False
2024-11-26,Z07,12.218336819238361,4.3683599475485835e-06,-0.6934399028226056,False,False
2024-11-27,Z07,12.2183502939075,1.807504969342233e-05,-0.3267084763184535,False,False
2024-11-28,Z07,12.218355471315625,2.224328714639512e-05,-1.508398628387387,False,False
2024-11-29,Z07,12.218320619550813,-1.3317226470022092e-05,0.12151882274217582,False,False
2024-11-30,Z07,12.218337092412511,3.7001862498442506e-06,-0.36745641259669265,False,False
2024-12-01,Z07,12.218343912648276,1.0372925942192524e-05,0.48825024924632787,False,False
2024-12-02,Z07,12.218350761114948,1.6366266500256188e-05,-0.2655865719010953,False,False
2024-12-03,Z07,12.218353165473642,1.855733853162178e-05,-0.021098954231660624,False,False
2024-12-04,Z07,12.218334016429958,-9.397651314912991e-07,-0.5304481577096491,False,False
2024-12-05,Z07,12.218343049402414,8.600015354076618e-06,-0.3267084763184535,False,False
2024-12-06,Z07,12.218336812183404,1.9052861617296912e-06,-1.202789106300594,False,False
2024-12-07,Z07,12.218352076102521,1.691753831245535e-05,0.9975994527243164,False,False
2024-12-08,Z07,12.218325968500615,-1.0147448383790447e-05,-0.10259482678813885,False,False
2024-12-09,Z07,12.218329980832547,-5.669134171881751e-06,-2.0788697362827344,False,False
2024-12-10,Z07,12.218342332895265,7.026266002796433e-06,-1.6713903735003435,False,False
2024-12-11,Z07,12.218333525972614,-2.2900496112754354e-06,0.9975994527243164,False,False
2024-12-12,Z07,12.218344786688832,8.513043391999986e-06,-0.10259482678813885,False,False
2024-12-13,Z07,12.218347982506245,1.086475353240246e-05,-0.08222085864901975,False,False
2024-12-14,Z07,12.218323471930008,-1.4496599455071646e-05,-0.061846890509899735,False,False
2024-12-15,Z07,12.218320725143792,-1.6961099767343057e-05,0.4271283448289687,False,False
2024-12-16,Z07,12.218324946627678,-1.2508442175374057e-05,1.506948656202305,False,False
2024-12-17,Z07,12.218333297405417,-4.090962065106396e-06,0.38638040855072964,False,False
2024-12-18,Z07,12.218332592956447,-4.746000890065716e-06,0.24376263157689318,False,False
2024-12-19,Z07,12.218362931778527,2.615416535078907e-05,-0.6526919665443665,False,False
2024-12-20,Z07,12.218356388199755,1.843955407032638e-05,-1.6306424372221042,False,False
2024-12-21,Z07,12.218327528873441,-1.1025460349145533e-05,0.4271283448289687,False,False
2024-12-22,Z07,12.218343533537091,4.734379018600521e-06,0.5086242173854469,False,False
2024-12-23,Z07,12.218337200626667,-1.9718987349648387e-06,1.0587213571416754,False,False
2024-12-24,Z07,12.218318585189456,-2.0447254595268305e-05,1.6903143694543803,False,False
2024-12-25,Z07,12.21834693646513,8.91740528174978e-06,-1.2435370425788332,False,False
2024-12-26,Z07,12.218346977717879,8.08418756115259e-06,-0.6934399028226056,False,False
2024-12-27,Z07,12.218315996839253,-2.3235307045510467e-05,0.6104940580810452,False,False
2024-12-28,Z07,12.218345626775957,7.5378652635293975e-06,-0.061846890509899735,False,False
2024-12-29,Z07,12.218358318208281,2.0557448911162624e-05,1.4050788155067075,False,False
2024-12-30,Z07,12.21833969451339,6.771321032772448e-07,-0.2655865719010953,False,False
2024-12-31,Z07,12.218327443783943,-1.1660334036989184e-05,1.9755499234020533,False,False
2025-01-01,Z07,12.218324002445154,-1.4552710682735892e-05,-0.0007249860925415182,False,False
2025-01-02,Z07,12.218326316084124,-1.134711605388361e-05,1.588444528758783,False,False
2025-01-03,Z07,12.218354844971033,1.8076750505358063e-05,-2.506723067204245,False,False
2025-01-04,Z07,12.218325763984133,-1.1698521095837577e-05,0.4271283448289687,False,False
2025-01-05,Z07,12.218341803941215,4.917616594823926e-06,-0.04147292237078063,False,False
2025-01-06,Z07,12.218330721379758,-6.331336789955344e-06,-2.201113545117452,False,False
2025-01-07,Z07,12.218326845081998,-9.495810456172649e-06,-0.08222085864901975,False,False
2025-01-08,Z07,12.218325082338868,-1.1287772965218323e-05,-1.3250329151353113,False,False
2025-01-09,Z07,12.21834494516796,8.73833924686096e-06,-0.5915700621270082,False,False
2025-01-10,Z07,12.218324933271331,-1.1360633136447973e-05,0.24376263157689318,False,False
2025-01-11,Z07,12.218344816795348,8.809314254065725e-06,-0.18409069934461708,False,False
2025-01-12,Z07,12.218337224057722,1.2155730804153109e-06,0.30488453599425136,False,False
2025-01-13,Z07,12.218332630529481,-3.0193402107414613e-06,0.10114485460305672,False,False
2025-01-14,Z07,12.218347832655764,1.1877499424883808e-05,2.342281349906206,False,False
2025-01-15,Z07,12.218354938000708,1.8079260632575256e-05,0.20301469529865404,False,False
2025-01-16,Z07,12.218345811204156,7.952751648332423e-06,0.060396918324817604,False,False
2025-01-17,Z07,12.218326448566879,-1.1827012253107227e-05,0.3660064404116105,False,False
2025-01-18,Z07,12.218343124890604,5.05412445583886e-06,-0.08222085864901975,False,False
2025-01-19,Z07,12.218334132365428,-3.2781711212237497e-06,-1.6713903735003435,False,False
2025-01-20,Z07,12.21834909224968,1.2423574275999272e-05,0.6512419943592843,False,False
2025-01-21,Z07,12.218339701761726,2.314307112172287e-06,1.26246103853287,False,False
2025-01-22,Z07,12.218336922342695,-3.37386071080914e-07,1.527322624341424,False,False
2025-01-23,Z07,12.218350913053076,1.3662600441222139e-05,0.6308680262201642,False,False
2025-01-24,Z07,12.218342020967594,3.692919506192993e-06,-0.3267084763184535,False,False
2025-01-25,Z07,12.218341587501627,3.4233034540420704e-06,0.20301469529865404,False,False
2025-01-26,Z07,12.218335897636056,-2.086888242658347e-06,1.7514362738717395,False,False
2025-01-27,Z07,12.21832708754379,-1.156034040050713e-05,-0.28596054004021443,False,False
2025-01-28,Z07,12.218353547572583,1.5517662800945686e-05,-1.2842849788570723,False,False
2025-01-29,Z07,12.218345450620955,7.579732359985769e-06,2.17928960479325,False,False
2025-01-30,Z07,12.21831811007138,-1.9952687466684438e-05,-1.1009192656049966,False,False
2025-01-31,Z07,12.218322473325967,-1.527830912628758e-05,-1.6713903735003435,False,False
2025-02-01,Z07,12.21835204433281,1.4343668356175954e-05,0.2641365997160123,False,False
2025-02-02,Z07,12.218329830364931,-8.72790781158983e-06,0.3456324722724905,False,False
2025-02-03,Z07,12.218341572608711,3.848156170604966e-06,0.40675437668984965,False,False
2025-02-04,Z07,12.218346600071547,8.3486648527753e-06,0.8346077076113598,False,False
2025-02-05,Z07,12.218340667466471,2.2561887664807045e-06,-0.2248386356228562,False,False
2025-02-06,Z07,12.21833219332881,-6.54948511957798e-06,-0.2044646674837371,False,False
2025-02-07,Z07,12.218335673546479,-3.247542343487453e-06,-0.6526919665443665,False,False
2025-02-08,Z07,12.2183501780327,1.0903903625347766e-05,0.08077088646393671,False,False
2025-02-09,Z07,12.218329225874673,-1.0222683227922857e-05,0.48825024924632787,False,False
2025-02-10,Z07,12.21834305427497,3.462630290940183e-06,0.854981675750479,False,False
2025-02-11,Z07,12.21835684176752,1.730887352024979e-05,-0.9786754567702793,False,False
2025-02-12,Z07,12.218336283019555,-3.903798104332168e-06,-1.3250329151353113,False,False
2025-02-13,Z07,12.218330474971632,-9.833595695951658e-06,0.8346077076113598,False,False
2025-02-14,Z07,12.21835474898623,1.5019008372973985e-05,-0.5915700621270082,False,False
2025-02-15,Z07,12.218327536588024,-1.2187089351911595e-05,-1.0601713293267576,False,False
2025-02-16,Z07,12.218343477653036,4.363129532336529e-06,-1.956625927448017,False,False
2025-02-17,Z07,12.218329955782433,-9.726377273366893e-06,1.3643308792284674,False,False
2025-02-18,Z07,12.2183245977764,-1.464541303697331e-05,0.22338866343777405,False,False
2025-02-19,Z07,12.218334161404108,-4.763965694820627e-06,0.48825024924632787,False,False
2025-02-20,Z07,12.218346639881576,8.212206626723173e-06,0.38638040855072964,False,False
2025-02-21,Z07,12.21833274867225,-5.91027336227512e-06,0.16226675902041493,False,False
2025-02-22,Z07,12.218335103952906,-3.4158703581255168e-06,-0.08222085864901975,False,False
2025-02-23,Z07,12.218326361858074,-1.1630995183864457e-05,-0.14334276306637797,False,False
2025-02-24,Z07,12.218320249388654,-1.722149428573516e-05,-1.0601713293267576,False,False
2025-02-25,Z07,12.218343472052247,6.712439740041987e-06,-1.8547560867524189,False,False
2025-02-26,Z07,12.218334517970488,-2.4941225582608695e-06,2.220037541071488,False,False
2025-02-27,Z07,12.218332987377838,-4.272396099125331e-06,-0.021098954231660624,False,False
2025-02-28,Z07,12.218325455165463,-1.1119268648940306e-05,-0.51007418957053,False,False
2025-03-01,Z07,12.218340684508314,4.776589383581609e-06,-0.8768056160746811,False,False
2025-03-02,Z07,12.218351077656136,1.4417255975729404e-05,0.9975994527243164,False,False
2025-03-03,Z07,12.218344529540849,6.915663016471285e-06,0.08077088646393671,False,False
2025-03-04,Z07,12.218327381701055,-9.98168371246777e-06,-0.9379275204920402,False,False
2025-03-05,Z07,12.218337167816145,-1.1394649312990168e-07,-0.36745641259669265,False,False
2025-03-06,Z07,12.218348544938204,1.1410001986789098e-05,0.2641365997160123,False,False
2025-03-07,Z07,12.218352540371097,1.5340605989067058e-05,-0.44895228515317087,False,False
2025-03-08,Z07,12.21835179479164,1.4199263045355792e-05,0.7734858031940007,False,False
2025-03-09,Z07,12.21832525962343,-1.2989287260012361e-05,2.0977937322367715,False,False
2025-03-10,Z07,12.218330095611739,-7.806168184743001e-06,-0.48970022143141,False,False
2025-03-11,Z07,12.218342193710363,4.961344474807561e-06,-0.3470824444575735,False,False
2025-03-12,Z07,12.218345342780374,7.678153295387347e-06,-0.8971795842138012,False,False
2025-03-13,Z07,12.21833099371638,-6.747194211342844e-06,-0.2248386356228562,False,False
2025-03-14,Z07,12.218341910932132,5.031623244278194e-06,-2.0584957681436147,False,False
2025-03-15,Z07,12.218334568838616,-2.4980673583030466e-06,1.0587213571416754,False,False
2025-03-16,Z07,12.21833906896165,1.86559344150794e-06,-1.4269027558309086,False,False
2025-03-17,Z07,12.21833736142456,6.807238381867364e-07,-0.8768056160746811,False,False
2025-03-18,Z07,12.218337002707319,-5.487953202987228e-09,0.01964898204657849,False,False
2025-03-19,Z07,12.218336539474628,-2.5288912119947327e-07,1.3439569110893483,False,False
2025-03-20,Z07,12.218345005989503,7.994169349601066e-06,-0.9379275204920402,False,False
2025-03-21,Z07,12.218340157686601,2.46559267758073e-06,-0.2452126037619762,False,False
2025-03-22,Z07,12.218335988224752,-1.903745255660283e-06,0.24376263157689318,False,False
2025-03-23,Z07,12.218337824051064,2.8713628275056635e-07,-0.7545618072399647,False,False
2025-03-24,Z07,12.218343575243978,5.8691499038587835e-06,-0.18409069934461708,False,False
2025-03-25,Z07,12.218324945716507,-1.304275393643195e-05,-1.6917643416394634,False,False
2025-03-26,Z07,12.21835085121041,1.290994468483575e-05,-0.5915700621270082,False,False
2025-03-27,Z07,12.218332523360747,-6.4379657018776015e-06,1.201339134115511,False,False
2025-03-28,Z07,12.218319351437225,-1.9244932841999685e-05,0.7734858031940007,False,False
2025-03-29,Z07,12.21834830278787,1.0211968913154124e-05,-0.51007418957053,False,False
2025-03-30,Z07,12.218339991752723,1.3904200972802983e-06,-1.1009192656049966,False,False
2025-03-31,Z07,12.218333400781216,-5.685104317976197e-06,-0.28596054004021443,False,False
2025-04-01,Z07,12.218329387704555,-9.455390076240633e-06,-1.549146564665626,False,False
2025-04-02,Z07,12.21832132488844,-1.6795207804065626e-05,-0.2655865719010953,False,False
2025-04-03,Z07,12.218334584288025,-2.762319805782454e-06,-0.48970022143141,False,False
2025-04-04,Z07,12.218351352833414,1.3766139350224194e-05,-0.51007418957053,False,False
2025-04-05,Z07,12.218334871167052,-3.18836092105812e-06,-0.2044646674837371,False,False
2025-04-06,Z07,12.218345014579226,7.410843625876851e-06,0.48825024924632787,False,False
2025-04-07,Z07,12.21834593676715,8.58389127955661e-06,-1.1212932337441157,False,False
2025-04-08,Z07,12.21833283918042,-4.318427967220373e-06,0.9161035801678381,False,False
2025-04-09,Z07,12.218334326556057,-3.0837042306330886e-06,1.0790953252807947,False,False
2025-04-10,Z07,12.218325026938794,-1.2524352971610142e-05,2.17928960479325,False,False
2025-04-11,Z07,12.21832436462566,-1.2614440384695058e-05,0.24376263157689318,False,False
2025-04-12,Z07,12.218328614517812,-7.665276410051547e-06,1.4458267517849457,False,False
2025-04-13,Z07,12.218353344208998,1.7143721393608757e-05,0.9364775483069572,False,False
2025-04-14,Z07,12.218335482794794,-1.0988020395785725e-06,0.14189279088129583,False,False
2025-04-15,Z07,12.218341413575589,4.801513551200287e-06,-1.3046589469961913,False,False
2025-04-16,Z07,12.218339330434581,2.6402187440766056e-06,0.854981675750479,False,False
2025-04-17,Z07,12.218328461803448,-8.294046054402315e-06,0.18264072715953494,False,False
2025-04-18,Z07,12.218323445488585,-1.3025664122423564e-05,1.7514362738717395,False,False
2025-04-19,Z07,12.21832157228276,-1.4462403747472763e-05,0.6919899306375235,False,False
2025-04-20,Z07,12.218330427394301,-4.826168646943074e-06,1.0179734208634355,False,False
2025-04-21,Z07,12.218330572939967,-4.3562799056928725e-06,-0.6526919665443665,False,False
2025-04-22,Z07,12.218336915415787,2.16670540709174e-06,0.18264072715953494,False,False
2025-04-23,Z07,12.218349323663999,1.4605241462462004e-05,-2.017747831865375,False,False
2025-04-24,Z07,12.21834839521168,1.3485175141880745e-05,0.5086242173854469,False,False
2025-04-25,Z07,12.218331075856273,-4.6158301021392845e-06,1.1809651659763918,False,False
2025-04-26,Z07,12.218325296703856,-9.735804047394936e-06,1.3643308792284674,False,False
2025-04-27,Z07,12.218330440343674,-4.351275668668109e-06,-0.42857831701405175,False,False
2025-04-28,Z07,12.218343240737175,8.079487617607128e-06,-1.915877991169778,False,False
2025-04-29,Z07,12.218330118378981,-4.8741355520576235e-06,-0.6119440302661273,False,False
2025-04-30,Z07,12.218351462271565,1.679886948835474e-05,-0.14334276306637797,False,False
2025-05-01,Z07,12.218330806505708,-4.458946044394452e-06,0.3456324722724905,False,False
2025-05-02,Z07,12.218333010827092,-2.3019180339645118e-06,-2.1196176725609734,False,False
2025-05-03,Z07,12.218335434717098,-2.675593169243484e-07,-0.16371673120549798,False,False
2025-05-04,Z07,12.218342904162865,7.173538815408165e-06,-1.1212932337441157,False,False
2025-05-05,Z07,12.218336448168367,9.991666676256727e-07,1.4050788155067075,False,False
2025-05-06,Z07,12.218325448053822,-1.0053514586161327e-05,-2.4456011627868857,False,False
2025-05-07,Z07,12.21833169276232,-3.1565885763029655e-06,0.9772254845851972,False,False
2025-05-08,Z07,12.21833455842213,1.8387139633091465e-07,-0.2248386356228562,False,False
2025-05-09,Z07,12.218339867371418,5.4355126284377775e-06,-2.1399916407000927,False,False
2025-05-10,Z07,12.21833667739272,2.060840085249538e-06,1.6495664331761422,False,False
2025-05-11,Z07,12.218327556908251,-7.447992850018181e-06,1.3235829429502293,False,False
2025-05-12,Z07,12.218333539099541,-1.5722109800719863e-06,1.201339134115511,False,False
2025-05-13,Z07,12.218333323717264,-1.9517459790563407e-06,0.0400229501856976,False,False
2025-05-14,Z07,12.218342104763172,7.496649653049303e-06,-0.7545618072399647,False,False
2025-05-15,Z07,12.21834587408191,1.1045236110618362e-05,-0.0007249860925415182,False,False
2025-05-16,Z07,12.218344586905394,9.609376050434548e-06,0.48825024924632787,False,False
2025-05-17,Z07,12.218336504402853,1.3516578150074565e-06,-0.6119440302661273,False,False
2025-05-18,Z07,12.218328483218073,-6.937613610702442e-06,-0.9379275204920402,False,False
2025-05-19,Z07,12.218337951542157,2.362786156950847e-06,0.44750231296808873,False,False
2025-05-20,Z07,12.218332512973952,-3.6217573615715537e-06,0.14189279088129583,False,False
2025-05-21,Z07,12.218331564509468,-4.639741169043532e-06,0.8753556438895981,False,False
2025-05-22,Z07,12.21833482423881,-1.4130641439180636e-06,1.4865746880631856,False,False
2025-05-23,Z07,12.218343422100068,7.254503014308966e-06,0.8142337394722408,False,False
2025-05-24,Z07,12.218335575162428,-3.957158263290239e-07,-1.2435370425788332,False,False
2025-05-25,Z07,12.218344487302678,8.943759398860607e-06,-0.08222085864901975,False,False
2025-05-26,Z07,12.21832395747833,-1.2033113165443865e-05,0.3252585041333714,False,False
2025-05-27,Z07,12.218342022451433,6.0765007887653155e-06,0.7531118350548817,False,False
2025-05-28,Z07,12.21833605404281,-2.7797809032392706e-07,0.8142337394722408,False,False
2025-05-29,Z07,15.881423003830756,3.6630869113663334,-0.12296879492725886,False,True
2025-05-30,Z07,15.881430189652432,3.540991001006285,-0.5711960939878882,False,True
2025-05-31,Z07,15.881429736997449,3.418887924105272,0.9568515164460764,False,True
2025-06-01,Z07,15.88143530623006,3.2967901956548253,0.3252585041333714,False,True
2025-06-02,Z07,15.881428110325583,3.174679589903583,0.22338866343777405,True,True
2025-06-03,Z07,15.881429556311485,3.0525779467025327,-0.7749357753790838,False,True
2025-06-04,Z07,15.881427710657773,2.9304732126438697,2.0774197640976526,True,True
2025-06-05,Z07,15.88143507523796,2.808377535141073,0.18264072715953494,False,True
2025-06-06,Z07,15.881431606516399,2.6862704121800434,-0.14334276306637797,False,True
2025-06-07,Z07,12.218339870143907,-1.0989246546509186,0.18264072715953494,False,True
2025-06-08,Z07,12.218343904561108,-1.098920797291111,-0.2044646674837371,False,False
2025-06-09,Z07,12.218335507323525,-1.0989293291016828,-1.3657808514135505,False,False
2025-06-10,Z07,12.218339339084554,-1.0989254583383463,0.24376263157689318,False,False
2025-06-11,Z07,12.218347128387594,-1.0989180617745173,-1.549146564665626,False,False
2025-06-12,Z07,12.218342297157047,-1.0989233459813317,0.0400229501856976,False,False
2025-06-13,Z07,12.218335032033185,-1.0989309102198543,-1.6917643416394634,False,False
2025-06-14,Z07,12.218332637308581,-1.098933069186792,-2.2622354495348103,False,False
2025-06-15,Z07,12.218347154871402,-1.0989181103981913,0.569746121802806,False,False
2025-06-16,Z07,12.218340972455621,-1.0989243784128409,-1.182415138161475,False,False
2025-06-17,Z07,12.218325191577167,-1.098940308226389,0.38638040855072964,False,False
2025-06-18,Z07,12.21834525811497,-1.098920131967219,0.10114485460305672,False,False
2025-06-19,Z07,12.218335413911124,-1.0989302197234938,0.08077088646393671,False,False
2025-06-20,Z07,12.218326918276604,-1.0989388120559198,-0.6934399028226056,False,False
2025-06-21,Z07,12.218335616640601,-1.098929958817493,-0.2044646674837371,False,False
2025-06-22,Z07,12.218330019443263,-1.0989355824282256,-0.7341878391008446,False,False
2025-06-23,Z07,12.218335016562722,-1.0989301385535395,0.895729612028719,False,False
2025-06-24,Z07,12.218343930683195,-1.0989212058130757,-0.5508221258487691,False,False
2025-06-25,Z07,12.21834001994551,-1.0989250979967782,-0.30633450817933444,False,False
2025-06-26,Z07,12.218337381920461,-1.0989282714373978,0.6919899306375235,False,False
2025-06-27,Z07,12.218338586287498,-1.0989269123859984,-0.6934399028226056,False,False
2025-06-28,Z07,12.218343300818765,-1.0989222822628868,-1.8955040230306581,False,False
2025-06-29,Z07,12.21834507808236,-0.9768178482322263,-1.141667201883236,False,False
2025-06-30,Z07,12.218343685344738,-0.8547164039175108,1.0179734208634355,False,False
2025-07-01,Z07,12.21833657356916,-0.7326206473046657,0.01964898204657849,False,False
2025-07-02,Z07,12.21832985956636,-0.6105240702187693,0.24376263157689318,False,False
2025-07-03,Z07,12.218339988590987,-0.4884106661688339,0.24376263157689318,False,False
2025-07-04,Z07,12.218343534243019,-0.3663041349261196,1.7514362738717395,False,False
2025-07-05,Z07,12.218328788245682,-0.24421607504296539,-2.1807395769783318,False,False
2025-07-06,Z07,12.218347173953601,-0.12209414643530003,-0.18409069934461708,False,False
2025-07-07,Z07,20.749734590427384,8.53139608445724,-0.021098954231660624,True,True
2025-07-08,Z07,20.74973224988733,8.247013919907738,-0.08222085864901975,True,True
2025-07-09,Z07,20.74973886143452,7.962640919944052,0.7531118350548817,True,True
2025-07-10,Z07,20.749737899933095,7.67825984663893,0.7734858031940007,True,True
2025-07-11,Z07,20.74972741784587,7.39386941252342,-0.28596054004021443,True,True
2025-07-12,Z07,20.74973169648986,7.109494348185466,-1.7732602141959417,True,True
2025-07-13,Z07,20.749735317217404,6.825118322268581,2.4848991268800416,True,True
2025-07-14,Z07,20.749741380547036,6.540744376092075,-0.061846890509899735,False,True
2025-07-15,Z07,20.749745834418697,6.2563685385224534,0.01964898204657849,False,True
2025-07-16,Z07,20.74973674542529,5.971979493544138,1.221713102254632,True,True
2025-07-17,Z07,20.749739783614263,5.687602672634121,-0.4693262532922909,True,True
2025-07-18,Z07,20.749736634373292,5.403219036991912,1.26246103853287,True,True
2025-07-19,Z07,12.218332721232397,-3.412564588690925,-0.36745641259669265,False,True
2025-07-20,Z07,12.218332804190002,-3.4125644159773625,1.7921842101499776,False,False
2025-07-21,Z07,12.218341741042556,-3.412555675321924,0.40675437668984965,False,False
2025-07-22,Z07,12.218337623759592,-3.412559996751618,-0.7545618072399647,False,False
2025-07-23,Z07,12.218340171340826,-3.4125577026475966,2.1589156366541307,False,False
2025-07-24,Z07,12.21834655337318,-3.412551492441178,0.5493721536636861,False,False
2025-07-25,Z07,12.21832977175649,-3.4125683614808686,-0.6730659346834864,False,False
2025-07-26,Z07,12.218334635995284,-3.412563155635775,-1.4880246602482678,False,False
2025-07-27,Z07,12.218331585117543,-3.412566114982674,0.6512419943592843,False,False
2025-07-28,Z07,12.218344918799858,-3.412552547928028,1.3439569110893483,False,False
2025-07-29,Z07,12.21832666069574,-3.41257085996485,0.3252585041333714,False,False
2025-07-30,Z07,12.218332972027676,-3.4125639347200245,0.2845105678551323,False,False
2025-07-31,Z07,12.21834837988177,-3.4125481697553646,1.527322624341424,False,False
2025-08-01,Z07,12.218338178403418,-3.4125587647774687,0.5493721536636861,False,False
2025-08-02,Z07,12.218336637506445,-3.412560582969009,-0.7341878391008446,False,False
2025-08-03,Z07,12.218332904118995,-3.412564204653643,-0.6934399028226056,False,False
2025-08-04,Z07,12.218333817681874,-3.412562936753295,0.5086242173854469,False,False
2025-08-05,Z07,12.218338290020615,-3.412558632062428,0.44750231296808873,False,False
2025-08-06,Z07,12.218338397561865,-3.4125582283900773,1.0383473890025545,False,False
2025-08-07,Z07,12.218339909347522,-3.1281768435089035,0.30488453599425136,False,False
2025-08-08,Z07,12.21833688805792,-2.843800120113846,0.6308680262201642,False,False
2025-08-09,Z07,12.21833713688133,-2.5594198055112187,0.2845105678551323,False,False
2025-08-10,Z07,12.218342791721748,-2.27503412523574,0.9161035801678381,False,False
2025-08-11,Z07,12.21832665884002,-1.990670770579996,0.6919899306375235,False,False
2025-08-12,Z07,12.218348264505615,-1.7062689969927405,-0.3267084763184535,False,False
2025-08-13,Z07,12.21833563421932,-1.4219020588553093,-0.2452126037619762,False,False
2025-08-14,Z07,12.218330746918609,-1.1375267546117627,0.2641365997160123,False,False
2025-08-15,Z07,12.218343392962527,-0.8531336056511734,0.060396918324817604,False,False
2025-08-16,Z07,12.218331707933908,-0.5687655122643669,1.2828350066719891,False,False
2025-08-17,Z07,12.21833036098111,-0.28438659002781996,0.16226675902041493,False,False
2025-08-18,Z07,12.218330294877488,-6.447018369826196e-06,-1.508398628387387,False,False
2025-08-19,Z07,12.218330499051234,-6.161966126683183e-06,-1.2639110107179532,False,False
2025-08-20,Z07,12.21832832176795,-8.262411451909202e-06,-0.30633450817933444,False,False
2025-08-21,Z07,12.21834510223103,8.965360780877063e-06,0.6716159624984034,False,False
2025-08-22,Z07,12.21833300176629,-3.384386340954393e-06,-0.7953097435182029,False,False
2025-08-23,Z07,12.218332097442671,-4.049724140031685e-06,0.6104940580810452,False,False
2025-08-24,Z07,12.218338412536703,2.747234242761465e-06,-0.836057679796442,False,False
2025-08-25,Z07,21.67110523857176,9.452769285243289,0.10114485460305672,True,True
2025-08-26,Z07,21.671096392734302,9.137668085986618,0.3660064404116105,True,True
2025-08-27,Z07,21.67109559626649,8.822575129264914,-1.223163074439714,True,True
2025-08-28,Z07,21.671109372420354,8.50749721616989,0.3456324722724905,False,True
2025-08-29,Z07,21.671102620298672,8.19239770699072,1.588444528758783,True,True
2025-08-30,Z07,21.671100131928757,7.8773028970117736,-0.2655865719010953,False,True
2025-08-31,Z07,21.67110179078392,7.5622128307987,0.01964898204657849,False,True
2025-09-01,Z07,21.671106219803857,7.247125139405954,0.20301469529865404,False,True
2025-09-02,Z07,21.67109397947623,6.932020579668414,0.0400229501856976,False,True
2025-09-03,Z07,21.671104882372326,6.61693944671927,-0.04147292237078063,False,True
2025-09-04,Z07,21.671094153324375,6.301836348848305,-0.12296879492725886,False,True
2025-09-05,Z07,21.671097505181898,5.986747838595701,-1.6510164053612242,True,True
2025-09-06,Z07,21.671103017401336,5.671661380561138,0.40675437668984965,False,True
2025-09-07,Z07,21.671096367741317,5.356562627299326,-1.162041170022355,True,True
2025-09-08,Z07,21.6710991875523,5.041473464454196,0.3252585041333714,False,True
2025-09-09,Z07,21.671102429569096,4.726384638115292,0.6512419943592843,True,True
2025-09-10,Z07,12.21834392311823,-5.0414658562638195,0.3456324722724905,False,True
2025-09-11,Z07,12.21832880467807,-5.041481550179917,-0.9583014886311594,False,False
2025-09-12,Z07,12.218338455925698,-5.041471250271373,0.2641365997160123,False,False
2025-09-13,Z07,12.21834099352078,-5.041468806733167,-0.28596054004021443,False,False
2025-09-14,Z07,12.218327688857208,-5.041482452950149,-0.6526919665443665,False,False
2025-09-15,Z07,12.218326290944418,-5.041483327392758,2.0366718278194123,False,False
2025-09-16,Z07,12.218343429414869,-5.041466008355993,-0.9786754567702793,False,False
2025-09-17,Z07,12.218325719010153,-5.041484154375169,0.44750231296808873,False,False
2025-09-18,Z07,12.218349292103694,-5.041460428752716,1.4865746880631856,False,False
2025-09-19,Z07,12.218341962821759,-5.0414683844697326,0.3252585041333714,False,False
2025-09-20,Z07,12.218348741971745,-5.041462060021541,-0.6934399028226056,False,False
2025-09-21,Z07,12.218339423351903,-5.041471499966072,-0.6323179984052474,False,False
2025-09-22,Z07,12.218341784801735,-5.041469352569097,-1.4880246602482678,False,False
2025-09-23,Z07,12.21833242576823,-5.041479034514568,0.0400229501856976,False,False
2025-09-24,Z07,12.218335547285665,-5.041475713438182,0.08077088646393671,False,False
2025-09-25,Z07,12.218333899212604,-4.726385038468374,-0.3267084763184535,False,False
2025-09-26,Z07,12.218335545256547,-4.4112913093070425,1.3847048473675865,False,False
2025-09-27,Z07,12.2183384174378,-4.096196435425458,-0.10259482678813885,False,False
2025-09-28,Z07,12.21833649075265,-3.7811059969445218,-1.6510164053612242,False,False
2025-09-29,Z07,12.218330850944522,-3.46601943243445,1.4865746880631856,False,False
2025-09-30,Z07,12.218322489973183,-3.1509354840396497,-1.223163074439714,False,False
2025-10-01,Z07,12.218336764591287,-2.835828566061185,0.48825024924632787,False,False
2025-10-02,Z07,12.218336547770031,-2.520736467708689,0.6308680262201642,False,False
2025-10-03,Z07,12.218341619394083,-2.2056394816944316,-0.10259482678813885,False,False
2025-10-04,Z07,12.218338043474647,-1.890550948847924,0.9364775483069572,False,False
2025-10-05,Z07,12.218334235377966,-1.5754628866162825,0.060396918324817604,False,False
2025-10-06,Z07,12.218335769537818,-1.260369243462966,-0.38783038073581266,False,False
2025-10-07,Z07,12.218337820340734,-0.945274951064599,-2.1399916407000927,False,False
2025-10-08,Z07,12.218340408485618,-0.6301804113396958,-1.7732602141959417,False,False
2025-10-09,Z07,12.21835106509807,-0.31507779542502234,2.7905086489668354,False,False
2025-10-10,Z07,12.218344366267704,7.217893646327411e-06,0.7327378669157626,False,False
2025-10-11,Z07,12.218350195605085,1.303245937833708e-05,1.26246103853287,False,False
2025-10-12,Z07,12.21834516320867,7.287032063985066e-06,2.5460210312974008,False,False
2025-10-13,Z07,12.218323075370801,-1.5024381905703876e-05,-0.38783038073581266,False,False
2025-10-14,Z07,12.218344205486282,6.703005242414406e-06,-0.16371673120549798,False,False
2025-10-15,Z07,12.218331864909533,-6.18812580910344e-06,-1.6917643416394634,False,False
2025-10-16,Z07,12.21832555975424,-1.2679079940625115e-05,-0.30633450817933444,False,False
2025-10-17,Z07,12.218325682249485,-1.196092934030446e-05,-0.3267084763184535,False,False
2025-10-18,Z07,12.218341684710982,4.0427575118684445e-06,-0.40820434887493173,False,False
2025-10-19,Z07,12.218323366446636,-1.4021927077223495e-05,1.0587213571416754,False,False
2025-10-20,Z07,12.21833451187591,-2.2566186324013415e-06,0.7123638987766425,False,False
2025-10-21,Z07,12.218334550076134,-1.7440818798064583e-06,0.9161035801678381,False,False
2025-10-22,Z07,12.218348429226294,1.2297510805225897e-05,-1.2639110107179532,False,False
2025-10-23,Z07,12.218348753221726,1.2400025417136362e-05,0.01964898204657849,False,False
2025-10-24,Z07,12.218355465428141,1.856798338195631e-05,0.3456324722724905,False,False
2025-10-25,Z07,12.218346701763288,9.140380447192342e-06,1.894054050845575,False,False
2025-10-26,Z07,12.21834610486628,8.116731750718031e-06,0.10114485460305672,False,False
2025-10-27,Z07,12.21834024576356,1.9056420388352535e-06,-0.18409069934461708,False,False
2025-10-28,Z07,12.218343848524258,5.447458544693973e-06,1.0994692934199137,False,False
2025-10-29,Z07,12.218331303288672,-7.343036093843125e-06,-0.2655865719010953,False,False
2025-10-30,Z07,12.218341509127246,2.847724342558422e-06,0.46787628110720786,False,False
2025-10-31,Z07,12.218336293979455,-3.0013952514451603e-06,0.4271283448289687,False,False
2025-11-01,Z07,12.218336493339105,-2.7863485403401e-06,-0.5508221258487691,False,False
2025-11-02,Z07,12.218325258048376,-1.4019824904565326e-05,-0.7138138709617255,False,False
2025-11-03,Z07,12.218341203105542,2.470610452220967e-06,-0.10259482678813885,False,False
2025-11-04,Z07,12.218344180628007,5.342811885356014e-06,-0.51007418957053,False,False
2025-11-05,Z07,12.218344275597522,5.10627306660183e-06,-1.5898945009438652,False,False
2025-11-06,Z07,12.218334571252766,-4.881607010176481e-06,0.6716159624984034,False,False
2025-11-07,Z07,12.218332660079597,-6.684477250828991e-06,0.528998185524567,False,False
2025-11-08,Z07,12.218341527574655,2.441298009969728e-06,-0.8156837116573229,False,False
2025-11-09,Z07,12.218335276089649,-3.492269549099092e-06,-0.9175535523529202,False,False
2025-11-10,Z07,12.218340123033794,1.6576805297319197e-06,0.4271283448289687,False,False
2025-11-11,Z07,12.218333630592602,-4.499008284142292e-06,1.7310623057326204,False,False
2025-11-12,Z07,12.218334488538067,-3.2566422838442577e-06,0.9772254845851972,False,False
2025-11-13,Z07,12.218332727893179,-5.39772608121325e-06,1.1605911978372727,False,False
2025-11-14,Z07,12.218331288533811,-6.45449901348627e-06,-0.36745641259669265,False,False
2025-11-15,Z07,12.218330658457505,-7.065362792602059e-06,0.3660064404116105,False,False
2025-11-16,Z07,12.218334745092914,-3.148684159626214e-06,-0.2044646674837371,False,False
2025-11-17,Z07,12.218336892464247,-1.3034076076223755e-06,-0.7953097435182029,False,False
2025-11-18,Z07,12.218323335894292,-1.4700236006248701e-05,0.14189279088129583,False,False
2025-11-19,Z07,12.218348771472273,1.0736360387397781e-05,-0.9379275204920402,False,False
2025-11-20,Z07,12.218320716054372,-1.77943773937983e-05,-0.8156837116573229,False,False
2025-11-21,Z07,12.218333809288923,-4.24000878318509e-06,-0.51007418957053,False,False
2025-11-22,Z07,12.218319981835624,-1.758013083552612e-05,-0.40820434887493173,False,False
2025-11-23,Z07,12.218345927089729,9.324169472080257e-06,-0.08222085864901975,False,False
2025-11-24,Z07,12.218337804993187,1.520017544720531e-06,-2.160365608839213,False,False
2025-11-25,Z07,12.218328271866412,-7.716550229019958e-06,-1.0194233930485184,False,False
2025-11-26,Z07,12.21833192223371,-3.4717496006919646e-06,1.547696592480543,False,False
2025-11-27,Z07,12.218329625548371,-5.490983946643269e-06,-0.061846890509899735,False,False
2025-11-28,Z07,12.218333674272372,-9.681607462397324e-07,0.5086242173854469,False,False
2025-11-29,Z07,12.218335195650724,4.7418481408101343e-07,0.3660064404116105,False,False
2025-11-30,Z07,12.218343104724402,8.59370771166823e-06,-0.16371673120549798,False,False
2025-12-01,Z07,12.218319480664185,-1.525737734020538e-05,-0.9583014886311594,False,False
2025-12-02,Z07,12.218325558027127,-8.612925231687996e-06,-0.6119440302661273,False,False
2025-12-03,Z07,12.218340728160827,6.547209176588353e-06,1.9348019871238151,False,False
2025-12-04,Z07,12.218336930708293,2.7655881318366937e-06,-0.6119440302661273,False,False
2025-12-05,Z07,12.218327546734027,-6.3767221423205456e-06,1.6903143694543803,False,False
2025-12-06,Z07,12.218345049808535,1.168398114614888e-05,-0.48970022143141,False,False
2025-12-07,Z07,12.21832167743597,-1.2037676610177073e-05,-0.38783038073581266,False,False
2025-12-08,Z07,12.218332053802936,-1.2952215229233843e-06,0.01964898204657849,False,False
2025-12-09,Z07,12.218360580147932,2.7546915864817834e-05,-0.2452126037619762,False,False
2025-12-10,Z07,12.218337592574754,3.715874075993497e-06,-1.0194233930485184,False,False
2025-12-11,Z07,12.218320063570214,-1.3728781828703518e-05,-0.08222085864901975,False,False
2025-12-12,Z07,12.218335503975203,2.16385723916801e-06,-1.5695205328047461,False,False
2025-12-13,Z07,12.218353631233393,2.025726752563628e-05,0.30488453599425136,False,False
2025-12-14,Z07,12.218348462406297,1.4391662421786577e-05,0.16226675902041493,False,False
2025-12-15,Z07,12.218321876918381,-1.2766287913024144e-05,0.6716159624984034,False,False
2025-12-16,Z07,12.218331674242794,-2.6762455274109698e-06,-0.5711960939878882,False,False
2025-12-17,Z07,12.218313229183263,-2.101894338757404e-05,0.6919899306375235,False,False
2025-12-18,Z07,12.218350318066328,1.685871571055486e-05,0.38638040855072964,False,False
2025-12-19,Z07,12.21831642423549,-1.7934520862183945e-05,0.060396918324817604,False,False
2025-12-20,Z07,12.218352241472274,1.896095714748469e-05,1.9551759552629342,False,False
2025-12-21,Z07,12.21834691713771,1.2585775321483084e-05,0.4271283448289687,False,False
2025-12-22,Z07,12.218348282172457,1.3513881775395475e-05,-0.5304481577096491,False,False
2025-12-23,Z07,12.218315364978487,-2.0346656755876324e-05,1.506948656202305,False,False
2025-12-24,Z07,12.218335272012695,5.791144932487668e-07,0.46787628110720786,False,False
2025-12-25,Z07,12.218346999510278,1.2391044759141323e-05,1.7514362738717395,False,False
2025-12-26,Z07,12.218344517527816,9.284807502396575e-06,-1.956625927448017,False,False
2025-12-27,Z07,12.218354836514667,1.918395121691674e-05,-0.36745641259669265,False,False
2025-12-28,Z07,12.218327193375531,-9.299553463293364e-06,-0.36745641259669265,False,False
2025-12-29,Z07,12.218336205366063,-7.153303727136517e-08,-1.9769998955871364,False,False
2025-12-30,Z07,12.218349190944462,1.2880388183589275e-05,0.10114485460305672,False,False
2025-12-31,Z07,12.218326568940546,-9.944489733015871e-06,-0.44895228515317087,False,False
2023-01-11,Z08,11.632629655531018,-1.2512127048225352e-05,0.2684415303620425,False,False
2023-01-12,Z08,11.632636359218873,-4.670973098086506e-06,1.154740651894774,False,False
2023-01-13,Z08,11.63266305002057,2.2409076358087532e-05,-1.996545113554937,False,False
2023-01-14,Z08,11.63263544591008,-6.9188092375327415e-06,0.032095097953313965,False,False
2023-01-15,Z08,11.632629305830932,-1.2564687725813428e-05,0.504787962770771,False,False
2023-01-16,Z08,11.632635488532786,-5.544340023533323e-06,-2.7055844107811216,False,False
2023-01-17,Z08,11.632668778270007,2.8091918450101616e-05,0.504787962770771,False,False
2023-01-18,Z08,11.632644047502955,1.708685607226812e-06,2.750079070653689,False,False
2023-01-19,Z08,11.632655184677901,1.2750933573002499e-05,0.8199165393157424,False,False
2023-01-20,Z08,11.632629051900219,-1.4052945875420164e-05,0.34722367449828534,False,False
2023-01-21,Z08,11.632660462016982,1.80598181813707e-05,-0.22394687048947481,False,False
2023-01-22,Z08,11.632632565999709,-1.069619043470027e-05,0.28813706639610365,False,False
2023-01-23,Z08,11.632650976633489,8.200633820010239e-06,1.5683469086100483,False,False
2023-01-24,Z08,11.63266147493496,1.834238599407456e-05,-0.2830334785916565,False,False
2023-01-25,Z08,11.632610784591884,-3.3112223162490295e-05,1.2335227960310169,False,False
2023-01-26,Z08,11.632645143742195,2.571416073848809e-06,0.504787962770771,False,False
2023-01-27,Z08,11.632657141192169,1.446996542853185e-05,1.6471290527462912,False,False
2023-01-28,Z08,11.632634247359663,-8.959791722773502e-06,1.1153495798266517,False,False
2023-01-29,Z08,11.632661677710454,1.8790551630232244e-05,0.22905045829392107,False,False
2023-01-30,Z08,11.632635441029638,-8.094079241516283e-06,0.16996385019173937,False,False
2023-01-31,Z08,11.63264069431668,-2.570989558137171e-06,-0.26333794255759624,False,False
2023-02-01,Z08,11.632636766871682,-6.46145531746356e-06,1.0168718996563486,False,False
2023-02-02,Z08,11.632665263926041,2.1471881716195185e-05,-0.5390754470344462,False,False
2023-02-03,Z08,11.632637511673826,-6.946429962795264e-06,0.16996385019173937,False,False
2023-02-04,Z08,11.63263626474293,-7.241135538293975e-06,-0.145164726353232,False,False
2023-02-05,Z08,11.632638324892936,-5.199065325811603e-06,-1.2678102802946911,False,False
2023-02-06,Z08,11.63262015183864,-2.2594362876660057e-05,0.2684415303620425,False,False
2023-02-07,Z08,11.632615321962337,-2.6780844263996073e-05,-1.445070104601238,False,False
2023-02-08,Z08,11.632639314661345,-2.1219779053893717e-06,-0.3815111587619605,False,False
2023-02-09,Z08,11.632620320629254,-2.1888230264721642e-05,0.7017433231113781,False,False
2023-02-10,Z08,11.63265522333981,1.4349402404079115e-05,0.2093549222598608,False,False
2023-02-11,Z08,11.632652162973255,1.0436775555788813e-05,0.2093549222598608,False,False
2023-02-12,Z08,11.63265447775525,1.2224765738366727e-05,-0.7951174154772349,False,False
2023-02-13,Z08,11.63263272733971,-9.239907623026511e-06,1.0759585077585312,False,False
2023-02-14,Z08,11.632654916777357,1.3040149035248305e-05,-0.8148129515112952,False,False
2023-02-15,Z08,11.63263831704861,-4.413277926218484e-06,0.7411343951794995,False,False
2023-02-16,Z08,11.63265378904685,1.0964436453875237e-05,1.33200047620132,False,False
2023-02-17,Z08,11.632642816790204,4.918205789294916e-07,-1.4647656406352982,False,False
2023-02-18,Z08,11.632650228146666,7.944200799414602e-06,-0.3421200866938391,False,False
2023-02-19,Z08,11.632636670713554,-5.4480146047808375e-06,-0.4405977668641422,False,False
2023-02-20,Z08,11.632657637913423,1.5265224821092716e-05,0.32752813846422507,False,False
2023-02-21,Z08,11.63265141849823,9.13994641393856e-06,-0.8738995596134778,False,False
2023-02-22,Z08,11.632639506927195,-3.4000412405532643e-06,-1.0905504559881452,False,False
2023-02-23,Z08,11.632658650596936,1.6125952043921643e-05,-0.007295974114807452,False,False
2023-02-24,Z08,11.632651343167986,8.912667695426535e-06,-0.49968437496632473,False,False
2023-02-25,Z08,11.632620392041883,-2.3390410943235906e-05,-0.08607811825105029,False,False
2023-02-26,Z08,11.632648326547944,5.369151795164839e-06,0.9380897555201058,False,False
2023-02-27,Z08,11.632618198400005,-2.4465174670140755e-05,-1.543547784771541,False,False
2023-02-28,Z08,11.63262058065293,-2.154795642361762e-05,-0.06638258221698914,False,False
2023-03-01,Z08,11.632667212352066,2.6453644631274642e-05,-0.5390754470344462,False,False
2023-03-02,Z08,11.632626081561588,-1.573618992978254e-05,0.07148617002143538,False,False
2023-03-03,Z08,11.632632770435634,-8.56022404605028e-06,-0.519379911000385,False,False
2023-03-04,Z08,11.632638411108141,-2.786337004678785e-06,-1.1102459920222063,False,False
2023-03-05,Z08,11.632632119035403,-8.18331581164955e-06,0.44570135466858846,False,False
2023-03-06,Z08,11.632656200580271,1.6077983669759988e-05,2.7894701427218114,False,False
2023-03-07,Z08,11.632650404716742,9.617592228394756e-06,-0.04668704618292887,False,False
2023-03-08,Z08,11.632649259659814,8.06987450552299e-06,-0.6572486632388096,False,False
2023-03-09,Z08,11.63267087860959,2.8718563577001532e-05,-0.6572486632388096,False,False
2023-03-10,Z08,11.632669817000856,2.580506660265769e-05,0.9774808275882281,False,False
2023-03-11,Z08,11.632635099168478,-9.929510426331944e-06,-0.8148129515112952,False,False
2023-03-12,Z08,11.632643881404963,-1.6398919147064817e-06,1.33200047620132,False,False
2023-03-13,Z08,11.632612606547506,-3.2536684878792244e-05,-1.5632433208056022,False,False
2023-03-14,Z08,11.632641552905012,-2.2717798486837637e-06,0.2487459943279822,False,False
2023-03-15,Z08,11.63263283108644,-1.0562770079047823e-05,0.7017433231113781,False,False
2023-03-16,Z08,11.6326414280014,-1.969313343508361e-06,0.8002210032816812,False,False
2023-03-17,Z08,11.63264069509274,-2.2525961380637227e-06,0.7411343951794995,False,False
2023-03-18,Z08,11.632633489121535,-9.537835481410184e-06,0.3078326024301639,False,False
2023-03-19,Z08,11.632640441310302,-1.9089825347151645e-06,1.1941317239628946,False,False
2023-03-20,Z08,11.63261930501878,-2.296609139307293e-05,-0.9329861677156595,False,False
2023-03-21,Z08,11.632631883464137,-9.356875107613405e-06,-0.5784665191025676,False,False
2023-03-22,Z08,11.632654370879202,1.3290114937447584e-05,-0.3421200866938391,False,False
2023-03-23,Z08,11.632653892970483,1.2921107360952533e-05,1.509260300507866,False,False
2023-03-24,Z08,11.632631270033249,-9.784312283045438e-06,0.504787962770771,False,False
2023-03-25,Z08,11.63263262232647,-8.157455930302149e-06,0.7214388591454384,False,False
2023-03-26,Z08,11.63264266716729,2.754993904119374e-06,-0.1254691903191717,False,False
2023-03-27,Z08,11.632646874557912,7.25158455061603e-06,0.8593076113838629,False,False
2023-03-28,Z08,11.63264304562516,2.539901263531874e-06,-1.4844611766693594,False,False
2023-03-29,Z08,11.632636854994704,-3.4746984329814268e-06,-0.3421200866938391,False,False
2023-03-30,Z08,11.632638945951522,-2.005628104484458e-06,-0.16486026238729226,False,False
2023-03-31,Z08,11.632649460186382,7.896430135545529e-06,-0.42090223083008194,False,False
2023-04-01,Z08,11.632639127109503,-1.8449078869053892e-06,-0.26333794255759624,False,False
2023-04-02,Z08,11.632646677434765,5.270565777593106e-06,0.5835701069070138,False,False
2023-04-03,Z08,11.632649003419028,7.132983402158288e-06,0.28813706639610365,False,False
2023-04-04,Z08,11.632653382267577,1.1158754922746539e-05,1.2335227960310169,False,False
2023-04-05,Z08,11.632643830659752,8.9837269179327e-07,-1.996545113554937,False,False
2023-04-06,Z08,11.632648904349887,6.384393511638109e-06,1.509260300507866,False,False
2023-04-07,Z08,11.632630495280385,-1.1974663763680837e-05,-0.5784665191025676,False,False
2023-04-08,Z08,11.632644972055967,3.1275911318573435e-06,1.3516960122353803,False,False
2023-04-09,Z08,11.63262733437986,-1.3646533185251997e-05,-0.36181562272789936,False,False
2023-04-10,Z08,11.63265318414139,1.3619315710755586e-05,0.40631028260046703,False,False
2023-04-11,Z08,11.632649870441316,9.70278320622242e-06,-1.0117683118519023,False,False
2023-04-12,Z08,11.63265406332979,1.3696037134636185e-05,-1.1496370640903268,False,False
2023-04-13,Z08,11.632629771373065,-1.1977812333086035e-05,0.6229611789751353,False,False
2023-04-14,Z08,11.632622996079172,-1.8360388493121604e-05,-2.567715658542697,False,False
2023-04-15,Z08,11.632640666716702,-3.619173885027749e-07,-1.1496370640903268,False,False
2023-04-16,Z08,11.632654757260978,1.3754003044041951e-05,0.8002210032816812,False,False
2023-04-17,Z08,11.632652830778838,1.135878196301121e-05,-0.36181562272789936,False,False
2023-04-18,Z08,11.63263883442693,-3.2822918552000147e-06,-0.8148129515112952,False,False
2023-04-19,Z08,11.632640226855637,-1.8363003704280345e-06,1.548651372575988,False,False
2023-04-20,Z08,11.63265425491469,1.1494364123620926e-05,1.90317102118908,False,False
2023-04-21,Z08,11.632646343761136,2.8374955487464604e-06,0.051790633987375115,False,False
2023-04-22,Z08,11.632639970142813,-3.268552172031036e-06,1.3123049401672597,False,False
2023-04-23,Z08,11.63264012803166,-2.64656906878713e-06,1.548651372575988,False,False
2023-04-24,Z08,11.632651773933379,8.704066035036817e-06,0.032095097953313965,False,False
2023-04-25,Z08,11.632653398900015,9.690645773829942e-06,-0.46029330289820336,False,False
2023-04-26,Z08,11.632646472473104,2.4064944383894726e-06,0.13057277812361795,False,False
2023-04-27,Z08,11.63264261026773,-1.442308105836787e-06,-1.3859834964990554,False,False
2023-04-28,Z08,11.632629336082703,-1.4701981219999993e-05,0.6032656429410741,False,False
2023-04-29,Z08,11.63264504909369,1.2616601665627059e-06,-0.26333794255759624,False,False
2023-04-30,Z08,11.632637687267994,-6.303603599988605e-06,0.11087724208955681,False,False
2023-05-01,Z08,11.632627038926898,-1.6559514083525073e-05,0.09118170605549654,False,False
2023-05-02,Z08,11.632652213581506,9.018079943245993e-06,-0.7754218794431738,False,False
2023-05-03,Z08,11.63263845823594,-4.921803846258399e-06,0.012399561919253696,False,False
2023-05-04,Z08,11.632635928624063,-7.099909620222888e-06,-1.2875058163287523,False,False
2023-05-05,Z08,11.632631834222588,-1.0612522979513983e-05,-0.42090223083008194,False,False
2023-05-06,Z08,11.632634940028627,-7.106835701264913e-06,-1.0511593839200237,False,False
2023-05-07,Z08,11.63265036758721,8.786200258015242e-06,-0.8148129515112952,False,False
2023-05-08,Z08,11.632622843020043,-1.9400777137690284e-05,-2.1738049378614828,False,False
2023-05-09,Z08,11.632644494985032,2.9888223824769966e-06,-0.36181562272789936,False,False
2023-05-10,Z08,11.632652438046875,1.035986405462097e-05,0.5244834988048312,False,False
2023-05-11,Z08,11.63264441273974,2.359426735765169e-06,0.22905045829392107,False,False
2023-05-12,Z08,11.632650540760386,8.66937076793306e-06,1.1153495798266517,False,False
2023-05-13,Z08,11.632641308416597,-4.4555404166146673e-07,-0.893595095647538,False,False
2023-05-14,Z08,11.632648810811194,6.672272439445237e-06,-0.42090223083008194,False,False
2023-05-15,Z08,11.632647458155674,4.4591258507864495e-06,0.957785291554166,False,False
2023-05-16,Z08,11.632638555291647,-4.670119475136403e-06,-0.026991510148867724,False,False
2023-05-17,Z08,11.63264751892697,4.833581492391659e-06,0.22905045829392107,False,False
2023-05-18,Z08,11.63263833673423,-4.171549520037843e-06,2.1395174535978088,False,False
2023-05-19,Z08,11.632651870181562,9.378487570543825e-06,-0.20425133445541369,False,False
2023-05-20,Z08,11.632627246781816,-1.5633023041417005e-05,-0.42090223083008194,False,False
2023-05-21,Z08,11.632647994328229,6.0147944687116706e-06,-0.9329861677156595,False,False
2023-05-22,Z08,11.63265310996614,1.1075413477001916e-05,-0.22394687048947481,False,False
2023-05-23,Z08,11.632640225477937,-2.247068836780386e-06,1.056262971724471,False,False
2023-05-24,Z08,11.632636988824444,-5.48697054014724e-06,0.6229611789751353,False,False
2023-05-25,Z08,11.632648604240686,6.621282667040873e-06,1.4698692284397452,False,False
2023-05-26,Z08,11.632637465174357,-4.357961685741429e-06,0.40631028260046703,False,False
2023-05-27,Z08,11.63265045956937,8.936676618276351e-06,-2.1541094018274225,False,False
2023-05-28,Z08,11.63262725444153,-1.4530094608389277e-05,0.6623522510432567,False,False
2023-05-29,Z08,11.632631888567998,-9.826580102512139e-06,0.15026831415767822,False,False
2023-05-30,Z08,11.632625106227252,-1.6170236659007742e-05,0.051790633987375115,False,False
2023-05-31,Z08,11.632636742024387,-4.115071497778899e-06,1.2532183320650772,False,False
2023-06-01,Z08,11.6326318257374,-9.354795066585098e-06,-0.22394687048947481,False,False
2023-06-02,Z08,11.632642152277787,1.6513401224216295e-06,0.6229611789751353,False,False
2023-06-03,Z08,11.632640191033037,-4.3303935548522077e-07,-1.0117683118519023,False,False
2023-06-04,Z08,11.63264528329509,4.517142398796636e-06,-1.445070104601238,False,False
2023-06-05,Z08,11.632651300907943,1.0086452835622595e-05,-0.5390754470344462,False,False
2023-06-06,Z08,11.63263362175994,-8.138057811635235e-06,-0.26333794255759624,False,False
2023-06-07,Z08,11.632639937285068,-1.2643384401656022e-06,0.5835701069070138,False,False
2023-06-08,Z08,11.632649867435118,8.096002774848898e-06,-1.0314638478859635,False,False
2023-06-09,Z08,11.632634877230453,-7.0732835588671605e-06,1.5289558365419262,False,False
2023-06-10,Z08,11.632641655399079,2.9024561243318203e-07,-0.893595095647538,False,False
2023-06-11,Z08,11.63262756429923,-1.3708942880441555e-05,-0.026991510148867724,False,False
2023-06-12,Z08,11.632639656628593,-8.50731478152511e-07,0.07148617002143538,False,False
2023-06-13,Z08,11.632637398923487,-3.0533769859175663e-06,0.34722367449828534,False,False
2023-06-14,Z08,11.632648486960209,8.415055994248632e-06,0.504787962770771,False,False
2023-06-15,Z08,11.632643089401661,2.983203961193226e-06,2.277386205836234,False,False
2023-06-16,Z08,11.632647609726284,7.352391582671203e-06,-0.5390754470344462,False,False
2023-06-17,Z08,11.632650258499178,9.998137834088539e-06,0.3669192105323456,False,False
2023-06-18,Z08,11.632646152512613,5.494759104607283e-06,-0.026991510148867724,False,False
2023-06-19,Z08,11.632632684687309,-7.782477235096508e-06,1.0168718996563486,False,False
2023-06-20,Z08,11.632646001087197,5.352659137258797e-06,0.4850924267367098,False,False
2023-06-21,Z08,11.632627594526019,-1.2987460673130613e-05,0.2684415303620425,False,False
2023-06-22,Z08,11.632643163508954,3.4320369337592638e-06,-1.4253745685671768,False,False
2023-06-23,Z08,11.63264970021138,9.87080498937587e-06,-0.4012066947960208,False,False
2023-06-24,Z08,11.632632010453424,-8.24266586185729e-06,-0.9132906316815992,False,False
2023-06-25,Z08,11.632644700800185,5.000807140831398e-06,-0.3815111587619605,False,False
2023-06-26,Z08,11.63263433395573,-5.607224842663072e-06,-0.7557263434091135,False,False
2023-06-27,Z08,11.63263335939118,-6.044268936022945e-06,-0.46029330289820336,False,False
2023-06-28,Z08,11.632655303347219,1.5696188778946407e-05,-0.36181562272789936,False,False
2023-06-29,Z08,11.632639017085006,-1.370566074854196e-06,-0.3421200866938391,False,False
2023-06-30,Z08,11.63262831723331,-1.253411302748475e-05,-0.24364240652353508,False,False
2023-07-01,Z08,11.632652489299716,1.1918779746267205e-05,-0.8542040235794166,False,False
2023-07-02,Z08,11.63264102236942,-2.3693596062912547e-07,0.09118170605549654,False,False
2023-07-03,Z08,11.632637766870916,-3.454770851618605e-06,-0.8345084875453563,False,False
2023-07-04,Z08,11.632634896002026,-6.244834336754934e-06,-0.5390754470344462,False,False
2023-07-05,Z08,11.63265130489038,1.0510297117960476e-05,-0.007295974114807452,False,False
2023-07-06,Z08,11.632647800087494,7.005361483791717e-06,-2.488933514406454,False,False
2023-07-07,Z08,11.632634686456306,-6.580880622664154e-06,2.513732638244961,False,False
2023-07-08,Z08,11.632634009774625,-7.082534677849139e-06,0.5638745708729527,False,False
2023-07-09,Z08,11.632640635320431,7.159981052495823e-08,0.3669192105323456,False,False
2023-07-10,Z08,11.632631056264394,-9.699392556683506e-06,-0.46029330289820336,False,False
2023-07-11,Z08,11.63264091795927,5.156068088041366e-07,0.15026831415767822,False,False
2023-07-12,Z08,11.6326375930039,-3.254470566815826e-06,-1.1299415280562666,False,False
2023-07-13,Z08,11.632636570445722,-4.20824125235697e-06,0.5441790348388924,False,False
2023-07-14,Z08,11.632651455925018,1.0704853968590555e-05,-1.6026343928737237,False,False
2023-07-15,Z08,11.632648791248776,7.941212233575357e-06,-1.1890281361584483,False,False
2023-07-16,Z08,11.632636976254386,-4.063843727308836e-06,-0.6375531272047493,False,False
2023-07-17,Z08,11.632642309355415,1.623706365805333e-06,1.5289558365419262,False,False
2023-07-18,Z08,11.63264490375648,4.483078889450098e-06,-1.0314638478859635,False,False
2023-07-19,Z08,11.63262309665495,-1.7282397436702013e-05,0.38661474656640676,False,False
2023-07-20,Z08,11.632650092130346,1.0032679035987258e-05,-1.9768495775208768,False,False
2023-07-21,Z08,11.632630087802385,-1.0108017029608618e-05,0.07148617002143538,False,False
2023-07-22,Z08,11.63262884080012,-1.1438128504792644e-05,1.7653022689506546,False,False
2023-07-23,Z08,11.632652843933675,1.3042428678389228e-05,0.5441790348388924,False,False
2023-07-24,Z08,11.632645910043129,6.003747389016212e-06,-1.996545113554937,False,False
2023-07-25,Z08,11.632626534112113,-1.3835503283488038e-05,0.09118170605549654,False,False
2023-07-26,Z08,11.63264838904971,8.624990583072645e-06,-0.4012066947960208,False,False
2023-07-27,Z08,11.632651448099997,1.12155377358647e-05,1.2532183320650772,False,False
2023-07-28,Z08,11.632638389240773,-2.4462784473655574e-06,-0.04668704618292887,False,False
2023-07-29,Z08,11.632641495189054,1.2234733794969088e-06,-1.3662879604649951,False,False
2023-07-30,Z08,11.632639527847545,-8.264715969374947e-07,-0.08607811825105029,False,False
2023-07-31,Z08,11.632649999861835,9.271855551773456e-06,-0.6375531272047493,False,False
2023-08-01,Z08,11.632640005964957,-6.390600635342025e-07,-2.0753272576911796,False,False
2023-08-02,Z08,11.632654809636406,1.419849153450059e-05,-0.1254691903191717,False,False
2023-08-03,Z08,11.632635886282916,-5.2929541389801216e-06,0.051790633987375115,False,False
2023-08-04,Z08,11.632653320655132,1.2108408714794905e-05,0.42600581863452813,False,False
2023-08-05,Z08,11.63264801301506,6.733576483952675e-06,1.056262971724471,False,False
2023-08-06,Z08,11.63264680918545,5.522649288991488e-06,-0.22394687048947481,False,False
2023-08-07,Z08,11.632641848663184,1.5803605180053637e-07,-1.4253745685671768,False,False
2023-08-08,Z08,11.632644649233795,2.6973103786076535e-06,-0.7754218794431738,False,False
2023-08-09,Z08,11.63264534182233,3.2561018006305176e-06,0.032095097953313965,False,False
2023-08-10,Z08,11.632636047844315,-6.514061478668509e-06,1.2532183320650772,False,False
2023-08-11,Z08,11.632628461290679,-1.393827794871072e-05,0.051790633987375115,False,False
2023-08-12,Z08,11.63264740667192,5.311493731952055e-06,-0.08607811825105029,False,False
2023-08-13,Z08,11.632643637469071,1.181083343126943e-06,-0.1845557984213534,False,False
2023-08-14,Z08,11.63265528836044,1.3092589910002062e-05,0.051790633987375115,False,False
2023-08-15,Z08,11.632646262567487,3.850226567791992e-06,1.9425620932572005,False,False
2023-08-16,Z08,11.6326491067161,6.3848314120207306e-06,-0.026991510148867724,False,False
2023-08-17,Z08,11.632649125058943,6.176595563900378e-06,-0.20425133445541369,False,False
2023-08-18,Z08,11.63265518065032,1.2091476857989392e-05,0.09118170605549654,False,False
2023-08-19,Z08,11.632651130376528,6.97173655517247e-06,-0.6178575911706891,False,False
2023-08-20,Z08,11.63264297022048,-1.2230276968949738e-06,-1.4844611766693594,False,False
2023-08-21,Z08,11.632631777007232,-1.2845654884685587e-05,-1.6617210009759054,False,False
2023-08-22,Z08,11.63265265417446,7.933638773494067e-06,-0.6572486632388096,False,False
2023-08-23,Z08,11.632641683267526,-3.0309428549202266e-06,1.2138272599969566,False,False
2023-08-24,Z08,11.632634936155881,-9.637161976883135e-06,1.1941317239628946,False,False
2023-08-25,Z08,11.632641499434387,-3.3539515982283774e-06,-1.0511593839200237,False,False
2023-08-26,Z08,11.632647814746175,3.191014034342743e-06,-0.10577365428511057,False,False
2023-08-27,Z08,11.632647712347875,3.20972752909654e-06,0.18965938622579964,False,False
2023-08-28,Z08,11.632632007350487,-1.2806040095014737e-05,-0.6572486632388096,False,False
2023-08-29,Z08,11.632655824390076,1.1327260779125936e-05,1.33200047620132,False,False
2023-08-30,Z08,11.632655450301325,1.0409953942414063e-05,0.8002210032816812,False,False
2023-08-31,Z08,11.63263296607524,-1.2255953455664326e-05,0.40631028260046703,False,False
2023-09-01,Z08,11.632639215405385,-5.77196032125471e-06,0.11087724208955681,False,False
2023-09-02,Z08,11.632646759713221,2.2921552158550185e-06,-1.4844611766693594,False,False
2023-09-03,Z08,11.632645655531348,8.25525665604232e-07,1.3910870843035026,False,False
2023-09-04,Z08,11.632641740574408,-2.833927148060411e-06,0.6229611789751353,False,False
2023-09-05,Z08,11.63263215171331,-1.2213706892083565e-05,0.44570135466858846,False,False
2023-09-06,Z08,11.632631491846618,-1.2384991178393534e-05,-0.6769441992728708,False,False
2023-09-07,Z08,11.632657430900485,1.3899289907470802e-05,-0.5981620551366279,False,False
2023-09-08,Z08,11.632641814794036,-2.1428721002081375e-06,0.5441790348388924,False,False
2023-09-09,Z08,11.632632426881655,-1.1413216871147824e-05,1.1350451158607138,False,False
2023-09-10,Z08,11.632636650488468,-7.068911301644221e-06,1.7456067329165943,False,False
2023-09-11,Z08,11.63264698776632,2.9953932880744105e-06,-0.6769441992728708,False,False
2023-09-12,Z08,11.632641835119697,-2.1432898122952793e-06,-0.10577365428511057,False,False
2023-09-13,Z08,11.632641083079813,-2.8352513830043335e-06,-2.016240649588998,False,False
2023-09-14,Z08,11.632637987192645,-5.457629196570224e-06,-2.37076029820209,False,False
2023-09-15,Z08,11.63263106014822,-1.2108827794676813e-05,0.5638745708729527,False,False
2023-09-16,Z08,11.632628626767657,-1.3940656094391102e-05,-0.7951174154772349,False,False
2023-09-17,Z08,11.632650711923262,8.827775884512334e-06,-1.898067433384634,False,False
2023-09-18,Z08,11.632634721909021,-7.013280784562426e-06,-1.0905504559881452,False,False
2023-09-19,Z08,11.632643827993645,2.6397527541632826e-06,0.38661474656640676,False,False
2023-09-20,Z08,11.632646745870597,5.529037267137937e-06,0.42600581863452813,False,False
2023-09-21,Z08,11.632643545795592,1.830000149638522e-06,-1.5632433208056022,False,False
2023-09-22,Z08,11.632636496455692,-4.915727119580993e-06,1.2729138680991374,False,False
2023-09-23,Z08,11.63263368979029,-7.549498795000886e-06,-0.6375531272047493,False,False
2023-09-24,Z08,11.632638434731193,-2.763012371786999e-06,0.32752813846422507,False,False
2023-09-25,Z08,11.632629605545022,-1.1490041769590675e-05,0.09118170605549654,False,False
2023-09-26,Z08,11.63264001470343,-4.7390999036167614e-07,0.032095097953313965,False,False
2023-09-27,Z08,11.632637126972051,-3.1050532207643755e-06,-0.8738995596134778,False,False
2023-09-28,Z08,11.632628790331516,-1.1612347808664936e-05,0.032095097953313965,False,False
2023-09-29,Z08,11.632636516660844,-2.984883195722432e-06,0.3078326024301639,False,False
2023-09-30,Z08,11.632634674980883,-4.195441805521227e-06,-0.145164726353232,False,False
2023-10-01,Z08,11.632648568928609,9.641542398242109e-06,0.15026831415767822,False,False
2023-10-02,Z08,11.632637708660534,-1.5305097846862736e-06,1.1350451158607138,False,False
2023-10-03,Z08,11.632644370545583,5.433077019389998e-06,-0.42090223083008194,False,False
2023-10-04,Z08,11.632622509312057,-1.638532364722778e-05,0.7017433231113781,False,False
2023-10-05,Z08,11.632647413425126,9.15983150129307e-06,-0.16486026238729226,False,False
2023-10-06,Z08,11.632620807145672,-1.79551716801285e-05,1.4501736924056834,False,False
2023-10-07,Z08,11.632639891626686,1.4854660310703593e-06,-1.3268968883968737,False,False
2023-10-08,Z08,11.63264346480464,5.643286447920559e-06,1.33200047620132,False,False
2023-10-09,Z08,11.632638149004213,2.7248566603077506e-07,-0.47998883893226363,False,False
2023-10-10,Z08,11.63264153538557,3.468129603945158e-06,2.1395174535978088,False,False
2023-10-11,Z08,11.632652117518399,1.3887432530168553e-05,0.4850924267367098,False,False
2023-10-12,Z08,11.632640316900144,1.9158225388338224e-06,0.8986986834519852,False,False
2023-10-13,Z08,11.632632764247377,-5.586222911801997e-06,-0.10577365428511057,False,False
2023-10-14,Z08,11.632638005718931,-6.74569431424743e-08,0.7214388591454384,False,False
2023-10-15,Z08,11.632643557975102,5.484181688331091e-06,0.7214388591454384,False,False
2023-10-16,Z08,11.6326395698593,1.0794716551743022e-06,-0.08607811825105029,False,False
2023-10-17,Z08,11.632649156000564,1.0300843198862708e-05,0.8002210032816812,False,False
2023-10-18,Z08,11.632652268153011,1.3464859735634604e-05,-3.2570594197348215,False,False
2023-10-19,Z08,11.632646547273332,7.1591052552832934e-06,-0.5784665191025676,False,False
2023-10-20,Z08,11.63263959710108,1.1829034818333639e-07,0.07148617002143538,False,False
2023-10-21,Z08,11.632624741464188,-1.4499054227457009e-05,0.5441790348388924,False,False
2023-10-22,Z08,11.632628036568251,-1.0577139116563217e-05,1.0168718996563486,False,False
2023-10-23,Z08,11.632627055154673,-1.1276556445949382e-05,-0.20425133445541369,False,False
2023-10-24,Z08,11.632631684743714,-6.425812884458537e-06,-0.3421200866938391,False,False
2023-10-25,Z08,11.632657275831836,1.9390274818675834e-05,0.9183942194860455,False,False
2023-10-26,Z08,11.632632811292812,-5.996607098879281e-06,1.1941317239628946,False,False
2023-10-27,Z08,11.632625869937243,-1.2697848978504567e-05,0.780525467247621,False,False
2023-10-28,Z08,11.632647250448446,9.057896717123981e-06,-0.10577365428511057,False,False
2023-10-29,Z08,11.632636419643278,-2.388245681217427e-06,2.553123710313083,False,False
2023-10-30,Z08,11.632642498727527,3.694072484350386e-06,0.13057277812361795,False,False
2023-10-31,Z08,11.632651850797435,1.2785350838484533e-05,0.2684415303620425,False,False
2023-11-01,Z08,11.632643257119694,4.082277470729423e-06,1.6668245887803514,False,False
2023-11-02,Z08,11.632629267337974,-1.0092452887633385e-05,1.548651372575988,False,False
2023-11-03,Z08,11.632624338458857,-1.4517891750998047e-05,0.7411343951794995,False,False
2023-11-04,Z08,11.632630261224278,-8.656097890025194e-06,-0.8345084875453563,False,False
2023-11-05,Z08,11.632658130887707,1.978530556634439e-05,0.16996385019173937,False,False
2023-11-06,Z08,11.632655740518553,1.6150811678272703e-05,0.5638745708729527,False,False
2023-11-07,Z08,11.632648661729762,8.543726488952075e-06,1.9819531653253228,False,False
2023-11-08,Z08,11.632656175969784,1.5884735676152673e-05,2.947034430994297,False,False
2023-11-09,Z08,11.632644698800721,3.8066677614523314e-06,-0.5390754470344462,False,False
2023-11-10,Z08,11.632646761878247,5.764298116162081e-06,0.8986986834519852,False,False
2023-11-11,Z08,11.632637259029305,-3.5600294889803763e-06,-0.7557263434091135,False,False
2023-11-12,Z08,11.632644750765293,4.033635526923263e-06,-0.06638258221698914,False,False
2023-11-13,Z08,11.632637208485615,-3.908194747381799e-06,-0.7951174154772349,False,False
2023-11-14,Z08,11.632625777274326,-1.5312831594727072e-05,1.6865201248144117,False,False
2023-11-15,Z08,11.632658326179088,1.7828763194671637e-05,0.28813706639610365,False,False
2023-11-16,Z08,11.63261379814537,-2.732448118258901e-05,0.34722367449828534,False,False
2023-11-17,Z08,11.632613866359378,-2.607767200046851e-05,0.09118170605549654,False,False
2023-11-18,Z08,11.632634744393343,-3.919578249522715e-06,0.42600581863452813,False,False
2023-11-19,Z08,11.6326350834558,-3.1870864596328374e-06,0.46539689070264956,False,False
2023-11-20,Z08,11.632654735879003,1.6615791585294915e-05,-0.6178575911706891,False,False
2023-11-21,Z08,11.632649564486066,1.0444584821911462e-05,-1.6026343928737237,False,False
2023-11-22,Z08,11.632653888340522,1.4050842016999354e-05,-1.2481147442606308,False,False
2023-11-23,Z08,11.632622762902256,-1.7969035777554154e-05,-1.543547784771541,False,False
2023-11-24,Z08,11.63264256197198,2.1274286634564987e-06,0.2487459943279822,False,False
2023-11-25,Z08,11.632640963901704,1.0198203810318773e-06,-0.7557263434091135,False,False
2023-11-26,Z08,11.632636076881937,-4.1389530149871234e-06,1.0168718996563486,False,False
2023-11-27,Z08,11.632620693177634,-1.9862888807509194e-05,0.28813706639610365,False,False
2023-11-28,Z08,11.632635878647477,-3.7921766047332994e-06,-1.7601986811462085,False,False
2023-11-29,Z08,11.632621718276496,-1.793451439091598e-05,-0.36181562272789936,False,False
2023-11-30,Z08,11.632626844753535,-1.2115355650266224e-05,-2.0359361856230582,False,False
2023-12-01,Z08,11.6326673521813,2.9225606910543434e-05,-1.0708549199540849,False,False
2023-12-02,Z08,11.632634790717637,-4.139025474358959e-06,-0.4405977668641422,False,False
2023-12-03,Z08,11.632656358213818,1.7244358053503106e-05,-0.8738995596134778,False,False
2023-12-04,Z08,11.63262840504232,-1.1776138611807596e-05,1.90317102118908,False,False
2023-12-05,Z08,11.632636259149258,-3.86015894271452e-06,0.780525467247621,False,False
2023-12-06,Z08,11.632650067894245,1.0677643992096364e-05,-0.26333794255759624,False,False
2023-12-07,Z08,11.632623301432305,-1.5899730470891882e-05,1.4501736924056834,False,False
2023-12-08,Z08,11.632629001366404,-9.354453121446227e-06,-0.9132906316815992,False,False
2023-12-09,Z08,11.632657867159628,2.0417160216723573e-05,-0.2830334785916565,False,False
2023-12-10,Z08,11.632626484421214,-1.1404523496238994e-05,0.8986986834519852,False,False
2023-12-11,Z08,11.632647528077,1.0315047523690168e-05,-1.0511593839200237,False,False
2023-12-12,Z08,11.632648516595461,1.0961264397479908e-05,0.7214388591454384,False,False
2023-12-13,Z08,11.632633699918287,-3.980940450176718e-06,0.34722367449828534,False,False
2023-12-14,Z08,11.63262897597032,-8.587936171977617e-06,0.6229611789751353,False,False
2023-12-15,Z08,11.63265802651047,2.0355980776542992e-05,1.8243888770528371,False,False
2023-12-16,Z08,11.632665083897717,2.74233569754756e-05,0.504787962770771,False,False
2023-12-17,Z08,11.63264443532392,5.065258102732173e-06,0.16996385019173937,False,False
2023-12-18,Z08,11.63267911821681,3.872918550840154e-05,-1.4253745685671768,False,False
2023-12-19,Z08,11.632643854286542,1.986127792008574e-06,0.2684415303620425,False,False
2023-12-20,Z08,11.632676920597731,3.476007795555347e-05,-0.42090223083008194,False,False
2023-12-21,Z08,11.632633987199602,-8.912810798733517e-06,-0.06638258221698914,False,False
2023-12-22,Z08,11.632644955199185,2.5744316669573664e-06,-0.42090223083008194,False,False
2023-12-23,Z08,11.632656662686252,1.4579690111204968e-05,0.5441790348388924,False,False
2023-12-24,Z08,11.632656588015905,1.337502696685533e-05,-0.9329861677156595,False,False
2023-12-25,Z08,11.632644359712367,6.79188630670069e-07,0.2684415303620425,False,False
2023-12-26,Z08,11.632642310600609,-1.483116816913821e-06,-0.9723772397837809,False,False
2023-12-27,Z08,11.632632335509664,-1.166599838420268e-05,-1.720807609078087,False,False
2023-12-28,Z08,11.632659620947,1.5231361217615813e-05,-0.2830334785916565,False,False
2023-12-29,Z08,11.63263699466541,-8.186330358483929e-06,0.504787962770771,False,False
2023-12-30,Z08,11.632640797992998,-4.89221573296561e-06,-0.7163352713409922,False,False
2023-12-31,Z08,11.632640684525942,-5.470790771511247e-06,0.18965938622579964,False,False
2024-01-01,Z08,11.632628147642507,-1.7118752360545386e-05,-0.30272901462571766,False,False
2024-01-02,Z08,11.632624407125832,-2.063783319705692e-05,-0.9723772397837809,False,False
2024-01-03,Z08,11.632641428323746,-2.5515990174085346e-06,0.6032656429410741,False,False
2024-01-04,Z08,11.632662736988026,1.832295588322097e-05,-0.5981620551366279,False,False
2024-01-05,Z08,11.632661250123583,1.5953496813381207e-05,0.42600581863452813,False,False
2024-01-06,Z08,11.632630948463268,-1.4720904479403885e-05,-1.3859834964990554,False,False
2024-01-07,Z08,11.632627417624374,-1.8506644407167983e-05,0.18965938622579964,False,False
2024-01-08,Z08,11.632652443885931,6.5724085498430895e-06,0.6623522510432567,False,False
2024-01-09,Z08,11.63264751089619,1.820194601265257e-06,0.40631028260046703,False,False
2024-01-10,Z08,11.63264618485663,-2.067274564865329e-07,0.9380897555201058,False,False
2024-01-11,Z08,11.632640608286597,-5.738523480403046e-06,0.682047787077317,False,False
2024-01-12,Z08,11.63264294614667,-3.1370531115015865e-06,0.34722367449828534,False,False
2024-01-13,Z08,11.632617012258343,-2.9379149051322884e-05,0.8790031474179232,False,False
2024-01-14,Z08,11.632630316310436,-1.5676306558631836e-05,-0.32242455065977793,False,False
2024-01-15,Z08,11.632631375245783,-1.3693697875183375e-05,0.5638745708729527,False,False
2024-01-16,Z08,11.63263025802348,-1.3687298448417096e-05,0.07148617002143538,False,False
2024-01-17,Z08,11.632632275370023,-1.1197375226146278e-05,1.8834754851550197,False,False
2024-01-18,Z08,11.632632557741843,-9.353575178394635e-06,0.32752813846422507,False,False
2024-01-19,Z08,11.632619819298714,-2.1715466814953288e-05,-1.2087236721925094,False,False
2024-01-20,Z08,11.632643565853602,3.934464706034646e-06,0.3078326024301639,False,False
2024-01-21,Z08,11.63267109680338,3.114612601429201e-05,-0.893595095647538,False,False
2024-01-22,Z08,11.632626434992437,-1.4387071731292167e-05,0.7608299312135598,False,False
2024-01-23,Z08,11.632639811636796,-2.8375808369673905e-09,0.780525467247621,False,False
2024-01-24,Z08,11.632658549991849,1.9294730108754266e-05,-0.5390754470344462,False,False
2024-01-25,Z08,11.63264691806773,7.189796674467175e-06,-0.9723772397837809,False,False
2024-01-26,Z08,11.632636992368464,-2.88948482918272e-06,0.18965938622579964,False,False
2024-01-27,Z08,11.6326582906176,1.8253535680301525e-05,-0.8345084875453563,False,False
2024-01-28,Z08,11.632613242407874,-2.6750329732649902e-05,-0.7754218794431738,False,False
2024-01-29,Z08,11.632649075018291,9.874022602218702e-06,-0.4405977668641422,False,False
2024-01-30,Z08,11.6326323357635,-7.141133032462221e-06,0.6623522510432567,False,False
2024-01-31,Z08,11.632610794665045,-2.8403939404952894e-05,-1.4056790325331165,False,False
2024-02-01,Z08,11.632609317832934,-2.9302338933945293e-05,-0.696639735306931,False,False
2024-02-02,Z08,11.632649427236402,1.1310040964218615e-05,2.415254958074658,False,False
2024-02-03,Z08,11.632628791482476,-9.592343383602042e-06,1.9819531653253228,False,False
2024-02-04,Z08,11.632656055160274,1.880285126532044e-05,1.2335227960310169,False,False
2024-02-05,Z08,11.632630285031775,-6.7941117904979365e-06,0.09118170605549654,False,False
2024-02-06,Z08,11.632629508681898,-7.548347282337886e-06,0.8002210032816812,False,False
2024-02-07,Z08,11.632620074335954,-1.705239514571133e-05,-0.32242455065977793,False,False
2024-02-08,Z08,11.63262283064709,-1.3217099009921185e-05,-2.6071067306108184,False,False
2024-02-09,Z08,11.632636160365118,9.352939880358235e-07,-0.519379911000385,False,False
2024-02-10,Z08,11.632644551795616,9.66087420373185e-06,-0.42090223083008194,False,False
2024-02-11,Z08,11.632674117319555,3.9094947840823124e-05,0.07148617002143538,False,False
2024-02-12,Z08,11.632638522366804,2.460955995431391e-06,0.5244834988048312,False,False
2024-02-13,Z08,11.632660900026119,2.4121611694738476e-05,1.6865201248144117,False,False
2024-02-14,Z08,11.632641456214486,3.6583428730807555e-06,0.09118170605549654,False,False
2024-02-15,Z08,11.63262451639195,-1.3617511953611938e-05,-0.9329861677156595,False,False
2024-02-16,Z08,11.63264795435686,1.0011840673840311e-05,-0.145164726353232,False,False
2024-02-17,Z08,11.632658707703875,2.024255479327053e-05,0.682047787077317,False,False
2024-02-18,Z08,11.632628859643653,-1.0477170830469618e-05,-0.06638258221698914,False,False
2024-02-19,Z08,11.63265535917367,1.5721014356984142e-05,-0.7360308073750524,False,False
2024-02-20,Z08,11.632664027797423,2.3996527442449178e-05,0.5638745708729527,False,False
2024-02-21,Z08,11.632630832856474,-8.962779977750301e-06,-1.0708549199540849,False,False
2024-02-22,Z08,11.632660992859371,2.1050627452723347e-05,-0.8148129515112952,False,False
2024-02-23,Z08,11.632655760933233,1.5112660561200641e-05,0.46539689070264956,False,False
2024-02-24,Z08,11.63262983841943,-1.0716884620620704e-05,-0.7163352713409922,False,False
2024-02-25,Z08,11.632664086237533,2.4100255092918133e-05,-0.30272901462571766,False,False
2024-02-26,Z08,11.632641437342132,5.482307230408878e-07,0.07148617002143538,False,False
2024-02-27,Z08,11.632631474613406,-8.852722153562809e-06,0.012399561919253696,False,False
2024-02-28,Z08,11.632639228499233,-1.7065765121060394e-06,-0.893595095647538,False,False
2024-02-29,Z08,11.632628405673536,-1.2201184906857065e-05,0.3669192105323456,False,False
2024-03-01,Z08,11.632616445515746,-2.403033969855528e-05,-0.8542040235794166,False,False
2024-03-02,Z08,11.63265894050637,1.8276289237562082e-05,1.6865201248144117,False,False
2024-03-03,Z08,11.632642884860402,5.665541547017483e-07,-0.3421200866938391,False,False
2024-03-04,Z08,11.632659046032101,1.6945805052515084e-05,0.6426567150091955,False,False
2024-03-05,Z08,11.632640786435994,-2.322276042576732e-06,0.780525467247621,False,False
2024-03-06,Z08,11.632629386393976,-1.3213360581687539e-05,-0.30272901462571766,False,False
2024-03-07,Z08,11.63263013570224,-1.243409772833104e-05,-0.893595095647538,False,False
2024-03-08,Z08,11.632663642857198,2.10521565531252e-05,0.7608299312135598,False,False
2024-03-09,Z08,11.632646651801078,2.6088163913584594e-06,-1.346592424430934,False,False
2024-03-10,Z08,11.632636011119386,-8.825903766052079e-06,-1.1890281361584483,False,False
2024-03-11,Z08,11.632631313525488,-1.3518522807842714e-05,0.6426567150091955,False,False
2024-03-12,Z08,11.632636160365118,-8.23040750397297e-06,-0.145164726353232,False,False
2024-03-13,Z08,11.63264000279213,-3.122748678308085e-06,-0.6375531272047493,False,False
2024-03-14,Z08,11.632636898412843,-6.2764754780175736e-06,-0.4405977668641422,False,False
2024-03-15,Z08,11.632639170616848,-3.2042176982827186e-06,-0.7360308073750524,False,False
2024-03-16,Z08,11.632652241993851,9.943345894214417e-06,2.1986040616999913,False,False
2024-03-17,Z08,11.632646057656638,2.8348219522911222e-06,1.056262971724471,False,False
2024-03-18,Z08,11.63264133810966,-1.821501685483895e-06,-0.7557263434091135,False,False
2024-03-19,Z08,11.63265234559668,9.76497180893432e-06,-0.26333794255759624,False,False
2024-03-20,Z08,11.632663985195835,2.0621705862922113e-05,0.6426567150091955,False,False
2024-03-21,Z08,11.63263763243005,-6.018593994738808e-06,-0.9132906316815992,False,False
2024-03-22,Z08,11.632632840907965,-9.930270501001814e-06,-0.49968437496632473,False,False
2024-03-23,Z08,11.632637296793826,-5.541319691104718e-06,-0.24364240652353508,False,False
2024-03-24,Z08,11.632664352649433,2.230440476935769e-05,-0.8148129515112952,False,False
2024-03-25,Z08,11.632632729142562,-9.60549264128474e-06,1.1350451158607138,False,False
2024-03-26,Z08,11.63264822706404,5.7960713988336465e-06,-0.6572486632388096,False,False
2024-03-27,Z08,11.632663587555388,2.168520186351941e-05,-0.06638258221698914,False,False
2024-03-28,Z08,11.63262817247572,-1.4468218248353537e-05,0.16996385019173937,False,False
2024-03-29,Z08,11.632637825557518,-4.7050651943436606e-06,1.607737980678169,False,False
2024-03-30,Z08,11.63262813749417,-1.4346363816031271e-05,-0.026991510148867724,False,False
2024-03-31,Z08,11.63263699418952,-5.4807291540726055e-06,2.159212989631869,False,False
2024-04-01,Z08,11.632629520135609,-1.3639738858373107e-05,-0.30272901462571766,False,False
2024-04-02,Z08,11.632653839359135,1.1660163691473713e-05,-0.16486026238729226,False,False
2024-04-03,Z08,11.632639955443283,-2.5889021184610783e-06,0.9774808275882281,False,False
2024-04-04,Z08,11.632669387437403,2.7479444963063315e-05,1.9425620932572005,False,False
2024-04-05,Z08,11.632641682785012,-1.178574141391664e-06,-0.20425133445541369,False,False
2024-04-06,Z08,11.632640467102991,-2.804135863954116e-06,1.2729138680991374,False,False
2024-04-07,Z08,11.63265306122449,9.445605609670338e-06,0.8790031474179232,False,False
2024-04-08,Z08,11.632662732684148,1.9469786359138652e-05,-0.696639735306931,False,False
2024-04-09,Z08,11.63264031087016,-3.488057066292072e-06,0.032095097953313965,False,False
2024-04-10,Z08,11.632637177325204,-6.764927046987168e-06,0.012399561919253696,False,False
2024-04-11,Z08,11.632652553592516,8.415880273560106e-06,-0.9723772397837809,False,False
2024-04-12,Z08,11.632632506901084,-1.2177252068923394e-05,0.2093549222598608,False,False
2024-04-13,Z08,11.632627210730519,-1.722355960076527e-05,0.13057277812361795,False,False
2024-04-14,Z08,11.632639853263443,-4.258103931675805e-06,0.42600581863452813,False,False
2024-04-15,Z08,11.632641730484853,-2.4036374099978275e-06,0.11087724208955681,False,False
2024-04-16,Z08,11.632613831250072,-2.9952488555196055e-05,-0.5981620551366279,False,False
2024-04-17,Z08,11.632652208839813,9.499314737482223e-06,2.4546460301427797,False,False
2024-04-18,Z08,11.632650356859846,7.284977098009904e-06,0.2684415303620425,False,False
2024-04-19,Z08,11.632624524827513,-1.848076400712273e-05,1.33200047620132,False,False
2024-04-20,Z08,11.632632080047022,-9.610198887344268e-06,0.4850924267367098,False,False
2024-04-21,Z08,11.632646943470885,5.438304409466355e-06,1.5289558365419262,False,False
2024-04-22,Z08,11.632635455447584,-6.519804321314382e-06,-0.7163352713409922,False,False
2024-04-23,Z08,11.632655172958398,1.3259084699512869e-05,-0.026991510148867724,False,False
2024-04-24,Z08,11.632644129748211,2.5218642161206617e-06,-0.3815111587619605,False,False
2024-04-25,Z08,11.632642423579021,4.356748366518559e-07,-0.519379911000385,False,False
2024-04-26,Z08,11.632640869827874,-9.2462681067218e-07,0.3078326024301639,False,False
2024-04-27,Z08,11.632635463487505,-5.573709595196874e-06,-0.1845557984213534,False,False
2024-04-28,Z08,11.63264110314116,-1.7708966559837336e-07,-1.346592424430934,False,False
2024-04-29,Z08,11.632630999804773,-1.0389678841704608e-05,-0.24364240652353508,False,False
2024-04-30,Z08,11.63265069207879,9.207184820780867e-06,-0.32242455065977793,False,False
2024-05-01,Z08,11.632639346106915,-2.5953833624470235e-06,0.9183942194860455,False,False
2024-05-02,Z08,11.632645382047938,3.1130252846622852e-06,-1.3662879604649951,False,False
2024-05-03,Z08,11.63264038751145,-1.5996008304597353e-06,-0.46029330289820336,False,False
2024-05-04,Z08,11.632630563661738,-1.1437852814211169e-05,-0.696639735306931,False,False
2024-05-05,Z08,11.632649568373644,8.860984944902839e-06,0.780525467247621,False,False
2024-05-06,Z08,11.632632026856978,-8.943384672832622e-06,-0.47998883893226363,False,False
2024-05-07,Z08,11.63263423172635,-6.4571737681262675e-06,1.0759585077585312,False,False
2024-05-08,Z08,11.632619174993517,-2.088625666551991e-05,0.012399561919253696,False,False
2024-05-09,Z08,11.632641461287939,2.851960781313778e-06,0.5244834988048312,False,False
2024-05-10,Z08,11.632633497715716,-5.14995870126711e-06,1.1350451158607138,False,False
2024-05-11,Z08,11.632645699470185,7.174449415003892e-06,-1.1299415280562666,False,False
2024-05-12,Z08,11.63264037353762,2.0769875952453276e-06,-0.1845557984213534,False,False
2024-05-13,Z08,11.63265633899218,1.7780220938234947e-05,0.46539689070264956,False,False
2024-05-14,Z08,11.632637859276567,-1.6704367293840505e-06,0.2487459943279822,False,False
2024-05-15,Z08,11.632629292352442,-1.0170894626071458e-05,-1.2284192082265697,False,False
2024-05-16,Z08,11.632631967368233,-7.081274421949502e-06,0.7411343951794995,False,False
2024-05-17,Z08,11.63264975109629,1.0097916362639126e-05,0.09118170605549654,False,False
2024-05-18,Z08,11.632648345121305,8.773866163380717e-06,0.16996385019173937,False,False
2024-05-19,Z08,11.632646347162739,6.842965547093627e-06,-0.16486026238729226,False,False
2024-05-20,Z08,11.6326505985673,1.036695893397166e-05,-3.0797995954282755,False,False
2024-05-21,Z08,11.632637354452692,-3.49443968339358e-06,0.5835701069070138,False,False
2024-05-22,Z08,11.632620148898166,-2.038036026874579e-05,0.6229611789751353,False,False
2024-05-23,Z08,11.632642542304804,2.523264683418347e-06,-0.36181562272789936,False,False
2024-05-24,Z08,11.63265053753166,1.093951332542531e-05,-1.4056790325331165,False,False
2024-05-25,Z08,11.632628302944386,-1.1508666730719597e-05,-0.47998883893226363,False,False
2024-05-26,Z08,11.632623784574827,-1.5556348468948045e-05,1.0365674356904089,False,False
2024-05-27,Z08,11.632652140671059,1.3369256198103585e-05,-0.3421200866938391,False,False
2024-05-28,Z08,11.632654975807567,1.5648486586528065e-05,0.07148617002143538,False,False
2024-05-29,Z08,11.63263463988437,-5.149858822051101e-06,-0.2830334785916565,False,False
2024-05-30,Z08,11.63263001924972,-9.891829456876167e-06,0.3669192105323456,False,False
2024-05-31,Z08,11.63264855998856,9.338003682302087e-06,-1.2481147442606308,False,False
2024-06-01,Z08,11.632639589935911,6.082164638598897e-08,-0.145164726353232,False,False
2024-06-02,Z08,11.632643695942873,4.359899008932189e-06,1.1350451158607138,False,False
2024-06-03,Z08,11.632636743658622,-2.702666288101341e-06,-0.8542040235794166,False,False
2024-06-04,Z08,11.63265200593278,1.235360797302576e-05,-0.22394687048947481,False,False
2024-06-05,Z08,11.632626254479254,-1.3479097525248562e-05,1.0956540437925915,False,False
2024-06-06,Z08,11.632653515211375,1.3974047186948724e-05,0.780525467247621,False,False
2024-06-07,Z08,11.632625144273929,-1.5039673092687167e-05,0.504787962770771,False,False
2024-06-08,Z08,11.632641808214732,1.4252916962220752e-06,0.42600581863452813,False,False
2024-06-09,Z08,11.632641536481145,1.1419938825696363e-06,0.42600581863452813,False,False
2024-06-10,Z08,11.632639914797128,-7.476489809477016e-07,-0.1845557984213534,False,False
2024-06-11,Z08,11.63264461570362,4.146079945144265e-06,1.1350451158607138,False,False
2024-06-12,Z08,11.632635453160441,-5.157868768534968e-06,-0.4012066947960208,False,False
2024-06-13,Z08,11.632640540935132,6.261003147045585e-07,-0.9329861677156595,False,False
2024-06-14,Z08,11.632633722699902,-6.281523534212852e-06,-1.3072013523628125,False,False
2024-06-15,Z08,11.63263763127671,-2.520624974522434e-06,-0.5587709830685065,False,False
2024-06-16,Z08,11.632630805941664,-9.534756967966018e-06,-0.5587709830685065,False,False
2024-06-17,Z08,11.632634216411684,-5.492781795624069e-06,-0.6572486632388096,False,False
2024-06-18,Z08,11.63264992044734,1.068221084921106e-05,-1.1102459920222063,False,False
2024-06-19,Z08,11.632649102810285,9.745464307542306e-06,0.42600581863452813,False,False
2024-06-20,Z08,11.632654804700772,1.5497213361470585e-05,-0.8738995596134778,False,False
2024-06-21,Z08,11.632641770886936,1.881724589480882e-06,0.5835701069070138,False,False
2024-06-22,Z08,11.632632998913179,-7.6109821272041245e-06,0.7608299312135598,False,False
2024-06-23,Z08,11.632651704834343,1.1413052090958331e-05,2.5925147823812034,False,False
2024-06-24,Z08,11.632642228431985,1.897739643652585e-06,-0.4012066947960208,False,False
2024-06-25,Z08,11.632631095043088,-9.699832173026834e-06,-0.10577365428511057,False,False
2024-06-26,Z08,11.632641776588217,7.380306819015914e-07,-0.6769441992728708,False,False
2024-06-27,Z08,11.632642324110728,1.6310226182980614e-06,-1.1102459920222063,False,False
2024-06-28,Z08,11.632630994834466,-9.276530416713058e-06,-0.36181562272789936,False,False
2024-06-29,Z08,11.63264974768938,9.597826162277556e-06,-0.7163352713409922,False,False
2024-06-30,Z08,11.632639584130636,-1.2233472368450293e-06,-1.1102459920222063,False,False
2024-07-01,Z08,11.63263338832404,-7.1199585693904055e-06,0.28813706639610365,False,False
2024-07-02,Z08,11.632631702076573,-8.599485640914395e-06,-1.0117683118519023,False,False
2024-07-03,Z08,11.632650156228722,1.0254462052827762e-05,0.6032656429410741,False,False
2024-07-04,Z08,11.632637208949983,-3.1399023558975614e-06,0.8986986834519852,False,False
2024-07-05,Z08,11.63263367729371,-6.178325870465073e-06,-0.7951174154772349,False,False
2024-07-06,Z08,11.632643810757305,3.707710575895362e-06,1.4304781563716231,False,False
2024-07-07,Z08,11.632630540348753,-9.23921617257406e-06,0.44570135466858846,False,False
2024-07-08,Z08,11.632655170542684,1.5211108594925804e-05,-0.026991510148867724,False,False
2024-07-09,Z08,11.632647327958777,6.923113760493038e-06,-1.7011120730440268,False,False
2024-07-10,Z08,11.632643156423145,2.558528871432486e-06,-1.6420254649418442,False,False
2024-07-11,Z08,11.632640481100537,-2.2484793404942138e-07,1.607737980678169,False,False
2024-07-12,Z08,11.632642705731909,2.137603537732957e-06,1.3516960122353803,False,False
2024-07-13,Z08,11.632652615562469,1.1805681717547145e-05,1.627433516712231,False,False
2024-07-14,Z08,11.632634649505308,-6.562863024583976e-06,1.8834754851550197,False,False
2024-07-15,Z08,11.632643351354323,2.108092479247148e-06,1.4107826203375629,False,False
2024-07-16,Z08,11.63263794654721,-3.4873838892224285e-06,0.28813706639610365,False,False
2024-07-17,Z08,11.632647352780815,5.680829531229392e-06,0.6032656429410741,False,False
2024-07-18,Z08,11.63264613580607,4.025975815835636e-06,-0.6178575911706891,False,False
2024-07-19,Z08,11.632647741803966,5.758128422073128e-06,0.28813706639610365,False,False
2024-07-20,Z08,11.632642748095083,8.097864157008416e-07,0.780525467247621,False,False
2024-07-21,Z08,11.632641134699627,-4.0172218440659435e-07,0.8002210032816812,False,False
2024-07-22,Z08,11.632649019410442,7.504194874385917e-06,-0.06638258221698914,False,False
2024-07-23,Z08,11.632634310331204,-7.738900940523763e-06,-1.9374585054527553,False,False
2024-07-24,Z08,11.632637275826923,-4.1935884489419095e-06,-1.445070104601238,False,False
2024-07-25,Z08,11.632649345078885,8.040750348214942e-06,0.5244834988048312,False,False
2024-07-26,Z08,11.632638909240555,-3.0034225098063416e-06,-0.4405977668641422,False,False
2024-07-27,Z08,11.632641574156576,-2.4292823219695947e-07,0.7017433231113781,False,False
2024-07-28,Z08,11.632643587452272,1.795365937695692e-06,-1.1496370640903268,False,False
2024-07-29,Z08,11.632652573058124,1.0361217858800842e-05,1.3910870843035026,False,False
2024-07-30,Z08,11.632630759743018,-1.1546276203588945e-05,-0.8738995596134778,False,False
2024-07-31,Z08,11.63264289748141,8.856084434682998e-07,1.509260300507866,False,False
2024-08-01,Z08,11.632645917340701,3.5884958240472997e-06,-1.4844611766693594,False,False
2024-08-02,Z08,11.632633258093156,-9.544593861932071e-06,0.6426567150091955,False,False
2024-08-03,Z08,11.632640750630989,-1.4887848429623318e-06,-0.8738995596134778,False,False
2024-08-04,Z08,11.632653601534654,1.1244062790183307e-05,0.051790633987375115,False,False
2024-08-05,Z08,11.632649072090517,6.0504772871894374e-06,1.1153495798266517,False,False
2024-08-06,Z08,11.63264009077869,-3.1062123131420094e-06,0.9380897555201058,False,False
2024-08-07,Z08,11.632636015880351,-7.499458314796925e-06,-0.7557263434091135,False,False
2024-08-08,Z08,11.632633632803813,-9.244046111689386e-06,-0.5587709830685065,False,False
2024-08-09,Z08,11.632644347814223,1.927469465812237e-06,-1.5041567127034197,False,False
2024-08-10,Z08,11.632647524049837,5.063992043474741e-06,-1.720807609078087,False,False
2024-08-11,Z08,11.632637392990237,-5.301832533888273e-06,-0.7754218794431738,False,False
2024-08-12,Z08,11.632645109727916,2.5919965338516704e-06,-0.7951174154772349,False,False
2024-08-13,Z08,11.63264444640584,2.1788689412716167e-06,-1.4253745685671768,False,False
2024-08-14,Z08,11.632645468525224,2.8744249771506247e-06,-0.145164726353232,False,False
2024-08-15,Z08,11.632654716625904,1.205195329312403e-05,0.012399561919253696,False,False
2024-08-16,Z08,11.63264768890611,4.465230874828308e-06,0.032095097953313965,False,False
2024-08-17,Z08,11.632642500093684,-7.347857273742875e-07,-0.7360308073750524,False,False
2024-08-18,Z08,11.632636505231751,-6.6084572463154245e-06,-0.519379911000385,False,False
2024-08-19,Z08,11.632630187111449,-1.2552025143719447e-05,-0.26333794255759624,False,False
2024-08-20,Z08,11.63263271027002,-9.610167115425838e-06,0.8593076113838629,False,False
2024-08-21,Z08,11.63264147508533,-5.645374852036866e-07,-0.6178575911706891,False,False
2024-08-22,Z08,11.632635004190151,-6.7839551611825755e-06,-1.6026343928737237,False,False
2024-08-23,Z08,11.632643126054784,1.3147808406444028e-06,-0.26333794255759624,False,False
2024-08-24,Z08,11.632629065518614,-1.2940762925239824e-05,-0.3815111587619605,False,False
2024-08-25,Z08,11.632634549717432,-6.780578763354583e-06,-1.543547784771541,False,False
2024-08-26,Z08,11.632640335345052,-8.496337073893301e-07,-0.3421200866938391,False,False
2024-08-27,Z08,11.632642016938394,8.732533505195761e-07,-0.8148129515112952,False,False
2024-08-28,Z08,11.632649529459407,8.438124828202831e-06,-0.026991510148867724,False,False
2024-08-29,Z08,11.632643031482843,2.041601554481076e-06,0.46539689070264956,False,False
2024-08-30,Z08,11.632642471635286,1.0726960031348654e-06,-0.47998883893226363,False,False
2024-08-31,Z08,11.632630663498361,-1.0721246050948707e-05,0.5638745708729527,False,False
2024-09-01,Z08,11.63263272632847,-8.149954531688763e-06,-0.24364240652353508,False,False
2024-09-02,Z08,11.632638953783841,-1.9047736703470264e-06,-0.20425133445541369,False,False
2024-09-03,Z08,11.632639498191601,-1.3004710055497526e-06,-0.24364240652353508,False,False
2024-09-04,Z08,11.632646784879531,6.4563283608265465e-06,-0.145164726353232,False,False
2024-09-05,Z08,11.632631014892501,-9.237418304053335e-06,-1.3072013523628125,False,False
2024-09-06,Z08,11.632649549538476,9.599757209599602e-06,-1.7405031451121482,False,False
2024-09-07,Z08,11.632625255681768,-1.514522143430952e-05,1.154740651894774,False,False
2024-09-08,Z08,17.96086763560147,6.328227513935667,0.2684415303620425,True,True
2024-09-09,Z08,17.960850019468797,6.117269121543421,-0.47998883893226363,True,True
2024-09-10,Z08,17.960868232993622,5.906347251887613,1.0956540437925915,True,True
2024-09-11,Z08,17.960854533373872,5.695392524267751,2.8682522868580542,True,True
2024-09-12,Z08,17.960857008833454,5.484454685605801,-1.4253745685671768,True,True
2024-09-13,Z08,17.96086104532665,5.273518303351407,0.012399561919253696,True,True
2024-09-14,Z08,17.960854923028542,5.062571661826588,0.7017433231113781,True,True
2024-09-15,Z08,17.960861559038506,4.851638290956464,-1.5632433208056022,True,True
2024-09-16,Z08,17.960871161860943,4.640707431441156,-1.445070104601238,True,True
2024-09-17,Z08,17.960863733532566,4.429759047720534,0.9971763636222883,True,True
2024-09-18,Z08,17.960852404329888,4.2188068109078305,-0.007295974114807452,True,True
2024-09-19,Z08,17.96085572665763,4.007869392661625,-0.6375531272047493,True,True
2024-09-20,Z08,17.960853905016283,3.7969268038073576,-1.5632433208056022,True,True
2024-09-21,Z08,17.960859679377716,3.5859921638377585,0.3669192105323456,True,True
2024-09-22,Z08,17.960853781292123,3.375045443245913,-1.3268968883968737,True,True
2024-09-23,Z08,11.632649532110001,-3.164099161110787,-0.9526817037497206,False,True
2024-09-24,Z08,11.632653468986517,-3.1640959064539853,-0.893595095647538,False,False
2024-09-25,Z08,11.632645510270773,-3.1641044958120315,-0.2830334785916565,False,False
2024-09-26,Z08,11.632642864608062,-3.1641073139722664,-1.0314638478859635,False,False
2024-09-27,Z08,11.632636662004334,-3.1641135448316504,-0.8738995596134778,False,False
2024-09-28,Z08,11.632634944232638,-3.164114833688174,0.9774808275882281,False,False
2024-09-29,Z08,11.632642782361936,-3.1641067259838724,0.2093549222598608,False,False
2024-09-30,Z08,11.632650715209913,-3.1640988034934505,0.07148617002143538,False,False
2024-10-01,Z08,11.632639165463846,-3.1641110216299015,0.4850924267367098,False,False
2024-10-02,Z08,11.632642730139743,-3.164107671591852,-0.992072775817842,False,False
2024-10-03,Z08,11.632637308460362,-3.164113219149762,0.40631028260046703,False,False
2024-10-04,Z08,11.632647125225247,-3.164103329393834,0.46539689070264956,False,False
2024-10-05,Z08,11.632626572528219,-3.164123893435722,-0.9526817037497206,False,False
2024-10-06,Z08,11.632644509248554,-3.1641058086365774,0.6426567150091955,False,False
2024-10-07,Z08,11.63265658364502,-3.164093566230445,0.28813706639610365,False,False
2024-10-08,Z08,11.632663443053971,-3.164087751086935,0.3078326024301639,False,False
2024-10-09,Z08,11.632646033146033,-2.95316502124329,1.6865201248144117,False,False
2024-10-10,Z08,11.632641945465345,-2.742228976046553,0.16996385019173937,False,False
2024-10-11,Z08,11.632619046015638,-2.531310999245319,-0.8542040235794166,False,False
2024-10-12,Z08,11.63265721629807,-2.3203316460509456,0.18965938622579964,False,False
2024-10-13,Z08,11.632631492723323,-2.1094173765411792,0.07148617002143538,False,False
2024-10-14,Z08,11.632641704320115,-1.8984661798576088,-1.0314638478859635,False,False
2024-10-15,Z08,11.632639827755984,-1.6875276157981265,-1.9374585054527553,False,False
2024-10-16,Z08,11.632654372568231,-1.476572346609796,-0.007295974114807452,False,False
2024-10-17,Z08,11.632657294260314,-1.2656288652746213,0.9774808275882281,False,False
2024-10-18,Z08,11.632642590960183,-1.0547033539323465,0.9971763636222883,False,False
2024-10-19,Z08,11.632646589895828,-0.8437590278843761,0.32752813846422507,False,False
2024-10-20,Z08,11.632639103077954,-0.6328262101435236,1.607737980678169,False,False
2024-10-21,Z08,11.6326249144223,-0.4218999054012347,0.22905045829392107,False,False
2024-10-22,Z08,11.632644161437351,-0.21093949955433544,-0.145164726353232,False,False
2024-10-23,Z08,11.632632828053177,-1.051227668114052e-05,0.2487459943279822,False,False
2024-10-24,Z08,11.632654228503016,1.1444975051233541e-05,-0.6769441992728708,False,False
2024-10-25,Z08,11.632632014389731,-1.079445545038027e-05,-1.1890281361584483,False,False
2024-10-26,Z08,11.632626902008166,-1.5456974313821092e-05,-0.9132906316815992,False,False
2024-10-27,Z08,11.632648574824266,6.747928448902485e-06,-0.42090223083008194,False,False
2024-10-28,Z08,11.632634775187755,-7.448802062270943e-06,0.8986986834519852,False,False
2024-10-29,Z08,11.632657667172253,1.5448817267227355e-05,-1.3662879604649951,False,False
2024-10-30,Z08,11.632658481819055,1.5767303725766624e-05,-0.9132906316815992,False,False
2024-10-31,Z08,11.632634960905348,-8.012496955700499e-06,0.8396120753498026,False,False
2024-11-01,Z08,11.632639142217304,-3.691033047203973e-06,-0.30272901462571766,False,False
2024-11-02,Z08,11.632645375334608,2.6616816715119285e-06,-0.145164726353232,False,False
2024-11-03,Z08,11.63263520629728,-7.776251466751205e-06,-0.32242455065977793,False,False
2024-11-04,Z08,11.632637072479875,-5.512771270588246e-06,1.9622576292912626,False,False
2024-11-05,Z08,11.632639390036326,-3.5452132074453857e-06,0.6032656429410741,False,False
2024-11-06,Z08,11.632633383259963,-9.381349165948905e-06,0.3078326024301639,False,False
2024-11-07,Z08,11.632624716039016,-1.727522394290304e-05,0.2487459943279822,False,False
2024-11-08,Z08,11.632642782445327,2.082082867005397e-06,0.44570135466858846,False,False
2024-11-09,Z08,11.632647005030275,6.413024504325904e-06,1.8637799491209577,False,False
2024-11-10,Z08,11.632650264123424,9.503465490112717e-06,-0.32242455065977793,False,False
2024-11-11,Z08,11.6326425168671,7.156055747969958e-07,0.2093549222598608,False,False
2024-11-12,Z08,11.632660995963832,1.968468333579665e-05,0.07148617002143538,False,False
2024-11-13,Z08,20.598052618023267,8.965410323301422,0.9380897555201058,True,True
2024-11-14,Z08,20.598064766302045,8.66657544112343,1.725911196882534,True,True
2024-11-15,Z08,20.598041814632932,8.36770499150278,-0.519379911000385,True,True
2024-11-16,Z08,20.5980486161501,8.068865544951121,0.504787962770771,True,True
2024-11-17,Z08,20.598079369844605,7.770049921249305,0.22905045829392107,True,True
2024-11-18,Z08,20.598040261072242,7.47116291984746,-1.3268968883968737,True,True
2024-11-19,Z08,20.598060419921367,7.172336622990704,1.0168718996563486,True,True
2024-11-20,Z08,20.598046099114924,6.873474924956147,1.5880424446441086,True,True
2024-11-21,Z08,20.598066930012063,6.574648383030198,0.8593076113838629,True,True
2024-11-22,Z08,20.598049089399506,6.2757831167984826,-0.5784665191025676,True,True
2024-11-23,Z08,20.598051526100047,5.976938344787483,-1.2875058163287523,True,True
2024-11-24,Z08,20.59805283862469,5.678093080725555,0.682047787077317,True,True
2024-11-25,Z08,20.598044166130123,5.379237047423157,-1.0117683118519023,True,True
2024-11-26,Z08,20.59804536239254,5.080391001548174,-0.9132906316815992,True,True
2024-11-27,Z08,20.598053374635438,4.781552454205466,0.2487459943279822,True,True
2024-11-28,Z08,20.59803752754424,4.482689320466008,0.780525467247621,True,True
2024-11-29,Z08,11.632648620981234,-4.78154558144273,-0.2830334785916565,False,True
2024-11-30,Z08,11.632652410238089,-4.781541463491278,-0.145164726353232,False,False
2024-12-01,Z08,11.632645804194341,-4.781548651179451,-0.06638258221698914,False,False
2024-12-02,Z08,11.63264026148335,-4.781554415956341,-0.8542040235794166,False,False
2024-12-03,Z08,11.632619274686789,-4.781575232291196,-0.32242455065977793,False,False
2024-12-04,Z08,11.632632305636145,-4.781561670288157,-1.543547784771541,False,False
2024-12-05,Z08,11.6326327039544,-4.78156111307511,0.780525467247621,False,False
2024-12-06,Z08,11.63263127392518,-4.781562320234935,2.7894701427218114,True,False
2024-12-07,Z08,11.632635789191381,-4.781557734657573,0.11087724208955681,False,False
2024-12-08,Z08,11.632643615935844,-4.781550277018187,1.2335227960310169,False,False
2024-12-09,Z08,11.63265534805841,-4.781538572678638,-0.20425133445541369,False,False
2024-12-10,Z08,11.632660012944102,-4.781534185893888,-1.2678102802946911,False,False
2024-12-11,Z08,11.632640554854392,-4.781553968944285,2.277386205836234,False,False
2024-12-12,Z08,11.632613333117035,-4.7815811252812175,-0.7754218794431738,True,False
2024-12-13,Z08,11.632661893560751,-4.781530976075942,0.9774808275882281,False,False
2024-12-14,Z08,11.63263665197977,-4.48270986017484,0.2684415303620425,False,False
2024-12-15,Z08,11.632638154013279,-4.18386075433059,1.2138272599969566,False,False
2024-12-16,Z08,11.632657647800542,-3.884994471856002,-0.007295974114807452,False,False
2024-12-17,Z08,11.632637645964888,-3.586168108080006,-1.0905504559881452,False,False
2024-12-18,Z08,11.632624282723537,-3.2873334138587005,-0.5981620551366279,False,False
2024-12-19,Z08,11.632644913457687,-2.98846558384626,2.3758638860065373,False,False
2024-12-20,Z08,11.632642463985283,-2.6896208497698737,0.3669192105323456,False,False
2024-12-21,Z08,11.6326438622989,-2.3907726636186,2.1986040616999913,False,False
2024-12-22,Z08,11.632642849806759,-2.091926240520303,-0.30272901462571766,False,False
2024-12-23,Z08,11.63261055332296,-1.7931116623510128,0.7608299312135598,False,False
2024-12-24,Z08,11.632650078050048,-1.4942241051980218,-1.2087236721925094,False,False
2024-12-25,Z08,11.632653770993274,-1.1953736535689732,0.07148617002143538,False,False
2024-12-26,Z08,11.63265789705295,-0.8965231810047367,2.237995133768112,False,False
2024-12-27,Z08,11.632637543887208,-0.5976972853258253,-0.7163352713409922,False,False
2024-12-28,Z08,11.632616077365968,-0.29887155748878946,-0.6375531272047493,False,False
2024-12-29,Z08,11.632643933355965,3.6801738136915674e-06,0.8593076113838629,False,False
2024-12-30,Z08,11.632662660299735,2.2563371761208373e-05,0.16996385019173937,False,False
2024-12-31,Z08,11.632639397239728,-1.0413569686562596e-06,1.9228665572231403,False,False
2025-01-01,Z08,11.632659356861604,1.913183006152508e-05,-0.1845557984213534,False,False
2025-01-02,Z08,11.63263069077473,-1.017076942133599e-05,0.11087724208955681,False,False
2025-01-03,Z08,11.632657796901494,1.6554821080205784e-05,0.3669192105323456,False,False
2025-01-04,Z08,11.632656314483434,1.4222694174392814e-05,-1.0117683118519023,False,False
2025-01-05,Z08,11.632639700856476,-3.1779504183759855e-06,-1.2284192082265697,False,False
2025-01-06,Z08,11.632653569817602,1.0410112997405463e-05,-1.3072013523628125,False,False
2025-01-07,Z08,11.632633051290183,-1.0701101961885229e-05,-3.1979728116326394,False,False
2025-01-08,Z08,11.632622952589353,-2.0447647937515967e-05,-0.026991510148867724,False,False
2025-01-09,Z08,11.632649247145258,6.926756936920242e-06,-1.2284192082265697,False,False
2025-01-10,Z08,11.632670968438672,2.9006910313711387e-05,-0.47998883893226363,False,False
2025-01-11,Z08,11.632643360286352,3.8497184995378575e-07,1.056262971724471,False,False
2025-01-12,Z08,11.632638672425822,-5.3037943246181385e-06,-0.8738995596134778,False,False
2025-01-13,Z08,11.63264201320488,-1.1889774373941009e-06,0.7214388591454384,False,False
2025-01-14,Z08,11.632667499345171,2.411845535199575e-05,-1.5041567127034197,False,False
2025-01-15,Z08,11.632645203256295,8.441887473509269e-07,-0.6178575911706891,False,False
2025-01-16,Z08,11.6326568591873,1.2914937892460898e-05,1.7653022689506546,False,False
2025-01-17,Z08,11.6326403260312,-4.258658952593919e-06,-0.36181562272789936,False,False
2025-01-18,Z08,11.632646325968219,1.2065011425477223e-06,1.3123049401672597,False,False
2025-01-19,Z08,11.632643598479147,-1.568071612112476e-06,2.3758638860065373,False,False
2025-01-20,Z08,11.632637526714875,-7.677652348547781e-06,-0.36181562272789936,False,False
2025-01-21,Z08,11.632659478694054,1.4485512965123348e-05,-0.5981620551366279,False,False
2025-01-22,Z08,11.632634789760246,-1.0757717085141394e-05,-2.0753272576911796,False,False
2025-01-23,Z08,11.632658701973975,1.2346615399394523e-05,0.34722367449828534,False,False
2025-01-24,Z08,11.632650270288222,3.6274655172974235e-06,0.42600581863452813,False,False
2025-01-25,Z08,11.632644123714119,-2.402418417091212e-06,0.8199165393157424,False,False
2025-01-26,Z08,11.632654663045697,8.596024452245388e-06,1.4304781563716231,False,False
2025-01-27,Z08,11.632660865150548,1.4227490687801492e-05,-0.9526817037497206,False,False
2025-01-28,Z08,11.632652094145113,3.963559102260206e-06,1.90317102118908,False,False
2025-01-29,Z08,11.632647209131772,-1.1934805463909015e-06,-0.22394687048947481,False,False
2025-01-30,Z08,11.63264837053539,4.829620081636676e-07,0.40631028260046703,False,False
2025-01-31,Z08,11.632654688390746,6.501707504824594e-06,-0.007295974114807452,False,False
2025-02-01,Z08,11.63265248790793,4.456840384747807e-06,-0.7163352713409922,False,False
2025-02-02,Z08,11.632655461246042,6.703607388303112e-06,-1.1299415280562666,False,False
2025-02-03,Z08,11.632625764579656,-2.2915203814477536e-05,0.2684415303620425,False,False
2025-02-04,Z08,11.632653317963133,5.656509788565245e-06,-0.893595095647538,False,False
2025-02-05,Z08,11.63264819698422,8.162732356709057e-08,-0.16486026238729226,False,False
2025-02-06,Z08,11.632635547117838,-1.2389144615099212e-05,-0.36181562272789936,False,False
2025-02-07,Z08,11.632649396392344,1.3769356357329343e-06,-0.30272901462571766,False,False
2025-02-08,Z08,11.632660168795331,1.126787852179234e-05,-1.720807609078087,False,False
2025-02-09,Z08,11.632654785175225,5.520203414377534e-06,-3.0601040593942144,False,False
2025-02-10,Z08,11.632627600005579,-2.112552411581703e-05,0.8790031474179232,False,False
2025-02-11,Z08,11.63264026198453,-7.938202472246303e-06,1.154740651894774,False,False
2025-02-12,Z08,11.632666063737156,1.781056486294119e-05,-2.469237978372394,False,False
2025-02-13,Z08,11.63265838022657,9.32536986830712e-06,0.46539689070264956,False,False
2025-02-14,Z08,11.632663087974251,1.4337088167337697e-05,0.2684415303620425,False,False
2025-02-15,Z08,11.632662942822904,1.3595779556396792e-05,-1.2481147442606308,False,False
2025-02-16,Z08,11.632657043129289,7.493298086913569e-06,0.9380897555201058,False,False
2025-02-17,Z08,11.632648341434999,-1.7656328061832482e-06,1.1744361879288343,False,False
2025-02-18,Z08,11.632655639353336,5.4651033067898425e-06,1.0956540437925915,False,False
2025-02-19,Z08,11.632635136545582,-1.543906692091923e-05,1.7653022689506546,False,False
2025-02-20,Z08,11.632619902444045,-3.0593496148867416e-05,1.0365674356904089,False,False
2025-02-21,Z08,11.632646354438387,-2.8222934709276615e-06,-0.7754218794431738,False,False
2025-02-22,Z08,11.632640904890158,-8.65733097299426e-06,0.07148617002143538,False,False
2025-02-23,Z08,11.63266607275478,1.7103769778259448e-05,0.42600581863452813,False,False
2025-02-24,Z08,11.632639321293594,-1.017444029649539e-05,1.548651372575988,False,False
2025-02-25,Z08,11.632638040760751,-1.1294892454216665e-05,-0.20425133445541369,False,False
2025-02-26,Z08,11.632646617990634,-2.163586406922491e-06,-0.5784665191025676,False,False
2025-02-27,Z08,11.632636305195138,-1.2001476571654734e-05,-1.5829388568396625,False,False
2025-02-28,Z08,11.63264355837009,-4.222003287424059e-06,0.9183942194860455,False,False
2025-03-01,Z08,11.63262111217825,-2.654650307221118e-05,0.2487459943279822,False,False
2025-03-02,Z08,11.632631278234198,-1.547183521743989e-05,-0.7951174154772349,False,False
2025-03-03,Z08,11.632634264306782,-1.1705424082464333e-05,0.8199165393157424,False,False
2025-03-04,Z08,11.6326176876916,-2.7674585892256687e-05,-0.2830334785916565,False,False
2025-03-05,Z08,11.632650162625875,6.059466864272167e-06,-1.2481147442606308,False,False
2025-03-06,Z08,11.632666641612142,2.172518492393749e-05,1.3713915482694405,False,False
2025-03-07,Z08,11.632635360636748,-9.99991210548501e-06,-1.9768495775208768,False,False
2025-03-08,Z08,11.632625052017787,-1.988065281821605e-05,0.18965938622579964,False,False
2025-03-09,Z08,11.632631522524054,-1.306030988068585e-05,-0.06638258221698914,False,False
2025-03-10,Z08,11.632649440525896,5.453487569084814e-06,-1.5632433208056022,False,False
2025-03-11,Z08,11.632653134051823,9.504622479283853e-06,0.3669192105323456,False,False
2025-03-12,Z08,11.632632292964603,-1.1281427294562718e-05,-0.6375531272047493,False,False
2025-03-13,Z08,11.632650031362855,6.3005389900894215e-06,1.7062156608484738,False,False
2025-03-14,Z08,11.632638472662887,-5.5838069226155085e-06,1.0365674356904089,False,False
2025-03-15,Z08,11.632641343145329,-1.7936220064740382e-06,0.2684415303620425,False,False
2025-03-16,Z08,11.632642790305805,2.2144117828304388e-07,-2.4101513702702113,False,False
2025-03-17,Z08,11.632631069954217,-1.0822321460324247e-05,-0.49968437496632473,False,False
2025-03-18,Z08,11.632640330671256,-4.991754636307633e-07,-0.5784665191025676,False,False
2025-03-19,Z08,11.632615043463232,-2.5229301552798233e-05,1.2532183320650772,False,False
2025-03-20,Z08,11.632647756554105,8.593721711136482e-06,0.22905045829392107,False,False
2025-03-21,Z08,11.632643314166897,4.414094476601349e-06,0.3669192105323456,False,False
2025-03-22,Z08,11.632634867768399,-4.304891399797839e-06,1.056262971724471,False,False
2025-03-23,Z08,11.632657466175665,1.7794671721915734e-05,1.6668245887803514,False,False
2025-03-24,Z08,11.632650961772951,1.0919877766468744e-05,1.4895647644738057,False,False
2025-03-25,Z08,11.632652562408074,1.218528346313974e-05,0.5835701069070138,False,False
2025-03-26,Z08,11.632622211818692,-1.771496102875858e-05,-0.22394687048947481,False,False
2025-03-27,Z08,11.632658232964319,1.887650042853295e-05,0.4850924267367098,False,False
2025-03-28,Z08,11.632651734972722,1.1705435376541118e-05,0.012399561919253696,False,False
2025-03-29,Z08,11.63263614086606,-4.059237355136247e-06,0.8199165393157424,False,False
2025-03-30,Z08,11.632637104697835,-3.0899279419571712e-06,-0.49968437496632473,False,False
2025-03-31,Z08,11.632638224423557,-1.7550798130372414e-06,0.9380897555201058,False,False
2025-04-01,Z08,11.632634811056947,-5.738854598646981e-06,0.09118170605549654,False,False
2025-04-02,Z08,11.632645996345472,5.32867316849206e-06,0.42600581863452813,False,False
2025-04-03,Z08,11.632643393713039,2.334972778683664e-06,-1.1299415280562666,False,False
2025-04-04,Z08,11.632647819311973,5.903704330734172e-06,-0.22394687048947481,False,False
2025-04-05,Z08,11.632646721667324,4.884170145658118e-06,0.4850924267367098,False,False
2025-04-06,Z08,11.632627019416972,-1.4154082045081395e-05,-0.1254691903191717,False,False
2025-04-07,Z08,11.632634322917395,-6.572540963034612e-06,-2.2525870819977256,False,False
2025-04-08,Z08,11.63262857170546,-1.263278288554659e-05,-1.169332600124388,False,False
2025-04-09,Z08,11.632653120051932,1.201392420746572e-05,0.38661474656640676,False,False
2025-04-10,Z08,11.632637240427702,-3.988350892214498e-06,1.5289558365419262,False,False
2025-04-11,Z08,11.632637191195268,-3.5077958546736454e-06,-0.1845557984213534,False,False
2025-04-12,Z08,11.63263526919104,-5.593074439147472e-06,-0.42090223083008194,False,False
2025-04-13,Z08,11.632624907693682,-1.5462499401763807e-05,1.0956540437925915,False,False
2025-04-14,Z08,11.632635207865022,-4.71016242187261e-06,0.07148617002143538,False,False
2025-04-15,Z08,11.632645073187138,5.359669037474646e-06,0.780525467247621,False,False
2025-04-16,Z08,11.632622449743426,-1.7339870717947292e-05,-0.24364240652353508,False,False
2025-04-17,Z08,11.632625628045115,-1.3874228669052968e-05,-0.3421200866938391,False,False
2025-04-18,Z08,11.632655545827673,1.6533641424842926e-05,0.8593076113838629,False,False
2025-04-19,Z08,11.632640348140692,-1.4124371006118963e-08,0.7214388591454384,False,False
2025-04-20,Z08,11.632644376468539,4.261150591489127e-06,-0.26333794255759624,False,False
2025-04-21,Z08,11.63264817985736,8.02912935782274e-06,-1.0511593839200237,False,False
2025-04-22,Z08,11.632638677989254,-1.9164750479916393e-06,-1.5829388568396625,False,False
2025-04-23,Z08,11.632643239819311,3.2716278894895368e-06,-1.4647656406352982,False,False
2025-04-24,Z08,11.632644576560097,4.865767129658138e-06,-0.5784665191025676,False,False
2025-04-25,Z08,11.632642033881426,2.5892833939167303e-06,0.3669192105323456,False,False
2025-04-26,Z08,11.63264310840062,3.0030671620551175e-06,-1.5829388568396625,False,False
2025-04-27,Z08,11.632646453433242,6.8522519072189425e-06,-1.5238522487374808,False,False
2025-04-28,Z08,11.632652049378626,1.2624248608261723e-05,0.42600581863452813,False,False
2025-04-29,Z08,11.63264974839024,9.792976468858683e-06,1.5880424446441086,False,False
2025-04-30,Z08,11.632634088463169,-6.288407014665154e-06,1.1153495798266517,False,False
2025-05-01,Z08,11.632634694082832,-5.544922007771902e-06,-1.7601986811462085,False,False
2025-05-02,Z08,11.632636271223308,-3.963882392099549e-06,0.44570135466858846,False,False
2025-05-03,Z08,11.632651622220372,1.171128540988775e-05,0.9971763636222883,False,False
2025-05-04,Z08,11.632655762253284,1.5577034744751472e-05,-0.4405977668641422,False,False
2025-05-05,Z08,11.632657551652269,1.7101669017804966e-05,-0.1845557984213534,False,False
2025-05-06,Z08,11.632645597595609,4.786612860741002e-06,0.38661474656640676,False,False
2025-05-07,Z08,11.632634650366557,-6.779888813923662e-06,0.5244834988048312,False,False
2025-05-08,Z08,11.632647694433148,6.2532628053446615e-06,0.42600581863452813,False,False
2025-05-09,Z08,11.632642371203168,2.9260857203894375e-07,0.7608299312135598,False,False
2025-05-10,Z08,11.632644342026506,2.621726867602092e-06,0.2684415303620425,False,False
2025-05-11,Z08,11.632643496169058,1.5391494603278488e-06,-0.5587709830685065,False,False
2025-05-12,Z08,11.632661775082736,1.960789734489765e-05,-0.3815111587619605,False,False
2025-05-13,Z08,11.632652444582318,9.393867204110506e-06,-0.7163352713409922,False,False
2025-05-14,Z08,11.63263476754288,-9.201068523978506e-06,-0.4012066947960208,False,False
2025-05-15,Z08,11.632635045565792,-8.908368208437878e-06,0.6032656429410741,False,False
2025-05-16,Z08,11.632635346042532,-8.273637421396529e-06,-0.7163352713409922,False,False
2025-05-17,Z08,11.632636756710593,-7.292845999984365e-06,1.0956540437925915,False,False
2025-05-18,Z08,11.632636839828336,-7.5806837696035245e-06,-0.9132906316815992,False,False
2025-05-19,Z08,11.632637531311572,-6.265667222393745e-06,0.2487459943279822,False,False
2025-05-20,Z08,11.632628871113626,-1.4831970863937727e-05,0.8790031474179232,False,False
2025-05-21,Z08,11.632637445769182,-5.740470145454424e-06,0.4850924267367098,False,False
2025-05-22,Z08,11.632635001179152,-7.827257237025265e-06,-1.7601986811462085,False,False
2025-05-23,Z08,11.632628989116125,-1.3716759928783517e-05,0.18965938622579964,False,False
2025-05-24,Z08,11.632657373223916,1.5142371303511482e-05,-0.6769441992728708,False,False
2025-05-25,Z08,11.632651142476307,8.485068233810011e-06,-1.2481147442606308,False,False
2025-05-26,Z08,11.6326462219161,3.2608881976869952e-06,0.2684415303620425,False,False
2025-05-27,Z08,11.632640786827842,-2.277983909948489e-06,-1.169332600124388,False,False
2025-05-28,Z08,11.632654292153687,1.1416228780092297e-05,0.28813706639610365,False,False
2025-05-29,Z08,11.632645054695006,2.10401093170276e-06,1.4895647644738057,False,False
2025-05-30,Z08,11.632635885574045,-6.908653521264796e-06,0.34722367449828534,False,False
2025-05-31,Z08,11.632648959013213,6.10488195285086e-06,-0.1845557984213534,False,False
2025-06-01,Z08,11.632626260637489,-1.7068991452262594e-05,-0.10577365428511057,False,False
2025-06-02,Z08,11.632640119306075,-2.876636672866084e-06,0.957785291554166,False,False
2025-06-03,Z08,11.632643229690352,6.171780793096104e-07,-0.24364240652353508,False,False
2025-06-04,Z08,11.632635107625017,-7.087135156069735e-06,-0.4012066947960208,False,False
2025-06-05,Z08,11.632642959821277,1.5131953450264746e-06,-0.8738995596134778,False,False
2025-06-06,Z08,11.63265069026903,9.331568909587418e-06,-0.8345084875453563,False,False
2025-06-07,Z08,11.63263001184968,-1.1881513856337733e-05,0.9380897555201058,False,False
2025-06-08,Z08,11.63263378304872,-7.520895369594882e-06,-0.42090223083008194,False,False
2025-06-09,Z08,11.632648116478116,7.0988058435972334e-06,0.6032656429410741,False,False
2025-06-10,Z08,11.632653704668543,1.2561181216952377e-05,0.682047787077317,False,False
2025-06-11,Z08,11.63263979616377,-1.6876068720250714e-06,-0.893595095647538,False,False
2025-06-12,Z08,11.632645459053746,4.707913737078684e-06,-0.7360308073750524,False,False
2025-06-13,Z08,11.632655757686363,1.5239397304966928e-05,0.6229611789751353,False,False
2025-06-14,Z08,11.632641352969095,1.3500858919712755e-07,0.18965938622579964,False,False
2025-06-15,Z08,11.632657070429909,1.564222262473436e-05,-0.1254691903191717,False,False
2025-06-16,Z08,11.632639593831243,-2.5585222864776824e-06,0.504787962770771,False,False
2025-06-17,Z08,11.632648525048506,6.278124288883191e-06,1.056262971724471,False,False
2025-06-18,Z08,11.632646983815507,4.3473839497210065e-06,0.012399561919253696,False,False
2025-06-19,Z08,11.632643239262244,2.877472216056276e-07,-0.49968437496632473,False,False
2025-06-20,Z08,11.632644839492103,1.4090387949750038e-06,0.16996385019173937,False,False
2025-06-21,Z08,11.632636375184193,-7.3017265460606495e-06,-0.7360308073750524,False,False
2025-06-22,Z08,11.632655000962586,1.127825168012464e-05,0.18965938622579964,False,False
2025-06-23,Z08,11.632638490782208,-6.098990249725489e-06,0.051790633987375115,False,False
2025-06-24,Z08,11.632653931070932,9.97071319908116e-06,-0.7557263434091135,False,False
2025-06-25,Z08,11.632647237903251,3.1845923658124775e-06,-0.3421200866938391,False,False
2025-06-26,Z08,11.632650874370922,6.787193797208602e-06,-0.26333794255759624,False,False
2025-06-27,Z08,11.632633394496857,-1.1028931703904732e-05,0.780525467247621,False,False
2025-06-28,Z08,11.632636413041606,-7.31379839358226e-06,-0.8148129515112952,False,False
2025-06-29,Z08,11.632642933995333,-5.047895541565595e-07,-0.7360308073750524,False,False
2025-06-30,Z08,11.632640949554895,-2.724177369017866e-06,-0.32242455065977793,False,False
2025-07-01,Z08,11.63265250218144,9.09543111937694e-06,0.6032656429410741,False,False
2025-07-02,Z08,11.632649990899079,5.70943062783158e-06,0.7608299312135598,False,False
2025-07-03,Z08,11.632639221383203,-5.389138346245659e-06,0.3078326024301639,False,False
2025-07-04,Z08,11.632642782831843,-1.6940794687059224e-06,0.7608299312135598,False,False
2025-07-05,Z08,11.632634279438665,-1.0453312874858511e-05,1.1941317239628946,False,False
2025-07-06,Z08,11.632635141591859,-9.301813593154407e-06,0.2093549222598608,False,False
2025-07-07,Z08,11.632633091924369,-1.083319184580489e-05,-0.7360308073750524,False,False
2025-07-08,Z08,11.63263136171032,-1.2666075049239112e-05,-0.026991510148867724,False,False
2025-07-09,Z08,11.63265573492939,1.1787855299871808e-05,-1.2875058163287523,False,False
2025-07-10,Z08,11.632651874114813,7.673092348170485e-06,0.44570135466858846,False,False
2025-07-11,Z08,11.632652119022517,7.979018509018942e-06,-0.4405977668641422,False,False
2025-07-12,Z08,11.632640151814659,-4.398951308104415e-06,0.16996385019173937,False,False
2025-07-13,Z08,11.632637694210247,-6.679647748697448e-06,-0.026991510148867724,False,False
2025-07-14,Z08,11.632644346670903,5.749287765866029e-07,-0.32242455065977793,False,False
2025-07-15,Z08,11.632641327424771,-2.5441074154031185e-06,0.2684415303620425,False,False
2025-07-16,Z08,11.63265428652053,1.0939755181738064e-05,-0.06638258221698914,False,False
2025-07-17,Z08,11.632643935439626,9.891796892702587e-08,-0.5784665191025676,False,False
2025-07-18,Z08,11.632635055160417,-8.62837427995089e-06,-1.0314638478859635,False,False
2025-07-19,Z08,11.632640884473883,-2.401438976562531e-06,0.40631028260046703,False,False
2025-07-20,Z08,11.632651850467553,8.643047639367296e-06,-1.1299415280562666,False,False
2025-07-21,Z08,11.632634116867973,-9.32425112232238e-06,1.8243888770528371,False,False
2025-07-22,Z08,11.632638731587845,-4.634254043622832e-06,1.3123049401672597,False,False
2025-07-23,Z08,11.632644701218068,1.877688669438271e-06,-1.5041567127034197,False,False
2025-07-24,Z08,11.63262985759065,-1.3172953275741861e-05,0.6623522510432567,False,False
2025-07-25,Z08,11.632643020877586,7.927830019127668e-07,1.1744361879288343,False,False
2025-07-26,Z08,11.632645492682023,3.4051549615554677e-06,-0.519379911000385,False,False
2025-07-27,Z08,11.632629412186184,-1.2495951246194181e-05,0.40631028260046703,False,False
2025-07-28,Z08,11.63264160657121,-1.6882253106587086e-07,-0.06638258221698914,False,False
2025-07-29,Z08,11.632649776584978,7.828073583127093e-06,0.7214388591454384,False,False
2025-07-30,Z08,11.632648343074615,6.1664768988833885e-06,-0.3815111587619605,False,False
2025-07-31,Z08,11.632645227143007,2.8040946347118734e-06,1.056262971724471,False,False
2025-08-01,Z08,11.632645765559648,3.5850125552627787e-06,-0.08607811825105029,False,False
2025-08-02,Z08,11.63265444716844,1.2407465995067923e-05,-0.26333794255759624,False,False
2025-08-03,Z08,11.632655463646385,1.2916417764685661e-05,0.682047787077317,False,False
2025-08-04,Z08,11.632633013015345,-9.956907092600886e-06,0.9380897555201058,False,False
2025-08-05,Z08,11.63263805433035,-4.8733779784981834e-06,-2.2525870819977256,False,False
2025-08-06,Z08,11.632647726040098,4.701240488458325e-06,-2.8040620909514256,False,False
2025-08-07,Z08,11.632637832517032,-5.68008643675455e-06,0.38661474656640676,False,False
2025-08-08,Z08,11.63264550221852,1.77392149502964e-06,-0.5981620551366279,False,False
2025-08-09,Z08,11.632645224411291,1.8372046302062017e-06,-1.2481147442606308,False,False
2025-08-10,Z08,11.632643363037474,1.9748759605420219e-07,-0.32242455065977793,False,False
2025-08-11,Z08,11.632633874686656,-8.998997055087443e-06,2.927338894960235,False,False
2025-08-12,Z08,11.632640036446935,-2.627999176496587e-06,-1.2678102802946911,False,False
2025-08-13,Z08,11.632639346587267,-3.3959333993749397e-06,0.9183942194860455,False,False
2025-08-14,Z08,11.632643769766426,1.1939152155804322e-06,-0.696639735306931,False,False
2025-08-15,Z08,11.632633742460028,-8.914802572590474e-06,-1.3859834964990554,False,False
2025-08-16,Z08,11.632642052871848,8.041126342561711e-08,-0.5587709830685065,False,False
2025-08-17,Z08,11.632631309050687,-1.0600657637027666e-05,-1.346592424430934,False,False
2025-08-18,Z08,11.63264431979711,2.5349591101786473e-06,-1.4844611766693594,False,False
2025-08-19,Z08,11.632642957476456,1.0581276814747298e-06,-0.6572486632388096,False,False
2025-08-20,Z08,11.632640948156071,-6.547596651529375e-07,-1.0314638478859635,False,False
2025-08-21,Z08,11.63265359886929,1.176824394910625e-05,-0.08607811825105029,False,False
2025-08-22,Z08,11.632631881383658,-1.0444817730714817e-05,0.2093549222598608,False,False
2025-08-23,Z08,11.632641366252466,-5.3262110988328e-07,-0.7163352713409922,False,False
2025-08-24,Z08,11.63264207304055,-2.094550843878551e-07,0.6623522510432567,False,False
2025-08-25,Z08,11.632642304086009,5.318494089578962e-08,-0.5981620551366279,False,False
2025-08-26,Z08,11.632647326027307,5.181412772614635e-06,-0.10577365428511057,False,False
2025-08-27,Z08,11.6326411662168,-1.575525773844788e-06,-2.0753272576911796,False,False
2025-08-28,Z08,11.6326446145871,1.8875230090031891e-06,0.13057277812361795,False,False
2025-08-29,Z08,11.632643717365125,1.1623676297034535e-06,2.277386205836234,False,False
2025-08-30,Z08,11.632647808934287,5.408127107031646e-06,0.8396120753498026,False,False
2025-08-31,Z08,11.632640663553948,-1.8233129406297621e-06,-0.1254691903191717,False,False
2025-09-01,Z08,11.632628257859322,-1.4058940710270917e-05,-1.0905504559881452,False,False
2025-09-02,Z08,11.632642146330843,7.025077835010052e-07,1.6668245887803514,False,False
2025-09-03,Z08,11.632649331479888,8.331567343589086e-06,-0.10577365428511057,False,False
2025-09-04,Z08,11.632641002221183,-5.416401780422575e-07,-0.6178575911706891,False,False
2025-09-05,Z08,11.632631536708537,-1.0105415851668909e-05,-0.5784665191025676,False,False
2025-09-06,Z08,11.632642000467087,8.979870838032866e-07,2.1001263815296864,False,False
2025-09-07,Z08,11.632628070170172,-1.3171241500131714e-05,-0.06638258221698914,False,False
2025-09-08,Z08,11.632638912803522,-1.7475398728095115e-06,0.504787962770771,False,False
2025-09-09,Z08,11.632642872521432,2.4225649646325564e-06,-0.145164726353232,False,False
2025-09-10,Z08,11.632629350723379,-1.1082882554802609e-05,-0.007295974114807452,False,False
2025-09-11,Z08,11.632641775639058,1.4928319007623259e-06,-0.36181562272789936,False,False
2025-09-12,Z08,11.63264873772614,8.396945910149611e-06,1.4501736924056834,False,False
2025-09-13,Z08,11.632630082029767,-1.0571788424229567e-05,0.09118170605549654,False,False
2025-09-14,Z08,11.632631893033436,-8.30452686706451e-06,-1.3268968883968737,False,False
2025-09-15,Z08,11.63262897511182,-1.1160800928777803e-05,0.44570135466858846,False,False
2025-09-16,Z08,11.632637866699222,-1.8332881932536793e-06,-0.06638258221698914,False,False
2025-09-17,Z08,11.632647128253252,7.209677551855975e-06,0.42600581863452813,False,False
2025-09-18,Z08,11.632651158855278,1.1146664373740123e-05,-0.2830334785916565,False,False
2025-09-19,Z08,11.632645015654939,4.730084739890117e-06,-0.47998883893226363,False,False
2025-09-20,Z08,11.632639419158613,-1.001994881733026e-06,0.9380897555201058,False,False
2025-09-21,Z08,11.632657519640098,1.7571143626327057e-05,1.8834754851550197,False,False
2025-09-22,Z08,11.632648881384167,8.078279149614787e-06,-1.7798942171802696,False,False
2025-09-23,Z08,11.632638662258522,-2.3913508879758183e-06,0.13057277812361795,False,False
2025-09-24,Z08,11.632626734850007,-1.4205066667827282e-05,-0.47998883893226363,False,False
2025-09-25,Z08,11.632623198636995,-1.722230514644707e-05,-0.8542040235794166,False,False
2025-09-26,Z08,11.632637973560565,-1.6431352332091365e-06,-2.0753272576911796,False,False
2025-09-27,Z08,11.632639893946385,3.8367246268933286e-07,0.40631028260046703,False,False
2025-09-28,Z08,11.632641272868746,1.919949513151664e-06,-0.42090223083008194,False,False
2025-09-29,Z08,11.632628306842035,-1.0964593986528826e-05,-0.47998883893226363,False,False
2025-09-30,Z08,11.632641620291306,2.9989250265316514e-06,1.2335227960310169,False,False
2025-10-01,Z08,11.632648017242763,9.363985240540273e-06,-0.3815111587619605,False,False
2025-10-02,Z08,11.632646501873541,7.189969903009796e-06,-0.42090223083008194,False,False
2025-10-03,Z08,11.632654547003758,1.508991536347537e-05,-1.2678102802946911,False,False
2025-10-04,Z08,11.6326498239877,1.019304851013203e-05,-0.8345084875453563,False,False
2025-10-05,Z08,11.63262447812574,-1.5446872335900252e-05,1.4895647644738057,False,False
2025-10-06,Z08,11.632648086350613,8.396638632390818e-06,0.6623522510432567,False,False
2025-10-07,Z08,11.63264896917621,9.076601443780419e-06,1.3123049401672597,False,False
2025-10-08,Z08,11.632661216598075,2.062738977492984e-05,-0.7754218794431738,False,False
2025-10-09,Z08,11.632641025307347,-3.073607732773098e-07,0.40631028260046703,False,False
2025-10-10,Z08,11.632643863161594,2.5920672772627995e-06,1.0759585077585312,False,False
2025-10-11,Z08,11.632655025046077,1.327020381935995e-05,0.6229611789751353,False,False
2025-10-12,Z08,11.632625687308963,-1.6509180193580164e-05,1.607737980678169,False,False
2025-10-13,Z08,11.632652502988378,1.1074846460346066e-05,0.44570135466858846,False,False
2025-10-14,Z08,11.632642197439514,2.1932308413852297e-08,0.051790633987375115,False,False
2025-10-15,Z08,11.632635790346066,-6.728641341879893e-06,-2.2722826180317868,False,False
2025-10-16,Z08,11.632634241524707,-8.504637174056029e-06,0.46539689070264956,False,False
2025-10-17,Z08,11.63263477365401,-7.851668723191096e-06,0.6426567150091955,False,False
2025-10-18,Z08,11.632641316701916,-8.968008415877193e-07,1.1744361879288343,False,False
2025-10-19,Z08,11.632645093599725,3.2081687475482568e-06,-0.7360308073750524,False,False
2025-10-20,Z08,11.632644311505276,2.4234761379915426e-06,0.012399561919253696,False,False
2025-10-21,Z08,11.632632336310564,-9.71479679456877e-06,-1.5238522487374808,False,False
2025-10-22,Z08,11.632621042033598,-2.0169629443955728e-05,-1.543547784771541,False,False
2025-10-23,Z08,11.632644672457044,4.388772355312653e-06,0.5638745708729527,False,False
2025-10-24,Z08,11.632655402939122,1.4918914480688272e-05,1.2926094041331995,False,False
2025-10-25,Z08,11.632644571188782,3.1315611721538517e-06,1.33200047620132,False,False
2025-10-26,Z08,11.632651044351803,8.89230580014555e-06,0.4850924267367098,False,False
2025-10-27,Z08,11.632644544901007,1.957161961385623e-06,2.060735309461566,False,False
2025-10-28,Z08,11.632616743859368,-2.599891149834832e-05,-0.3421200866938391,False,False
2025-10-29,Z08,11.632637627031988,-4.298105231725913e-06,0.9380897555201058,False,False
2025-10-30,Z08,11.632639561036411,-2.6747738068877425e-06,-1.2481147442606308,False,False
2025-10-31,Z08,11.632641241621142,-9.255472477320836e-07,-3.040408523360154,False,False
2025-11-01,Z08,11.632648707791002,6.766476666086874e-06,-0.42090223083008194,False,False
2025-11-02,Z08,11.632639623800682,-2.3910442354946326e-06,-0.06638258221698914,False,False
2025-11-03,Z08,11.632638509994544,-3.007410269262323e-06,0.28813706639610365,False,False
2025-11-04,Z08,11.632652737731606,1.1597459897316753e-05,-0.1254691903191717,False,False
2025-11-05,Z08,11.632622873035064,-1.9209223507843376e-05,0.40631028260046703,False,False
2025-11-06,Z08,11.632623412311714,-1.782950300643904e-05,1.7653022689506546,False,False
2025-11-07,Z08,11.632664473983672,2.4084064435214714e-05,0.780525467247621,False,False
2025-11-08,Z08,11.63262723171422,-1.3266784534948783e-05,-0.696639735306931,False,False
2025-11-09,Z08,11.632638612467217,-1.4262451006885613e-06,-2.4298469063042725,False,False
2025-11-10,Z08,11.632630804495298,-9.0591938750606e-06,-1.0117683118519023,False,False
2025-11-11,Z08,11.632614966224725,-2.4090112754393544e-05,1.3713915482694405,False,False
2025-11-12,Z08,11.632622455669814,-1.624329819094328e-05,-0.4405977668641422,False,False
2025-11-13,Z08,11.632655041266721,1.7343876001163494e-05,0.7214388591454384,False,False
2025-11-14,Z08,11.632622262679007,-1.586283928745047e-05,0.682047787077317,False,False
2025-11-15,Z08,11.632652215505718,1.4540909660354373e-05,-0.007295974114807452,False,False
2025-11-16,Z08,11.632634930082762,-3.343645996523037e-06,-0.026991510148867724,False,False
2025-11-17,Z08,11.632630828384537,-7.4505585150319575e-06,-0.5981620551366279,False,False
2025-11-18,Z08,11.632632459982565,-5.46934990630632e-06,2.237995133768112,False,False
2025-11-19,Z08,11.632637931077708,4.2286580992367817e-07,-0.893595095647538,False,False
2025-11-20,Z08,11.632620643644566,-1.665188641375437e-05,1.154740651894774,False,False
2025-11-21,Z08,11.63266318207942,2.627630397356029e-05,0.8790031474179232,False,False
2025-11-22,Z08,11.632639512592965,1.2021493223102198e-06,0.6623522510432567,False,False
2025-11-23,Z08,11.632652515960624,1.4377512449925689e-05,-0.06638258221698914,False,False
2025-11-24,Z08,11.632624884931625,-1.3157283930809172e-05,-1.4056790325331165,False,False
2025-11-25,Z08,11.632656198411182,1.8812404197987576e-05,-1.0708549199540849,False,False
2025-11-26,Z08,11.63265631730938,1.8759500415299613e-05,-0.7163352713409922,False,False
2025-11-27,Z08,11.632645208941865,7.258719291414195e-06,0.40631028260046703,False,False
2025-11-28,Z08,11.632646053235389,7.1541767301397385e-06,0.9380897555201058,False,False
2025-11-29,Z08,11.632662589603521,2.340967141556405e-05,0.3669192105323456,False,False
2025-11-30,Z08,11.632645376564641,5.429013631541579e-06,0.3078326024301639,False,False
2025-12-01,Z08,11.632623037579505,-1.704780295419539e-05,1.0759585077585312,False,False
2025-12-02,Z08,11.632645382842053,6.153133311315173e-06,-1.996545113554937,False,False
2025-12-03,Z08,11.632641127809418,1.7061326289535828e-06,-2.114718329759301,False,False
2025-12-04,Z08,11.632625127956988,-1.4380980294603773e-05,-1.4647656406352982,False,False
2025-12-05,Z08,11.632651203989637,1.2615378174984926e-05,0.957785291554166,False,False
2025-12-06,Z08,11.632631884176032,-7.648800583126558e-06,-1.9177629694186942,False,False
2025-12-07,Z08,11.632632134487912,-7.680884181127112e-06,0.051790633987375115,False,False
2025-12-08,Z08,11.632639629322487,8.91933586544269e-07,-0.8542040235794166,False,False
2025-12-09,Z08,11.632640786845705,1.6362031942662725e-06,0.2093549222598608,False,False
2025-12-10,Z08,11.632617674233495,-2.1548888296862856e-05,-0.08607811825105029,False,False
2025-12-11,Z08,11.632616390564724,-2.2394881675324996e-05,0.3078326024301639,False,False
2025-12-12,Z08,11.632641379460082,2.5465356845444376e-06,-0.3421200866938391,False,False
2025-12-13,Z08,11.63266001409312,2.055037571224716e-05,0.7411343951794995,False,False
2025-12-14,Z08,11.632644940789492,5.311311204181379e-06,1.4895647644738057,False,False
2025-12-15,Z08,11.63261324084807,-2.714456723396097e-05,1.2926094041331995,False,False
2025-12-16,Z08,11.632622241531173,-1.6844728873977033e-05,-0.30272901462571766,False,False
2025-12-17,Z08,11.632650448689773,1.178538144408492e-05,-0.7951174154772349,False,False
2025-12-18,Z08,11.632630020664276,-9.296654228663215e-06,0.2487459943279822,False,False
2025-12-19,Z08,11.632624778596421,-1.4457411474211312e-05,2.0016487013593833,False,False
2025-12-20,Z08,11.632649434892722,1.0637300871252364e-05,-0.007295974114807452,False,False
2025-12-21,Z08,11.632638575120021,-1.1821801031430823e-06,0.8790031474179232,False,False
2025-12-22,Z08,11.632671158529476,3.2221461333747925e-05,0.8199165393157424,False,False
2025-12-23,Z08,11.63265705899017,1.706705747572812e-05,0.8199165393157424,False,False
2025-12-24,Z08,11.632641121689389,9.78322377775953e-07,1.3123049401672597,False,False
2025-12-25,Z08,11.632616484822487,-2.4199769784516434e-05,-1.2481147442606308,False,False
2025-12-26,Z08,11.632623311381764,-1.6049424216291186e-05,-0.893595095647538,False,False
2025-12-27,Z08,11.632616962260172,-2.129834822106602e-05,0.09118170605549654,False,False
2025-12-28,Z08,11.632619660146116,-1.7658906221740267e-05,1.2729138680991374,False,False
2025-12-29,Z08,11.632644647046833,8.20776413945623e-06,1.2532183320650772,False,False
2025-12-30,Z08,11.632666939792369,3.10985948974718e-05,0.012399561919253696,False,False
2025-12-31,Z08,11.632630853494867,-5.706476862599175e-06,1.0365674356904089,False,False
