date,zone_id,population_est,billed_consumption_liters,production_volume_liters,avg_pressure_bar
2023-01-01,Z01,48000,4532180,5085205,3.47
2023-01-02,Z01,48000,4028075,4519588,3.59
2023-01-03,Z01,48000,3782594,4244154,3.45
2023-01-04,Z01,48000,3927612,4406867,2.91
2023-01-05,Z01,48000,4102327,4602901,4.27
2023-01-06,Z01,48000,3880766,4354305,2.92
2023-01-07,Z01,48000,4217635,4732279,2.63
2023-01-08,Z01,48000,4595925,5156728,2.91
2023-01-09,Z01,48000,3902317,4378485,3.84
2023-01-10,Z01,48000,3758095,4216665,3.47
2023-01-11,Z01,48000,4104093,4604882,3.21
2023-01-12,Z01,48000,3680026,4129070,3.86
2023-01-13,Z01,48000,3763479,4222705,3.77
2023-01-14,Z01,48000,4088606,4587506,2.45
2023-01-15,Z01,48000,4329134,4857383,3.86
2023-01-16,Z01,48000,3818926,4284919,4.19
2023-01-17,Z01,48000,3525574,3955771,3.54
2023-01-18,Z01,48000,3898343,4374026,3.48
2023-01-19,Z01,48000,4024263,4515311,4.55
2023-01-20,Z01,48000,3691428,4141863,3.25
2023-01-21,Z01,48000,4431004,4971683,3.52
2023-01-22,Z01,48000,3987372,4473919,3.77
2023-01-23,Z01,48000,3730282,4185458,3.62
2023-01-24,Z01,48000,3719579,4173449,3.46
2023-01-25,Z01,48000,4052116,4546563,3.64
2023-01-26,Z01,48000,4364701,4897290,4.38
2023-01-27,Z01,48000,3966087,4450036,4.0
2023-01-28,Z01,48000,4509909,5060216,3.56
2023-01-29,Z01,48000,4071604,4568429,3.17
2023-01-30,Z01,48000,4104313,4605129,3.23
2023-01-31,Z01,48000,4177508,4687256,4.08
2023-02-01,Z01,48000,4028647,4520230,2.8
2023-02-02,Z01,48000,3845873,4315153,4.8
2023-02-03,Z01,48000,4194340,4706141,3.58
2023-02-04,Z01,48000,4617852,5181331,2.91
2023-02-05,Z01,48000,4357916,4889678,3.69
2023-02-06,Z01,48000,4228839,4744850,3.2
2023-02-07,Z01,48000,3899822,4375686,3.39
2023-02-08,Z01,48000,4211477,4725370,2.84
2023-02-09,Z01,48000,3821824,4288171,3.48
2023-02-10,Z01,48000,3830454,4297853,2.54
2023-02-11,Z01,48000,4342423,4872293,3.3
2023-02-12,Z01,48000,4556188,5112143,3.19
2023-02-13,Z01,48000,4060203,4555637,3.35
2023-02-14,Z01,48000,3995338,4482857,3.22
2023-02-15,Z01,48000,4073183,4570201,3.62
2023-02-16,Z01,48000,4006582,4495473,4.04
2023-02-17,Z01,48000,3924951,4403881,3.78
2023-02-18,Z01,48000,4545534,5100189,4.25
2023-02-19,Z01,48000,4677278,5248009,3.35
2023-02-20,Z01,48000,4048982,4543046,3.76
2023-02-21,Z01,48000,4101241,4601682,3.78
2023-02-22,Z01,48000,4313887,4840275,4.18
2023-02-23,Z01,48000,4366221,4898996,3.23
2023-02-24,Z01,48000,4200071,4712572,3.99
2023-02-25,Z01,48000,5069610,5688214,3.17
2023-02-26,Z01,48000,4937212,5539660,3.32
2023-02-27,Z01,48000,4503748,5053304,3.42
2023-02-28,Z01,48000,4269069,4789989,3.83
2023-03-01,Z01,48000,4516558,5067678,3.06
2023-03-02,Z01,48000,4266308,4786891,3.13
2023-03-03,Z01,48000,4628376,5193139,3.28
2023-03-04,Z01,48000,4985251,5593561,3.62
2023-03-05,Z01,48000,4693665,5266395,3.13
2023-03-06,Z01,48000,4446321,4988869,3.73
2023-03-07,Z01,48000,4752795,5332740,3.42
2023-03-08,Z01,48000,4426793,4966959,3.93
2023-03-09,Z01,48000,4466180,5011152,3.63
2023-03-10,Z01,48000,4964668,5570467,4.48
2023-03-11,Z01,48000,5305854,5953284,3.66
2023-03-12,Z01,48000,4950131,5554156,2.99
2023-03-13,Z01,48000,4562416,5119131,3.49
2023-03-14,Z01,48000,4915786,5515620,3.61
2023-03-15,Z01,48000,4575272,5133555,3.15
2023-03-16,Z01,48000,4907989,5506872,4.36
2023-03-17,Z01,48000,4979962,5587627,3.45
2023-03-18,Z01,48000,5057163,5674248,3.28
2023-03-19,Z01,48000,5168152,5798780,3.69
2023-03-20,Z01,48000,4763874,5345171,3.15
2023-03-21,Z01,48000,4759604,5340380,4.08
2023-03-22,Z01,48000,5049574,5955887,3.98
2023-03-23,Z01,48000,4893585,5771901,3.67
2023-03-24,Z01,48000,5087097,6000145,3.9
2023-03-25,Z01,48000,5518174,6508593,3.35
2023-03-26,Z01,48000,5619982,6628674,2.85
2023-03-27,Z01,48000,4797615,5658706,3.44
2023-03-28,Z01,48000,5277420,6224627,3.35
2023-03-29,Z01,48000,4939098,5825582,2.58
2023-03-30,Z01,48000,5447930,6425741,3.07
2023-03-31,Z01,48000,5253108,6195952,2.98
2023-04-01,Z01,48000,5996045,7072234,3.07
2023-04-02,Z01,48000,6046275,7131479,4.27
2023-04-03,Z01,48000,5112478,6030081,3.86
2023-04-04,Z01,48000,5760725,6794678,4.08
2023-04-05,Z01,48000,5219389,5856269,3.85
2023-04-06,Z01,48000,5102174,5724751,4.14
2023-04-07,Z01,48000,5488818,6158574,3.61
2023-04-08,Z01,48000,6292813,7060674,4.36
2023-04-09,Z01,48000,5789975,6496479,2.98
2023-04-10,Z01,48000,5772343,6476695,3.57
2023-04-11,Z01,48000,5259106,5900832,3.09
2023-04-12,Z01,48000,5659869,6350497,4.22
2023-04-13,Z01,48000,5865056,6580722,3.81
2023-04-14,Z01,48000,5416507,6077439,4.19
2023-04-15,Z01,48000,6353374,7128625,2.9
2023-04-16,Z01,48000,6309154,7079009,3.3
2023-04-17,Z01,48000,6021580,6756344,2.71
2023-04-18,Z01,48000,5573557,6253653,3.78
2023-04-19,Z01,48000,5722738,6421038,3.39
2023-04-20,Z01,48000,5792841,6499694,3.98
2023-04-21,Z01,48000,6292373,7060181,3.62
2023-04-22,Z01,48000,6100539,6844939,2.53
2023-04-23,Z01,48000,6774139,7600733,2.77
2023-04-24,Z01,48000,6038099,6774879,3.64
2023-04-25,Z01,48000,6139898,6889100,3.83
2023-04-26,Z01,48000,6183357,6937862,2.49
2023-04-27,Z01,48000,6197692,6953946,3.56
2023-04-28,Z01,48000,6120274,6867081,3.09
2023-04-29,Z01,48000,6900578,7742600,3.04
2023-04-30,Z01,48000,7323946,8217628,3.27
2023-05-01,Z01,48000,5709772,6406489,3.66
2023-05-02,Z01,48000,6625194,7433613,3.25
2023-05-03,Z01,48000,6983094,7835184,2.61
2023-05-04,Z01,48000,5954012,6680532,3.66
2023-05-05,Z01,48000,6409287,7191360,3.42
2023-05-06,Z01,48000,7546995,8467893,3.13
2023-05-07,Z01,48000,7062076,7923804,3.45
2023-05-08,Z01,48000,6718671,7538496,3.43
2023-05-09,Z01,48000,6435737,7221038,3.62
2023-05-10,Z01,48000,5825995,6536894,3.48
2023-05-11,Z01,48000,6830334,7663785,3.68
2023-05-12,Z01,48000,6902736,7745022,3.58
2023-05-13,Z01,48000,7711619,8652605,4.01
2023-05-14,Z01,48000,7044557,7904147,4.39
2023-05-15,Z01,48000,6599616,7404913,3.59
2023-05-16,Z01,48000,6953575,7802064,3.29
2023-05-17,Z01,48000,7111858,7979661,2.88
2023-05-18,Z01,48000,7439677,8347481,3.92
2023-05-19,Z01,48000,6731919,7553361,3.15
2023-05-20,Z01,48000,7394803,8297131,4.77
2023-05-21,Z01,48000,8325149,9340999,4.99
2023-05-22,Z01,48000,6644216,7454956,3.49
2023-05-23,Z01,48000,7058426,7919709,2.77
2023-05-24,Z01,48000,6869640,7707886,3.93
2023-05-25,Z01,48000,7313025,8205375,4.65
2023-05-26,Z01,48000,7132541,8002868,2.94
2023-05-27,Z01,48000,7403167,8306516,4.55
2023-05-28,Z01,48000,7855960,8814559,2.68
2023-05-29,Z01,48000,6919563,7763901,2.87
2023-05-30,Z01,48000,7216307,8096854,3.75
2023-05-31,Z01,48000,7375141,8275070,4.11
2023-06-01,Z01,48000,7482532,8395565,3.57
2023-06-02,Z01,48000,7285844,8174877,3.82
2023-06-03,Z01,48000,7714629,8655983,4.15
2023-06-04,Z01,48000,8028377,9008015,4.21
2023-06-05,Z01,48000,7026752,7884170,3.29
2023-06-06,Z01,48000,6905924,7748598,3.17
2023-06-07,Z01,48000,7789761,8740282,4.13
2023-06-08,Z01,48000,7467720,8378945,3.83
2023-06-09,Z01,48000,7590257,8516435,3.89
2023-06-10,Z01,48000,7761224,8708263,3.27
2023-06-11,Z01,48000,8342916,9360935,3.92
2023-06-12,Z01,48000,7146021,8017992,3.05
2023-06-13,Z01,48000,7343181,8239210,3.72
2023-06-14,Z01,48000,7801827,8753821,3.66
2023-06-15,Z01,48000,7611783,8540588,3.66
2023-06-16,Z01,48000,7628020,8558805,3.99
2023-06-17,Z01,48000,8265317,9273866,3.09
2023-06-18,Z01,48000,8389772,9413509,3.94
2023-06-19,Z01,48000,7855148,8813648,3.61
2023-06-20,Z01,48000,7854041,8812406,3.2
2023-06-21,Z01,48000,7791236,8741938,2.94
2023-06-22,Z01,48000,7519914,8437508,4.54
2023-06-23,Z01,48000,7615323,8544559,3.57
2023-06-24,Z01,48000,8623741,9676026,3.42
2023-06-25,Z01,48000,8136399,9129218,3.03
2023-06-26,Z01,48000,7727189,8670076,4.14
2023-06-27,Z01,48000,8170463,9167439,4.11
2023-06-28,Z01,48000,7818474,8772499,4.01
2023-06-29,Z01,48000,7380302,8280861,3.57
2023-06-30,Z01,48000,7031694,7889715,3.98
2023-07-01,Z01,48000,8888794,9973422,3.19
2023-07-02,Z01,48000,8857899,9938757,3.71
2023-07-03,Z01,48000,7907689,8872600,3.57
2023-07-04,Z01,48000,8199606,9200137,3.73
2023-07-05,Z01,48000,8373633,9395400,2.69
2023-07-06,Z01,48000,8081154,9067232,4.53
2023-07-07,Z01,48000,7458393,8368480,4.41
2023-07-08,Z01,48000,9410394,10558669,3.02
2023-07-09,Z01,48000,8565412,9610580,3.89
2023-07-10,Z01,48000,7807056,8759688,2.86
2023-07-11,Z01,48000,7993978,8969419,3.64
2023-07-12,Z01,48000,8082308,9068527,2.5
2023-07-13,Z01,48000,8075121,9060463,3.45
2023-07-14,Z01,48000,8260406,9268357,3.36
2023-07-15,Z01,48000,8406707,9432509,4.18
2023-07-16,Z01,48000,8798055,9871610,4.43
2023-07-17,Z01,48000,8528496,9569159,4.45
2023-07-18,Z01,48000,7781131,8730600,4.18
2023-07-19,Z01,48000,8609681,9660251,3.64
2023-07-20,Z01,48000,7984815,8959138,3.79
2023-07-21,Z01,48000,8509838,9548224,3.79
2023-07-22,Z01,48000,8342913,9360931,3.01
2023-07-23,Z01,48000,8952034,10044378,4.17
2023-07-24,Z01,48000,7595627,8522460,3.95
2023-07-25,Z01,48000,7835228,8791297,3.97
2023-07-26,Z01,48000,8067277,9051662,2.46
2023-07-27,Z01,48000,7981112,8954982,3.83
2023-07-28,Z01,48000,8834586,9912599,4.1
2023-07-29,Z01,48000,8955351,10048101,3.59
2023-07-30,Z01,48000,8456697,9488600,3.35
2023-07-31,Z01,48000,8124153,9115478,2.92
2023-08-01,Z01,48000,7777956,8727037,2.88
2023-08-02,Z01,48000,8266554,9275255,3.68
2023-08-03,Z01,48000,7503041,8418577,3.48
2023-08-04,Z01,48000,7930637,8898349,3.48
2023-08-05,Z01,48000,8376451,9398562,4.36
2023-08-06,Z01,48000,8410400,9436654,2.97
2023-08-07,Z01,48000,8326771,9342820,3.43
2023-08-08,Z01,48000,7441345,8349352,4.45
2023-08-09,Z01,48000,7711642,8652631,3.44
2023-08-10,Z01,48000,7365911,8264714,3.63
2023-08-11,Z01,48000,6972913,7823761,3.51
2023-08-12,Z01,48000,8199982,9200560,3.95
2023-08-13,Z01,48000,8718384,9782218,2.57
2023-08-14,Z01,48000,7706753,8647145,3.5
2023-08-15,Z01,48000,7695991,8635070,3.63
2023-08-16,Z01,48000,7894859,8858205,3.1
2023-08-17,Z01,48000,7305759,8197222,3.77
2023-08-18,Z01,48000,8014649,8992612,3.99
2023-08-19,Z01,48000,8292920,9304838,3.83
2023-08-20,Z01,48000,7776063,8724913,4.49
2023-08-21,Z01,48000,7572323,8496312,3.38
2023-08-22,Z01,48000,7596552,8523498,3.85
2023-08-23,Z01,48000,6747863,7571251,3.84
2023-08-24,Z01,48000,7707485,8647968,3.48
2023-08-25,Z01,48000,7573153,8497244,4.17
2023-08-26,Z01,48000,8126404,9118003,3.74
2023-08-27,Z01,48000,7755817,8702197,3.0
2023-08-28,Z01,48000,7463400,8374098,3.98
2023-08-29,Z01,48000,7800837,8752711,3.35
2023-08-30,Z01,48000,7156503,8029753,3.44
2023-08-31,Z01,48000,7167835,8042468,3.48
2023-09-01,Z01,48000,7253911,8139048,3.97
2023-09-02,Z01,48000,8316180,9330937,4.14
2023-09-03,Z01,48000,8135927,9128689,3.52
2023-09-04,Z01,48000,7097565,7963624,3.49
2023-09-05,Z01,48000,7372496,8272102,2.58
2023-09-06,Z01,48000,7104635,7971557,3.25
2023-09-07,Z01,48000,7222008,8103252,3.13
2023-09-08,Z01,48000,7350206,8247092,3.76
2023-09-09,Z01,48000,8293929,9305971,3.55
2023-09-10,Z01,48000,7830035,8785471,3.15
2023-09-11,Z01,48000,7526917,8445366,3.68
2023-09-12,Z01,48000,7101318,7967835,3.57
2023-09-13,Z01,48000,6955631,7804370,2.33
2023-09-14,Z01,48000,6917739,7761855,4.15
2023-09-15,Z01,48000,6433417,7218435,4.11
2023-09-16,Z01,48000,7875103,8836039,3.48
2023-09-17,Z01,48000,7119450,7988179,3.78
2023-09-18,Z01,48000,7021766,7878575,3.44
2023-09-19,Z01,48000,7048480,7908549,2.8
2023-09-20,Z01,48000,6772886,7599326,4.68
2023-09-21,Z01,48000,6174740,6928194,3.97
2023-09-22,Z01,48000,6437046,7222507,4.07
2023-09-23,Z01,48000,7212070,8092100,3.46
2023-09-24,Z01,48000,7512232,8428889,4.16
2023-09-25,Z01,48000,6589390,7393440,2.91
2023-09-26,Z01,48000,6575919,7378326,3.48
2023-09-27,Z01,48000,6204223,6961274,3.97
2023-09-28,Z01,48000,6873105,7711774,3.29
2023-09-29,Z01,48000,6581740,7384857,4.06
2023-09-30,Z01,48000,7194304,8072167,3.75
2023-10-01,Z01,48000,7272101,8159457,3.7
2023-10-02,Z01,48000,5941889,6666929,3.24
2023-10-03,Z01,48000,6148397,6898636,3.8
2023-10-04,Z01,48000,6116247,6862563,4.57
2023-10-05,Z01,48000,6015305,6749304,3.69
2023-10-06,Z01,48000,6345200,7119453,3.88
2023-10-07,Z01,48000,6629771,7438748,3.95
2023-10-08,Z01,48000,6724543,7545085,3.03
2023-10-09,Z01,48000,5857980,6572782,3.53
2023-10-10,Z01,48000,6633048,7442426,3.52
2023-10-11,Z01,48000,5933897,6657963,2.54
2023-10-12,Z01,48000,6079449,6821275,3.99
2023-10-13,Z01,48000,6190452,6945823,3.13
2023-10-14,Z01,48000,6335553,7108630,3.94
2023-10-15,Z01,48000,6473428,7263328,3.22
2023-10-16,Z01,48000,5425892,6087970,4.62
2023-10-17,Z01,48000,5348349,6000965,3.46
2023-10-18,Z01,48000,5609533,6294019,4.56
2023-10-19,Z01,48000,5471407,6139039,3.51
2023-10-20,Z01,48000,5564116,6243060,3.57
2023-10-21,Z01,48000,5949821,6675830,4.38
2023-10-22,Z01,48000,6357061,7132762,3.14
2023-10-23,Z01,48000,5474110,6142071,3.62
2023-10-24,Z01,48000,5557070,6235154,3.87
2023-10-25,Z01,48000,5774216,6478797,3.8
2023-10-26,Z01,48000,5401384,6060471,3.62
2023-10-27,Z01,48000,5244435,5884371,3.55
2023-10-28,Z01,48000,6095254,6839008,4.02
2023-10-29,Z01,48000,5636548,6324330,3.69
2023-10-30,Z01,48000,5354534,6007904,4.08
2023-10-31,Z01,48000,5624429,6310733,3.8
2023-11-01,Z01,48000,5072635,5691608,3.93
2023-11-02,Z01,48000,4910625,5509829,4.17
2023-11-03,Z01,48000,5392305,6050284,3.44
2023-11-04,Z01,48000,5733450,6433056,4.15
2023-11-05,Z01,48000,5408079,6067983,3.52
2023-11-06,Z01,48000,5323745,5973358,2.9
2023-11-07,Z01,48000,5375343,6031252,3.44
2023-11-08,Z01,48000,4888837,5485382,3.24
2023-11-09,Z01,48000,4610155,5172695,3.79
2023-11-10,Z01,48000,4710533,5285321,3.46
2023-11-11,Z01,48000,5485706,6155083,3.66
2023-11-12,Z01,48000,5667471,6359027,4.11
2023-11-13,Z01,48000,4964430,5570199,4.34
2023-11-14,Z01,48000,4579295,5138069,3.75
2023-11-15,Z01,48000,4824370,5413048,4.14
2023-11-16,Z01,48000,4798494,5384016,3.51
2023-11-17,Z01,48000,4727677,5304558,2.82
2023-11-18,Z01,48000,5195897,5829910,3.01
2023-11-19,Z01,48000,4898585,5496320,3.5
2023-11-20,Z01,48000,4601043,5162471,4.0
2023-11-21,Z01,48000,4807059,5393625,3.5
2023-11-22,Z01,48000,4816924,5404694,4.19
2023-11-23,Z01,48000,4512741,5063394,4.52
2023-11-24,Z01,48000,4494250,5042647,3.16
2023-11-25,Z01,48000,4598875,5160039,4.66
2023-11-26,Z01,48000,5012501,5624135,2.78
2023-11-27,Z01,48000,4059545,4554899,4.52
2023-11-28,Z01,48000,4727462,5304317,3.58
2023-11-29,Z01,48000,4249638,4768187,3.48
2023-11-30,Z01,48000,4675855,5246411,3.6
2023-12-01,Z01,48000,4346175,4876503,3.2
2023-12-02,Z01,48000,4992121,5601269,4.35
2023-12-03,Z01,48000,4675029,5245486,3.25
2023-12-04,Z01,48000,4508210,5058310,3.32
2023-12-05,Z01,48000,4356374,4887948,2.91
2023-12-06,Z01,48000,4483541,5030632,3.23
2023-12-07,Z01,48000,4476963,5023251,3.25
2023-12-08,Z01,48000,4361201,4893363,3.22
2023-12-09,Z01,48000,4965908,5571858,3.51
2023-12-10,Z01,48000,4559998,5116418,3.04
2023-12-11,Z01,48000,4314736,4841228,4.4
2023-12-12,Z01,48000,4337985,4867314,3.52
2023-12-13,Z01,48000,4227484,4743329,3.79
2023-12-14,Z01,48000,3985248,4471536,4.03
2023-12-15,Z01,48000,4458318,5002331,4.61
2023-12-16,Z01,48000,4951119,5555264,4.05
2023-12-17,Z01,48000,4670306,5240185,3.48
2023-12-18,Z01,48000,3848202,4317767,3.06
2023-12-19,Z01,48000,3881069,4354645,3.77
2023-12-20,Z01,48000,4205791,4718989,4.13
2023-12-21,Z01,48000,4268404,4789243,3.67
2023-12-22,Z01,48000,3980182,4465852,3.63
2023-12-23,Z01,48000,4700636,5274216,3.71
2023-12-24,Z01,48000,4301371,4826233,2.67
2023-12-25,Z01,48000,3837346,4305587,3.67
2023-12-26,Z01,48000,4145688,4651553,3.97
2023-12-27,Z01,48000,3994831,4482288,3.58
2023-12-28,Z01,48000,3844769,4313915,4.16
2023-12-29,Z01,48000,4009593,4498851,4.18
2023-12-30,Z01,48000,4321107,4848376,3.35
2023-12-31,Z01,48000,4440789,4982663,3.82
2024-01-01,Z01,48000,3770128,4230166,3.62
2024-01-02,Z01,48000,3839160,4307622,2.59
2024-01-03,Z01,48000,3932477,4412325,3.51
2024-01-04,Z01,48000,4176635,4686276,3.08
2024-01-05,Z01,48000,3890050,4364722,3.67
2024-01-06,Z01,48000,4467890,5013071,3.94
2024-01-07,Z01,48000,4231476,4747809,3.49
2024-01-08,Z01,48000,4129134,4632979,3.15
2024-01-09,Z01,48000,3992088,4479210,3.72
2024-01-10,Z01,48000,3624456,4066719,4.82
2024-01-11,Z01,48000,3814142,4279551,2.51
2024-01-12,Z01,48000,4218156,4732863,3.72
2024-01-13,Z01,48000,4221631,4736762,3.33
2024-01-14,Z01,48000,4171665,4680699,3.39
2024-01-15,Z01,48000,4217704,4732356,3.55
2024-01-16,Z01,48000,3961710,4445125,3.43
2024-01-17,Z01,48000,3625791,4068217,3.9
2024-01-18,Z01,48000,4157328,4664614,3.48
2024-01-19,Z01,48000,3820331,4286495,2.52
2024-01-20,Z01,48000,4255107,4774324,4.24
2024-01-21,Z01,48000,4470331,5015809,4.16
2024-01-22,Z01,48000,4039957,4532920,3.3
2024-01-23,Z01,48000,3718298,4172012,3.62
2024-01-24,Z01,48000,3850933,4320832,4.21
2024-01-25,Z01,48000,4063782,4559652,4.12
2024-01-26,Z01,48000,3705702,4157879,4.28
2024-01-27,Z01,48000,4536976,5090586,3.79
2024-01-28,Z01,48000,4448500,4991315,3.98
2024-01-29,Z01,48000,4042490,4535762,4.3
2024-01-30,Z01,48000,4157628,4664950,3.43
2024-01-31,Z01,48000,4123375,4626517,3.82
2024-02-01,Z01,48000,4142958,4648490,2.53
2024-02-02,Z01,48000,3932533,4412389,2.81
2024-02-03,Z01,48000,4626442,5190969,3.85
2024-02-04,Z01,48000,4543437,5097836,3.93
2024-02-05,Z01,48000,4188447,4699529,3.41
2024-02-06,Z01,48000,3908609,4385545,3.3
2024-02-07,Z01,48000,4379885,4914328,3.42
2024-02-08,Z01,48000,4232329,4748766,3.7
2024-02-09,Z01,48000,4299772,4824438,2.44
2024-02-10,Z01,48000,4901238,5499297,3.83
2024-02-11,Z01,48000,4547615,5102524,3.62
2024-02-12,Z01,48000,4072165,4569058,3.72
2024-02-13,Z01,48000,3825524,4292322,3.54
2024-02-14,Z01,48000,3994505,4481922,2.91
2024-02-15,Z01,48000,4629284,5194158,3.05
2024-02-16,Z01,48000,4157220,4664492,4.36
2024-02-17,Z01,48000,4595618,5156384,3.28
2024-02-18,Z01,48000,4350730,4881614,4.0
2024-02-19,Z01,48000,4119424,4622084,3.06
2024-02-20,Z01,48000,4155756,4662849,3.59
2024-02-21,Z01,48000,4320519,4847717,3.38
2024-02-22,Z01,48000,4139552,4644668,3.46
2024-02-23,Z01,48000,4388456,4923944,3.43
2024-02-24,Z01,48000,4935289,5537503,4.32
2024-02-25,Z01,48000,5006467,5617366,4.56
2024-02-26,Z01,48000,4303764,4828917,3.72
2024-02-27,Z01,48000,4363689,4896154,3.39
2024-02-28,Z01,48000,4511504,5062007,2.94
2024-02-29,Z01,48000,4173814,4683110,2.9
2024-03-01,Z01,48000,4361614,4893827,4.32
2024-03-02,Z01,48000,4999022,5609012,2.87
2024-03-03,Z01,48000,5458141,6124154,3.38
2024-03-04,Z01,48000,4424137,4963979,3.68
2024-03-05,Z01,48000,4591687,5151973,2.3
2024-03-06,Z01,48000,4491910,5040022,2.97
2024-03-07,Z01,48000,4563191,5120001,2.93
2024-03-08,Z01,48000,4355766,4887265,3.27
2024-03-09,Z01,48000,5120766,5745612,3.73
2024-03-10,Z01,48000,5040115,5655120,4.11
2024-03-11,Z01,48000,4882194,5477928,3.27
2024-03-12,Z01,48000,4709670,5284353,3.37
2024-03-13,Z01,48000,4937602,5540098,3.54
2024-03-14,Z01,48000,4719011,5294833,3.2
2024-03-15,Z01,48000,4783350,5367024,3.81
2024-03-16,Z01,48000,5381915,6038627,3.82
2024-03-17,Z01,48000,4815057,5402599,2.24
2024-03-18,Z01,48000,4809706,5396596,3.92
2024-03-19,Z01,48000,5072592,5691560,3.66
2024-03-20,Z01,48000,5000924,5611147,3.73
2024-03-21,Z01,48000,4826955,5415949,4.19
2024-03-22,Z01,48000,4719950,5295888,2.71
2024-03-23,Z01,48000,5650830,6340355,2.97
2024-03-24,Z01,48000,5979432,6709053,3.56
2024-03-25,Z01,48000,5077297,5696839,2.44
2024-03-26,Z01,48000,5066918,5685193,3.49
2024-03-27,Z01,48000,4858429,5451264,4.02
2024-03-28,Z01,48000,5452502,6117827,3.8
2024-03-29,Z01,48000,5490790,6160787,3.64
2024-03-30,Z01,48000,5370884,6026249,3.48
2024-03-31,Z01,48000,5484488,6153715,3.39
2024-04-01,Z01,48000,5202411,5837220,3.36
2024-04-02,Z01,48000,5192597,5826207,3.71
2024-04-03,Z01,48000,5474075,6142032,2.82
2024-04-04,Z01,48000,5590823,6273026,4.33
2024-04-05,Z01,48000,5347817,6000368,3.23
2024-04-06,Z01,48000,5876380,6593427,3.88
2024-04-07,Z01,48000,5973277,6702147,3.64
2024-04-08,Z01,48000,5679909,6372982,3.02
2024-04-09,Z01,48000,5739402,6439735,4.25
2024-04-10,Z01,48000,5604456,6288323,4.14
2024-04-11,Z01,48000,5312161,5960361,2.81
2024-04-12,Z01,48000,5601092,6284548,3.56
2024-04-13,Z01,48000,6563042,7363877,3.7
2024-04-14,Z01,48000,6277003,7042935,2.56
2024-04-15,Z01,48000,5672102,6364222,2.54
2024-04-16,Z01,48000,6438442,7224073,3.18
2024-04-17,Z01,48000,6381493,7160175,2.94
2024-04-18,Z01,48000,6474027,7264001,3.08
2024-04-19,Z01,48000,6367827,7144842,2.94
2024-04-20,Z01,48000,6756998,7581500,3.54
2024-04-21,Z01,48000,6519892,7315462,3.15
2024-04-22,Z01,48000,6067727,6808122,4.16
2024-04-23,Z01,48000,6448454,7235307,3.69
2024-04-24,Z01,48000,6574996,7377290,4.0
2024-04-25,Z01,48000,6100242,6844605,2.76
2024-04-26,Z01,48000,6413203,7195754,3.29
2024-04-27,Z01,48000,6799360,7629031,3.67
2024-04-28,Z01,48000,6693405,7510147,3.83
2024-04-29,Z01,48000,6355048,7130503,3.28
2024-04-30,Z01,48000,6406006,7187680,3.35
2024-05-01,Z01,48000,6722332,7542604,3.4
2024-05-02,Z01,48000,6814182,7645662,3.45
2024-05-03,Z01,48000,6601486,7407012,4.68
2024-05-04,Z01,48000,7262966,8149207,3.76
2024-05-05,Z01,48000,7263336,8149622,3.62
2024-05-06,Z01,48000,6603462,7409229,2.97
2024-05-07,Z01,48000,6704412,7522497,2.98
2024-05-08,Z01,48000,6161553,6913398,3.49
2024-05-09,Z01,48000,6540112,7338149,4.17
2024-05-10,Z01,48000,6796830,7626193,3.5
2024-05-11,Z01,48000,7200309,8078905,3.52
2024-05-12,Z01,48000,7244677,8128687,3.23
2024-05-13,Z01,48000,7140009,8011246,2.73
2024-05-14,Z01,48000,7181366,8057650,3.82
2024-05-15,Z01,48000,7055000,7915864,3.47
2024-05-16,Z01,48000,7231428,8113820,3.82
2024-05-17,Z01,48000,6652680,7464452,3.68
2024-05-18,Z01,48000,7714917,8656307,3.12
2024-05-19,Z01,48000,7868071,8828149,3.71
2024-05-20,Z01,48000,7445829,8354383,2.95
2024-05-21,Z01,48000,7281697,8170223,3.71
2024-05-22,Z01,48000,7190875,8068319,3.57
2024-05-23,Z01,48000,6864822,7702480,4.37
2024-05-24,Z01,48000,7397775,8300465,3.17
2024-05-25,Z01,48000,8001250,8977577,2.94
2024-05-26,Z01,48000,8236229,9241230,3.39
2024-05-27,Z01,48000,7021793,7878606,3.9
2024-05-28,Z01,48000,7856153,8814775,2.2
2024-05-29,Z01,48000,7351843,8248929,4.04
2024-05-30,Z01,48000,7817366,8771256,3.5
2024-05-31,Z01,48000,7574074,8498277,3.03
2024-06-01,Z01,48000,8401677,9426865,3.42
2024-06-02,Z01,48000,8596201,9645126,3.23
2024-06-03,Z01,48000,6857386,7694138,2.99
2024-06-04,Z01,48000,7594787,8521517,2.63
2024-06-05,Z01,48000,7394935,8297279,3.97
2024-06-06,Z01,48000,7915558,8881430,3.32
2024-06-07,Z01,48000,7992051,8967256,3.4
2024-06-08,Z01,48000,8272862,9282333,4.02
2024-06-09,Z01,48000,8091135,9078430,3.63
2024-06-10,Z01,48000,7691163,8629653,2.82
2024-06-11,Z01,48000,7425162,8331195,3.94
2024-06-12,Z01,48000,7819764,8773946,4.34
2024-06-13,Z01,48000,7473031,8384904,3.85
2024-06-14,Z01,48000,8040599,9021729,3.17
2024-06-15,Z01,48000,8145010,9138880,2.86
2024-06-16,Z01,48000,8368528,9389672,3.15
2024-06-17,Z01,48000,7704468,8644582,3.65
2024-06-18,Z01,48000,7734490,8678267,4.31
2024-06-19,Z01,48000,8302635,9315738,3.22
2024-06-20,Z01,48000,8185268,9184050,3.28
2024-06-21,Z01,48000,7626242,8556811,4.11
2024-06-22,Z01,48000,8529477,9570260,3.38
2024-06-23,Z01,48000,9305475,10440947,4.46
2024-06-24,Z01,48000,7493046,8407361,3.53
2024-06-25,Z01,48000,7685234,8623002,4.18
2024-06-26,Z01,48000,7555502,8477439,3.79
2024-06-27,Z01,48000,7990391,8965394,3.95
2024-06-28,Z01,48000,8275114,9284859,3.51
2024-06-29,Z01,48000,8651416,9707078,3.54
2024-06-30,Z01,48000,9404241,10551764,3.81
2024-07-01,Z01,48000,8253900,9261056,4.0
2024-07-02,Z01,48000,8322178,9337666,3.86
2024-07-03,Z01,48000,8314601,9329164,2.72
2024-07-04,Z01,48000,8250152,9256851,3.73
2024-07-05,Z01,48000,7733205,8676825,3.27
2024-07-06,Z01,48000,9296645,10431039,3.33
2024-07-07,Z01,48000,8572281,9618287,3.83
2024-07-08,Z01,48000,8703729,9765775,4.45
2024-07-09,Z01,48000,8152102,9146837,3.48
2024-07-10,Z01,48000,8602774,9652502,4.59
2024-07-11,Z01,48000,7640038,8572290,3.05
2024-07-12,Z01,48000,8375632,9397642,4.22
2024-07-13,Z01,48000,8645271,9700183,3.82
2024-07-14,Z01,48000,8824495,9901277,3.7
2024-07-15,Z01,48000,8481177,9516066,4.29
2024-07-16,Z01,48000,7826839,8781885,3.28
2024-07-17,Z01,48000,7998779,8974806,4.24
2024-07-18,Z01,48000,8376020,9398078,3.5
2024-07-19,Z01,48000,8617658,9669202,3.28
2024-07-20,Z01,48000,9181325,10301648,2.94
2024-07-21,Z01,48000,9544753,10709422,4.39
2024-07-22,Z01,48000,7863273,8822764,4.17
2024-07-23,Z01,48000,8447866,9478691,3.36
2024-07-24,Z01,48000,8036864,9017538,3.87
2024-07-25,Z01,48000,7919661,8886033,3.66
2024-07-26,Z01,48000,7962394,8933980,3.42
2024-07-27,Z01,48000,8743974,9810930,4.08
2024-07-28,Z01,48000,8966229,10060306,3.29
2024-07-29,Z01,48000,7926933,8894192,2.5
2024-07-30,Z01,48000,7853737,8812065,3.73
2024-07-31,Z01,48000,7435248,8342511,3.63
2024-08-01,Z01,48000,7965194,8937122,3.3
2024-08-02,Z01,48000,7524692,8442869,3.15
2024-08-03,Z01,48000,8644587,9699417,2.82
2024-08-04,Z01,48000,8663077,9720162,3.42
2024-08-05,Z01,48000,8177432,9175258,3.16
2024-08-06,Z01,48000,8269797,9278893,4.08
2024-08-07,Z01,48000,7736889,8680959,3.86
2024-08-08,Z01,48000,7705218,8645423,3.36
2024-08-09,Z01,48000,8079458,9065329,3.86
2024-08-10,Z01,48000,9294445,10428571,3.55
2024-08-11,Z01,48000,8745611,9812767,3.47
2024-08-12,Z01,48000,7291995,8181778,3.57
2024-08-13,Z01,48000,7793969,8745004,4.49
2024-08-14,Z01,48000,8019354,8997891,3.92
2024-08-15,Z01,48000,7441074,8349048,3.45
2024-08-16,Z01,48000,7303415,8194591,4.05
2024-08-17,Z01,48000,8333683,9350576,4.03
2024-08-18,Z01,48000,8573501,9619656,3.73
2024-08-19,Z01,48000,7334216,8229151,3.44
2024-08-20,Z01,48000,7724090,8666598,3.4
2024-08-21,Z01,48000,7772928,8721396,3.06
2024-08-22,Z01,48000,7715218,8656644,3.69
2024-08-23,Z01,48000,7225201,8106834,3.3
2024-08-24,Z01,48000,8520144,9559788,3.38
2024-08-25,Z01,48000,7831254,8786838,3.91
2024-08-26,Z01,48000,7679382,8616434,4.44
2024-08-27,Z01,48000,7945638,8915180,3.79
2024-08-28,Z01,48000,7520261,8437898,3.55
2024-08-29,Z01,48000,7440463,8348363,3.59
2024-08-30,Z01,48000,6945568,7793080,4.17
2024-08-31,Z01,48000,7841749,8798614,3.79
2024-09-01,Z01,48000,7970651,8943245,3.7
2024-09-02,Z01,48000,8185108,9183871,3.73
2024-09-03,Z01,48000,7502915,8418435,2.89
2024-09-04,Z01,48000,7464952,8375840,3.8
2024-09-05,Z01,48000,7599526,8526835,3.16
2024-09-06,Z01,48000,7198081,8076404,3.8
2024-09-07,Z01,48000,8143190,9136837,3.23
2024-09-08,Z01,48000,7498611,8413606,3.9
2024-09-09,Z01,48000,7028196,7885790,3.52
2024-09-10,Z01,48000,7307061,8198683,3.03
2024-09-11,Z01,48000,7385605,8286811,3.45
2024-09-12,Z01,48000,6783073,7610756,4.7
2024-09-13,Z01,48000,7015586,7871642,2.46
2024-09-14,Z01,48000,7368726,8267872,3.68
2024-09-15,Z01,48000,8182017,9180402,3.09
2024-09-16,Z01,48000,7055113,7915991,4.29
2024-09-17,Z01,48000,6519255,7314747,4.01
2024-09-18,Z01,48000,7366812,8265724,3.69
2024-09-19,Z01,48000,6769382,7595395,4.06
2024-09-20,Z01,48000,6744113,7567042,3.72
2024-09-21,Z01,48000,7452886,8362302,3.6
2024-09-22,Z01,48000,7772004,8720359,3.3
2024-09-23,Z01,48000,6719696,7539646,3.42
2024-09-24,Z01,48000,7272726,8160158,3.37
2024-09-25,Z01,48000,6525807,7322098,3.61
2024-09-26,Z01,48000,6444381,7230737,2.65
2024-09-27,Z01,48000,6484715,7275993,4.11
2024-09-28,Z01,48000,7565300,8488432,4.57
2024-09-29,Z01,48000,6789194,7617625,3.38
2024-09-30,Z01,48000,6716231,7535758,4.19
2024-10-01,Z01,48000,6232945,6993501,3.53
2024-10-02,Z01,48000,6663050,7476088,3.3
2024-10-03,Z01,48000,6108213,6853549,3.41
2024-10-04,Z01,48000,6569798,7371457,3.64
2024-10-05,Z01,48000,7556815,8478912,3.24
2024-10-06,Z01,48000,6736147,7558105,3.9
2024-10-07,Z01,48000,6382175,7160941,3.34
2024-10-08,Z01,48000,6210653,6968489,3.06
2024-10-09,Z01,48000,6274121,7039702,3.59
2024-10-10,Z01,48000,6361160,7137361,3.25
2024-10-11,Z01,48000,6340796,7114513,3.44
2024-10-12,Z01,48000,6949755,7797778,3.57
2024-10-13,Z01,48000,7021725,7878529,2.93
2024-10-14,Z01,48000,5749437,6450994,4.33
2024-10-15,Z01,48000,6007505,6740553,4.01
2024-10-16,Z01,48000,5534744,6210104,3.28
2024-10-17,Z01,48000,5845206,6558449,3.59
2024-10-18,Z01,48000,6180505,6934662,3.92
2024-10-19,Z01,48000,6501842,7295209,3.7
2024-10-20,Z01,48000,5815410,6525017,4.54
2024-10-21,Z01,48000,5611240,6295934,3.48
2024-10-22,Z01,48000,5871265,6587688,4.19
2024-10-23,Z01,48000,5651894,6341549,2.93
2024-10-24,Z01,48000,5818772,6528790,3.01
2024-10-25,Z01,48000,5310217,5958180,4.44
2024-10-26,Z01,48000,6248901,7011404,3.38
2024-10-27,Z01,48000,5768264,6472119,3.02
2024-10-28,Z01,48000,5674288,6366676,3.58
2024-10-29,Z01,48000,4893235,5490317,4.23
2024-10-30,Z01,48000,5355917,6009456,3.22
2024-10-31,Z01,48000,5732039,6431473,3.58
2024-11-01,Z01,48000,4982721,5590722,2.67
2024-11-02,Z01,48000,5724820,6423374,3.37
2024-11-03,Z01,48000,5377931,6034156,4.1
2024-11-04,Z01,48000,5263018,5905222,3.21
2024-11-05,Z01,48000,5027803,5641305,2.96
2024-11-06,Z01,48000,5445700,6110195,3.21
2024-11-07,Z01,48000,5231838,5870237,3.3
2024-11-08,Z01,48000,5354773,6008173,3.98
2024-11-09,Z01,48000,5897637,6617278,3.79
2024-11-10,Z01,48000,5744603,6445571,3.89
2024-11-11,Z01,48000,4743376,5322172,3.61
2024-11-12,Z01,48000,5178200,5810054,3.29
2024-11-13,Z01,48000,4413200,4951707,3.21
2024-11-14,Z01,48000,5054995,5671816,3.82
2024-11-15,Z01,48000,5131275,5757403,4.39
2024-11-16,Z01,48000,5430113,6092706,3.13
2024-11-17,Z01,48000,5924162,6647040,3.09
2024-11-18,Z01,48000,4548287,5103278,3.03
2024-11-19,Z01,48000,4917281,5517297,4.02
2024-11-20,Z01,48000,4811285,5398367,3.58
2024-11-21,Z01,48000,4842660,5433571,3.88
2024-11-22,Z01,48000,4607896,5170161,3.35
2024-11-23,Z01,48000,5152644,5781379,3.91
2024-11-24,Z01,48000,5112049,5735831,3.46
2024-11-25,Z01,48000,4679946,5251002,2.83
2024-11-26,Z01,48000,4593880,5154434,4.06
2024-11-27,Z01,48000,4262940,4783112,3.58
2024-11-28,Z01,48000,4586210,5145828,3.44
2024-11-29,Z01,48000,4785365,5369285,3.74
2024-11-30,Z01,48000,4986124,5594540,2.88
2024-12-01,Z01,48000,5163834,5793935,3.82
2024-12-02,Z01,48000,4751932,5331772,3.3
2024-12-03,Z01,48000,4687037,5258958,3.52
2024-12-04,Z01,48000,4429040,4969480,4.17
2024-12-05,Z01,48000,4341609,4871380,3.92
2024-12-06,Z01,48000,4635945,5201632,3.51
2024-12-07,Z01,48000,4561208,5117775,3.55
2024-12-08,Z01,48000,4530466,5083282,2.32
2024-12-09,Z01,48000,4239082,4756343,3.19
2024-12-10,Z01,48000,4229953,4746100,3.68
2024-12-11,Z01,48000,4362454,4894769,3.22
2024-12-12,Z01,48000,4388437,4923922,2.94
2024-12-13,Z01,48000,4521643,5073382,3.84
2024-12-14,Z01,48000,4705215,5279355,4.25
2024-12-15,Z01,48000,4548389,5103392,3.24
2024-12-16,Z01,48000,4302204,4827167,4.04
2024-12-17,Z01,48000,4223992,4739412,3.96
2024-12-18,Z01,48000,4205792,4718991,3.11
2024-12-19,Z01,48000,4116390,4618680,3.24
2024-12-20,Z01,48000,4265728,4786240,4.5
2024-12-21,Z01,48000,4353329,4884531,3.04
2024-12-22,Z01,48000,4405266,4942804,3.3
2024-12-23,Z01,48000,4248115,4766479,4.58
2024-12-24,Z01,48000,4102112,4602660,3.32
2024-12-25,Z01,48000,4442028,4984053,4.28
2024-12-26,Z01,48000,4083016,4581234,3.09
2024-12-27,Z01,48000,4192243,4703788,3.67
2024-12-28,Z01,48000,4686792,5258683,4.14
2024-12-29,Z01,48000,4121700,4624637,3.37
2024-12-30,Z01,48000,4311309,4837383,3.65
2024-12-31,Z01,48000,3998216,4486086,3.97
2025-01-01,Z01,48000,4071402,4568202,3.15
2025-01-02,Z01,48000,3897245,4372794,4.72
2025-01-03,Z01,48000,4014200,4504020,4.12
2025-01-04,Z01,48000,4451511,4994693,3.42
2025-01-05,Z01,48000,4519793,5071307,3.48
2025-01-06,Z01,48000,4005059,4493764,4.56
2025-01-07,Z01,48000,4173755,4683044,3.42
2025-01-08,Z01,48000,4354847,4886234,3.36
2025-01-09,Z01,48000,4054255,4548963,4.17
2025-01-10,Z01,48000,4159755,4667336,2.9
2025-01-11,Z01,48000,4907609,5506445,3.56
2025-01-12,Z01,48000,4291359,4814999,3.64
2025-01-13,Z01,48000,3666926,4114371,3.25
2025-01-14,Z01,48000,3745468,4202498,2.82
2025-01-15,Z01,48000,3889678,4364304,3.63
2025-01-16,Z01,48000,4172789,4681961,3.94
2025-01-17,Z01,48000,4123653,4626829,3.26
2025-01-18,Z01,48000,4755874,5336195,3.01
2025-01-19,Z01,48000,4592703,5153113,4.23
2025-01-20,Z01,48000,4079717,4577532,3.86
2025-01-21,Z01,48000,3928014,4407317,3.42
2025-01-22,Z01,48000,4063133,4558924,4.06
2025-01-23,Z01,48000,4269706,4790704,3.72
2025-01-24,Z01,48000,3965368,4449230,4.49
2025-01-25,Z01,48000,4390179,4925877,3.93
2025-01-26,Z01,48000,4653369,5221182,2.91
2025-01-27,Z01,48000,4169653,4678442,3.27
2025-01-28,Z01,48000,4204272,4717285,3.29
2025-01-29,Z01,48000,4316263,4842941,3.75
2025-01-30,Z01,48000,4202041,4714782,3.45
2025-01-31,Z01,48000,4239113,4756378,3.04
2025-02-01,Z01,48000,4556387,5112366,3.89
2025-02-02,Z01,48000,4471998,5017680,4.1
2025-02-03,Z01,48000,4005498,4494256,3.55
2025-02-04,Z01,48000,4356725,4888341,3.7
2025-02-05,Z01,48000,3968218,4452428,3.12
2025-02-06,Z01,48000,4204422,4717453,3.34
2025-02-07,Z01,48000,3904525,4380963,3.36
2025-02-08,Z01,48000,4728844,5305866,3.88
2025-02-09,Z01,48000,4857831,5450593,3.73
2025-02-10,Z01,48000,4329204,4857462,3.44
2025-02-11,Z01,48000,4075999,4573360,3.42
2025-02-12,Z01,48000,4341828,4871626,2.62
2025-02-13,Z01,48000,4438855,4980493,4.4
2025-02-14,Z01,48000,4510070,5060397,2.56
2025-02-15,Z01,48000,4631091,5196186,3.81
2025-02-16,Z01,48000,4292187,4815927,3.62
2025-02-17,Z01,48000,4499335,5048353,3.47
2025-02-18,Z01,48000,4514151,5064976,3.6
2025-02-19,Z01,48000,4318128,4845034,3.27
2025-02-20,Z01,48000,4666185,5235561,3.93
2025-02-21,Z01,48000,4287389,4810544,2.94
2025-02-22,Z01,48000,4768449,5350304,3.76
2025-02-23,Z01,48000,4704581,5278643,3.26
2025-02-24,Z01,48000,4597818,5158852,3.39
2025-02-25,Z01,48000,4778899,5362029,3.4
2025-02-26,Z01,48000,4757997,5338578,3.52
2025-02-27,Z01,48000,4575125,5133390,3.85
2025-02-28,Z01,48000,4368985,4902097,3.58
2025-03-01,Z01,48000,5167835,5798424,4.07
2025-03-02,Z01,48000,4676671,5247327,4.12
2025-03-03,Z01,48000,4707053,5281417,3.75
2025-03-04,Z01,48000,4706202,5280462,3.94
2025-03-05,Z01,48000,4773079,5355499,4.61
2025-03-06,Z01,48000,4805332,5391688,2.89
2025-03-07,Z01,48000,4757124,5337597,4.14
2025-03-08,Z01,48000,5352137,6005215,4.37
2025-03-09,Z01,48000,5270200,5913280,3.82
2025-03-10,Z01,48000,4503761,5053319,4.55
2025-03-11,Z01,48000,4800420,5386176,4.49
2025-03-12,Z01,48000,4761406,5342402,3.43
2025-03-13,Z01,48000,4960965,5566312,3.47
2025-03-14,Z01,48000,4808934,5395730,3.87
2025-03-15,Z01,48000,4768291,5350127,3.29
2025-03-16,Z01,48000,5198644,5832992,4.96
2025-03-17,Z01,48000,4810374,5397345,3.99
2025-03-18,Z01,48000,4809355,5396201,3.62
2025-03-19,Z01,48000,5150639,5779130,2.89
2025-03-20,Z01,48000,4782218,5365753,3.73
2025-03-21,Z01,48000,5256758,5898198,3.01
2025-03-22,Z01,48000,5533463,6208666,3.98
2025-03-23,Z01,48000,5476142,6144351,2.35
2025-03-24,Z01,48000,5168718,5799415,4.29
2025-03-25,Z01,48000,5483292,6152373,3.39
2025-03-26,Z01,48000,5408457,6068408,2.75
2025-03-27,Z01,48000,5093463,5714977,3.59
2025-03-28,Z01,48000,5702081,6397860,3.61
2025-03-29,Z01,48000,5759223,6461975,3.57
2025-03-30,Z01,48000,6109222,6854681,4.29
2025-03-31,Z01,48000,5278190,5922245,3.79
2025-04-01,Z01,48000,5444870,6109263,4.0
2025-04-02,Z01,48000,5130149,5756139,3.48
2025-04-03,Z01,48000,5501787,6173126,3.81
2025-04-04,Z01,48000,5348244,6000847,2.95
2025-04-05,Z01,48000,5805118,6513469,3.73
2025-04-06,Z01,48000,6462053,7250566,3.22
2025-04-07,Z01,48000,5871797,6588285,4.26
2025-04-08,Z01,48000,6450579,7237692,3.64
2025-04-09,Z01,48000,5872280,7263383,3.93
2025-04-10,Z01,48000,5870220,7260835,3.73
2025-04-11,Z01,48000,5412956,6695248,4.5
2025-04-12,Z01,48000,6025072,7452370,2.82
2025-04-13,Z01,48000,6430758,7954160,3.54
2025-04-14,Z01,48000,6443038,7969349,3.12
2025-04-15,Z01,48000,6430184,7953450,2.58
2025-04-16,Z01,48000,5900079,7297767,3.09
2025-04-17,Z01,48000,5790699,6497291,4.19
2025-04-18,Z01,48000,6249954,7012585,3.58
2025-04-19,Z01,48000,6677705,7492531,3.49
2025-04-20,Z01,48000,6630620,7439701,3.99
2025-04-21,Z01,48000,6287776,7055023,3.66
2025-04-22,Z01,48000,6791146,7619815,3.91
2025-04-23,Z01,48000,6502465,7295908,3.76
2025-04-24,Z01,48000,6960356,7809672,3.87
2025-04-25,Z01,48000,5895192,6614534,3.38
2025-04-26,Z01,48000,7247069,8131370,4.12
2025-04-27,Z01,48000,6530251,7327084,2.99
2025-04-28,Z01,48000,6698057,7515367,3.56
2025-04-29,Z01,48000,6755828,7580187,4.15
2025-04-30,Z01,48000,6526298,7322649,3.52
2025-05-01,Z01,48000,6570407,7372140,3.38
2025-05-02,Z01,48000,6457934,7245944,4.74
2025-05-03,Z01,48000,7395497,8297910,4.31
2025-05-04,Z01,48000,7560855,8483445,3.67
2025-05-05,Z01,48000,6796113,7625387,3.11
2025-05-06,Z01,48000,7064605,7926641,2.58
2025-05-07,Z01,48000,7156061,8029257,3.95
2025-05-08,Z01,48000,6845688,7681012,4.23
2025-05-09,Z01,48000,6633185,7442579,3.8
2025-05-10,Z01,48000,7378696,8628619,2.74
2025-05-11,Z01,48000,7523490,8797941,3.68
2025-05-12,Z01,48000,7183775,8400679,3.36
2025-05-13,Z01,48000,7215742,8438062,3.68
2025-05-14,Z01,48000,6953286,8131146,4.57
2025-05-15,Z01,48000,6980730,8163240,3.99
2025-05-16,Z01,48000,7140541,8350122,3.89
2025-05-17,Z01,48000,7812396,9135786,3.58
2025-05-18,Z01,48000,7912671,9253048,3.81
2025-05-19,Z01,48000,7010605,8198175,3.24
2025-05-20,Z01,48000,7363087,8610366,3.88
2025-05-21,Z01,48000,7543696,8821570,3.5
2025-05-22,Z01,48000,7423697,8681243,3.19
2025-05-23,Z01,48000,7601509,8889176,4.01
2025-05-24,Z01,48000,8169352,9553209,2.48
2025-05-25,Z01,48000,8097609,9469313,3.33
2025-05-26,Z01,48000,7577837,8861494,3.91
2025-05-27,Z01,48000,6627185,7749805,4.21
2025-05-28,Z01,48000,7319083,8558908,3.84
2025-05-29,Z01,48000,7273209,8505263,3.26
2025-05-30,Z01,48000,7927488,8894815,3.57
2025-05-31,Z01,48000,8179391,9177456,3.75
2025-06-01,Z01,48000,8933576,10023668,4.38
2025-06-02,Z01,48000,7529616,8448394,4.06
2025-06-03,Z01,48000,7829272,8784615,4.06
2025-06-04,Z01,48000,7497082,8411890,3.63
2025-06-05,Z01,48000,7953360,8923844,3.06
2025-06-06,Z01,48000,7471236,8382891,2.9
2025-06-07,Z01,48000,8261928,9270064,3.45
2025-06-08,Z01,48000,8647743,9702958,3.95
2025-06-09,Z01,48000,8105357,9094388,3.35
2025-06-10,Z01,48000,7542698,8463072,3.89
2025-06-11,Z01,48000,7732366,8675884,3.2
2025-06-12,Z01,48000,7167782,8042408,3.28
2025-06-13,Z01,48000,7253683,8138792,4.3
2025-06-14,Z01,48000,9011171,10110732,3.98
2025-06-15,Z01,48000,9119501,10232280,3.45
2025-06-16,Z01,48000,8163168,9159253,3.18
2025-06-17,Z01,48000,7868801,8828967,4.07
2025-06-18,Z01,48000,7957508,8928499,4.04
2025-06-19,Z01,48000,8347502,9366080,3.92
2025-06-20,Z01,48000,7659476,8594101,3.51
2025-06-21,Z01,48000,8773187,9843708,3.05
2025-06-22,Z01,48000,8753659,9821797,3.59
2025-06-23,Z01,48000,8085817,9072464,4.3
2025-06-24,Z01,48000,8202190,9203037,3.15
2025-06-25,Z01,48000,8112585,9102498,3.62
2025-06-26,Z01,48000,8312138,9326401,4.42
2025-06-27,Z01,48000,8041089,9022279,3.45
2025-06-28,Z01,48000,9102022,10212669,3.54
2025-06-29,Z01,48000,9132065,10246377,2.92
2025-06-30,Z01,48000,8251126,9257944,3.91
2025-07-01,Z01,48000,8539859,9581909,3.23
2025-07-02,Z01,48000,8635396,9689104,2.82
2025-07-03,Z01,48000,7581192,8506264,3.12
2025-07-04,Z01,48000,7657715,8592124,3.7
2025-07-05,Z01,48000,9440713,10592687,2.81
2025-07-06,Z01,48000,8767577,9837414,2.91
2025-07-07,Z01,48000,7926961,8894224,3.88
2025-07-08,Z01,48000,8398885,9423733,3.56
2025-07-09,Z01,48000,8094246,9081921,3.14
2025-07-10,Z01,48000,7606159,8534277,3.44
2025-07-11,Z01,48000,8704508,9766649,4.47
2025-07-12,Z01,48000,9443286,10595574,4.24
2025-07-13,Z01,48000,9431926,10582828,3.55
2025-07-14,Z01,48000,7870649,8831041,4.01
2025-07-15,Z01,48000,8668611,9726372,3.66
2025-07-16,Z01,48000,7993392,8968761,2.71
2025-07-17,Z01,48000,8465253,9498200,2.62
2025-07-18,Z01,48000,8163458,9159578,3.15
2025-07-19,Z01,48000,8814204,9889730,2.81
2025-07-20,Z01,48000,9212257,10336354,3.74
2025-07-21,Z01,48000,7842611,8799582,3.33
2025-07-22,Z01,48000,8598684,9647912,3.81
2025-07-23,Z01,48000,8060545,9044108,3.82
2025-07-24,Z01,48000,7254829,8140078,3.95
2025-07-25,Z01,48000,7608571,8536983,3.13
2025-07-26,Z01,48000,10079086,11308956,3.86
2025-07-27,Z01,48000,9019751,10120358,3.12
2025-07-28,Z01,48000,8571918,9617880,3.96
2025-07-29,Z01,48000,8347092,9365621,4.21
2025-07-30,Z01,48000,8816702,9892533,3.96
2025-07-31,Z01,48000,7582013,8507185,3.51
2025-08-01,Z01,48000,8728005,9793013,3.88
2025-08-02,Z01,48000,9622651,10796826,2.83
2025-08-03,Z01,48000,8962849,10056513,2.72
2025-08-04,Z01,48000,8434487,9463680,3.83
2025-08-05,Z01,48000,8193583,9193380,4.25
2025-08-06,Z01,48000,7631210,8562385,2.98
2025-08-07,Z01,48000,8168983,9165778,3.61
2025-08-08,Z01,48000,8050031,9032311,3.82
2025-08-09,Z01,48000,9083909,10192345,3.29
2025-08-10,Z01,48000,9170881,10289930,3.43
2025-08-11,Z01,48000,7807650,8760354,3.91
2025-08-12,Z01,48000,8523476,9563527,3.65
2025-08-13,Z01,48000,8176836,9174589,3.66
2025-08-14,Z01,48000,8310051,9324059,3.11
2025-08-15,Z01,48000,8194417,9194316,3.58
2025-08-16,Z01,48000,9390407,10536242,3.4
2025-08-17,Z01,48000,8672503,9730739,3.43
2025-08-18,Z01,48000,8217565,9220288,3.33
2025-08-19,Z01,48000,8171601,9168715,3.59
2025-08-20,Z01,48000,7606677,8534859,3.17
2025-08-21,Z01,48000,7842442,8799392,3.61
2025-08-22,Z01,48000,7661379,8596236,3.42
2025-08-23,Z01,48000,8464125,9496934,3.13
2025-08-24,Z01,48000,8703994,9766072,2.63
2025-08-25,Z01,48000,7571456,8495339,4.07
2025-08-26,Z01,48000,7731326,8674718,3.97
2025-08-27,Z01,48000,7991583,8966731,3.2
2025-08-28,Z01,48000,7689907,8628245,3.94
2025-08-29,Z01,48000,7707373,8647841,3.09
2025-08-30,Z01,48000,8666273,9723749,3.45
2025-08-31,Z01,48000,8504497,9542232,3.33
2025-09-01,Z01,48000,7745550,8690677,3.46
2025-09-02,Z01,48000,6967392,7817566,3.92
2025-09-03,Z01,48000,7744727,8689753,3.4
2025-09-04,Z01,48000,7623155,8553347,3.43
2025-09-05,Z01,48000,7580034,8504964,3.97
2025-09-06,Z01,48000,8340141,9357821,3.63
2025-09-07,Z01,48000,8264472,9272919,3.3
2025-09-08,Z01,48000,7393796,8296001,3.72
2025-09-09,Z01,48000,7737067,8681159,4.1
2025-09-10,Z01,48000,7534004,8453318,4.13
2025-09-11,Z01,48000,6856661,7693324,2.94
2025-09-12,Z01,48000,6955535,7804262,2.96
2025-09-13,Z01,48000,8225494,9229185,4.1
2025-09-14,Z01,48000,8379137,9401576,3.46
2025-09-15,Z01,48000,6978349,7829861,2.5
2025-09-16,Z01,48000,7310061,8202048,3.24
2025-09-17,Z01,48000,7635088,8566736,3.38
2025-09-18,Z01,48000,7068200,7930675,3.44
2025-09-19,Z01,48000,7569017,8492603,3.98
2025-09-20,Z01,48000,7485774,8399203,3.14
2025-09-21,Z01,48000,7415769,8320656,4.07
2025-09-22,Z01,48000,6996903,7850678,3.74
2025-09-23,Z01,48000,6647105,7458198,2.96
2025-09-24,Z01,48000,6435573,7220854,3.44
2025-09-25,Z01,48000,6930988,7776721,3.85
2025-09-26,Z01,48000,6508445,7302618,3.62
2025-09-27,Z01,48000,6951855,7800134,3.79
2025-09-28,Z01,48000,7371688,8271196,3.31
2025-09-29,Z01,48000,7029002,7886694,3.88
2025-09-30,Z01,48000,6899456,7741340,3.4
2025-10-01,Z01,48000,6362384,7138735,4.87
2025-10-02,Z01,48000,6666582,7480052,2.94
2025-10-03,Z01,48000,6400035,7180979,4.95
2025-10-04,Z01,48000,7364442,8263065,3.12
2025-10-05,Z01,48000,7141705,8013149,4.24
2025-10-06,Z01,48000,6288735,7056099,4.01
2025-10-07,Z01,48000,6337118,7110385,3.15
2025-10-08,Z01,48000,6042508,6779826,3.9
2025-10-09,Z01,48000,6048638,6786705,3.35
2025-10-10,Z01,48000,6781942,7609487,3.74
2025-10-11,Z01,48000,6872850,7711488,3.67
2025-10-12,Z01,48000,6659312,7471894,3.43
2025-10-13,Z01,48000,5652034,6341706,3.38
2025-10-14,Z01,48000,5496035,6166672,3.77
2025-10-15,Z01,48000,6538363,7336187,3.15
2025-10-16,Z01,48000,5758786,6461485,3.17
2025-10-17,Z01,48000,6239317,7000651,4.08
2025-10-18,Z01,48000,6496311,7289003,3.81
2025-10-19,Z01,48000,6463195,7251846,2.95
2025-10-20,Z01,48000,5546316,6223088,3.1
2025-10-21,Z01,48000,5801965,6509932,2.53
2025-10-22,Z01,48000,5991379,6722459,4.05
2025-10-23,Z01,48000,5274693,5918321,3.94
2025-10-24,Z01,48000,5537909,6213656,3.06
2025-10-25,Z01,48000,6139281,6888408,3.92
2025-10-26,Z01,48000,6003782,6736375,4.59
2025-10-27,Z01,48000,5435248,6098468,2.83
2025-10-28,Z01,48000,5625735,6312198,3.29
2025-10-29,Z01,48000,5754753,6456960,2.82
2025-10-30,Z01,48000,6109239,6854700,4.07
2025-10-31,Z01,48000,5425844,6087916,3.55
2025-11-01,Z01,48000,6135352,6883999,3.4
2025-11-02,Z01,48000,5442880,6107031,3.71
2025-11-03,Z01,48000,5651164,6340730,3.32
2025-11-04,Z01,48000,5145968,5773889,3.4
2025-11-05,Z01,48000,5254199,5895327,3.74
2025-11-06,Z01,48000,5434922,6098102,3.29
2025-11-07,Z01,48000,5212726,5848793,3.37
2025-11-08,Z01,48000,5512714,6185386,3.52
2025-11-09,Z01,48000,6080772,6822759,3.65
2025-11-10,Z01,48000,5245690,5885779,3.9
2025-11-11,Z01,48000,5216033,5852504,3.89
2025-11-12,Z01,48000,5405520,6065111,2.85
2025-11-13,Z01,48000,5502542,6173973,4.3
2025-11-14,Z01,48000,4625946,5190413,3.63
2025-11-15,Z01,48000,5512108,6184706,3.43
2025-11-16,Z01,48000,5359400,6013364,3.15
2025-11-17,Z01,48000,5236604,5875584,4.59
2025-11-18,Z01,48000,5289375,5934794,4.78
2025-11-19,Z01,48000,5350699,6003601,4.53
2025-11-20,Z01,48000,4914258,5513905,3.66
2025-11-21,Z01,48000,5062864,5680644,3.77
2025-11-22,Z01,48000,5600293,6283651,4.35
2025-11-23,Z01,48000,5313811,5962212,3.48
2025-11-24,Z01,48000,4671920,5241997,3.87
2025-11-25,Z01,48000,4500769,5049961,3.71
2025-11-26,Z01,48000,4690840,5263225,4.56
2025-11-27,Z01,48000,5061437,5679044,4.32
2025-11-28,Z01,48000,4596725,5157626,3.53
2025-11-29,Z01,48000,5497686,6168524,4.36
2025-11-30,Z01,48000,5180958,5813149,3.6
2025-12-01,Z01,48000,4503826,5053392,3.33
2025-12-02,Z01,48000,4735599,5313445,3.46
2025-12-03,Z01,48000,4495733,5044311,3.67
2025-12-04,Z01,48000,4195715,4707685,3.21
2025-12-05,Z01,48000,4764775,5346182,3.34
2025-12-06,Z01,48000,5134906,5761477,2.88
2025-12-07,Z01,48000,4836399,5426546,3.19
2025-12-08,Z01,48000,4658002,5226381,3.72
2025-12-09,Z01,48000,4774607,5357214,4.12
2025-12-10,Z01,48000,4307386,4832981,4.06
2025-12-11,Z01,48000,4426149,4966237,3.81
2025-12-12,Z01,48000,5060742,5678263,2.84
2025-12-13,Z01,48000,4945856,5549359,3.17
2025-12-14,Z01,48000,4779695,5362922,3.5
2025-12-15,Z01,48000,4629485,5194383,4.08
2025-12-16,Z01,48000,4302202,4827165,3.32
2025-12-17,Z01,48000,4348882,4879541,2.99
2025-12-18,Z01,48000,4033211,4525352,4.32
2025-12-19,Z01,48000,4460428,5004698,3.23
2025-12-20,Z01,48000,4724659,5301171,3.04
2025-12-21,Z01,48000,4843363,5434359,3.71
2025-12-22,Z01,48000,4675339,5245833,3.57
2025-12-23,Z01,48000,4575380,5133676,3.35
2025-12-24,Z01,48000,4217116,4731696,3.6
2025-12-25,Z01,48000,4299117,4823704,3.14
2025-12-26,Z01,48000,3968989,4453293,3.34
2025-12-27,Z01,48000,4455177,4998807,3.58
2025-12-28,Z01,48000,4353846,4885111,2.58
2025-12-29,Z01,48000,3906056,4382680,4.08
2025-12-30,Z01,48000,4359651,4891624,2.91
2025-12-31,Z01,48000,4394681,4930929,3.13
2023-01-01,Z02,62000,5864492,6569320,3.54
2023-01-02,Z02,62000,5317926,5957066,3.41
2023-01-03,Z02,62000,5292994,5929137,4.81
2023-01-04,Z02,62000,5467252,6124338,3.12
2023-01-05,Z02,62000,5606079,6279851,3.52
2023-01-06,Z02,62000,5609849,6284074,3.42
2023-01-07,Z02,62000,6353767,7117400,2.97
2023-01-08,Z02,62000,5952388,6667781,2.95
2023-01-09,Z02,62000,5826195,6526421,3.88
2023-01-10,Z02,62000,5494437,6154790,3.95
2023-01-11,Z02,62000,5671609,6353256,3.32
2023-01-12,Z02,62000,6173701,6915693,4.3
2023-01-13,Z02,62000,5200789,5825851,2.47
2023-01-14,Z02,62000,5955755,6671552,2.97
2023-01-15,Z02,62000,5838096,6539753,3.19
2023-01-16,Z02,62000,5304114,5941593,3.6
2023-01-17,Z02,62000,5007080,5608860,3.37
2023-01-18,Z02,62000,5621698,6297347,3.5
2023-01-19,Z02,62000,5023067,5626768,3.84
2023-01-20,Z02,62000,5578394,6248838,4.33
2023-01-21,Z02,62000,6569386,7358933,4.0
2023-01-22,Z02,62000,6204843,6950578,3.63
2023-01-23,Z02,62000,5320046,5959440,3.56
2023-01-24,Z02,62000,5831925,6532840,4.15
2023-01-25,Z02,62000,5723365,6411232,4.54
2023-01-26,Z02,62000,5231543,5860300,3.92
2023-01-27,Z02,62000,5745746,6436303,3.35
2023-01-28,Z02,62000,6061970,6790533,3.73
2023-01-29,Z02,62000,6043570,6769921,3.89
2023-01-30,Z02,62000,5186264,5809579,3.32
2023-01-31,Z02,62000,5516292,6179273,4.03
2023-02-01,Z02,62000,5431311,6693675,3.73
2023-02-02,Z02,62000,5739214,7073142,4.18
2023-02-03,Z02,62000,5334564,6574441,3.11
2023-02-04,Z02,62000,5765408,7105424,2.73
2023-02-05,Z02,62000,6215560,7660202,3.4
2023-02-06,Z02,62000,5251180,5882297,3.61
2023-02-07,Z02,62000,5814174,6512955,2.7
2023-02-08,Z02,62000,5458376,6114396,3.3
2023-02-09,Z02,62000,5656338,6336150,4.24
2023-02-10,Z02,62000,5584227,6255372,3.87
2023-02-11,Z02,62000,6333808,7095042,3.67
2023-02-12,Z02,62000,6639228,7437169,3.07
2023-02-13,Z02,62000,5733025,6422053,4.23
2023-02-14,Z02,62000,5854916,6558594,3.39
2023-02-15,Z02,62000,5725624,6413762,3.65
2023-02-16,Z02,62000,6028874,6753459,3.8
2023-02-17,Z02,62000,5339029,5980705,3.69
2023-02-18,Z02,62000,6899751,7729003,4.35
2023-02-19,Z02,62000,6280154,7034939,3.89
2023-02-20,Z02,62000,6043894,6770284,3.77
2023-02-21,Z02,62000,6255880,7007749,3.56
2023-02-22,Z02,62000,5892671,6600886,3.82
2023-02-23,Z02,62000,5974094,6692096,3.5
2023-02-24,Z02,62000,6236656,6986214,3.69
2023-02-25,Z02,62000,6398989,7168057,3.43
2023-02-26,Z02,62000,6884450,7711863,3.35
2023-02-27,Z02,62000,6157924,6898019,3.14
2023-02-28,Z02,62000,5967549,6684764,3.46
2023-03-01,Z02,62000,6556644,7344660,3.43
2023-03-02,Z02,62000,6544089,7330595,4.51
2023-03-03,Z02,62000,6060468,6788851,4.1
2023-03-04,Z02,62000,6881962,7709076,3.53
2023-03-05,Z02,62000,6952943,7788588,3.39
2023-03-06,Z02,62000,6351673,7115054,3.91
2023-03-07,Z02,62000,5830961,6531760,4.57
2023-03-08,Z02,62000,6228554,6977138,4.0
2023-03-09,Z02,62000,6260726,7013177,2.74
2023-03-10,Z02,62000,6257644,7009724,4.03
2023-03-11,Z02,62000,7002446,7844041,4.12
2023-03-12,Z02,62000,6987860,7827702,4.7
2023-03-13,Z02,62000,6275467,7029690,3.48
2023-03-14,Z02,62000,6636312,7433902,3.67
2023-03-15,Z02,62000,6255190,7006976,3.83
2023-03-16,Z02,62000,6736631,7546279,3.22
2023-03-17,Z02,62000,6503555,7285190,3.17
2023-03-18,Z02,62000,7681465,8604668,3.8
2023-03-19,Z02,62000,7781085,8716261,2.83
2023-03-20,Z02,62000,6993708,7834252,2.94
2023-03-21,Z02,62000,6736153,7545743,4.01
2023-03-22,Z02,62000,7133848,7991235,3.85
2023-03-23,Z02,62000,7037695,7883526,4.22
2023-03-24,Z02,62000,7466245,8363582,3.83
2023-03-25,Z02,62000,8219231,9207066,3.61
2023-03-26,Z02,62000,7471232,8369168,4.24
2023-03-27,Z02,62000,7379255,8266137,3.39
2023-03-28,Z02,62000,7383769,8271193,3.43
2023-03-29,Z02,62000,7344669,8227395,3.57
2023-03-30,Z02,62000,7373934,8260176,3.83
2023-03-31,Z02,62000,7479303,8378209,3.57
2023-04-01,Z02,62000,7976890,8935599,2.86
2023-04-02,Z02,62000,8028082,8992943,3.47
2023-04-03,Z02,62000,7259098,8131538,3.58
2023-04-04,Z02,62000,8044106,9010893,3.66
2023-04-05,Z02,62000,7095493,7948271,3.38
2023-04-06,Z02,62000,8369157,9375011,3.85
2023-04-07,Z02,62000,7661422,8582216,2.79
2023-04-08,Z02,62000,8655498,9695766,3.81
2023-04-09,Z02,62000,8543834,9570682,4.5
2023-04-10,Z02,62000,7616584,8531989,3.3
2023-04-11,Z02,62000,7243447,8114007,3.63
2023-04-12,Z02,62000,8279286,9274338,3.48
2023-04-13,Z02,62000,7413840,8304878,3.48
2023-04-14,Z02,62000,8481952,9501362,3.09
2023-04-15,Z02,62000,8697079,9742345,4.6
2023-04-16,Z02,62000,8678274,9721280,3.79
2023-04-17,Z02,62000,8178337,9161257,3.26
2023-04-18,Z02,62000,7628942,8545833,3.21
2023-04-19,Z02,62000,7910942,8861726,3.63
2023-04-20,Z02,62000,7942229,8896773,2.52
2023-04-21,Z02,62000,8283660,9279239,4.13
2023-04-22,Z02,62000,9260759,10373771,3.34
2023-04-23,Z02,62000,9679531,10842873,3.79
2023-04-24,Z02,62000,8635788,9673687,3.82
2023-04-25,Z02,62000,8930374,10003678,4.08
2023-04-26,Z02,62000,8469876,9487835,3.85
2023-04-27,Z02,62000,8331349,9332659,3.97
2023-04-28,Z02,62000,8911008,9981985,4.11
2023-04-29,Z02,62000,8762507,9815636,3.43
2023-04-30,Z02,62000,9400872,10530724,4.68
2023-05-01,Z02,62000,8539647,9565991,3.78
2023-05-02,Z02,62000,8295846,9292889,3.59
2023-05-03,Z02,62000,9152844,10252886,3.18
2023-05-04,Z02,62000,9045410,10132540,3.5
2023-05-05,Z02,62000,8933037,10006661,3.8
2023-05-06,Z02,62000,10121954,11338469,3.65
2023-05-07,Z02,62000,9749472,10921221,4.51
2023-05-08,Z02,62000,8648832,9688299,3.41
2023-05-09,Z02,62000,9641910,10800731,3.94
2023-05-10,Z02,62000,10048488,11256174,3.04
2023-05-11,Z02,62000,9725801,10894704,4.69
2023-05-12,Z02,62000,9231393,10340875,3.0
2023-05-13,Z02,62000,10478640,11738023,4.64
2023-05-14,Z02,62000,10210458,11437610,3.53
2023-05-15,Z02,62000,9943966,11139090,2.48
2023-05-16,Z02,62000,10033797,11239717,4.28
2023-05-17,Z02,62000,9825684,11006592,3.64
2023-05-18,Z02,62000,10478451,11737812,3.37
2023-05-19,Z02,62000,9453899,10590124,3.92
2023-05-20,Z02,62000,11387453,12756063,3.93
2023-05-21,Z02,62000,10676530,11959698,3.81
2023-05-22,Z02,62000,10084967,11297037,4.17
2023-05-23,Z02,62000,10231694,11461399,3.73
2023-05-24,Z02,62000,10002347,11204487,3.92
2023-05-25,Z02,62000,9600062,10753853,3.34
2023-05-26,Z02,62000,10064273,11273856,3.98
2023-05-27,Z02,62000,11021245,12345842,3.34
2023-05-28,Z02,62000,11337574,12700190,3.04
2023-05-29,Z02,62000,10441850,11696812,3.5
2023-05-30,Z02,62000,10925506,12238597,3.46
2023-05-31,Z02,62000,10851076,12155221,4.06
2023-06-01,Z02,62000,10377736,11624993,2.87
2023-06-02,Z02,62000,10091730,11304613,4.15
2023-06-03,Z02,62000,11075252,12406340,3.29
2023-06-04,Z02,62000,12221130,13689937,2.37
2023-06-05,Z02,62000,10476072,11735148,3.0
2023-06-06,Z02,62000,10849627,12153598,3.45
2023-06-07,Z02,62000,10037686,11244073,3.82
2023-06-08,Z02,62000,11355257,12719998,3.53
2023-06-09,Z02,62000,10861229,12166595,3.0
2023-06-10,Z02,62000,11810013,13229409,3.21
2023-06-11,Z02,62000,11865693,13291782,3.0
2023-06-12,Z02,62000,12024032,13469151,3.73
2023-06-13,Z02,62000,10156939,11377659,3.55
2023-06-14,Z02,62000,10371235,11617710,3.91
2023-06-15,Z02,62000,11020865,12345417,2.71
2023-06-16,Z02,62000,11338862,12701633,3.33
2023-06-17,Z02,62000,12052715,13501281,4.61
2023-06-18,Z02,62000,11819743,13240309,3.92
2023-06-19,Z02,62000,10880918,12188651,3.45
2023-06-20,Z02,62000,10878588,12186040,3.11
2023-06-21,Z02,62000,11819594,13240142,4.15
2023-06-22,Z02,62000,11213085,12560738,4.37
2023-06-23,Z02,62000,11426293,12799572,3.03
2023-06-24,Z02,62000,12195403,13661118,3.07
2023-06-25,Z02,62000,12446102,13941947,3.74
2023-06-26,Z02,62000,10456815,11713576,3.79
2023-06-27,Z02,62000,11248520,12600433,3.84
2023-06-28,Z02,62000,11422790,12795648,4.52
2023-06-29,Z02,62000,12247093,13719019,3.11
2023-06-30,Z02,62000,11983500,13423747,3.62
2023-07-01,Z02,62000,12471461,13970354,3.96
2023-07-02,Z02,62000,12001483,13443892,3.96
2023-07-03,Z02,62000,10820438,12120902,3.28
2023-07-04,Z02,62000,11321648,12682349,3.3
2023-07-05,Z02,62000,11858262,13283457,3.37
2023-07-06,Z02,62000,11175568,12518713,4.45
2023-07-07,Z02,62000,11468592,12846955,3.11
2023-07-08,Z02,62000,12831089,14373204,3.44
2023-07-09,Z02,62000,11947563,13383490,3.99
2023-07-10,Z02,62000,11384493,12752747,3.06
2023-07-11,Z02,62000,11672997,13075925,3.73
2023-07-12,Z02,62000,11327896,12689348,2.65
2023-07-13,Z02,62000,10816283,12116247,3.7
2023-07-14,Z02,62000,10939652,12254444,3.63
2023-07-15,Z02,62000,12760218,14293816,3.68
2023-07-16,Z02,62000,12369144,13855740,3.17
2023-07-17,Z02,62000,11473882,12852880,3.71
2023-07-18,Z02,62000,10679488,11963012,3.58
2023-07-19,Z02,62000,11416029,12788073,4.25
2023-07-20,Z02,62000,11190638,12535594,3.92
2023-07-21,Z02,62000,11627513,13024975,2.88
2023-07-22,Z02,62000,12432834,13927084,3.18
2023-07-23,Z02,62000,12611287,14126985,3.29
2023-07-24,Z02,62000,11250198,12602312,3.69
2023-07-25,Z02,62000,11281938,12637867,3.52
2023-07-26,Z02,62000,10614834,11890587,3.51
2023-07-27,Z02,62000,11233763,12583902,5.01
2023-07-28,Z02,62000,11630133,13027910,3.34
2023-07-29,Z02,62000,11858139,13283320,4.3
2023-07-30,Z02,62000,12402235,13892808,3.53
2023-07-31,Z02,62000,11688819,13093650,2.51
2023-08-01,Z02,62000,11294292,12651706,3.7
2023-08-02,Z02,62000,11222916,12571752,4.16
2023-08-03,Z02,62000,10604527,11879040,3.92
2023-08-04,Z02,62000,11611797,13007370,3.73
2023-08-05,Z02,62000,12625569,14142983,3.61
2023-08-06,Z02,62000,11766874,13181086,3.35
2023-08-07,Z02,62000,10933586,12247648,4.05
2023-08-08,Z02,62000,11005968,12328729,3.38
2023-08-09,Z02,62000,10854630,12159203,3.28
2023-08-10,Z02,62000,10122636,11339233,3.81
2023-08-11,Z02,62000,11397848,12767708,3.45
2023-08-12,Z02,62000,11953927,13390619,4.24
2023-08-13,Z02,62000,10705619,11992283,3.83
2023-08-14,Z02,62000,10559356,11828441,3.21
2023-08-15,Z02,62000,10553349,11821711,3.03
2023-08-16,Z02,62000,10593921,11867160,3.31
2023-08-17,Z02,62000,11326545,12687835,4.77
2023-08-18,Z02,62000,10770481,12064940,3.48
2023-08-19,Z02,62000,12088114,13540934,3.98
2023-08-20,Z02,62000,11084796,12417031,2.95
2023-08-21,Z02,62000,10727331,12016605,3.06
2023-08-22,Z02,62000,10721564,12010144,3.51
2023-08-23,Z02,62000,11129464,12467067,4.45
2023-08-24,Z02,62000,10980383,12300069,2.95
2023-08-25,Z02,62000,10614125,11889793,3.29
2023-08-26,Z02,62000,11945688,13381391,4.05
2023-08-27,Z02,62000,11510915,12894364,4.4
2023-08-28,Z02,62000,10816485,12116473,3.82
2023-08-29,Z02,62000,10792943,12090102,3.94
2023-08-30,Z02,62000,11325661,12686845,3.15
2023-08-31,Z02,62000,10771932,12066566,2.94
2023-09-01,Z02,62000,10506602,11769346,3.03
2023-09-02,Z02,62000,11182582,12526569,3.16
2023-09-03,Z02,62000,11179825,12523482,3.71
2023-09-04,Z02,62000,10274160,11508968,2.99
2023-09-05,Z02,62000,10191348,11416203,3.73
2023-09-06,Z02,62000,10709189,11996282,3.44
2023-09-07,Z02,62000,9700650,10866531,3.32
2023-09-08,Z02,62000,9793051,10970037,4.04
2023-09-09,Z02,62000,11294394,12651820,3.12
2023-09-10,Z02,62000,11494511,12875989,4.32
2023-09-11,Z02,62000,10295342,11532696,4.02
2023-09-12,Z02,62000,9863322,11048754,3.1
2023-09-13,Z02,62000,10350213,11594162,4.2
2023-09-14,Z02,62000,9965246,11162928,3.05
2023-09-15,Z02,62000,9537904,10684224,4.25
2023-09-16,Z02,62000,10750753,12042842,3.77
2023-09-17,Z02,62000,11001754,12324009,2.81
2023-09-18,Z02,62000,9675125,10837937,2.95
2023-09-19,Z02,62000,9835268,11017327,3.4
2023-09-20,Z02,62000,9652064,10812105,4.03
2023-09-21,Z02,62000,8838971,9901290,3.51
2023-09-22,Z02,62000,9376544,10503472,3.5
2023-09-23,Z02,62000,9367712,10493578,3.62
2023-09-24,Z02,62000,10205677,11432254,2.6
2023-09-25,Z02,62000,9115928,10211533,4.01
2023-09-26,Z02,62000,9618971,10775035,4.27
2023-09-27,Z02,62000,9374425,10501098,3.99
2023-09-28,Z02,62000,9442561,10577423,3.39
2023-09-29,Z02,62000,8551475,9579241,3.16
2023-09-30,Z02,62000,9460452,10597464,3.06
2023-10-01,Z02,62000,9489978,10630539,3.03
2023-10-02,Z02,62000,9150007,10249708,4.73
2023-10-03,Z02,62000,8713081,9760270,3.56
2023-10-04,Z02,62000,8905748,9976093,4.05
2023-10-05,Z02,62000,8460536,9477373,4.02
2023-10-06,Z02,62000,8322059,9322253,3.67
2023-10-07,Z02,62000,9858231,11043051,3.13
2023-10-08,Z02,62000,9405464,10535868,3.86
2023-10-09,Z02,62000,7795083,8731941,3.06
2023-10-10,Z02,62000,8411566,9422517,3.9
2023-10-11,Z02,62000,8759192,9811922,3.08
2023-10-12,Z02,62000,8569973,9599962,3.38
2023-10-13,Z02,62000,8487417,9507484,3.38
2023-10-14,Z02,62000,8953700,10029808,4.3
2023-10-15,Z02,62000,8993994,10074944,2.38
2023-10-16,Z02,62000,8178753,9161723,4.77
2023-10-17,Z02,62000,8547159,9574406,3.2
2023-10-18,Z02,62000,8080663,9051844,3.54
2023-10-19,Z02,62000,8249833,9241345,3.81
2023-10-20,Z02,62000,7723819,8652112,3.76
2023-10-21,Z02,62000,8621002,9657125,4.02
2023-10-22,Z02,62000,8202086,9187861,3.91
2023-10-23,Z02,62000,7524502,8428840,4.62
2023-10-24,Z02,62000,7498689,8399925,3.97
2023-10-25,Z02,62000,7885494,8833219,3.54
2023-10-26,Z02,62000,8139339,9117572,3.32
2023-10-27,Z02,62000,7968353,8926036,3.31
2023-10-28,Z02,62000,8336691,9338643,4.25
2023-10-29,Z02,62000,7664176,8585301,4.48
2023-10-30,Z02,62000,7765964,8699322,4.1
2023-10-31,Z02,62000,7170206,8031963,2.02
2023-11-01,Z02,62000,7535747,8441438,2.48
2023-11-02,Z02,62000,7025694,7870083,3.6
2023-11-03,Z02,62000,7253611,8125393,3.52
2023-11-04,Z02,62000,8500055,9521641,3.61
2023-11-05,Z02,62000,8360851,9365707,4.23
2023-11-06,Z02,62000,7423134,8315290,4.2
2023-11-07,Z02,62000,7265656,8138885,3.69
2023-11-08,Z02,62000,7624682,8541061,2.84
2023-11-09,Z02,62000,7285790,8161439,2.99
2023-11-10,Z02,62000,7354132,8237994,3.63
2023-11-11,Z02,62000,7458321,8354706,3.81
2023-11-12,Z02,62000,7580958,10380175,2.99
2023-11-13,Z02,62000,6838821,9364009,3.93
2023-11-14,Z02,62000,7411735,10148467,2.72
2023-11-15,Z02,62000,7083426,9698932,2.27
2023-11-16,Z02,62000,6701393,9175837,3.16
2023-11-17,Z02,62000,6833112,9356192,4.29
2023-11-18,Z02,62000,7555007,10344643,4.36
2023-11-19,Z02,62000,7054613,9659481,2.8
2023-11-20,Z02,62000,6700160,9174148,2.84
2023-11-21,Z02,62000,6632827,9081954,3.98
2023-11-22,Z02,62000,6367515,8718677,3.38
2023-11-23,Z02,62000,6996420,9579801,4.28
2023-11-24,Z02,62000,6471413,8860938,3.97
2023-11-25,Z02,62000,8087011,11073085,4.06
2023-11-26,Z02,62000,6911152,9463048,3.19
2023-11-27,Z02,62000,6006531,8224402,3.82
2023-11-28,Z02,62000,6597690,9033842,4.61
2023-11-29,Z02,62000,6064618,6793499,3.67
2023-11-30,Z02,62000,6568656,7358116,3.58
2023-12-01,Z02,62000,6318918,7078362,3.38
2023-12-02,Z02,62000,6779808,7594645,2.8
2023-12-03,Z02,62000,6587922,7379697,3.05
2023-12-04,Z02,62000,6589390,7381341,3.15
2023-12-05,Z02,62000,5970226,6687763,2.78
2023-12-06,Z02,62000,6461970,7238607,2.83
2023-12-07,Z02,62000,6018235,6741542,2.38
2023-12-08,Z02,62000,6205963,6951832,3.21
2023-12-09,Z02,62000,6573470,7363508,3.94
2023-12-10,Z02,62000,7202413,8068040,3.44
2023-12-11,Z02,62000,6221594,6969342,3.44
2023-12-12,Z02,62000,5698358,6383220,3.98
2023-12-13,Z02,62000,6242426,6992677,4.44
2023-12-14,Z02,62000,5723837,6411761,4.74
2023-12-15,Z02,62000,5905856,6615656,3.67
2023-12-16,Z02,62000,6597290,7390191,3.46
2023-12-17,Z02,62000,6784901,7600350,3.39
2023-12-18,Z02,62000,6149971,6889110,3.9
2023-12-19,Z02,62000,6207265,6953291,3.52
2023-12-20,Z02,62000,5637819,6315405,3.52
2023-12-21,Z02,62000,6348468,7111464,3.56
2023-12-22,Z02,62000,5725333,6413437,3.13
2023-12-23,Z02,62000,6091975,6824144,2.43
2023-12-24,Z02,62000,6351967,7115384,3.27
2023-12-25,Z02,62000,6005511,6727288,4.33
2023-12-26,Z02,62000,5597790,6270565,4.31
2023-12-27,Z02,62000,5494513,6154876,4.07
2023-12-28,Z02,62000,5913154,6623831,3.35
2023-12-29,Z02,62000,5932450,6645446,3.2
2023-12-30,Z02,62000,6423017,7194973,4.41
2023-12-31,Z02,62000,6154087,6893721,3.06
2024-01-01,Z02,62000,5807362,6505325,3.62
2024-01-02,Z02,62000,5594688,6267090,4.44
2024-01-03,Z02,62000,5726530,6414777,3.66
2024-01-04,Z02,62000,5524123,6188044,3.45
2024-01-05,Z02,62000,6020312,6743868,4.18
2024-01-06,Z02,62000,6472062,7249912,3.64
2024-01-07,Z02,62000,6341634,7103808,3.7
2024-01-08,Z02,62000,5657072,6336972,4.36
2024-01-09,Z02,62000,5977552,6695969,2.33
2024-01-10,Z02,62000,5761511,6453963,3.78
2024-01-11,Z02,62000,5468935,6126224,3.22
2024-01-12,Z02,62000,5624329,6300293,3.5
2024-01-13,Z02,62000,6528009,7312583,3.66
2024-01-14,Z02,62000,6549071,7336177,3.26
2024-01-15,Z02,62000,5437448,6090952,3.71
2024-01-16,Z02,62000,6039259,6765092,3.79
2024-01-17,Z02,62000,5447346,6102040,3.7
2024-01-18,Z02,62000,6058437,6786575,3.66
2024-01-19,Z02,62000,5289617,5925354,3.54
2024-01-20,Z02,62000,6475473,7253733,3.55
2024-01-21,Z02,62000,6671096,7472867,3.64
2024-01-22,Z02,62000,5456596,6112401,3.13
2024-01-23,Z02,62000,5579811,6250425,4.24
2024-01-24,Z02,62000,5563523,6232180,3.55
2024-01-25,Z02,62000,5611274,6285669,3.4
2024-01-26,Z02,62000,6124833,6860951,3.8
2024-01-27,Z02,62000,6564296,7353231,3.54
2024-01-28,Z02,62000,5723825,6411748,4.22
2024-01-29,Z02,62000,5983904,6703084,4.05
2024-01-30,Z02,62000,6006324,6728199,3.65
2024-01-31,Z02,62000,5834686,6535933,4.07
2024-02-01,Z02,62000,5672993,6354807,3.72
2024-02-02,Z02,62000,5584164,6255301,3.02
2024-02-03,Z02,62000,6479738,7258511,4.04
2024-02-04,Z02,62000,6637850,7435626,2.65
2024-02-05,Z02,62000,5316877,5955890,1.84
2024-02-06,Z02,62000,6057690,6785738,3.95
2024-02-07,Z02,62000,6011518,6734017,3.82
2024-02-08,Z02,62000,6201823,6947194,3.79
2024-02-09,Z02,62000,6212205,6958824,4.29
2024-02-10,Z02,62000,6396616,7165399,3.59
2024-02-11,Z02,62000,6184722,6928038,3.41
2024-02-12,Z02,62000,5798958,6495911,4.0
2024-02-13,Z02,62000,5921208,6632853,3.24
2024-02-14,Z02,62000,6041681,6767806,3.48
2024-02-15,Z02,62000,6046304,6772984,3.73
2024-02-16,Z02,62000,5746440,6437081,3.77
2024-02-17,Z02,62000,7002345,7843927,3.43
2024-02-18,Z02,62000,6433891,7207154,3.35
2024-02-19,Z02,62000,6319648,7079180,3.04
2024-02-20,Z02,62000,5805107,6502799,3.21
2024-02-21,Z02,62000,5784217,6479398,4.51
2024-02-22,Z02,62000,6836914,7658614,3.47
2024-02-23,Z02,62000,6138938,6876752,3.69
2024-02-24,Z02,62000,6924937,7757216,2.85
2024-02-25,Z02,62000,6593425,7385861,4.88
2024-02-26,Z02,62000,6161010,6901476,3.17
2024-02-27,Z02,62000,6517421,7300722,3.01
2024-02-28,Z02,62000,6251008,7002291,3.57
2024-02-29,Z02,62000,6573901,7363991,3.15
2024-03-01,Z02,62000,6604492,7398258,3.78
2024-03-02,Z02,62000,7265070,8138228,2.84
2024-03-03,Z02,62000,6927331,7759898,4.17
2024-03-04,Z02,62000,6225074,6973240,4.07
2024-03-05,Z02,62000,6987531,7827333,3.54
2024-03-06,Z02,62000,6935116,7768618,2.77
2024-03-07,Z02,62000,6584468,7375828,3.19
2024-03-08,Z02,62000,6764234,7577199,3.63
2024-03-09,Z02,62000,7234021,8103448,2.99
2024-03-10,Z02,62000,8057436,9025826,3.08
2024-03-11,Z02,62000,7280536,8155553,4.12
2024-03-12,Z02,62000,7002264,7843837,3.68
2024-03-13,Z02,62000,6991018,7831239,3.66
2024-03-14,Z02,62000,6959900,7796381,3.86
2024-03-15,Z02,62000,6943480,7777988,3.52
2024-03-16,Z02,62000,7532577,8437885,3.57
2024-03-17,Z02,62000,7362782,8247684,3.83
2024-03-18,Z02,62000,7332877,8214184,4.0
2024-03-19,Z02,62000,7066902,7916243,3.85
2024-03-20,Z02,62000,7434656,8328196,4.33
2024-03-21,Z02,62000,7410571,8301217,3.61
2024-03-22,Z02,62000,7188928,8052936,2.93
2024-03-23,Z02,62000,8008947,8971509,4.14
2024-03-24,Z02,62000,8359746,9364469,3.48
2024-03-25,Z02,62000,7405045,8295026,3.22
2024-03-26,Z02,62000,7922419,8874582,3.96
2024-03-27,Z02,62000,7081878,7933020,3.79
2024-03-28,Z02,62000,7535887,8441593,2.96
2024-03-29,Z02,62000,7102590,7956221,3.94
2024-03-30,Z02,62000,8294032,9290858,4.54
2024-03-31,Z02,62000,8544864,9571836,3.76
2024-04-01,Z02,62000,7472337,8370406,3.47
2024-04-02,Z02,62000,7649095,8568408,2.77
2024-04-03,Z02,62000,7670895,8592828,4.63
2024-04-04,Z02,62000,8407904,9418414,3.34
2024-04-05,Z02,62000,8231361,9220654,2.9
2024-04-06,Z02,62000,8749236,9800770,3.66
2024-04-07,Z02,62000,9018632,10102543,4.1
2024-04-08,Z02,62000,7839521,8781720,4.22
2024-04-09,Z02,62000,8510549,9533397,3.26
2024-04-10,Z02,62000,7741915,8672383,3.55
2024-04-11,Z02,62000,8526243,9550977,3.6
2024-04-12,Z02,62000,7641095,8559446,4.09
2024-04-13,Z02,62000,9328161,10449274,3.9
2024-04-14,Z02,62000,9578649,10729866,3.74
2024-04-15,Z02,62000,8712492,9759610,4.06
2024-04-16,Z02,62000,7510081,8412686,2.92
2024-04-17,Z02,62000,7976244,8934876,3.81
2024-04-18,Z02,62000,8531962,9557383,3.71
2024-04-19,Z02,62000,7966556,8924023,3.57
2024-04-20,Z02,62000,9894501,11083680,3.48
2024-04-21,Z02,62000,10196495,11421970,3.67
2024-04-22,Z02,62000,8999688,10081323,3.31
2024-04-23,Z02,62000,8929480,10002677,4.96
2024-04-24,Z02,62000,9272338,10386742,4.28
2024-04-25,Z02,62000,8641286,9679846,4.15
2024-04-26,Z02,62000,8628217,9665206,3.34
2024-04-27,Z02,62000,10419163,11671398,3.12
2024-04-28,Z02,62000,10445027,11700372,3.49
2024-04-29,Z02,62000,9130214,10227536,3.66
2024-04-30,Z02,62000,9123546,10220067,2.88
2024-05-01,Z02,62000,9256873,10369418,3.84
2024-05-02,Z02,62000,9677188,10840249,4.14
2024-05-03,Z02,62000,9712586,10879901,2.48
2024-05-04,Z02,62000,10882125,12190002,3.15
2024-05-05,Z02,62000,9692142,10857000,4.21
2024-05-06,Z02,62000,9506006,10648493,3.79
2024-05-07,Z02,62000,9788332,10964751,3.17
2024-05-08,Z02,62000,10147981,11367624,3.97
2024-05-09,Z02,62000,10289436,11526081,3.3
2024-05-10,Z02,62000,9826551,11007563,3.48
2024-05-11,Z02,62000,10132774,11350590,3.03
2024-05-12,Z02,62000,10779654,12075216,3.61
2024-05-13,Z02,62000,10179498,11402929,4.11
2024-05-14,Z02,62000,10027507,11232672,3.36
2024-05-15,Z02,62000,10346668,11590190,3.92
2024-05-16,Z02,62000,9574242,10724930,3.58
2024-05-17,Z02,62000,10531470,11797204,4.14
2024-05-18,Z02,62000,11517082,12901273,3.37
2024-05-19,Z02,62000,11175177,12518275,4.38
2024-05-20,Z02,62000,9870525,11056822,3.94
2024-05-21,Z02,62000,10011408,11214637,3.72
2024-05-22,Z02,62000,10545066,11812433,3.74
2024-05-23,Z02,62000,10443321,11698461,3.37
2024-05-24,Z02,62000,10395127,11644474,3.34
2024-05-25,Z02,62000,11571439,12962161,3.73
2024-05-26,Z02,62000,11005990,12328754,3.0
2024-05-27,Z02,62000,10955286,12271956,3.3
2024-05-28,Z02,62000,11475594,12854798,3.13
2024-05-29,Z02,62000,10324693,11565575,3.89
2024-05-30,Z02,62000,10612165,11887597,3.89
2024-05-31,Z02,62000,10841568,12144570,4.23
2024-06-01,Z02,62000,12342738,13826160,3.43
2024-06-02,Z02,62000,11055321,12384014,3.2
2024-06-03,Z02,62000,10933476,12247524,2.87
2024-06-04,Z02,62000,10707460,11994345,3.74
2024-06-05,Z02,62000,10547257,11814887,4.3
2024-06-06,Z02,62000,10801344,12099512,3.56
2024-06-07,Z02,62000,11392511,12761729,3.61
2024-06-08,Z02,62000,12138596,13597483,3.6
2024-06-09,Z02,62000,12671666,14194620,3.73
2024-06-10,Z02,62000,10928503,12241954,4.1
2024-06-11,Z02,62000,10688135,11972697,4.56
2024-06-12,Z02,62000,11256069,12608889,3.85
2024-06-13,Z02,62000,10539543,11806246,3.88
2024-06-14,Z02,62000,11993746,13435224,3.48
2024-06-15,Z02,62000,12612340,14128164,3.55
2024-06-16,Z02,62000,12506332,14009416,3.54
2024-06-17,Z02,62000,11198946,12544900,3.42
2024-06-18,Z02,62000,11513992,12897810,3.66
2024-06-19,Z02,62000,11669642,13072167,3.91
2024-06-20,Z02,62000,10900715,12210826,3.63
2024-06-21,Z02,62000,11346237,12709894,3.46
2024-06-22,Z02,62000,12452349,13948945,3.66
2024-06-23,Z02,62000,13342580,14946168,3.12
2024-06-24,Z02,62000,11602632,12997104,4.0
2024-06-25,Z02,62000,11897031,13326886,3.39
2024-06-26,Z02,62000,11651556,13051908,3.02
2024-06-27,Z02,62000,12301906,13780420,3.83
2024-06-28,Z02,62000,11822778,13243708,3.86
2024-06-29,Z02,62000,13214838,14803074,3.17
2024-06-30,Z02,62000,12967841,14526391,3.91
2024-07-01,Z02,62000,11338307,12701011,3.92
2024-07-02,Z02,62000,12668267,14190813,4.59
2024-07-03,Z02,62000,11703400,13109982,3.48
2024-07-04,Z02,62000,12046931,13494801,3.57
2024-07-05,Z02,62000,12358054,13843317,3.3
2024-07-06,Z02,62000,12043077,13490484,3.85
2024-07-07,Z02,62000,12583721,14096106,3.6
2024-07-08,Z02,62000,11600121,12994291,4.09
2024-07-09,Z02,62000,11572239,12963058,3.38
2024-07-10,Z02,62000,11141877,12480973,3.84
2024-07-11,Z02,62000,12258446,13731737,3.48
2024-07-12,Z02,62000,11244103,12595485,2.68
2024-07-13,Z02,62000,12470119,13968851,3.91
2024-07-14,Z02,62000,12716036,14244324,2.73
2024-07-15,Z02,62000,11871502,13298288,3.52
2024-07-16,Z02,62000,12192077,13657391,3.53
2024-07-17,Z02,62000,12126109,13583496,3.6
2024-07-18,Z02,62000,11908269,13339474,3.62
2024-07-19,Z02,62000,11683830,13088061,3.62
2024-07-20,Z02,62000,12125904,13583266,3.78
2024-07-21,Z02,62000,12205182,13672072,3.55
2024-07-22,Z02,62000,11018279,12342520,4.91
2024-07-23,Z02,62000,11606225,13001129,3.43
2024-07-24,Z02,62000,11778761,13194402,2.99
2024-07-25,Z02,62000,11641722,13040892,2.89
2024-07-26,Z02,62000,11390088,12759015,3.93
2024-07-27,Z02,62000,12407828,13899073,2.8
2024-07-28,Z02,62000,14101365,15796149,3.0
2024-07-29,Z02,62000,11358133,12723220,2.92
2024-07-30,Z02,62000,11662588,13064266,3.83
2024-07-31,Z02,62000,11637551,13036219,4.27
2024-08-01,Z02,62000,11454942,12831664,3.13
2024-08-02,Z02,62000,11146848,12486542,3.81
2024-08-03,Z02,62000,12986341,14547115,2.28
2024-08-04,Z02,62000,12074019,13525144,3.23
2024-08-05,Z02,62000,12544231,14051869,3.9
2024-08-06,Z02,62000,11781142,13197068,3.44
2024-08-07,Z02,62000,11153821,12494352,4.1
2024-08-08,Z02,62000,11017110,12341211,2.48
2024-08-09,Z02,62000,11079152,12410709,3.23
2024-08-10,Z02,62000,12342428,13825813,3.83
2024-08-11,Z02,62000,13584908,15217621,3.82
2024-08-12,Z02,62000,11409290,12780525,3.86
2024-08-13,Z02,62000,11131826,12469714,3.7
2024-08-14,Z02,62000,11551747,12940103,3.03
2024-08-15,Z02,62000,12247736,13719741,3.21
2024-08-16,Z02,62000,11012106,12335605,4.76
2024-08-17,Z02,62000,13009060,14572565,2.97
2024-08-18,Z02,62000,11975814,13415137,2.89
2024-08-19,Z02,62000,10967305,12285420,3.94
2024-08-20,Z02,62000,11070770,12401319,3.07
2024-08-21,Z02,62000,11077462,12408816,4.5
2024-08-22,Z02,62000,11339349,12702177,4.97
2024-08-23,Z02,62000,9867230,11053131,3.48
2024-08-24,Z02,62000,11940585,13375674,3.75
2024-08-25,Z02,62000,11277889,12633331,2.69
2024-08-26,Z02,62000,10748730,12040575,4.12
2024-08-27,Z02,62000,10102246,11316393,2.48
2024-08-28,Z02,62000,10687262,11971720,2.93
2024-08-29,Z02,62000,10673552,11956361,3.66
2024-08-30,Z02,62000,10719577,12007918,3.87
2024-08-31,Z02,62000,10862745,12168293,2.86
2024-09-01,Z02,62000,11755533,13168382,3.33
2024-09-02,Z02,62000,10668385,11950573,2.77
2024-09-03,Z02,62000,10328734,11570101,3.44
2024-09-04,Z02,62000,10547688,11815370,3.2
2024-09-05,Z02,62000,10289706,11526382,3.28
2024-09-06,Z02,62000,10259960,11493062,3.93
2024-09-07,Z02,62000,11409481,12780739,3.74
2024-09-08,Z02,62000,10813093,12112674,3.88
2024-09-09,Z02,62000,10112120,11327453,3.54
2024-09-10,Z02,62000,9515781,10659443,3.96
2024-09-11,Z02,62000,10599182,11873053,3.58
2024-09-12,Z02,62000,10682861,11966789,3.35
2024-09-13,Z02,62000,10696083,11981600,3.89
2024-09-14,Z02,62000,11003364,12325813,3.39
2024-09-15,Z02,62000,11406827,12777766,3.44
2024-09-16,Z02,62000,9844123,11027247,4.13
2024-09-17,Z02,62000,9988473,11188945,4.09
2024-09-18,Z02,62000,10171876,11394392,3.45
2024-09-19,Z02,62000,9874825,11061639,4.04
2024-09-20,Z02,62000,9561955,10711167,2.96
2024-09-21,Z02,62000,10704051,11990526,3.45
2024-09-22,Z02,62000,10797337,12095024,3.22
2024-09-23,Z02,62000,9803729,10981998,3.6
2024-09-24,Z02,62000,9803214,10981421,3.97
2024-09-25,Z02,62000,9490287,10630885,3.88
2024-09-26,Z02,62000,9435749,10569793,3.81
2024-09-27,Z02,62000,9553159,10701314,3.67
2024-09-28,Z02,62000,10236612,11466907,3.52
2024-09-29,Z02,62000,9451851,10587829,4.2
2024-09-30,Z02,62000,9087778,10180000,2.83
2024-10-01,Z02,62000,10271902,11506438,3.27
2024-10-02,Z02,62000,8646208,9685360,3.81
2024-10-03,Z02,62000,9306779,10425322,4.36
2024-10-04,Z02,62000,9102535,10196530,3.43
2024-10-05,Z02,62000,10131537,11349204,3.47
2024-10-06,Z02,62000,10257135,11489897,2.96
2024-10-07,Z02,62000,9582861,10734585,3.33
2024-10-08,Z02,62000,9053067,10141118,3.95
2024-10-09,Z02,62000,9537289,10683536,4.39
2024-10-10,Z02,62000,8899427,9969012,3.45
2024-10-11,Z02,62000,9092274,10185036,3.2
2024-10-12,Z02,62000,9601423,10755378,3.63
2024-10-13,Z02,62000,9527288,10672332,2.79
2024-10-14,Z02,62000,8594681,9627640,4.22
2024-10-15,Z02,62000,8533895,9559548,2.98
2024-10-16,Z02,62000,8309589,9308284,3.76
2024-10-17,Z02,62000,7825683,8766219,3.75
2024-10-18,Z02,62000,8369383,9375264,3.91
2024-10-19,Z02,62000,9614498,10770024,3.73
2024-10-20,Z02,62000,8680421,9723685,3.6
2024-10-21,Z02,62000,8017874,8981509,3.81
2024-10-22,Z02,62000,8571132,9601261,4.02
2024-10-23,Z02,62000,8470646,9488697,4.5
2024-10-24,Z02,62000,7778978,8713901,3.05
2024-10-25,Z02,62000,8134424,9112067,2.68
2024-10-26,Z02,62000,8705365,9751627,2.83
2024-10-27,Z02,62000,9456270,10592779,2.69
2024-10-28,Z02,62000,7978178,8937041,3.0
2024-10-29,Z02,62000,7847741,8790928,2.94
2024-10-30,Z02,62000,8232596,9222037,3.39
2024-10-31,Z02,62000,7457811,8354134,4.03
2024-11-01,Z02,62000,7348031,8231160,3.91
2024-11-02,Z02,62000,8435343,9449152,3.29
2024-11-03,Z02,62000,8852343,9916269,3.33
2024-11-04,Z02,62000,7278615,8153402,4.61
2024-11-05,Z02,62000,7407012,8297230,3.9
2024-11-06,Z02,62000,7779589,8714585,3.69
2024-11-07,Z02,62000,7485655,8385325,3.66
2024-11-08,Z02,62000,7320484,8200302,3.46
2024-11-09,Z02,62000,8330933,9332193,4.6
2024-11-10,Z02,62000,8189279,9173514,3.51
2024-11-11,Z02,62000,6815816,7634980,3.67
2024-11-12,Z02,62000,7210684,8077305,2.78
2024-11-13,Z02,62000,7529512,8434453,3.28
2024-11-14,Z02,62000,6788611,7604506,3.32
2024-11-15,Z02,62000,6959250,7795653,3.84
2024-11-16,Z02,62000,8127139,9103906,3.21
2024-11-17,Z02,62000,7668581,8590236,3.62
2024-11-18,Z02,62000,7514901,8418085,3.3
2024-11-19,Z02,62000,6421580,7193363,3.05
2024-11-20,Z02,62000,6540177,7326213,3.03
2024-11-21,Z02,62000,7253442,8125203,3.51
2024-11-22,Z02,62000,6707294,7513416,3.65
2024-11-23,Z02,62000,6839825,7661875,3.5
2024-11-24,Z02,62000,7509099,8411587,3.18
2024-11-25,Z02,62000,7142575,8001012,3.53
2024-11-26,Z02,62000,6013340,6736058,3.44
2024-11-27,Z02,62000,7000409,7841759,3.08
2024-11-28,Z02,62000,6227056,6975459,3.64
2024-11-29,Z02,62000,6656446,7456456,4.51
2024-11-30,Z02,62000,6842085,7664406,3.53
2024-12-01,Z02,62000,6836298,7657925,2.87
2024-12-02,Z02,62000,6730800,7539747,4.33
2024-12-03,Z02,62000,6510751,7293250,4.23
2024-12-04,Z02,62000,6372359,7138226,4.32
2024-12-05,Z02,62000,6675270,7477543,3.58
2024-12-06,Z02,62000,6669050,7470575,3.21
2024-12-07,Z02,62000,6893011,7721453,3.15
2024-12-08,Z02,62000,7138995,7997001,4.17
2024-12-09,Z02,62000,6494668,7275235,4.4
2024-12-10,Z02,62000,6431074,7203997,3.14
2024-12-11,Z02,62000,5652786,6332171,2.34
2024-12-12,Z02,62000,5961897,6678432,3.59
2024-12-13,Z02,62000,6298863,7055897,3.15
2024-12-14,Z02,62000,6552371,7339873,3.25
2024-12-15,Z02,62000,6644306,7442858,3.48
2024-12-16,Z02,62000,6038385,6764113,3.8
2024-12-17,Z02,62000,5894155,6602549,3.21
2024-12-18,Z02,62000,5946260,6660917,3.67
2024-12-19,Z02,62000,5950474,6665636,3.54
2024-12-20,Z02,62000,6292080,7048299,2.45
2024-12-21,Z02,62000,6382347,7149414,3.87
2024-12-22,Z02,62000,6131198,6868081,3.37
2024-12-23,Z02,62000,5960971,6677395,2.97
2024-12-24,Z02,62000,5885526,6592883,3.24
2024-12-25,Z02,62000,6019801,6743295,3.7
2024-12-26,Z02,62000,6174841,6916969,3.62
2024-12-27,Z02,62000,5634739,6311954,3.92
2024-12-28,Z02,62000,6606472,7400476,3.82
2024-12-29,Z02,62000,6438294,7212086,3.01
2024-12-30,Z02,62000,5990172,6710106,2.12
2024-12-31,Z02,62000,6284083,7039341,3.66
2025-01-01,Z02,62000,5637223,6314737,3.92
2025-01-02,Z02,62000,5947546,6662357,3.5
2025-01-03,Z02,62000,6022411,6746220,3.93
2025-01-04,Z02,62000,6399299,7168404,3.1
2025-01-05,Z02,62000,6229017,6977657,3.43
2025-01-06,Z02,62000,5836066,6537478,3.14
2025-01-07,Z02,62000,5707605,6393578,3.95
2025-01-08,Z02,62000,5816601,6515674,3.14
2025-01-09,Z02,62000,5980369,6699124,4.63
2025-01-10,Z02,62000,5667658,6348830,3.35
2025-01-11,Z02,62000,6370173,7135778,4.0
2025-01-12,Z02,62000,6791914,7608206,3.36
2025-01-13,Z02,62000,5956397,6672272,4.27
2025-01-14,Z02,62000,6053677,6781244,4.25
2025-01-15,Z02,62000,5639544,6317337,3.44
2025-01-16,Z02,62000,5549762,6216765,3.74
2025-01-17,Z02,62000,5887219,6594779,4.24
2025-01-18,Z02,62000,6402219,7171675,3.75
2025-01-19,Z02,62000,6333105,7094255,3.14
2025-01-20,Z02,62000,5775396,6469517,3.64
2025-01-21,Z02,62000,5954989,6670694,3.23
2025-01-22,Z02,62000,6144458,6882934,3.68
2025-01-23,Z02,62000,6247097,6997909,3.21
2025-01-24,Z02,62000,5867423,6572604,3.79
2025-01-25,Z02,62000,7080992,7932027,2.71
2025-01-26,Z02,62000,6716705,7523957,3.04
2025-01-27,Z02,62000,5596802,6269458,3.2
2025-01-28,Z02,62000,6205234,6951015,3.52
2025-01-29,Z02,62000,5861677,6566167,2.84
2025-01-30,Z02,62000,5997334,6718128,3.16
2025-01-31,Z02,62000,5904925,6614614,3.99
2025-02-01,Z02,62000,6829147,7649914,4.05
2025-02-02,Z02,62000,6298801,7055828,2.33
2025-02-03,Z02,62000,5301070,5938184,3.31
2025-02-04,Z02,62000,5636875,6314347,4.24
2025-02-05,Z02,62000,6245026,6995589,3.79
2025-02-06,Z02,62000,5911120,6621553,3.8
2025-02-07,Z02,62000,5609886,6284115,3.88
2025-02-08,Z02,62000,6187680,6931352,3.12
2025-02-09,Z02,62000,6764157,7577113,3.71
2025-02-10,Z02,62000,6409563,7179901,3.84
2025-02-11,Z02,62000,6068624,6797987,3.65
2025-02-12,Z02,62000,6294446,7050949,3.4
2025-02-13,Z02,62000,6227817,6976312,3.58
2025-02-14,Z02,62000,6132085,6869074,3.03
2025-02-15,Z02,62000,6270399,7024012,3.91
2025-02-16,Z02,62000,6767586,7580954,2.88
2025-02-17,Z02,62000,6690302,7494382,3.19
2025-02-18,Z02,62000,5913120,6623793,3.94
2025-02-19,Z02,62000,5982363,6701358,3.75
2025-02-20,Z02,62000,6297599,7054481,3.36
2025-02-21,Z02,62000,6516291,7299457,2.74
2025-02-22,Z02,62000,7333894,8215324,3.58
2025-02-23,Z02,62000,7391530,8279887,3.28
2025-02-24,Z02,62000,6645644,7444356,3.84
2025-02-25,Z02,62000,6592796,7385157,3.34
2025-02-26,Z02,62000,6356253,7120185,2.72
2025-02-27,Z02,62000,6802823,7620426,2.91
2025-02-28,Z02,62000,6203550,6949129,3.39
2025-03-01,Z02,62000,7568768,8478427,3.65
2025-03-02,Z02,62000,6884568,7711996,3.02
2025-03-03,Z02,62000,6131988,6868966,3.22
2025-03-04,Z02,62000,7164023,8025037,4.0
2025-03-05,Z02,62000,6477814,7256355,4.15
2025-03-06,Z02,62000,6619974,7415601,3.74
2025-03-07,Z02,62000,6669043,7470567,3.46
2025-03-08,Z02,62000,7538557,8444584,3.29
2025-03-09,Z02,62000,7689449,8613611,3.87
2025-03-10,Z02,62000,6985552,7825116,3.44
2025-03-11,Z02,62000,6585539,7377027,4.06
2025-03-12,Z02,62000,7382865,8270181,4.09
2025-03-13,Z02,62000,7372307,8258354,3.81
2025-03-14,Z02,62000,6900163,7729464,3.35
2025-03-15,Z02,62000,7693838,8618529,3.39
2025-03-16,Z02,62000,7660873,8581601,2.78
2025-03-17,Z02,62000,7651238,8570809,3.57
2025-03-18,Z02,62000,6703181,7508808,3.56
2025-03-19,Z02,62000,7347950,8231069,2.91
2025-03-20,Z02,62000,7443732,8338363,4.78
2025-03-21,Z02,62000,7355722,8239775,3.88
2025-03-22,Z02,62000,7820908,8760870,3.18
2025-03-23,Z02,62000,8051425,9019092,4.63
2025-03-24,Z02,62000,7154523,8014395,3.35
2025-03-25,Z02,62000,7749627,8681022,4.02
2025-03-26,Z02,62000,7813357,8752412,3.64
2025-03-27,Z02,62000,7566696,8476105,3.37
2025-03-28,Z02,62000,7635186,8552827,3.43
2025-03-29,Z02,62000,8703888,9749972,4.32
2025-03-30,Z02,62000,9028271,10113341,4.04
2025-03-31,Z02,62000,7656346,8576530,3.54
2025-04-01,Z02,62000,8141126,9119574,2.57
2025-04-02,Z02,62000,7408071,8298416,3.75
2025-04-03,Z02,62000,7756517,8688740,2.98
2025-04-04,Z02,62000,7271113,8144997,3.87
2025-04-05,Z02,62000,9667500,10829397,3.24
2025-04-06,Z02,62000,9059211,10148000,3.3
2025-04-07,Z02,62000,8423377,9435748,3.28
2025-04-08,Z02,62000,8468656,9486468,4.11
2025-04-09,Z02,62000,8206471,9192773,2.72
2025-04-10,Z02,62000,8217570,9205206,3.97
2025-04-11,Z02,62000,8887063,9955162,3.77
2025-04-12,Z02,62000,9226804,10335735,3.56
2025-04-13,Z02,62000,9164232,10265642,3.38
2025-04-14,Z02,62000,8273291,9267623,3.84
2025-04-15,Z02,62000,8988113,10068357,3.38
2025-04-16,Z02,62000,8406272,9416586,3.38
2025-04-17,Z02,62000,9247936,10359407,3.63
2025-04-18,Z02,62000,8900341,9970036,4.46
2025-04-19,Z02,62000,10372641,11619286,2.84
2025-04-20,Z02,62000,9989779,11190408,3.85
2025-04-21,Z02,62000,8927053,9999958,3.53
2025-04-22,Z02,62000,8968326,10046192,3.49
2025-04-23,Z02,62000,9301833,10419782,2.84
2025-04-24,Z02,62000,9089222,10181618,2.72
2025-04-25,Z02,62000,8812810,9871984,3.77
2025-04-26,Z02,62000,9395185,10524353,2.97
2025-04-27,Z02,62000,10215133,11442847,4.11
2025-04-28,Z02,62000,9177024,10279972,3.09
2025-04-29,Z02,62000,8681217,9724576,3.88
2025-04-30,Z02,62000,9555314,10703727,3.31
2025-05-01,Z02,62000,10058267,11267128,3.29
2025-05-02,Z02,62000,9276848,10391794,3.14
2025-05-03,Z02,62000,10119427,11335638,3.82
2025-05-04,Z02,62000,10327755,11569005,3.96
2025-05-05,Z02,62000,9680426,10843876,3.44
2025-05-06,Z02,62000,9325041,10445779,3.9
2025-05-07,Z02,62000,9831305,11012888,3.61
2025-05-08,Z02,62000,10067843,11277854,2.93
2025-05-09,Z02,62000,9538409,10684790,3.79
2025-05-10,Z02,62000,10733003,12022957,3.45
2025-05-11,Z02,62000,12076343,13527748,2.29
2025-05-12,Z02,62000,9803824,10982104,3.4
2025-05-13,Z02,62000,9682944,10846697,2.75
2025-05-14,Z02,62000,10137792,11356211,2.98
2025-05-15,Z02,62000,10059647,11268674,3.48
2025-05-16,Z02,62000,10114692,11330335,3.56
2025-05-17,Z02,62000,11874390,13301524,3.18
2025-05-18,Z02,62000,11992234,13433531,3.86
2025-05-19,Z02,62000,11208097,12555152,3.54
2025-05-20,Z02,62000,9748362,10919977,3.39
2025-05-21,Z02,62000,10366274,11612153,3.62
2025-05-22,Z02,62000,10279281,11514705,4.2
2025-05-23,Z02,62000,11202458,12548835,2.52
2025-05-24,Z02,62000,11546390,12934102,4.25
2025-05-25,Z02,62000,11335271,12697610,3.29
2025-05-26,Z02,62000,10979948,12299582,3.21
2025-05-27,Z02,62000,10984251,12304403,3.4
2025-05-28,Z02,62000,11283223,12639307,3.16
2025-05-29,Z02,62000,10733235,12023218,3.08
2025-05-30,Z02,62000,10904231,12214765,4.02
2025-05-31,Z02,62000,12003702,13446376,3.68
2025-06-01,Z02,62000,11747734,13159645,2.64
2025-06-02,Z02,62000,11261380,12614839,3.94
2025-06-03,Z02,62000,11156127,12496935,3.86
2025-06-04,Z02,62000,11427499,12800923,2.86
2025-06-05,Z02,62000,10850735,12154840,3.69
2025-06-06,Z02,62000,11435475,12809857,3.91
2025-06-07,Z02,62000,11751699,13164087,2.8
2025-06-08,Z02,62000,12534207,14040641,3.74
2025-06-09,Z02,62000,11098587,12432480,3.26
2025-06-10,Z02,62000,11909001,13340295,3.87
2025-06-11,Z02,62000,12038550,13485413,3.13
2025-06-12,Z02,62000,11374588,12741652,4.12
2025-06-13,Z02,62000,11620740,13017388,3.48
2025-06-14,Z02,62000,11391669,12760786,3.29
2025-06-15,Z02,62000,12474289,13973521,3.24
2025-06-16,Z02,62000,11881223,13309178,4.04
2025-06-17,Z02,62000,12129889,13587730,3.24
2025-06-18,Z02,62000,11539636,12926536,4.13
2025-06-19,Z02,62000,10200216,11426138,3.71
2025-06-20,Z02,62000,11733726,13143954,2.91
2025-06-21,Z02,62000,12658647,14180037,3.61
2025-06-22,Z02,62000,13398951,15009315,3.62
2025-06-23,Z02,62000,11422099,12794873,2.89
2025-06-24,Z02,62000,11107421,12442376,3.6
2025-06-25,Z02,62000,12109217,13564574,3.87
2025-06-26,Z02,62000,12030112,13475961,4.16
2025-06-27,Z02,62000,11584281,12976547,4.14
2025-06-28,Z02,62000,13747535,15399794,4.79
2025-06-29,Z02,62000,13003720,14566583,3.6
2025-06-30,Z02,62000,11959807,13397206,3.88
2025-07-01,Z02,62000,11988525,13429376,3.3
2025-07-02,Z02,62000,11904224,13334943,4.54
2025-07-03,Z02,62000,12286368,13763015,3.15
2025-07-04,Z02,62000,11409611,12780885,4.52
2025-07-05,Z02,62000,13955428,15632672,4.46
2025-07-06,Z02,62000,13428302,15042193,3.21
2025-07-07,Z02,62000,11451420,12827718,4.12
2025-07-08,Z02,62000,11792093,13209335,3.83
2025-07-09,Z02,62000,11558442,12947603,3.39
2025-07-10,Z02,62000,11436672,12811198,3.53
2025-07-11,Z02,62000,11636315,13034835,3.73
2025-07-12,Z02,62000,12634062,14152498,3.78
2025-07-13,Z02,62000,12906565,14457751,4.35
2025-07-14,Z02,62000,11603596,12998184,3.89
2025-07-15,Z02,62000,12835452,14378091,3.22
2025-07-16,Z02,62000,11261107,12614533,3.97
2025-07-17,Z02,62000,12132073,13590176,2.73
2025-07-18,Z02,62000,12362393,13848178,3.41
2025-07-19,Z02,62000,13218969,14807702,3.45
2025-07-20,Z02,62000,13042784,14610342,3.93
2025-07-21,Z02,62000,12205053,13671928,4.49
2025-07-22,Z02,62000,12209927,13677387,3.71
2025-07-23,Z02,62000,13391081,15000499,3.42
2025-07-24,Z02,62000,12228634,13698343,3.25
2025-07-25,Z02,62000,12847217,14391270,4.02
2025-07-26,Z02,62000,14309243,16029011,3.5
2025-07-27,Z02,62000,13347103,14951235,3.35
2025-07-28,Z02,62000,12132002,13590097,4.08
2025-07-29,Z02,62000,12422337,13915326,4.18
2025-07-30,Z02,62000,12021322,13466114,3.12
2025-07-31,Z02,62000,11361575,12727075,2.85
2025-08-01,Z02,62000,11729642,13139378,3.55
2025-08-02,Z02,62000,13169420,14752198,3.03
2025-08-03,Z02,62000,13800622,15459261,2.96
2025-08-04,Z02,62000,12107417,13562557,3.08
2025-08-05,Z02,62000,12381885,13870012,4.12
2025-08-06,Z02,62000,11797957,13215904,3.93
2025-08-07,Z02,62000,12208824,13676152,4.83
2025-08-08,Z02,62000,12368291,13854784,3.28
2025-08-09,Z02,62000,13007031,14570292,4.26
2025-08-10,Z02,62000,13265203,14859493,3.85
2025-08-11,Z02,62000,11302703,12661128,3.32
2025-08-12,Z02,62000,11571097,12961779,3.53
2025-08-13,Z02,62000,11809206,13228505,3.32
2025-08-14,Z02,62000,12482000,13982159,3.73
2025-08-15,Z02,62000,12570844,14081681,4.09
2025-08-16,Z02,62000,13129306,14707262,3.42
2025-08-17,Z02,62000,13629387,15267446,4.02
2025-08-18,Z02,62000,11531377,12917285,4.24
2025-08-19,Z02,62000,12031231,13477214,4.35
2025-08-20,Z02,62000,11785713,13202189,3.01
2025-08-21,Z02,62000,11057411,12386356,3.58
2025-08-22,Z02,62000,11312273,12671848,3.95
2025-08-23,Z02,62000,13168552,14751225,3.06
2025-08-24,Z02,62000,12282690,13758895,2.95
2025-08-25,Z02,62000,11055775,12384523,3.59
2025-08-26,Z02,62000,11269149,12623541,3.39
2025-08-27,Z02,62000,11415635,12787633,3.51
2025-08-28,Z02,62000,11579837,12971570,3.36
2025-08-29,Z02,62000,11877125,13304588,4.68
2025-08-30,Z02,62000,12017607,13461952,3.37
2025-08-31,Z02,62000,12588185,14101106,3.89
2025-09-01,Z02,62000,11691177,13096291,3.86
2025-09-02,Z02,62000,11356938,12721881,2.76
2025-09-03,Z02,62000,10632091,11909918,4.33
2025-09-04,Z02,62000,10842331,12145426,3.91
2025-09-05,Z02,62000,10871210,12177775,3.68
2025-09-06,Z02,62000,12178026,13641652,4.13
2025-09-07,Z02,62000,11135504,12473834,3.58
2025-09-08,Z02,62000,10546294,11813809,4.04
2025-09-09,Z02,62000,10383198,11631112,2.66
2025-09-10,Z02,62000,11026264,12351465,4.01
2025-09-11,Z02,62000,10235105,11465220,3.69
2025-09-12,Z02,62000,10291613,11528519,3.7
2025-09-13,Z02,62000,11683252,13087414,3.18
2025-09-14,Z02,62000,12453859,13950637,3.49
2025-09-15,Z02,62000,10451534,11707660,3.48
2025-09-16,Z02,62000,10225949,11454963,3.03
2025-09-17,Z02,62000,10446739,11702289,3.78
2025-09-18,Z02,62000,10650527,11930569,4.39
2025-09-19,Z02,62000,9682383,10846068,2.89
2025-09-20,Z02,62000,11519245,12903694,3.85
2025-09-21,Z02,62000,10992650,12313811,3.39
2025-09-22,Z02,62000,9645629,10804897,3.33
2025-09-23,Z02,62000,9704411,10870743,3.64
2025-09-24,Z02,62000,10119100,11335273,3.64
2025-09-25,Z02,62000,10359429,11604486,3.69
2025-09-26,Z02,62000,9040292,10126806,3.03
2025-09-27,Z02,62000,10724754,12013717,4.14
2025-09-28,Z02,62000,11170164,12512660,3.64
2025-09-29,Z02,62000,10382463,11630288,3.9
2025-09-30,Z02,62000,8484033,9503693,4.21
2025-10-01,Z02,62000,10377509,11624738,2.64
2025-10-02,Z02,62000,9434512,10568407,3.92
2025-10-03,Z02,62000,8403515,9413498,3.52
2025-10-04,Z02,62000,10220764,11449155,4.11
2025-10-05,Z02,62000,10108599,11323509,3.2
2025-10-06,Z02,62000,9653115,10813283,4.07
2025-10-07,Z02,62000,8687369,9731468,3.07
2025-10-08,Z02,62000,9379003,10506226,3.8
2025-10-09,Z02,62000,9136142,10234176,3.74
2025-10-10,Z02,62000,9081089,10172507,3.52
2025-10-11,Z02,62000,10580773,11852432,3.08
2025-10-12,Z02,62000,9677680,10840800,3.42
2025-10-13,Z02,62000,8841848,9904513,4.06
2025-10-14,Z02,62000,8118335,9094044,4.34
2025-10-15,Z02,62000,8695886,9741008,4.58
2025-10-16,Z02,62000,8459767,9476511,3.86
2025-10-17,Z02,62000,8557407,9585887,3.73
2025-10-18,Z02,62000,8787714,9843872,3.82
2025-10-19,Z02,62000,9722417,10890913,4.56
2025-10-20,Z02,62000,8532044,9557475,3.86
2025-10-21,Z02,62000,8429028,9442078,3.64
2025-10-22,Z02,62000,8189810,9174109,3.46
2025-10-23,Z02,62000,8084462,9056099,3.52
2025-10-24,Z02,62000,8372564,9378827,3.79
2025-10-25,Z02,62000,9388952,10517371,3.22
2025-10-26,Z02,62000,9182815,10286459,3.29
2025-10-27,Z02,62000,8266543,9260064,3.57
2025-10-28,Z02,62000,7797106,8734207,3.37
2025-10-29,Z02,62000,8352074,9355874,3.9
2025-10-30,Z02,62000,7999635,8961078,3.94
2025-10-31,Z02,62000,8861260,9926257,3.73
2025-11-01,Z02,62000,8952451,11147883,3.84
2025-11-02,Z02,62000,9116848,11352595,3.66
2025-11-03,Z02,62000,7741395,9639837,1.7
2025-11-04,Z02,62000,7552410,9404506,3.16
2025-11-05,Z02,62000,7997449,9958683,3.95
2025-11-06,Z02,62000,7545189,8452014,3.18
2025-11-07,Z02,62000,7064944,7914050,4.03
2025-11-08,Z02,62000,8579863,9611040,4.06
2025-11-09,Z02,62000,8262098,9255085,3.47
2025-11-10,Z02,62000,7103255,7956966,3.3
2025-11-11,Z02,62000,7448560,8343772,3.6
2025-11-12,Z02,62000,7721847,8649904,3.58
2025-11-13,Z02,62000,7738686,8668767,3.91
2025-11-14,Z02,62000,7604197,8518113,2.43
2025-11-15,Z02,62000,7528412,8433220,3.23
2025-11-16,Z02,62000,8337508,9339558,3.09
2025-11-17,Z02,62000,7168456,8030002,2.34
2025-11-18,Z02,62000,7160362,8020936,3.35
2025-11-19,Z02,62000,7494747,8395509,2.85
2025-11-20,Z02,62000,6738140,7547969,3.41
2025-11-21,Z02,62000,6466334,7243495,3.36
2025-11-22,Z02,62000,7823135,8763365,3.83
2025-11-23,Z02,62000,7692641,8617187,3.47
2025-11-24,Z02,62000,7193674,8058252,2.75
2025-11-25,Z02,62000,6413873,7184729,3.77
2025-11-26,Z02,62000,6656990,7457066,4.81
2025-11-27,Z02,62000,6767598,7580967,4.14
2025-11-28,Z02,62000,7501809,8403420,3.94
2025-11-29,Z02,62000,7750225,8681693,3.5
2025-11-30,Z02,62000,7272653,8146723,3.35
2025-12-01,Z02,62000,7000911,7842321,3.32
2025-12-02,Z02,62000,6381940,7148958,3.72
2025-12-03,Z02,62000,7280946,8156013,3.03
2025-12-04,Z02,62000,6543681,7330139,3.71
2025-12-05,Z02,62000,6386562,7154136,3.27
2025-12-06,Z02,62000,7498427,8399632,2.74
2025-12-07,Z02,62000,7103717,7957483,3.26
2025-12-08,Z02,62000,6553294,7340907,4.23
2025-12-09,Z02,62000,6674404,7476572,3.67
2025-12-10,Z02,62000,6550477,7337752,1.82
2025-12-11,Z02,62000,6080709,6811524,3.26
2025-12-12,Z02,62000,6563522,7352364,4.05
2025-12-13,Z02,62000,7116361,7971647,3.45
2025-12-14,Z02,62000,7103729,7957496,3.86
2025-12-15,Z02,62000,6431138,7204070,3.4
2025-12-16,Z02,62000,6271252,7024968,3.69
2025-12-17,Z02,62000,6502649,7284175,3.62
2025-12-18,Z02,62000,5908592,6618721,3.28
2025-12-19,Z02,62000,6499389,7280523,3.89
2025-12-20,Z02,62000,6445258,7219886,4.37
2025-12-21,Z02,62000,6643649,7442121,3.79
2025-12-22,Z02,62000,6010461,6732833,3.65
2025-12-23,Z02,62000,6361956,7126573,3.18
2025-12-24,Z02,62000,6263446,7016223,4.07
2025-12-25,Z02,62000,5987338,6706932,3.34
2025-12-26,Z02,62000,6295845,7052516,3.88
2025-12-27,Z02,62000,6927367,7759939,3.98
2025-12-28,Z02,62000,6565891,7355018,4.09
2025-12-29,Z02,62000,6001241,6722505,4.1
2025-12-30,Z02,62000,5794411,6490817,4.08
2025-12-31,Z02,62000,6544209,7330730,2.97
2023-01-01,Z03,35500,3403947,3774178,4.31
2023-01-02,Z03,35500,3115227,3454055,4.17
2023-01-03,Z03,35500,3036327,3366574,3.84
2023-01-04,Z03,35500,3340511,3703841,3.1
2023-01-05,Z03,35500,3241696,3594279,4.0
2023-01-06,Z03,35500,3204637,3553190,3.63
2023-01-07,Z03,35500,3581619,3971174,3.62
2023-01-08,Z03,35500,3598787,3990209,3.64
2023-01-09,Z03,35500,2989095,3314204,3.58
2023-01-10,Z03,35500,3158964,3502549,3.17
2023-01-11,Z03,35500,3234848,3586686,2.84
2023-01-12,Z03,35500,3088738,3424685,2.74
2023-01-13,Z03,35500,3409924,3780804,3.75
2023-01-14,Z03,35500,3493905,3873919,2.39
2023-01-15,Z03,35500,3470698,3848188,3.96
2023-01-16,Z03,35500,3346572,3710561,3.85
2023-01-17,Z03,35500,3093895,3430403,3.45
2023-01-18,Z03,35500,2955182,3276602,4.11
2023-01-19,Z03,35500,3302216,3661381,3.47
2023-01-20,Z03,35500,3062593,3395696,3.81
2023-01-21,Z03,35500,3760721,4169756,2.62
2023-01-22,Z03,35500,3647455,4044170,2.48
2023-01-23,Z03,35500,3592479,3983215,3.48
2023-01-24,Z03,35500,3265872,3621085,3.81
2023-01-25,Z03,35500,3353736,3891278,4.08
2023-01-26,Z03,35500,3288169,3815203,3.51
2023-01-27,Z03,35500,3436570,3987389,3.72
2023-01-28,Z03,35500,3567311,4139086,3.99
2023-01-29,Z03,35500,3670339,4258627,3.54
2023-01-30,Z03,35500,3372906,3913521,3.89
2023-01-31,Z03,35500,3211826,3726623,3.04
2023-02-01,Z03,35500,3233994,3752344,2.77
2023-02-02,Z03,35500,3517929,4081788,3.33
2023-02-03,Z03,35500,3387371,3930305,3.99
2023-02-04,Z03,35500,3707530,4301779,3.24
2023-02-05,Z03,35500,3521929,4086430,3.93
2023-02-06,Z03,35500,3365497,3904925,3.09
2023-02-07,Z03,35500,3548064,4116754,3.31
2023-02-08,Z03,35500,3291142,3818652,3.72
2023-02-09,Z03,35500,3407593,3953768,3.27
2023-02-10,Z03,35500,3125348,3465277,3.35
2023-02-11,Z03,35500,3906541,4331436,2.3
2023-02-12,Z03,35500,3755097,4163520,4.02
2023-02-13,Z03,35500,3431807,3805067,3.54
2023-02-14,Z03,35500,3564128,3951781,3.13
2023-02-15,Z03,35500,3519188,3901953,4.52
2023-02-16,Z03,35500,3613090,4006068,3.21
2023-02-17,Z03,35500,3343189,3706811,3.34
2023-02-18,Z03,35500,3804209,4217974,3.12
2023-02-19,Z03,35500,4019129,4456270,4.15
2023-02-20,Z03,35500,3551097,3937332,4.32
2023-02-21,Z03,35500,3800925,4214333,4.27
2023-02-22,Z03,35500,3595424,3986480,4.26
2023-02-23,Z03,35500,3708856,4112249,3.3
2023-02-24,Z03,35500,3438151,3812102,4.44
2023-02-25,Z03,35500,4082226,4526229,3.5
2023-02-26,Z03,35500,3791616,4204011,2.83
2023-02-27,Z03,35500,3913598,4339260,3.39
2023-02-28,Z03,35500,3454449,3830172,3.76
2023-03-01,Z03,35500,3612566,4005487,3.28
2023-03-02,Z03,35500,3510355,3892159,3.67
2023-03-03,Z03,35500,3910063,4335341,3.87
2023-03-04,Z03,35500,3932116,4359793,3.81
2023-03-05,Z03,35500,3986758,4420378,3.93
2023-03-06,Z03,35500,4019903,4457127,3.51
2023-03-07,Z03,35500,3841173,4258958,3.24
2023-03-08,Z03,35500,3935983,4364081,2.86
2023-03-09,Z03,35500,4055750,4496874,3.56
2023-03-10,Z03,35500,3844502,4262649,3.33
2023-03-11,Z03,35500,4418418,4898987,3.54
2023-03-12,Z03,35500,4327660,4798358,2.56
2023-03-13,Z03,35500,3974730,4407042,2.84
2023-03-14,Z03,35500,3843484,4261521,3.85
2023-03-15,Z03,35500,3648904,4045777,2.78
2023-03-16,Z03,35500,3873242,4294516,3.5
2023-03-17,Z03,35500,3939373,4367838,3.18
2023-03-18,Z03,35500,4676692,5185353,3.15
2023-03-19,Z03,35500,4235297,4695949,3.64
2023-03-20,Z03,35500,4213432,4671706,3.61
2023-03-21,Z03,35500,4116604,4564346,3.87
2023-03-22,Z03,35500,4267862,4732057,3.05
2023-03-23,Z03,35500,3843399,4261427,3.16
2023-03-24,Z03,35500,4012174,4448558,4.16
2023-03-25,Z03,35500,4632612,5136478,3.49
2023-03-26,Z03,35500,4863223,5392172,3.78
2023-03-27,Z03,35500,4219958,4678942,3.35
2023-03-28,Z03,35500,4624275,5127234,3.83
2023-03-29,Z03,35500,4663509,5170736,2.36
2023-03-30,Z03,35500,4596424,5096354,4.18
2023-03-31,Z03,35500,4325283,4795722,3.37
2023-04-01,Z03,35500,5408998,5997308,2.98
2023-04-02,Z03,35500,4910906,5445041,3.07
2023-04-03,Z03,35500,4472154,4958568,3.47
2023-04-04,Z03,35500,4496654,4985733,3.54
2023-04-05,Z03,35500,4349309,4822362,3.67
2023-04-06,Z03,35500,4744716,5260775,3.0
2023-04-07,Z03,35500,4567226,5063980,4.04
2023-04-08,Z03,35500,5095946,5650207,3.34
2023-04-09,Z03,35500,4827714,5352801,3.31
2023-04-10,Z03,35500,4611770,5113369,3.49
2023-04-11,Z03,35500,4807215,5330072,3.93
2023-04-12,Z03,35500,4881370,5412292,3.58
2023-04-13,Z03,35500,4600847,5101259,3.33
2023-04-14,Z03,35500,4855674,5383802,3.44
2023-04-15,Z03,35500,5091767,5645573,4.21
2023-04-16,Z03,35500,5323985,5903048,4.13
2023-04-17,Z03,35500,4690960,5201173,3.78
2023-04-18,Z03,35500,4796952,5318693,3.67
2023-04-19,Z03,35500,4801947,5324231,4.76
2023-04-20,Z03,35500,5066000,5617003,3.83
2023-04-21,Z03,35500,5254566,5826079,3.69
2023-04-22,Z03,35500,5364710,5948202,3.5
2023-04-23,Z03,35500,5443187,6035216,3.78
2023-04-24,Z03,35500,5291182,5866678,2.08
2023-04-25,Z03,35500,5041102,5589397,4.11
2023-04-26,Z03,35500,5230137,5798993,2.96
2023-04-27,Z03,35500,5079418,5631881,3.24
2023-04-28,Z03,35500,5251209,5822357,2.9
2023-04-29,Z03,35500,5835738,6470462,3.23
2023-04-30,Z03,35500,5965777,6614645,3.43
2023-05-01,Z03,35500,5222275,5790276,4.04
2023-05-02,Z03,35500,4984255,5526368,4.24
2023-05-03,Z03,35500,5274708,5848412,4.57
2023-05-04,Z03,35500,5114816,5671129,3.65
2023-05-05,Z03,35500,5186599,5750719,3.49
2023-05-06,Z03,35500,5901998,6543929,3.99
2023-05-07,Z03,35500,6074059,6734704,3.17
2023-05-08,Z03,35500,5794431,6424663,3.12
2023-05-09,Z03,35500,5180002,5743405,3.42
2023-05-10,Z03,35500,5744089,6368845,3.58
2023-05-11,Z03,35500,5566577,6172026,2.57
2023-05-12,Z03,35500,5853231,6489858,4.13
2023-05-13,Z03,35500,6537199,7248218,3.72
2023-05-14,Z03,35500,6305667,6991503,4.0
2023-05-15,Z03,35500,6078266,6739369,2.81
2023-05-16,Z03,35500,5992968,6644794,3.27
2023-05-17,Z03,35500,5848738,6484877,3.24
2023-05-18,Z03,35500,5715823,6337504,3.5
2023-05-19,Z03,35500,5967224,6616249,3.58
2023-05-20,Z03,35500,6631821,7353132,4.03
2023-05-21,Z03,35500,6368391,7061050,3.65
2023-05-22,Z03,35500,5374822,5959415,3.23
2023-05-23,Z03,35500,5989056,6640455,4.69
2023-05-24,Z03,35500,5858188,6495354,3.47
2023-05-25,Z03,35500,6152804,6822014,3.15
2023-05-26,Z03,35500,5828790,6462758,2.66
2023-05-27,Z03,35500,6250180,6929981,3.65
2023-05-28,Z03,35500,6491003,7196998,3.95
2023-05-29,Z03,35500,5783794,6412868,3.03
2023-05-30,Z03,35500,6631934,7353257,3.91
2023-05-31,Z03,35500,5844207,6479852,3.64
2023-06-01,Z03,35500,5945342,6591987,2.71
2023-06-02,Z03,35500,5926946,6571590,3.91
2023-06-03,Z03,35500,7277752,8069317,3.47
2023-06-04,Z03,35500,7085403,7856047,3.04
2023-06-05,Z03,35500,6571584,7286342,4.08
2023-06-06,Z03,35500,6330710,7019269,4.07
2023-06-07,Z03,35500,5859132,6496401,3.03
2023-06-08,Z03,35500,5950813,6598054,3.75
2023-06-09,Z03,35500,6385758,7080305,3.7
2023-06-10,Z03,35500,6907055,7658301,3.57
2023-06-11,Z03,35500,6716388,7446896,3.34
2023-06-12,Z03,35500,6489167,7194962,3.53
2023-06-13,Z03,35500,6380384,7074346,4.07
2023-06-14,Z03,35500,6050508,6708592,3.8
2023-06-15,Z03,35500,6435256,7135187,2.64
2023-06-16,Z03,35500,6392107,7087345,2.53
2023-06-17,Z03,35500,7147526,7924927,2.67
2023-06-18,Z03,35500,7203055,7986496,2.92
2023-06-19,Z03,35500,6855552,7601197,3.22
2023-06-20,Z03,35500,6210065,6885503,3.37
2023-06-21,Z03,35500,6343799,7033782,3.57
2023-06-22,Z03,35500,6847847,7592653,3.58
2023-06-23,Z03,35500,6136016,6803400,3.58
2023-06-24,Z03,35500,7032321,7797192,4.17
2023-06-25,Z03,35500,7793101,8640717,2.76
2023-06-26,Z03,35500,6646481,7369386,3.77
2023-06-27,Z03,35500,6556090,7269163,3.76
2023-06-28,Z03,35500,6453252,7155140,2.97
2023-06-29,Z03,35500,6869042,7616154,3.87
2023-06-30,Z03,35500,6333706,7022591,3.79
2023-07-01,Z03,35500,7483691,8297655,3.58
2023-07-02,Z03,35500,6542688,7254304,2.39
2023-07-03,Z03,35500,6691959,7419810,4.08
2023-07-04,Z03,35500,6721486,7452548,3.71
2023-07-05,Z03,35500,6946961,7702548,3.8
2023-07-06,Z03,35500,6218966,6895372,1.9
2023-07-07,Z03,35500,6808997,7549578,3.33
2023-07-08,Z03,35500,7727272,8567729,2.88
2023-07-09,Z03,35500,7333338,8130948,4.25
2023-07-10,Z03,35500,6562966,7276788,3.05
2023-07-11,Z03,35500,6834169,7577487,4.34
2023-07-12,Z03,35500,6527058,7236973,4.08
2023-07-13,Z03,35500,7221994,8007494,3.71
2023-07-14,Z03,35500,6628237,7349157,4.17
2023-07-15,Z03,35500,7467902,8280149,3.13
2023-07-16,Z03,35500,7616573,8444990,3.22
2023-07-17,Z03,35500,6532031,7242487,4.06
2023-07-18,Z03,35500,6672187,7397888,3.13
2023-07-19,Z03,35500,7100219,7872475,2.94
2023-07-20,Z03,35500,6826467,7568947,3.44
2023-07-21,Z03,35500,6587387,7303865,3.16
2023-07-22,Z03,35500,7383237,8186275,4.53
2023-07-23,Z03,35500,7203163,7986616,3.99
2023-07-24,Z03,35500,6887209,7636297,3.31
2023-07-25,Z03,35500,6203668,6878410,3.1
2023-07-26,Z03,35500,6899196,7649587,3.77
2023-07-27,Z03,35500,6978050,7737017,4.19
2023-07-28,Z03,35500,6968595,7726535,3.75
2023-07-29,Z03,35500,7177330,7957973,3.12
2023-07-30,Z03,35500,7465381,8277354,2.88
2023-07-31,Z03,35500,6621016,7341151,3.41
2023-08-01,Z03,35500,6544675,7256507,3.76
2023-08-02,Z03,35500,6474920,7179165,3.36
2023-08-03,Z03,35500,6428480,7127674,4.1
2023-08-04,Z03,35500,6464853,7168003,3.86
2023-08-05,Z03,35500,7028926,7793427,3.72
2023-08-06,Z03,35500,7623571,8452749,3.85
2023-08-07,Z03,35500,6276036,6958650,2.91
2023-08-08,Z03,35500,6622893,7343232,3.35
2023-08-09,Z03,35500,6230161,6907785,3.08
2023-08-10,Z03,35500,6510581,7218704,3.79
2023-08-11,Z03,35500,6674783,7400766,3.09
2023-08-12,Z03,35500,7408727,8214537,3.64
2023-08-13,Z03,35500,7286294,8078789,3.52
2023-08-14,Z03,35500,6516181,7224914,3.9
2023-08-15,Z03,35500,6669337,7394728,3.0
2023-08-16,Z03,35500,6776157,7513166,3.83
2023-08-17,Z03,35500,6522250,7231643,3.07
2023-08-18,Z03,35500,5927441,6572139,3.12
2023-08-19,Z03,35500,7003600,7765347,3.53
2023-08-20,Z03,35500,6466251,7169553,4.2
2023-08-21,Z03,35500,6136463,6803896,3.18
2023-08-22,Z03,35500,6199588,6873887,2.71
2023-08-23,Z03,35500,6605379,7323813,3.13
2023-08-24,Z03,35500,6066291,6726091,3.41
2023-08-25,Z03,35500,6231125,6908854,4.53
2023-08-26,Z03,35500,6808225,7548721,3.79
2023-08-27,Z03,35500,6789322,7527763,3.22
2023-08-28,Z03,35500,5583647,6190952,3.53
2023-08-29,Z03,35500,6098190,6761459,4.39
2023-08-30,Z03,35500,5985532,6636549,3.48
2023-08-31,Z03,35500,6216165,6892267,3.49
2023-09-01,Z03,35500,6213788,6889631,3.4
2023-09-02,Z03,35500,6885419,7634312,3.95
2023-09-03,Z03,35500,6711801,7441811,3.34
2023-09-04,Z03,35500,6222033,6898773,4.04
2023-09-05,Z03,35500,5903854,6545987,4.13
2023-09-06,Z03,35500,5584143,6191502,3.91
2023-09-07,Z03,35500,5757500,6383714,3.49
2023-09-08,Z03,35500,5796078,6426489,2.9
2023-09-09,Z03,35500,6368369,7061025,3.49
2023-09-10,Z03,35500,6636570,7358397,3.27
2023-09-11,Z03,35500,6286549,6970305,3.21
2023-09-12,Z03,35500,5868853,6507179,3.48
2023-09-13,Z03,35500,5699746,6319679,3.84
2023-09-14,Z03,35500,5952971,6600446,3.29
2023-09-15,Z03,35500,5470099,6065054,2.91
2023-09-16,Z03,35500,6471608,7175493,3.12
2023-09-17,Z03,35500,6549554,7261916,4.45
2023-09-18,Z03,35500,5710939,6332089,3.87
2023-09-19,Z03,35500,6473278,7177344,3.12
2023-09-20,Z03,35500,5707625,6328415,4.24
2023-09-21,Z03,35500,5619785,6231021,3.48
2023-09-22,Z03,35500,5404729,5992574,4.74
2023-09-23,Z03,35500,5963119,6611698,3.73
2023-09-24,Z03,35500,6035995,6692501,3.88
2023-09-25,Z03,35500,5594008,6202441,4.02
2023-09-26,Z03,35500,5369770,5953814,4.34
2023-09-27,Z03,35500,5385348,5971085,3.38
2023-09-28,Z03,35500,5152723,5713159,4.3
2023-09-29,Z03,35500,5132422,5690650,3.29
2023-09-30,Z03,35500,5503262,6101824,3.42
2023-10-01,Z03,35500,5898219,6539739,3.6
2023-10-02,Z03,35500,5319342,5897900,4.06
2023-10-03,Z03,35500,5322124,5900985,3.43
2023-10-04,Z03,35500,5383281,5968794,4.43
2023-10-05,Z03,35500,5034566,5582151,4.26
2023-10-06,Z03,35500,4861922,5390729,3.62
2023-10-07,Z03,35500,5436641,6027957,3.12
2023-10-08,Z03,35500,5774539,6402607,4.1
2023-10-09,Z03,35500,5287417,5862503,2.55
2023-10-10,Z03,35500,5461117,6055095,3.97
2023-10-11,Z03,35500,5301701,5878340,3.19
2023-10-12,Z03,35500,4826972,5351977,4.23
2023-10-13,Z03,35500,4846871,5374041,2.91
2023-10-14,Z03,35500,5142118,5701401,3.27
2023-10-15,Z03,35500,5181358,5744908,3.82
2023-10-16,Z03,35500,4781638,5301713,3.9
2023-10-17,Z03,35500,4567763,5064576,3.29
2023-10-18,Z03,35500,4706260,5218136,3.43
2023-10-19,Z03,35500,4759230,5276868,4.08
2023-10-20,Z03,35500,4748299,5264748,4.1
2023-10-21,Z03,35500,5150953,5711197,3.42
2023-10-22,Z03,35500,5140673,5699798,3.3
2023-10-23,Z03,35500,5018727,5564589,2.92
2023-10-24,Z03,35500,4373285,4848946,3.73
2023-10-25,Z03,35500,4610827,5112323,4.01
2023-10-26,Z03,35500,4679528,5188497,3.68
2023-10-27,Z03,35500,4840271,5366723,3.14
2023-10-28,Z03,35500,5246371,5816993,4.49
2023-10-29,Z03,35500,4861219,5389950,2.55
2023-10-30,Z03,35500,4302349,4770294,4.04
2023-10-31,Z03,35500,4365474,4840285,3.71
2023-11-01,Z03,35500,4401824,4880588,3.83
2023-11-02,Z03,35500,4291755,4920719,3.21
2023-11-03,Z03,35500,4358859,4997657,3.52
2023-11-04,Z03,35500,4925198,5646994,3.75
2023-11-05,Z03,35500,5127801,5879289,3.56
2023-11-06,Z03,35500,4200306,4815867,2.7
2023-11-07,Z03,35500,4544738,5210777,4.46
2023-11-08,Z03,35500,4117317,4720717,3.93
2023-11-09,Z03,35500,3945785,4524046,3.62
2023-11-10,Z03,35500,3987625,4572018,3.65
2023-11-11,Z03,35500,4541985,5207621,4.44
2023-11-12,Z03,35500,4610931,5286671,3.23
2023-11-13,Z03,35500,4184278,4797491,3.12
2023-11-14,Z03,35500,3983799,4567632,4.03
2023-11-15,Z03,35500,3952885,4532187,3.83
2023-11-16,Z03,35500,3916403,4490358,3.1
2023-11-17,Z03,35500,4269764,4734166,4.14
2023-11-18,Z03,35500,3907513,4332513,3.75
2023-11-19,Z03,35500,4367763,4842823,3.15
2023-11-20,Z03,35500,4191837,4647763,3.85
2023-11-21,Z03,35500,3725902,4131150,3.77
2023-11-22,Z03,35500,3837491,4254876,3.56
2023-11-23,Z03,35500,3864442,4284758,3.79
2023-11-24,Z03,35500,3911119,4336512,3.91
2023-11-25,Z03,35500,4306587,4774994,4.06
2023-11-26,Z03,35500,4338080,4809911,3.65
2023-11-27,Z03,35500,3804869,4218706,3.46
2023-11-28,Z03,35500,3751034,4159016,3.72
2023-11-29,Z03,35500,3810413,4224853,4.2
2023-11-30,Z03,35500,3683561,4084204,3.91
2023-12-01,Z03,35500,3827160,4243421,3.44
2023-12-02,Z03,35500,4103496,4549812,3.63
2023-12-03,Z03,35500,3899859,4324028,4.43
2023-12-04,Z03,35500,3768863,4178784,3.97
2023-12-05,Z03,35500,4119117,4567133,3.68
2023-12-06,Z03,35500,3791982,4204417,4.17
2023-12-07,Z03,35500,3783392,4194893,3.33
2023-12-08,Z03,35500,3576046,3964995,3.76
2023-12-09,Z03,35500,4001576,4436808,4.54
2023-12-10,Z03,35500,4148602,4599824,3.93
2023-12-11,Z03,35500,3541575,3926775,4.41
2023-12-12,Z03,35500,3665031,4063658,3.56
2023-12-13,Z03,35500,3546711,3932469,3.36
2023-12-14,Z03,35500,3303358,3662648,4.18
2023-12-15,Z03,35500,3380015,3747642,2.69
2023-12-16,Z03,35500,3995072,4429596,3.69
2023-12-17,Z03,35500,3746681,4154189,4.12
2023-12-18,Z03,35500,3505174,3886414,3.88
2023-12-19,Z03,35500,3508528,3890134,2.55
2023-12-20,Z03,35500,3470572,3848049,2.93
2023-12-21,Z03,35500,3578727,3967968,3.54
2023-12-22,Z03,35500,3635393,4030797,3.84
2023-12-23,Z03,35500,3987163,4420827,3.86
2023-12-24,Z03,35500,3978193,4410881,3.6
2023-12-25,Z03,35500,3249102,3602491,3.97
2023-12-26,Z03,35500,3360765,3726298,3.82
2023-12-27,Z03,35500,3296328,3654853,3.54
2023-12-28,Z03,35500,3381325,3749095,3.87
2023-12-29,Z03,35500,3631014,4025941,3.28
2023-12-30,Z03,35500,3662673,4061044,3.92
2023-12-31,Z03,35500,3560579,3947846,3.18
2024-01-01,Z03,35500,3290438,3648323,3.84
2024-01-02,Z03,35500,3160403,3504145,3.83
2024-01-03,Z03,35500,3459690,3835984,3.45
2024-01-04,Z03,35500,3278623,3635222,3.92
2024-01-05,Z03,35500,3374687,3741735,4.37
2024-01-06,Z03,35500,3619045,4012670,3.09
2024-01-07,Z03,35500,3652564,4049835,4.08
2024-01-08,Z03,35500,3343988,3707697,4.14
2024-01-09,Z03,35500,3372719,3739552,3.5
2024-01-10,Z03,35500,3552040,3938377,4.0
2024-01-11,Z03,35500,3216025,3565816,3.47
2024-01-12,Z03,35500,3370060,3736605,4.23
2024-01-13,Z03,35500,3296870,3655455,2.23
2024-01-14,Z03,35500,3596636,3987824,4.32
2024-01-15,Z03,35500,3016049,3344090,3.04
2024-01-16,Z03,35500,3428692,3801613,3.64
2024-01-17,Z03,35500,3350785,3715233,3.19
2024-01-18,Z03,35500,3258212,3612591,4.35
2024-01-19,Z03,35500,3242499,3595169,3.49
2024-01-20,Z03,35500,3804463,4218255,3.33
2024-01-21,Z03,35500,3739245,4145944,4.16
2024-01-22,Z03,35500,3235565,3587481,3.97
2024-01-23,Z03,35500,3518539,3901233,3.43
2024-01-24,Z03,35500,3496314,3876591,3.1
2024-01-25,Z03,35500,3439204,3813270,3.04
2024-01-26,Z03,35500,3314145,3674608,4.24
2024-01-27,Z03,35500,3954858,4385008,3.81
2024-01-28,Z03,35500,3562693,3950189,3.69
2024-01-29,Z03,35500,3712772,4116592,3.85
2024-01-30,Z03,35500,3240592,3593055,2.63
2024-01-31,Z03,35500,3335156,3697904,3.44
2024-02-01,Z03,35500,3438546,3812540,3.45
2024-02-02,Z03,35500,3082415,3417674,4.09
2024-02-03,Z03,35500,3902771,4327256,2.87
2024-02-04,Z03,35500,3846676,4265059,4.13
2024-02-05,Z03,35500,3370710,3737326,4.5
2024-02-06,Z03,35500,3377697,3745072,2.74
2024-02-07,Z03,35500,3602006,3993778,3.61
2024-02-08,Z03,35500,3338491,3701602,3.85
2024-02-09,Z03,35500,3587677,3977891,4.04
2024-02-10,Z03,35500,3734523,4140709,2.52
2024-02-11,Z03,35500,4012130,4448509,3.77
2024-02-12,Z03,35500,3704958,4107928,3.49
2024-02-13,Z03,35500,3607956,4000375,3.46
2024-02-14,Z03,35500,3378701,3746186,4.63
2024-02-15,Z03,35500,3514665,3896937,3.49
2024-02-16,Z03,35500,3435303,3808944,3.82
2024-02-17,Z03,35500,3744505,4151776,3.54
2024-02-18,Z03,35500,3767508,4177281,3.72
2024-02-19,Z03,35500,3486466,3865671,3.88
2024-02-20,Z03,35500,3391008,3759831,4.05
2024-02-21,Z03,35500,3748016,4155669,3.21
2024-02-22,Z03,35500,3535678,3920236,3.68
2024-02-23,Z03,35500,3728271,4133777,3.69
2024-02-24,Z03,35500,3888810,4311777,2.78
2024-02-25,Z03,35500,4000573,4435696,3.12
2024-02-26,Z03,35500,3663625,4062100,4.05
2024-02-27,Z03,35500,3661359,4059587,3.37
2024-02-28,Z03,35500,3903596,4328171,4.91
2024-02-29,Z03,35500,3904774,4329477,4.08
2024-03-01,Z03,35500,3871941,4293072,3.83
2024-03-02,Z03,35500,4651334,5157236,4.36
2024-03-03,Z03,35500,4038855,4478141,3.99
2024-03-04,Z03,35500,3818505,4233824,3.69
2024-03-05,Z03,35500,3841526,4259350,2.89
2024-03-06,Z03,35500,3732367,4138318,3.93
2024-03-07,Z03,35500,3982867,4416063,4.3
2024-03-08,Z03,35500,4030370,4468733,3.3
2024-03-09,Z03,35500,4419369,4900042,2.69
2024-03-10,Z03,35500,4704513,5216199,3.07
2024-03-11,Z03,35500,3888363,4311281,4.48
2024-03-12,Z03,35500,4127360,4576273,3.64
2024-03-13,Z03,35500,4179638,4634236,4.33
2024-03-14,Z03,35500,3982524,4415684,3.61
2024-03-15,Z03,35500,3948548,4378012,3.35
2024-03-16,Z03,35500,4461147,4946363,4.67
2024-03-17,Z03,35500,4661218,5168196,3.41
2024-03-18,Z03,35500,4442292,4925458,3.48
2024-03-19,Z03,35500,3950545,4380226,3.83
2024-03-20,Z03,35500,4133275,4582831,3.45
2024-03-21,Z03,35500,4497940,4987159,3.99
2024-03-22,Z03,35500,4279449,4744904,3.82
2024-03-23,Z03,35500,4479304,4966496,3.84
2024-03-24,Z03,35500,4568149,5065004,3.29
2024-03-25,Z03,35500,4314602,4783880,2.77
2024-03-26,Z03,35500,4228274,4688163,3.18
2024-03-27,Z03,35500,4322027,4792112,3.23
2024-03-28,Z03,35500,4437440,4920078,3.75
2024-03-29,Z03,35500,4506686,4996856,3.19
2024-03-30,Z03,35500,4918891,5453894,2.87
2024-03-31,Z03,35500,4806235,5328985,3.03
2024-04-01,Z03,35500,4716265,5229230,3.79
2024-04-02,Z03,35500,4757163,5274576,3.94
2024-04-03,Z03,35500,4735069,5250079,3.35
2024-04-04,Z03,35500,4460338,4945467,3.4
2024-04-05,Z03,35500,4765954,5284323,3.91
2024-04-06,Z03,35500,5229552,5798345,3.68
2024-04-07,Z03,35500,5126766,5684379,4.19
2024-04-08,Z03,35500,4471183,4957491,3.52
2024-04-09,Z03,35500,4577254,5075099,3.18
2024-04-10,Z03,35500,4693956,5204495,4.14
2024-04-11,Z03,35500,4666518,5174072,3.44
2024-04-12,Z03,35500,5427208,6017499,3.21
2024-04-13,Z03,35500,5089000,5642506,4.05
2024-04-14,Z03,35500,5476092,6071700,4.32
2024-04-15,Z03,35500,4979585,5521190,3.69
2024-04-16,Z03,35500,4700308,5211537,3.1
2024-04-17,Z03,35500,4843277,5370056,4.37
2024-04-18,Z03,35500,5038656,5586686,3.79
2024-04-19,Z03,35500,5151924,5712273,3.71
2024-04-20,Z03,35500,5592331,6200581,3.4
2024-04-21,Z03,35500,6001567,6654327,4.16
2024-04-22,Z03,35500,5019857,5565842,3.05
2024-04-23,Z03,35500,5145502,5705153,3.0
2024-04-24,Z03,35500,5560833,6165657,4.55
2024-04-25,Z03,35500,5588629,6196476,3.17
2024-04-26,Z03,35500,4945966,5483914,4.08
2024-04-27,Z03,35500,5720441,6342625,4.29
2024-04-28,Z03,35500,5710121,6331182,3.71
2024-04-29,Z03,35500,5296460,5872529,3.16
2024-04-30,Z03,35500,5336811,5917269,3.91
2024-05-01,Z03,35500,5206930,5773262,4.3
2024-05-02,Z03,35500,5344431,5925718,3.77
2024-05-03,Z03,35500,5471222,6066299,3.23
2024-05-04,Z03,35500,6035495,6691945,3.75
2024-05-05,Z03,35500,6523234,7232734,2.91
2024-05-06,Z03,35500,5551627,6155450,3.11
2024-05-07,Z03,35500,5649383,6263839,3.47
2024-05-08,Z03,35500,5570411,6396541,3.63
2024-05-09,Z03,35500,5520442,6339162,3.0
2024-05-10,Z03,35500,5934561,6814698,3.72
2024-05-11,Z03,35500,6110622,7016869,3.86
2024-05-12,Z03,35500,6144192,7055419,3.49
2024-05-13,Z03,35500,5470581,6281906,2.52
2024-05-14,Z03,35500,5961349,6845459,3.65
2024-05-15,Z03,35500,5887423,6760568,4.51
2024-05-16,Z03,35500,5804141,6664935,3.83
2024-05-17,Z03,35500,5638260,6474453,3.61
2024-05-18,Z03,35500,6450643,7407318,3.41
2024-05-19,Z03,35500,6237862,7162980,3.89
2024-05-20,Z03,35500,6509260,7474629,3.7
2024-05-21,Z03,35500,6063106,6962306,3.95
2024-05-22,Z03,35500,5832806,6697851,3.05
2024-05-23,Z03,35500,5870292,6508775,3.66
2024-05-24,Z03,35500,5971585,6621085,3.37
2024-05-25,Z03,35500,6676965,7403185,3.79
2024-05-26,Z03,35500,6291987,6976335,2.63
2024-05-27,Z03,35500,6377206,7070823,3.4
2024-05-28,Z03,35500,6151699,6820788,3.87
2024-05-29,Z03,35500,6216260,6892372,3.95
2024-05-30,Z03,35500,6601453,7319461,3.58
2024-05-31,Z03,35500,6546672,7258721,2.52
2024-06-01,Z03,35500,6874695,7622421,3.92
2024-06-02,Z03,35500,7346687,8145749,4.39
2024-06-03,Z03,35500,6471128,7174960,3.18
2024-06-04,Z03,35500,5933553,6578917,3.39
2024-06-05,Z03,35500,5926739,6571361,4.0
2024-06-06,Z03,35500,6067733,6727690,4.02
2024-06-07,Z03,35500,6535144,7245940,4.15
2024-06-08,Z03,35500,7362141,8162884,4.11
2024-06-09,Z03,35500,7288570,8081311,2.83
2024-06-10,Z03,35500,6368042,7060663,3.36
2024-06-11,Z03,35500,6495751,7202261,3.91
2024-06-12,Z03,35500,6499013,7205878,3.56
2024-06-13,Z03,35500,6751631,7485973,3.78
2024-06-14,Z03,35500,6740721,7473876,3.53
2024-06-15,Z03,35500,7306900,8101635,3.38
2024-06-16,Z03,35500,7163778,7942947,3.48
2024-06-17,Z03,35500,6739953,7473024,3.04
2024-06-18,Z03,35500,7016575,7779732,3.24
2024-06-19,Z03,35500,6691896,7419741,3.57
2024-06-20,Z03,35500,6806866,7547215,3.58
2024-06-21,Z03,35500,6196222,6870154,3.88
2024-06-22,Z03,35500,7298021,8091791,3.46
2024-06-23,Z03,35500,7066711,7835322,4.44
2024-06-24,Z03,35500,6657472,7381572,4.21
2024-06-25,Z03,35500,6258788,6939525,3.35
2024-06-26,Z03,35500,6606793,7325381,3.7
2024-06-27,Z03,35500,6352633,7043577,4.21
2024-06-28,Z03,35500,6930660,7684473,3.28
2024-06-29,Z03,35500,7682352,8517924,3.23
2024-06-30,Z03,35500,7917475,8778619,4.25
2024-07-01,Z03,35500,6230230,6907861,3.95
2024-07-02,Z03,35500,7278509,8070157,4.14
2024-07-03,Z03,35500,6654919,7378741,3.76
2024-07-04,Z03,35500,7147430,7924820,3.47
2024-07-05,Z03,35500,6933709,7687855,2.93
2024-07-06,Z03,35500,7605214,8432396,3.67
2024-07-07,Z03,35500,8030794,8904263,4.22
2024-07-08,Z03,35500,7314691,8110274,4.22
2024-07-09,Z03,35500,6875320,7623115,4.14
2024-07-10,Z03,35500,6652929,7376535,3.99
2024-07-11,Z03,35500,7088972,7860004,4.71
2024-07-12,Z03,35500,6655956,7379892,2.82
2024-07-13,Z03,35500,7602708,8429617,3.72
2024-07-14,Z03,35500,7201605,7984888,3.13
2024-07-15,Z03,35500,6530724,7241038,4.38
2024-07-16,Z03,35500,6651053,7374455,3.32
2024-07-17,Z03,35500,7412383,8218591,4.1
2024-07-18,Z03,35500,7299891,8093864,3.38
2024-07-19,Z03,35500,7128022,7903301,3.81
2024-07-20,Z03,35500,7524065,8342420,3.55
2024-07-21,Z03,35500,7428137,8236059,3.59
2024-07-22,Z03,35500,6898606,7648934,3.77
2024-07-23,Z03,35500,7154106,7932222,4.06
2024-07-24,Z03,35500,6696250,7424568,3.55
2024-07-25,Z03,35500,7102686,7875210,4.05
2024-07-26,Z03,35500,6777248,7514375,4.12
2024-07-27,Z03,35500,7299981,8093964,3.39
2024-07-28,Z03,35500,7594448,8420458,4.54
2024-07-29,Z03,35500,6614577,7334012,3.97
2024-07-30,Z03,35500,7249482,8037972,3.38
2024-07-31,Z03,35500,6758570,7493666,3.91
2024-08-01,Z03,35500,6693910,7421973,4.12
2024-08-02,Z03,35500,6941888,7696923,3.89
2024-08-03,Z03,35500,7321072,8117348,3.7
2024-08-04,Z03,35500,7334327,8132046,1.87
2024-08-05,Z03,35500,6124052,6790135,3.12
2024-08-06,Z03,35500,7024404,7788413,3.94
2024-08-07,Z03,35500,6911216,7662915,3.11
2024-08-08,Z03,35500,6630042,7351159,3.86
2024-08-09,Z03,35500,6759938,7495183,4.04
2024-08-10,Z03,35500,7525312,8343802,3.54
2024-08-11,Z03,35500,7774422,8620007,2.72
2024-08-12,Z03,35500,6600351,7318238,3.23
2024-08-13,Z03,35500,6636959,7358828,3.94
2024-08-14,Z03,35500,6428494,7127689,4.23
2024-08-15,Z03,35500,6774303,7511110,2.56
2024-08-16,Z03,35500,6550118,7262542,3.64
2024-08-17,Z03,35500,7502417,8318418,2.87
2024-08-18,Z03,35500,7220628,8005980,3.65
2024-08-19,Z03,35500,6334753,7023753,3.52
2024-08-20,Z03,35500,6297052,6981951,4.78
2024-08-21,Z03,35500,6516809,7225610,3.33
2024-08-22,Z03,35500,6713901,7444139,4.12
2024-08-23,Z03,35500,5781065,6409843,4.1
2024-08-24,Z03,35500,6969895,7727976,3.5
2024-08-25,Z03,35500,7320006,8116167,3.66
2024-08-26,Z03,35500,6274267,6956688,3.6
2024-08-27,Z03,35500,6516333,7225083,3.23
2024-08-28,Z03,35500,6590351,7307150,3.18
2024-08-29,Z03,35500,6282058,6965326,3.4
2024-08-30,Z03,35500,6169331,6840339,3.03
2024-08-31,Z03,35500,7082345,7852656,3.35
2024-09-01,Z03,35500,6927863,7681372,3.5
2024-09-02,Z03,35500,6374976,7068350,3.68
2024-09-03,Z03,35500,6084984,6746818,3.82
2024-09-04,Z03,35500,6386661,7081306,3.5
2024-09-05,Z03,35500,6106887,6771103,3.22
2024-09-06,Z03,35500,6268457,6950246,3.81
2024-09-07,Z03,35500,6669367,7394761,4.0
2024-09-08,Z03,35500,6547325,7259444,3.36
2024-09-09,Z03,35500,6315010,7001862,3.11
2024-09-10,Z03,35500,5955316,6603046,3.38
2024-09-11,Z03,35500,6028630,6684334,3.51
2024-09-12,Z03,35500,5985267,6636255,4.17
2024-09-13,Z03,35500,5688576,6307294,3.95
2024-09-14,Z03,35500,6852637,7597964,3.6
2024-09-15,Z03,35500,6395536,7091146,4.55
2024-09-16,Z03,35500,6142143,6810193,3.58
2024-09-17,Z03,35500,5981252,6631803,4.31
2024-09-18,Z03,35500,5744093,6368849,4.21
2024-09-19,Z03,35500,6170961,6842146,4.18
2024-09-20,Z03,35500,5771154,6398854,3.76
2024-09-21,Z03,35500,6830161,7573043,3.66
2024-09-22,Z03,35500,6209884,6885303,3.6
2024-09-23,Z03,35500,5718285,6340234,4.03
2024-09-24,Z03,35500,5707801,6328610,3.21
2024-09-25,Z03,35500,5587860,6195623,3.47
2024-09-26,Z03,35500,5366250,5949911,4.43
2024-09-27,Z03,35500,5376098,5960829,3.91
2024-09-28,Z03,35500,5736528,6360461,4.08
2024-09-29,Z03,35500,5988968,6640358,2.99
2024-09-30,Z03,35500,5558358,6162913,3.38
2024-10-01,Z03,35500,5140999,5700159,3.77
2024-10-02,Z03,35500,5442836,6034827,3.58
2024-10-03,Z03,35500,5257793,5829657,2.99
2024-10-04,Z03,35500,5271081,5844390,3.98
2024-10-05,Z03,35500,6055451,6714072,4.14
2024-10-06,Z03,35500,5503782,6102401,3.46
2024-10-07,Z03,35500,5040943,5589222,4.0
2024-10-08,Z03,35500,4834565,5360397,4.61
2024-10-09,Z03,35500,4859804,5388381,4.36
2024-10-10,Z03,35500,5018615,5564465,3.48
2024-10-11,Z03,35500,4975800,5516993,3.05
2024-10-12,Z03,35500,5819103,6452018,3.72
2024-10-13,Z03,35500,5893364,6534356,4.77
2024-10-14,Z03,35500,5195751,5760867,4.27
2024-10-15,Z03,35500,4721493,5235027,3.6
2024-10-16,Z03,35500,5070824,5622352,4.38
2024-10-17,Z03,35500,4956049,5495094,4.18
2024-10-18,Z03,35500,5033092,5580517,2.65
2024-10-19,Z03,35500,5655666,6270805,4.13
2024-10-20,Z03,35500,5626506,6238473,3.66
2024-10-21,Z03,35500,4582570,5080993,3.17
2024-10-22,Z03,35500,5012407,5557582,3.65
2024-10-23,Z03,35500,4699889,5211073,3.81
2024-10-24,Z03,35500,4710040,5222327,3.2
2024-10-25,Z03,35500,4632949,5136852,3.54
2024-10-26,Z03,35500,5226302,5794740,3.43
2024-10-27,Z03,35500,5217713,5785218,4.0
2024-10-28,Z03,35500,4849866,5377362,3.45
2024-10-29,Z03,35500,4761048,5278883,2.75
2024-10-30,Z03,35500,4828337,5353491,3.38
2024-10-31,Z03,35500,4746287,5262517,3.13
2024-11-01,Z03,35500,4722177,5235785,2.95
2024-11-02,Z03,35500,4756592,5273943,4.19
2024-11-03,Z03,35500,4654734,5161006,4.0
2024-11-04,Z03,35500,4857617,5385955,3.12
2024-11-05,Z03,35500,4300452,4768191,2.97
2024-11-06,Z03,35500,4387806,4865046,3.55
2024-11-07,Z03,35500,4265404,4729331,2.94
2024-11-08,Z03,35500,4232777,4693155,3.48
2024-11-09,Z03,35500,4624428,5127404,3.64
2024-11-10,Z03,35500,4795971,5317605,3.75
2024-11-11,Z03,35500,4453225,4937580,3.77
2024-11-12,Z03,35500,4097297,4542939,3.21
2024-11-13,Z03,35500,4294927,4762065,3.64
2024-11-14,Z03,35500,4113494,4560898,4.24
2024-11-15,Z03,35500,3978123,4410804,2.55
2024-11-16,Z03,35500,4809641,5332762,3.76
2024-11-17,Z03,35500,4387621,4864841,3.01
2024-11-18,Z03,35500,3990712,4424762,4.3
2024-11-19,Z03,35500,4385573,4862570,4.01
2024-11-20,Z03,35500,4148637,4599864,3.99
2024-11-21,Z03,35500,4015093,4451794,3.17
2024-11-22,Z03,35500,3943432,4372340,3.73
2024-11-23,Z03,35500,4537568,5031097,3.79
2024-11-24,Z03,35500,4680949,5190073,2.41
2024-11-25,Z03,35500,4055238,4496307,3.67
2024-11-26,Z03,35500,3703804,4106648,3.91
2024-11-27,Z03,35500,3790819,4203127,2.89
2024-11-28,Z03,35500,3915941,4341858,3.9
2024-11-29,Z03,35500,3743047,4150160,3.65
2024-11-30,Z03,35500,4009730,4445848,4.29
2024-12-01,Z03,35500,4371983,4847501,3.39
2024-12-02,Z03,35500,3961466,4392335,3.69
2024-12-03,Z03,35500,3698981,4101301,3.77
2024-12-04,Z03,35500,3698981,4101301,2.2
2024-12-05,Z03,35500,3792363,4204839,3.42
2024-12-06,Z03,35500,3737552,4144067,3.64
2024-12-07,Z03,35500,4144457,4595229,2.42
2024-12-08,Z03,35500,3992872,4427157,3.94
2024-12-09,Z03,35500,3727940,4133409,3.64
2024-12-10,Z03,35500,3606858,3999158,3.64
2024-12-11,Z03,35500,3717931,4122312,3.96
2024-12-12,Z03,35500,3502282,3883207,3.39
2024-12-13,Z03,35500,3891516,4314777,3.62
2024-12-14,Z03,35500,3920923,4347382,4.03
2024-12-15,Z03,35500,3762966,4172246,3.63
2024-12-16,Z03,35500,3728525,4134058,2.68
2024-12-17,Z03,35500,3353866,3718649,3.63
2024-12-18,Z03,35500,3677551,4077540,3.63
2024-12-19,Z03,35500,3543996,3929459,4.05
2024-12-20,Z03,35500,3616251,4009573,3.43
2024-12-21,Z03,35500,3929249,4356614,3.11
2024-12-22,Z03,35500,3951278,4381039,3.11
2024-12-23,Z03,35500,3457826,3833917,4.32
2024-12-24,Z03,35500,3587248,3977416,3.74
2024-12-25,Z03,35500,3370469,3737058,4.3
2024-12-26,Z03,35500,4074760,4517952,4.37
2024-12-27,Z03,35500,3588679,3979002,3.23
2024-12-28,Z03,35500,4109477,4556444,3.19
2024-12-29,Z03,35500,3900768,4325035,3.54
2024-12-30,Z03,35500,3493238,3873180,3.91
2024-12-31,Z03,35500,3593468,3984312,2.9
2025-01-01,Z03,35500,3388569,3757127,3.83
2025-01-02,Z03,35500,3343888,3707586,3.8
2025-01-03,Z03,35500,3469151,3846474,3.04
2025-01-04,Z03,35500,3696567,4098624,3.05
2025-01-05,Z03,35500,3678099,4078147,3.82
2025-01-06,Z03,35500,3424283,3796725,4.64
2025-01-07,Z03,35500,3399570,3769324,3.45
2025-01-08,Z03,35500,3091728,3428000,3.76
2025-01-09,Z03,35500,3177063,3522616,3.3
2025-01-10,Z03,35500,3411326,3782358,3.72
2025-01-11,Z03,35500,3946916,4376203,3.29
2025-01-12,Z03,35500,4054019,4494954,3.47
2025-01-13,Z03,35500,3377179,3744498,4.82
2025-01-14,Z03,35500,3154387,3497474,3.65
2025-01-15,Z03,35500,3435784,3809477,2.82
2025-01-16,Z03,35500,3492758,3872647,3.92
2025-01-17,Z03,35500,3488535,3867966,4.16
2025-01-18,Z03,35500,3844899,4263090,3.94
2025-01-19,Z03,35500,3967023,4398497,3.51
2025-01-20,Z03,35500,3354436,3719281,3.14
2025-01-21,Z03,35500,3450303,3825575,3.15
2025-01-22,Z03,35500,3394943,3764194,3.51
2025-01-23,Z03,35500,3209679,3558780,3.42
2025-01-24,Z03,35500,3762958,4172236,3.32
2025-01-25,Z03,35500,3833344,4250278,4.21
2025-01-26,Z03,35500,3875751,4297297,4.06
2025-01-27,Z03,35500,3084097,3419539,4.23
2025-01-28,Z03,35500,3693696,4095441,3.21
2025-01-29,Z03,35500,3715857,4120013,3.14
2025-01-30,Z03,35500,3377449,3744797,3.64
2025-01-31,Z03,35500,3348168,3712332,3.81
2025-02-01,Z03,35500,3971157,4403080,3.64
2025-02-02,Z03,35500,3656807,4054540,3.77
2025-02-03,Z03,35500,3506644,3888045,4.39
2025-02-04,Z03,35500,3628603,4023268,3.49
2025-02-05,Z03,35500,3636295,4031797,4.0
2025-02-06,Z03,35500,3389115,3757732,3.86
2025-02-07,Z03,35500,3395106,3764374,3.65
2025-02-08,Z03,35500,3985835,4419354,3.98
2025-02-09,Z03,35500,3911392,4336815,3.22
2025-02-10,Z03,35500,3500956,3881737,3.12
2025-02-11,Z03,35500,3498538,3879057,3.82
2025-02-12,Z03,35500,3409294,3780106,2.78
2025-02-13,Z03,35500,3709791,4113286,3.86
2025-02-14,Z03,35500,3550198,3936336,3.04
2025-02-15,Z03,35500,4164971,4617974,4.36
2025-02-16,Z03,35500,4045846,4485892,3.4
2025-02-17,Z03,35500,3774568,4185109,4.33
2025-02-18,Z03,35500,3482175,3860914,3.49
2025-02-19,Z03,35500,3555102,3941773,3.47
2025-02-20,Z03,35500,3849217,4267877,4.03
2025-02-21,Z03,35500,3644021,4040363,3.75
2025-02-22,Z03,35500,3845917,4264218,3.57
2025-02-23,Z03,35500,4321518,4791548,3.4
2025-02-24,Z03,35500,3519052,3901801,3.4
2025-02-25,Z03,35500,3746864,4154392,4.78
2025-02-26,Z03,35500,3669602,4068727,2.76
2025-02-27,Z03,35500,3606228,3998460,3.0
2025-02-28,Z03,35500,3642701,4038900,4.19
2025-03-01,Z03,35500,4283076,4748924,4.15
2025-03-02,Z03,35500,4245931,4707740,3.14
2025-03-03,Z03,35500,3438005,3811940,2.72
2025-03-04,Z03,35500,4083411,4527543,4.24
2025-03-05,Z03,35500,3905988,4330823,3.08
2025-03-06,Z03,35500,3931126,4358695,3.35
2025-03-07,Z03,35500,3997527,4432319,3.65
2025-03-08,Z03,35500,4505213,4995223,3.06
2025-03-09,Z03,35500,4287747,4754104,4.06
2025-03-10,Z03,35500,3888487,4311418,3.61
2025-03-11,Z03,35500,3841919,4259785,3.16
2025-03-12,Z03,35500,4196304,4652715,3.2
2025-03-13,Z03,35500,4308206,4776788,4.25
2025-03-14,Z03,35500,4330958,4802015,3.46
2025-03-15,Z03,35500,4797232,5319003,3.91
2025-03-16,Z03,35500,4706189,5218058,3.6
2025-03-17,Z03,35500,4228674,4688606,2.72
2025-03-18,Z03,35500,4048289,4488602,3.97
2025-03-19,Z03,35500,3912663,4338224,4.14
2025-03-20,Z03,35500,4277717,4742983,4.52
2025-03-21,Z03,35500,4681550,5190738,2.65
2025-03-22,Z03,35500,4771134,5290067,2.02
2025-03-23,Z03,35500,5060831,5611272,3.92
2025-03-24,Z03,35500,4250648,4712970,3.3
2025-03-25,Z03,35500,4537008,5030476,2.88
2025-03-26,Z03,35500,4293554,4760542,3.65
2025-03-27,Z03,35500,4519940,5011551,3.38
2025-03-28,Z03,35500,4522154,5014006,2.96
2025-03-29,Z03,35500,5213440,5780480,3.56
2025-03-30,Z03,35500,5263230,5835686,3.88
2025-03-31,Z03,35500,4358461,4832509,3.69
2025-04-01,Z03,35500,4193609,4649727,3.69
2025-04-02,Z03,35500,4408731,4888247,3.82
2025-04-03,Z03,35500,4659341,5166115,2.75
2025-04-04,Z03,35500,4822342,5346844,3.57
2025-04-05,Z03,35500,5289091,5864359,3.72
2025-04-06,Z03,35500,5279172,5853362,3.41
2025-04-07,Z03,35500,4288038,4754426,3.19
2025-04-08,Z03,35500,4981476,5523286,3.23
2025-04-09,Z03,35500,4823173,5347765,3.45
2025-04-10,Z03,35500,5088201,5641620,4.06
2025-04-11,Z03,35500,4867443,5396851,4.36
2025-04-12,Z03,35500,5720470,6342657,4.26
2025-04-13,Z03,35500,5428185,6018582,2.82
2025-04-14,Z03,35500,5018422,5564251,3.13
2025-04-15,Z03,35500,5154259,5714862,3.93
2025-04-16,Z03,35500,5017545,5563278,4.25
2025-04-17,Z03,35500,5029799,5576866,3.12
2025-04-18,Z03,35500,5196608,5761817,3.69
2025-04-19,Z03,35500,5571658,6177660,3.03
2025-04-20,Z03,35500,5612254,6222671,3.74
2025-04-21,Z03,35500,5313280,5891179,3.28
2025-04-22,Z03,35500,5085271,5638370,3.69
2025-04-23,Z03,35500,5198618,5764045,2.99
2025-04-24,Z03,35500,5750168,6375585,2.78
2025-04-25,Z03,35500,5226687,5795167,5.15
2025-04-26,Z03,35500,5859119,6496386,3.63
2025-04-27,Z03,35500,6286033,6969733,4.67
2025-04-28,Z03,35500,5517956,6118117,4.35
2025-04-29,Z03,35500,5454279,6047514,2.78
2025-04-30,Z03,35500,5715059,6336657,3.78
2025-05-01,Z03,35500,5297032,5873163,2.95
2025-05-02,Z03,35500,5343986,5925225,3.45
2025-05-03,Z03,35500,5723512,6346030,2.66
2025-05-04,Z03,35500,5896021,6537302,2.81
2025-05-05,Z03,35500,5987379,6638597,3.17
2025-05-06,Z03,35500,5691405,6310430,3.33
2025-05-07,Z03,35500,5379935,5965084,3.62
2025-05-08,Z03,35500,5544820,6147902,3.08
2025-05-09,Z03,35500,5791110,6420980,3.67
2025-05-10,Z03,35500,6224329,6901319,4.17
2025-05-11,Z03,35500,6206014,6881011,3.74
2025-05-12,Z03,35500,6140850,6808760,3.57
2025-05-13,Z03,35500,5963702,6612344,3.77
2025-05-14,Z03,35500,5660621,6276299,2.88
2025-05-15,Z03,35500,6129877,6796593,4.08
2025-05-16,Z03,35500,6126896,6793288,3.0
2025-05-17,Z03,35500,6939972,7694798,4.38
2025-05-18,Z03,35500,6780837,7518355,3.99
2025-05-19,Z03,35500,5982600,6633297,3.88
2025-05-20,Z03,35500,6289905,6974027,3.9
2025-05-21,Z03,35500,5822469,6455750,3.6
2025-05-22,Z03,35500,6253883,6934087,3.21
2025-05-23,Z03,35500,6148041,6816733,3.13
2025-05-24,Z03,35500,6612640,7331864,4.48
2025-05-25,Z03,35500,6684893,7411976,3.65
2025-05-26,Z03,35500,6678572,7404967,3.04
2025-05-27,Z03,35500,6643764,7366374,3.86
2025-05-28,Z03,35500,6236069,6914335,3.77
2025-05-29,Z03,35500,6384232,7078613,3.44
2025-05-30,Z03,35500,6366255,7058680,3.15
2025-05-31,Z03,35500,6922683,7675628,3.97
2025-06-01,Z03,35500,6682745,7409594,4.07
2025-06-02,Z03,35500,6725303,7456780,3.76
2025-06-03,Z03,35500,6625292,7345893,3.64
2025-06-04,Z03,35500,6664847,7389749,3.21
2025-06-05,Z03,35500,6944616,7699947,3.84
2025-06-06,Z03,35500,6206320,6881351,3.28
2025-06-07,Z03,35500,6654109,7377843,2.96
2025-06-08,Z03,35500,6792310,7531076,4.16
2025-06-09,Z03,35500,6478659,7183311,3.09
2025-06-10,Z03,35500,6588140,7304699,2.65
2025-06-11,Z03,35500,7112465,7886052,4.25
2025-06-12,Z03,35500,6924042,7677135,2.73
2025-06-13,Z03,35500,6215796,6891857,3.41
2025-06-14,Z03,35500,8360150,9269442,3.05
2025-06-15,Z03,35500,7401270,8206269,3.24
2025-06-16,Z03,35500,6998978,7760222,4.71
2025-06-17,Z03,35500,7054384,7821655,3.55
2025-06-18,Z03,35500,6870546,7617821,3.78
2025-06-19,Z03,35500,7101915,7874355,4.0
2025-06-20,Z03,35500,6612892,7332143,3.28
2025-06-21,Z03,35500,7306750,8101469,4.14
2025-06-22,Z03,35500,7566014,8388932,3.79
2025-06-23,Z03,35500,6539581,7250858,3.98
2025-06-24,Z03,35500,7258846,8048355,3.24
2025-06-25,Z03,35500,6979366,7738477,3.82
2025-06-26,Z03,35500,7507100,8323610,3.6
2025-06-27,Z03,35500,6983691,7743272,4.16
2025-06-28,Z03,35500,7544824,8365437,3.33
2025-06-29,Z03,35500,7744212,8586511,4.62
2025-06-30,Z03,35500,6870402,7617661,3.77
2025-07-01,Z03,35500,7006016,7768026,3.54
2025-07-02,Z03,35500,7579121,8403464,3.48
2025-07-03,Z03,35500,7191907,7974135,3.6
2025-07-04,Z03,35500,7479977,8293536,3.29
2025-07-05,Z03,35500,8001159,8871405,3.93
2025-07-06,Z03,35500,7635580,8466064,3.59
2025-07-07,Z03,35500,7287548,8080178,4.57
2025-07-08,Z03,35500,7102775,7875309,3.38
2025-07-09,Z03,35500,6761964,7497430,3.54
2025-07-10,Z03,35500,7153457,7931503,3.38
2025-07-11,Z03,35500,7043319,7809385,4.53
2025-07-12,Z03,35500,8241390,9137765,2.88
2025-07-13,Z03,35500,8016046,8887912,3.65
2025-07-14,Z03,35500,7005686,8792143,3.76
2025-07-15,Z03,35500,7075565,8879842,3.04
2025-07-16,Z03,35500,6971043,8748666,4.92
2025-07-17,Z03,35500,6616865,8304172,3.13
2025-07-18,Z03,35500,7225676,9068230,3.62
2025-07-19,Z03,35500,7593152,9529413,4.44
2025-07-20,Z03,35500,7720843,9689666,3.41
2025-07-21,Z03,35500,6910388,8672544,3.67
2025-07-22,Z03,35500,7220024,9061138,3.43
2025-07-23,Z03,35500,7247145,9095174,3.57
2025-07-24,Z03,35500,6559929,8232718,4.14
2025-07-25,Z03,35500,7360737,9237732,3.39
2025-07-26,Z03,35500,7495305,8310532,2.27
2025-07-27,Z03,35500,7695259,8532234,3.58
2025-07-28,Z03,35500,7286950,8079516,3.63
2025-07-29,Z03,35500,6928942,7682568,3.7
2025-07-30,Z03,35500,7085049,7855655,3.51
2025-07-31,Z03,35500,6925438,7678683,3.17
2025-08-01,Z03,35500,7173468,7953690,3.48
2025-08-02,Z03,35500,7870818,8726888,4.48
2025-08-03,Z03,35500,8062247,8939137,3.58
2025-08-04,Z03,35500,6746200,7479951,3.93
2025-08-05,Z03,35500,7310779,8105936,3.08
2025-08-06,Z03,35500,7405834,8211330,3.45
2025-08-07,Z03,35500,6847174,7591907,3.1
2025-08-08,Z03,35500,6524191,7233794,4.25
2025-08-09,Z03,35500,7274314,8065505,2.82
2025-08-10,Z03,35500,7563744,8386414,3.79
2025-08-11,Z03,35500,7348192,8147419,3.77
2025-08-12,Z03,35500,6679774,7406300,3.74
2025-08-13,Z03,35500,7322323,8118735,2.43
2025-08-14,Z03,35500,6877667,7625717,2.59
2025-08-15,Z03,35500,6999664,7760983,3.66
2025-08-16,Z03,35500,7452458,8263025,3.14
2025-08-17,Z03,35500,7247432,8035699,3.28
2025-08-18,Z03,35500,7026352,7790573,3.39
2025-08-19,Z03,35500,6651783,7375264,3.07
2025-08-20,Z03,35500,6866323,7613138,2.99
2025-08-21,Z03,35500,6841181,7585262,3.6
2025-08-22,Z03,35500,6558331,7271649,2.65
2025-08-23,Z03,35500,7491742,8306582,3.35
2025-08-24,Z03,35500,7750840,8593860,3.27
2025-08-25,Z03,35500,6758925,7494060,3.59
2025-08-26,Z03,35500,6661935,7386521,4.79
2025-08-27,Z03,35500,6274044,6956440,3.11
2025-08-28,Z03,35500,6532222,7242699,3.8
2025-08-29,Z03,35500,7201596,7984878,3.71
2025-08-30,Z03,35500,7035171,7800352,3.88
2025-08-31,Z03,35500,7072011,7841198,3.49
2025-09-01,Z03,35500,6151757,6820853,4.32
2025-09-02,Z03,35500,6124130,6790221,3.94
2025-09-03,Z03,35500,6277866,6960678,3.95
2025-09-04,Z03,35500,6295496,6980226,2.89
2025-09-05,Z03,35500,6029422,6685213,3.65
2025-09-06,Z03,35500,6883376,7632046,3.35
2025-09-07,Z03,35500,6471012,7174832,3.17
2025-09-08,Z03,35500,6442924,7143689,3.29
2025-09-09,Z03,35500,6379376,7073229,3.57
2025-09-10,Z03,35500,6383227,7077499,3.83
2025-09-11,Z03,35500,5830690,6464865,4.09
2025-09-12,Z03,35500,6227222,6904527,4.07
2025-09-13,Z03,35500,6990476,7750795,3.75
2025-09-14,Z03,35500,6825594,7567980,3.63
2025-09-15,Z03,35500,6015943,6670267,3.44
2025-09-16,Z03,35500,6265970,6947488,3.48
2025-09-17,Z03,35500,6117449,6782813,3.21
2025-09-18,Z03,35500,6060991,6720214,3.39
2025-09-19,Z03,35500,6213679,6889510,3.78
2025-09-20,Z03,35500,6686148,7413367,4.37
2025-09-21,Z03,35500,6371515,7064513,3.53
2025-09-22,Z03,35500,5873476,6512305,3.2
2025-09-23,Z03,35500,5690834,6309797,4.08
2025-09-24,Z03,35500,5418099,6007399,2.6
2025-09-25,Z03,35500,5598579,6207508,4.12
2025-09-26,Z03,35500,5737789,6361860,2.88
2025-09-27,Z03,35500,6045060,6702551,3.93
2025-09-28,Z03,35500,6387825,7082598,3.36
2025-09-29,Z03,35500,5686665,6305176,3.76
2025-09-30,Z03,35500,6252154,6932170,4.64
2025-10-01,Z03,35500,5365836,5949452,3.18
2025-10-02,Z03,35500,5254135,5825601,3.1
2025-10-03,Z03,35500,5720258,6342422,3.64
2025-10-04,Z03,35500,5871098,6509668,4.36
2025-10-05,Z03,35500,5766148,6393303,3.69
2025-10-06,Z03,35500,5408802,5997091,3.62
2025-10-07,Z03,35500,5101288,5656130,3.68
2025-10-08,Z03,35500,5171500,5733979,3.1
2025-10-09,Z03,35500,5798327,6428982,3.69
2025-10-10,Z03,35500,5412519,6001211,3.4
2025-10-11,Z03,35500,5766656,6393867,4.26
2025-10-12,Z03,35500,6127680,6794158,4.0
2025-10-13,Z03,35500,5244588,5815016,2.94
2025-10-14,Z03,35500,5063210,5613910,3.46
2025-10-15,Z03,35500,4860368,5389006,3.86
2025-10-16,Z03,35500,5301314,5877912,3.11
2025-10-17,Z03,35500,4959219,5498609,3.06
2025-10-18,Z03,35500,5447064,6039514,3.37
2025-10-19,Z03,35500,5386767,5972659,3.77
2025-10-20,Z03,35500,5079030,5631451,4.12
2025-10-21,Z03,35500,5155094,5715788,3.72
2025-10-22,Z03,35500,5081643,5634348,4.83
2025-10-23,Z03,35500,4733755,5248622,3.26
2025-10-24,Z03,35500,4856315,5384513,3.97
2025-10-25,Z03,35500,5590338,6198371,3.05
2025-10-26,Z03,35500,5739575,6363840,4.41
2025-10-27,Z03,35500,4753788,5270834,4.28
2025-10-28,Z03,35500,4618934,5121312,3.96
2025-10-29,Z03,35500,4756744,5274111,2.73
2025-10-30,Z03,35500,4653936,5160122,3.95
2025-10-31,Z03,35500,4829278,5354535,3.19
2025-11-01,Z03,35500,5066620,5617691,3.83
2025-11-02,Z03,35500,5311298,5888982,2.87
2025-11-03,Z03,35500,4584873,5083547,3.73
2025-11-04,Z03,35500,4660893,5167835,3.42
2025-11-05,Z03,35500,4347352,4820192,3.21
2025-11-06,Z03,35500,4466028,4951776,3.9
2025-11-07,Z03,35500,4509455,4999926,3.57
2025-11-08,Z03,35500,5031247,5578471,3.5
2025-11-09,Z03,35500,4945159,5483020,3.97
2025-11-10,Z03,35500,4662443,5169553,4.55
2025-11-11,Z03,35500,4418385,4898951,3.74
2025-11-12,Z03,35500,4096210,4541735,2.7
2025-11-13,Z03,35500,3953613,4383628,2.82
2025-11-14,Z03,35500,4646114,5151448,3.63
2025-11-15,Z03,35500,4670218,5178174,4.11
2025-11-16,Z03,35500,4698469,5209498,3.67
2025-11-17,Z03,35500,4477639,4964650,3.86
2025-11-18,Z03,35500,4077925,4521460,3.57
2025-11-19,Z03,35500,3940160,4368711,4.08
2025-11-20,Z03,35500,4158232,4610502,3.91
2025-11-21,Z03,35500,4279456,4744911,3.09
2025-11-22,Z03,35500,4767483,5286018,3.82
2025-11-23,Z03,35500,4624034,5126967,2.83
2025-11-24,Z03,35500,4133977,4583609,3.82
2025-11-25,Z03,35500,4128398,4577424,3.46
2025-11-26,Z03,35500,3914278,4340014,3.68
2025-11-27,Z03,35500,3886548,4309268,3.76
2025-11-28,Z03,35500,4098890,4544706,3.74
2025-11-29,Z03,35500,4460059,4945158,4.31
2025-11-30,Z03,35500,4509432,4999900,3.62
2025-12-01,Z03,35500,4201178,4658119,3.69
2025-12-02,Z03,35500,4244459,4706107,4.26
2025-12-03,Z03,35500,3995750,4430348,4.55
2025-12-04,Z03,35500,4048762,4489126,3.59
2025-12-05,Z03,35500,4163276,4616095,3.34
2025-12-06,Z03,35500,4301361,4769199,3.37
2025-12-07,Z03,35500,3916870,4342888,3.83
2025-12-08,Z03,35500,3748606,4156323,3.5
2025-12-09,Z03,35500,4049826,4490306,2.73
2025-12-10,Z03,35500,3833674,4250644,4.16
2025-12-11,Z03,35500,3700082,4102522,4.01
2025-12-12,Z03,35500,3988102,4421868,4.17
2025-12-13,Z03,35500,4319298,4789087,4.27
2025-12-14,Z03,35500,4277650,4742909,3.7
2025-12-15,Z03,35500,3834705,4251787,3.73
2025-12-16,Z03,35500,3894310,4317874,4.1
2025-12-17,Z03,35500,3969072,4400768,2.99
2025-12-18,Z03,35500,3616404,4009742,3.42
2025-12-19,Z03,35500,3541788,3927011,3.57
2025-12-20,Z03,35500,3965726,4397058,4.06
2025-12-21,Z03,35500,3726274,4131562,3.33
2025-12-22,Z03,35500,3642095,4038227,3.24
2025-12-23,Z03,35500,3709872,4113376,3.38
2025-12-24,Z03,35500,3639325,4035157,3.83
2025-12-25,Z03,35500,3416896,3788534,3.57
2025-12-26,Z03,35500,3776099,4186806,2.87
2025-12-27,Z03,35500,4027853,4465942,2.97
2025-12-28,Z03,35500,4178369,4632829,3.67
2025-12-29,Z03,35500,3658593,4056520,3.68
2025-12-30,Z03,35500,3745348,4152711,3.61
2025-12-31,Z03,35500,3707099,4110302,3.36
2023-01-01,Z04,12800,2197873,2467710,3.06
2023-01-02,Z04,12800,1828732,2053248,3.59
2023-01-03,Z04,12800,1833950,2059107,4.05
2023-01-04,Z04,12800,1774304,1992139,3.3
2023-01-05,Z04,12800,1764168,1980758,3.13
2023-01-06,Z04,12800,1867113,2096342,3.99
2023-01-07,Z04,12800,1969955,2211810,4.06
2023-01-08,Z04,12800,2036239,2286232,3.81
2023-01-09,Z04,12800,1722270,1933716,3.37
2023-01-10,Z04,12800,1803592,2025023,3.29
2023-01-11,Z04,12800,1810290,2032542,3.43
2023-01-12,Z04,12800,1728230,1940408,3.57
2023-01-13,Z04,12800,1920900,2156732,2.74
2023-01-14,Z04,12800,1978544,2221453,3.11
2023-01-15,Z04,12800,1901409,2134849,4.23
2023-01-16,Z04,12800,1674208,1879754,3.7
2023-01-17,Z04,12800,1737701,1951042,4.21
2023-01-18,Z04,12800,1740254,1953908,4.11
2023-01-19,Z04,12800,1757506,1973279,3.44
2023-01-20,Z04,12800,1655386,1858620,3.45
2023-01-21,Z04,12800,1877402,2107894,4.08
2023-01-22,Z04,12800,1945176,2183989,3.98
2023-01-23,Z04,12800,1800147,2021155,4.09
2023-01-24,Z04,12800,1728038,1940192,3.59
2023-01-25,Z04,12800,1784385,2003457,3.67
2023-01-26,Z04,12800,1892082,2124376,3.47
2023-01-27,Z04,12800,1765041,1981738,3.57
2023-01-28,Z04,12800,1896322,2129137,3.26
2023-01-29,Z04,12800,1897971,2130988,3.56
2023-01-30,Z04,12800,1683448,1890128,3.52
2023-01-31,Z04,12800,1753434,1968706,3.37
2023-02-01,Z04,12800,1908953,2143319,4.0
2023-02-02,Z04,12800,1861995,2090596,2.89
2023-02-03,Z04,12800,1802498,2023794,3.77
2023-02-04,Z04,12800,2134031,2396030,3.14
2023-02-05,Z04,12800,2037044,2287136,3.18
2023-02-06,Z04,12800,1835196,2060507,3.22
2023-02-07,Z04,12800,1908425,2142726,3.84
2023-02-08,Z04,12800,1875228,2105453,2.47
2023-02-09,Z04,12800,1812107,2034583,3.68
2023-02-10,Z04,12800,1793177,2013329,3.62
2023-02-11,Z04,12800,2007703,2254193,3.11
2023-02-12,Z04,12800,1895963,2128733,3.69
2023-02-13,Z04,12800,1743467,1957516,2.99
2023-02-14,Z04,12800,2016490,2264059,3.58
2023-02-15,Z04,12800,1836910,2062431,2.97
2023-02-16,Z04,12800,1700432,1909197,4.63
2023-02-17,Z04,12800,1932001,2169196,4.03
2023-02-18,Z04,12800,2097891,2355453,3.72
2023-02-19,Z04,12800,2131835,2393564,3.12
2023-02-20,Z04,12800,1853075,2080580,3.46
2023-02-21,Z04,12800,1919053,2154658,3.48
2023-02-22,Z04,12800,2047791,2299202,3.72
2023-02-23,Z04,12800,1828357,2052828,3.8
2023-02-24,Z04,12800,1980083,2223182,3.71
2023-02-25,Z04,12800,2224476,2497579,3.77
2023-02-26,Z04,12800,2105997,2364554,3.52
2023-02-27,Z04,12800,2089150,2345638,3.77
2023-02-28,Z04,12800,2141124,2403994,3.28
2023-03-01,Z04,12800,1834890,2060163,3.07
2023-03-02,Z04,12800,2150684,2414727,4.52
2023-03-03,Z04,12800,1804237,2025747,3.81
2023-03-04,Z04,12800,2249474,2525646,4.5
2023-03-05,Z04,12800,2167308,2433393,3.46
2023-03-06,Z04,12800,2239335,2514262,4.81
2023-03-07,Z04,12800,2036056,2286026,3.64
2023-03-08,Z04,12800,2082960,2338689,4.17
2023-03-09,Z04,12800,2111992,2371285,3.62
2023-03-10,Z04,12800,2037919,2288118,3.68
2023-03-11,Z04,12800,2356251,2645533,3.54
2023-03-12,Z04,12800,2245349,2521014,3.35
2023-03-13,Z04,12800,2113764,2373274,4.09
2023-03-14,Z04,12800,2004407,2250492,3.6
2023-03-15,Z04,12800,2063652,2317010,4.02
2023-03-16,Z04,12800,2167783,2433925,4.05
2023-03-17,Z04,12800,2047477,2298850,4.31
2023-03-18,Z04,12800,2247462,2523387,3.81
2023-03-19,Z04,12800,2507590,2815451,2.84
2023-03-20,Z04,12800,2094550,2351702,3.44
2023-03-21,Z04,12800,2097133,2354602,3.59
2023-03-22,Z04,12800,2441560,2741315,3.61
2023-03-23,Z04,12800,2311564,2595359,4.26
2023-03-24,Z04,12800,2330439,2616551,4.17
2023-03-25,Z04,12800,2549446,2862446,3.53
2023-03-26,Z04,12800,2672018,3000067,4.82
2023-03-27,Z04,12800,2317874,2602443,3.43
2023-03-28,Z04,12800,2294508,2576208,3.47
2023-03-29,Z04,12800,2257948,2535161,3.05
2023-03-30,Z04,12800,2153693,2418106,2.82
2023-03-31,Z04,12800,2437677,2736956,3.01
2023-04-01,Z04,12800,2605188,2925032,4.11
2023-04-02,Z04,12800,2524961,2834955,3.97
2023-04-03,Z04,12800,2325053,2610504,3.16
2023-04-04,Z04,12800,2555372,2869100,3.65
2023-04-05,Z04,12800,2238154,2512936,4.0
2023-04-06,Z04,12800,2508636,2816626,2.58
2023-04-07,Z04,12800,2334232,2620810,4.49
2023-04-08,Z04,12800,2781090,3122529,4.13
2023-04-09,Z04,12800,2787546,3129778,4.01
2023-04-10,Z04,12800,2435956,2735023,4.2
2023-04-11,Z04,12800,2581790,2898761,2.58
2023-04-12,Z04,12800,2546224,2858829,3.49
2023-04-13,Z04,12800,2643167,2967674,4.23
2023-04-14,Z04,12800,2587565,2905245,3.6
2023-04-15,Z04,12800,2946356,3308085,3.97
2023-04-16,Z04,12800,2761687,3100745,4.32
2023-04-17,Z04,12800,2590730,2908798,3.95
2023-04-18,Z04,12800,2662486,2989364,3.47
2023-04-19,Z04,12800,2730877,3066152,3.89
2023-04-20,Z04,12800,2934171,3294405,2.76
2023-04-21,Z04,12800,2654483,2980378,3.85
2023-04-22,Z04,12800,2895903,3251438,3.97
2023-04-23,Z04,12800,2810695,3155769,3.68
2023-04-24,Z04,12800,2845953,3195356,4.18
2023-04-25,Z04,12800,2723989,3058418,3.74
2023-04-26,Z04,12800,2781273,3122735,3.67
2023-04-27,Z04,12800,2728035,3062961,4.52
2023-04-28,Z04,12800,2652022,2977615,3.12
2023-04-29,Z04,12800,2712477,3045492,4.3
2023-04-30,Z04,12800,3398505,3815746,4.26
2023-05-01,Z04,12800,3063947,3440113,4.02
2023-05-02,Z04,12800,2893309,3248526,3.4
2023-05-03,Z04,12800,2727399,3062247,3.77
2023-05-04,Z04,12800,2748571,3086018,3.2
2023-05-05,Z04,12800,2740326,3076760,3.32
2023-05-06,Z04,12800,3445807,3868855,3.67
2023-05-07,Z04,12800,3386428,3802186,3.16
2023-05-08,Z04,12800,2910424,3267742,3.48
2023-05-09,Z04,12800,3072941,3450211,3.05
2023-05-10,Z04,12800,3064001,3440174,3.93
2023-05-11,Z04,12800,2848471,3198183,4.42
2023-05-12,Z04,12800,3162399,3550653,4.7
2023-05-13,Z04,12800,3555301,3991792,3.08
2023-05-14,Z04,12800,3264846,3665677,3.17
2023-05-15,Z04,12800,3108294,3489905,3.58
2023-05-16,Z04,12800,3043836,3417534,4.01
2023-05-17,Z04,12800,2977169,3342681,3.55
2023-05-18,Z04,12800,3155908,3543365,4.14
2023-05-19,Z04,12800,3196690,3589153,3.92
2023-05-20,Z04,12800,3517287,3949111,2.77
2023-05-21,Z04,12800,3506145,3936601,3.68
2023-05-22,Z04,12800,3296495,3701212,3.04
2023-05-23,Z04,12800,2958492,3321712,3.37
2023-05-24,Z04,12800,3080134,3458287,3.45
2023-05-25,Z04,12800,3146940,3533295,4.03
2023-05-26,Z04,12800,3453135,3877083,3.64
2023-05-27,Z04,12800,3647444,4095247,3.42
2023-05-28,Z04,12800,3677682,4129198,4.7
2023-05-29,Z04,12800,3441866,3864430,3.21
2023-05-30,Z04,12800,3230013,3626567,3.8
2023-05-31,Z04,12800,3170279,3559500,3.99
2023-06-01,Z04,12800,3121446,3504672,3.74
2023-06-02,Z04,12800,3275157,3677254,3.21
2023-06-03,Z04,12800,3547144,3982634,3.18
2023-06-04,Z04,12800,3775590,4239126,3.97
2023-06-05,Z04,12800,3386133,3801855,4.18
2023-06-06,Z04,12800,3333722,3743009,3.63
2023-06-07,Z04,12800,3188839,3580338,3.0
2023-06-08,Z04,12800,3375906,3790372,3.66
2023-06-09,Z04,12800,3326511,3734913,4.41
2023-06-10,Z04,12800,3696777,4150637,3.15
2023-06-11,Z04,12800,4130226,4637301,3.5
2023-06-12,Z04,12800,3590104,4030867,3.68
2023-06-13,Z04,12800,3667696,4117986,4.2
2023-06-14,Z04,12800,3364783,3777884,3.39
2023-06-15,Z04,12800,3406155,3824335,3.9
2023-06-16,Z04,12800,3292454,3696674,4.35
2023-06-17,Z04,12800,4098515,4601697,2.91
2023-06-18,Z04,12800,3962651,4449153,3.0
2023-06-19,Z04,12800,3468688,3894545,3.61
2023-06-20,Z04,12800,3611798,4055225,4.15
2023-06-21,Z04,12800,3324525,3732683,3.82
2023-06-22,Z04,12800,3557265,3993997,4.19
2023-06-23,Z04,12800,3380468,3795495,2.8
2023-06-24,Z04,12800,3967329,4454405,3.83
2023-06-25,Z04,12800,4075048,4575349,2.23
2023-06-26,Z04,12800,3628797,4074311,4.32
2023-06-27,Z04,12800,3550799,3986737,4.25
2023-06-28,Z04,12800,3260086,3660333,3.49
2023-06-29,Z04,12800,3840940,4312499,2.5
2023-06-30,Z04,12800,3473108,3899507,3.55
2023-07-01,Z04,12800,3961327,4447667,4.21
2023-07-02,Z04,12800,4309847,4838975,3.86
2023-07-03,Z04,12800,3418531,3838230,4.58
2023-07-04,Z04,12800,3707899,4163125,3.51
2023-07-05,Z04,12800,3594943,4036300,4.67
2023-07-06,Z04,12800,3772661,4235837,2.64
2023-07-07,Z04,12800,3667064,4117276,3.28
2023-07-08,Z04,12800,4127156,4633855,3.01
2023-07-09,Z04,12800,3891967,4369790,4.02
2023-07-10,Z04,12800,3689826,4142832,3.05
2023-07-11,Z04,12800,3720017,4176730,4.16
2023-07-12,Z04,12800,3582126,4021910,4.0
2023-07-13,Z04,12800,3597218,4038855,3.74
2023-07-14,Z04,12800,3596699,4038272,3.6
2023-07-15,Z04,12800,3983010,4472012,3.13
2023-07-16,Z04,12800,3896522,4374905,3.95
2023-07-17,Z04,12800,3624328,4069293,3.4
2023-07-18,Z04,12800,3933106,4415980,4.04
2023-07-19,Z04,12800,3760339,4222002,4.4
2023-07-20,Z04,12800,3621196,4065777,3.5
2023-07-21,Z04,12800,3453522,3877517,4.31
2023-07-22,Z04,12800,4001294,4492540,3.75
2023-07-23,Z04,12800,3949689,4434599,3.95
2023-07-24,Z04,12800,3594576,4035889,2.99
2023-07-25,Z04,12800,3763872,4225969,3.31
2023-07-26,Z04,12800,3605173,4047787,3.3
2023-07-27,Z04,12800,3570732,4009117,4.32
2023-07-28,Z04,12800,3649846,4097944,3.48
2023-07-29,Z04,12800,3780226,4244331,3.97
2023-07-30,Z04,12800,4148520,4657841,3.61
2023-07-31,Z04,12800,3369825,3783544,3.47
2023-08-01,Z04,12800,3498615,3928146,2.91
2023-08-02,Z04,12800,3782304,4246665,2.7
2023-08-03,Z04,12800,3780352,4244473,3.48
2023-08-04,Z04,12800,3736773,4195543,3.51
2023-08-05,Z04,12800,3852070,4324996,3.21
2023-08-06,Z04,12800,4324222,4855115,3.72
2023-08-07,Z04,12800,3382763,3798071,4.63
2023-08-08,Z04,12800,3658603,4107777,4.4
2023-08-09,Z04,12800,3746647,4206629,3.64
2023-08-10,Z04,12800,3486599,3914655,3.66
2023-08-11,Z04,12800,3387536,3803430,3.95
2023-08-12,Z04,12800,3643490,4090808,3.75
2023-08-13,Z04,12800,3929906,4412387,3.95
2023-08-14,Z04,12800,3381976,3797188,3.77
2023-08-15,Z04,12800,3353891,3765654,3.68
2023-08-16,Z04,12800,3356266,3768321,3.3
2023-08-17,Z04,12800,3487541,3915712,3.8
2023-08-18,Z04,12800,3667461,4117722,2.49
2023-08-19,Z04,12800,3862832,4337079,3.76
2023-08-20,Z04,12800,3573920,4012697,2.59
2023-08-21,Z04,12800,3950541,4435556,3.76
2023-08-22,Z04,12800,3471865,3898112,3.13
2023-08-23,Z04,12800,3153564,3540733,4.26
2023-08-24,Z04,12800,3225444,3621438,3.67
2023-08-25,Z04,12800,3286844,3690376,3.62
2023-08-26,Z04,12800,3492859,3921684,3.83
2023-08-27,Z04,12800,3804572,4271667,3.19
2023-08-28,Z04,12800,3141980,3527727,4.18
2023-08-29,Z04,12800,3467539,3893255,3.97
2023-08-30,Z04,12800,3354802,3766677,3.35
2023-08-31,Z04,12800,3302500,3707953,3.09
2023-09-01,Z04,12800,3413871,3832998,3.41
2023-09-02,Z04,12800,3494878,3923950,3.55
2023-09-03,Z04,12800,3550024,3985867,3.06
2023-09-04,Z04,12800,3391013,3807334,3.37
2023-09-05,Z04,12800,3236839,3634231,3.3
2023-09-06,Z04,12800,3170030,3559221,3.5
2023-09-07,Z04,12800,3357190,3769358,3.5
2023-09-08,Z04,12800,3455500,3879737,3.84
2023-09-09,Z04,12800,3754447,4215387,3.62
2023-09-10,Z04,12800,3588313,4028857,3.8
2023-09-11,Z04,12800,3080459,3458652,3.72
2023-09-12,Z04,12800,3304499,3710198,3.5
2023-09-13,Z04,12800,3069101,3445900,3.94
2023-09-14,Z04,12800,3230177,3626751,2.23
2023-09-15,Z04,12800,3215010,3609723,3.42
2023-09-16,Z04,12800,3589324,4029992,3.31
2023-09-17,Z04,12800,3388925,3804990,3.66
2023-09-18,Z04,12800,3018344,3388911,3.28
2023-09-19,Z04,12800,3137237,3522401,3.87
2023-09-20,Z04,12800,3019216,3389890,3.96
2023-09-21,Z04,12800,3091953,3471558,2.91
2023-09-22,Z04,12800,3016868,3387254,3.71
2023-09-23,Z04,12800,3405101,3823151,2.96
2023-09-24,Z04,12800,3237161,3634593,3.84
2023-09-25,Z04,12800,3008960,3378376,3.37
2023-09-26,Z04,12800,2919108,3277492,3.2
2023-09-27,Z04,12800,3014903,3385048,2.74
2023-09-28,Z04,12800,2910170,3267456,3.55
2023-09-29,Z04,12800,2985372,3351891,3.02
2023-09-30,Z04,12800,3338152,3747983,2.86
2023-10-01,Z04,12800,3017285,3387723,3.69
2023-10-02,Z04,12800,2857005,3207764,4.08
2023-10-03,Z04,12800,2919284,3277690,3.8
2023-10-04,Z04,12800,2897914,3253696,2.88
2023-10-05,Z04,12800,2715352,3048720,3.53
2023-10-06,Z04,12800,2668832,2996489,3.94
2023-10-07,Z04,12800,2946731,3308507,3.53
2023-10-08,Z04,12800,2857919,3208791,3.76
2023-10-09,Z04,12800,2732679,3068174,3.38
2023-10-10,Z04,12800,2668257,2995843,3.41
2023-10-11,Z04,12800,2594690,2913244,3.27
2023-10-12,Z04,12800,2746500,3083693,3.91
2023-10-13,Z04,12800,2605384,2925252,3.94
2023-10-14,Z04,12800,3034974,3407583,3.32
2023-10-15,Z04,12800,2985707,3352268,3.98
2023-10-16,Z04,12800,2735069,3070858,2.89
2023-10-17,Z04,12800,2579110,2895752,3.51
2023-10-18,Z04,12800,2619468,2941065,2.92
2023-10-19,Z04,12800,2488664,2794201,3.03
2023-10-20,Z04,12800,2569247,2884678,2.92
2023-10-21,Z04,12800,2904975,3261624,3.27
2023-10-22,Z04,12800,3064159,3440351,3.91
2023-10-23,Z04,12800,2390207,2683657,3.56
2023-10-24,Z04,12800,2425380,2723149,3.31
2023-10-25,Z04,12800,2547578,2860349,3.51
2023-10-26,Z04,12800,2574784,2890894,2.57
2023-10-27,Z04,12800,2412692,2708903,3.89
2023-10-28,Z04,12800,2705882,3038088,2.48
2023-10-29,Z04,12800,2620098,2941772,3.25
2023-10-30,Z04,12800,2430115,2728464,3.56
2023-10-31,Z04,12800,2399141,2693688,3.82
2023-11-01,Z04,12800,2438861,2738284,3.72
2023-11-02,Z04,12800,2273403,2552513,3.58
2023-11-03,Z04,12800,2416797,2713512,4.33
2023-11-04,Z04,12800,2559150,2873342,4.61
2023-11-05,Z04,12800,2663479,2990479,3.6
2023-11-06,Z04,12800,2378698,2670735,3.55
2023-11-07,Z04,12800,2403778,2698894,3.52
2023-11-08,Z04,12800,2231437,2505394,3.29
2023-11-09,Z04,12800,2411056,2707066,3.79
2023-11-10,Z04,12800,2335477,2622208,4.24
2023-11-11,Z04,12800,2670383,2998230,2.35
2023-11-12,Z04,12800,2617426,2938772,3.52
2023-11-13,Z04,12800,2134615,2396686,4.34
2023-11-14,Z04,12800,2171507,2438107,3.8
2023-11-15,Z04,12800,2233206,2507381,3.81
2023-11-16,Z04,12800,2288479,2569439,2.8
2023-11-17,Z04,12800,2206844,2477782,3.95
2023-11-18,Z04,12800,2361919,2651896,4.1
2023-11-19,Z04,12800,2276524,2556017,3.7
2023-11-20,Z04,12800,2292576,2574040,3.27
2023-11-21,Z04,12800,2052902,2304940,3.82
2023-11-22,Z04,12800,2216937,2489115,3.08
2023-11-23,Z04,12800,2137873,2400343,3.01
2023-11-24,Z04,12800,2068245,2322167,4.0
2023-11-25,Z04,12800,2444807,2744960,4.15
2023-11-26,Z04,12800,2332314,2618656,3.23
2023-11-27,Z04,12800,2172805,2439564,3.02
2023-11-28,Z04,12800,2038106,2288328,3.16
2023-11-29,Z04,12800,2033249,2282874,3.7
2023-11-30,Z04,12800,2149027,2412866,3.02
2023-12-01,Z04,12800,2070930,2325182,4.24
2023-12-02,Z04,12800,2279882,2559788,3.37
2023-12-03,Z04,12800,2171064,2437610,3.78
2023-12-04,Z04,12800,2079979,2335341,3.23
2023-12-05,Z04,12800,2104406,2362768,3.89
2023-12-06,Z04,12800,2016493,2264061,3.93
2023-12-07,Z04,12800,1940325,2178542,2.76
2023-12-08,Z04,12800,2002515,2248368,3.26
2023-12-09,Z04,12800,2039226,2289585,3.52
2023-12-10,Z04,12800,2056526,2309009,3.34
2023-12-11,Z04,12800,2020583,2268654,4.04
2023-12-12,Z04,12800,1882427,2113536,3.3
2023-12-13,Z04,12800,1869660,2099201,3.96
2023-12-14,Z04,12800,1913544,2148473,3.84
2023-12-15,Z04,12800,1971711,2213782,3.55
2023-12-16,Z04,12800,2093417,2350430,3.98
2023-12-17,Z04,12800,2036923,2286999,2.83
2023-12-18,Z04,12800,1787797,2007288,3.57
2023-12-19,Z04,12800,1964764,2205982,3.21
2023-12-20,Z04,12800,1914925,2150024,3.55
2023-12-21,Z04,12800,1995569,2240569,3.37
2023-12-22,Z04,12800,1806167,2027913,3.63
2023-12-23,Z04,12800,2010064,2256844,3.6
2023-12-24,Z04,12800,1921067,2156920,3.67
2023-12-25,Z04,12800,1895819,2128572,3.69
2023-12-26,Z04,12800,1964380,2205551,3.89
2023-12-27,Z04,12800,1828082,2052519,2.97
2023-12-28,Z04,12800,1777820,1996086,3.85
2023-12-29,Z04,12800,1764227,1980824,2.84
2023-12-30,Z04,12800,1968728,2210432,2.2
2023-12-31,Z04,12800,2011238,2258161,4.59
2024-01-01,Z04,12800,1861152,2089649,3.13
2024-01-02,Z04,12800,1856185,2084072,3.38
2024-01-03,Z04,12800,1790516,2010341,2.67
2024-01-04,Z04,12800,1841605,2067702,3.37
2024-01-05,Z04,12800,1943841,2182490,3.7
2024-01-06,Z04,12800,2097039,2354496,3.72
2024-01-07,Z04,12800,2086756,2342951,3.0
2024-01-08,Z04,12800,1928897,2165711,3.38
2024-01-09,Z04,12800,1819803,2043224,3.78
2024-01-10,Z04,12800,1874743,2104908,3.72
2024-01-11,Z04,12800,1864328,2093215,3.66
2024-01-12,Z04,12800,1846980,2073737,3.98
2024-01-13,Z04,12800,2122886,2383516,3.55
2024-01-14,Z04,12800,2001909,2247687,4.3
2024-01-15,Z04,12800,1747475,1962015,3.45
2024-01-16,Z04,12800,1775552,1993539,3.95
2024-01-17,Z04,12800,1967186,2208701,3.97
2024-01-18,Z04,12800,1880506,2111379,2.78
2024-01-19,Z04,12800,1817813,2040989,3.82
2024-01-20,Z04,12800,1969794,2211629,3.28
2024-01-21,Z04,12800,2007833,2254338,3.1
2024-01-22,Z04,12800,1834936,2060215,3.39
2024-01-23,Z04,12800,1778150,1996457,3.68
2024-01-24,Z04,12800,1868376,2097760,2.82
2024-01-25,Z04,12800,1753176,1968417,3.61
2024-01-26,Z04,12800,1940527,2178769,3.49
2024-01-27,Z04,12800,1976019,2218618,4.12
2024-01-28,Z04,12800,2096160,2353510,3.28
2024-01-29,Z04,12800,1892603,2124961,4.19
2024-01-30,Z04,12800,1783029,2001934,3.79
2024-01-31,Z04,12800,1832565,2057553,3.58
2024-02-01,Z04,12800,1825870,2050035,4.24
2024-02-02,Z04,12800,1869655,2099196,4.56
2024-02-03,Z04,12800,1937108,2174930,3.49
2024-02-04,Z04,12800,1949248,2188560,3.23
2024-02-05,Z04,12800,1750273,1965158,3.81
2024-02-06,Z04,12800,1896797,2129670,2.89
2024-02-07,Z04,12800,1844604,2071070,2.95
2024-02-08,Z04,12800,1850592,2077792,4.25
2024-02-09,Z04,12800,1988172,2232264,3.89
2024-02-10,Z04,12800,2043499,2294383,3.17
2024-02-11,Z04,12800,2189149,2457915,5.17
2024-02-12,Z04,12800,1833345,2058429,2.91
2024-02-13,Z04,12800,1848316,2075237,3.91
2024-02-14,Z04,12800,1934213,2171680,3.2
2024-02-15,Z04,12800,1858459,2086626,4.49
2024-02-16,Z04,12800,1946422,2185388,3.33
2024-02-17,Z04,12800,1998552,2243918,3.46
2024-02-18,Z04,12800,2114063,2373610,2.7
2024-02-19,Z04,12800,2043878,2294809,4.64
2024-02-20,Z04,12800,1966567,2208006,3.29
2024-02-21,Z04,12800,2013506,2260707,3.84
2024-02-22,Z04,12800,2042343,2293085,3.6
2024-02-23,Z04,12800,1961779,2202630,3.32
2024-02-24,Z04,12800,2209982,2481305,2.49
2024-02-25,Z04,12800,2123211,2383881,3.49
2024-02-26,Z04,12800,2065164,2318708,3.46
2024-02-27,Z04,12800,2070651,2324868,3.76
2024-02-28,Z04,12800,2109368,2368338,4.67
2024-02-29,Z04,12800,1971142,2213143,3.92
2024-03-01,Z04,12800,1998415,2243764,4.03
2024-03-02,Z04,12800,2207651,2478688,3.45
2024-03-03,Z04,12800,2373185,2664546,2.94
2024-03-04,Z04,12800,2175616,2442720,3.46
2024-03-05,Z04,12800,2067723,2321581,3.23
2024-03-06,Z04,12800,2177079,2444363,3.57
2024-03-07,Z04,12800,2081065,2336561,3.35
2024-03-08,Z04,12800,2128328,2389626,2.76
2024-03-09,Z04,12800,2406687,2702160,4.23
2024-03-10,Z04,12800,2422017,2719372,3.53
2024-03-11,Z04,12800,2314962,2599174,3.43
2024-03-12,Z04,12800,2150559,2414587,3.05
2024-03-13,Z04,12800,2286505,2567223,3.36
2024-03-14,Z04,12800,2189936,2458799,3.17
2024-03-15,Z04,12800,2152452,2416712,3.0
2024-03-16,Z04,12800,2381490,2673870,3.68
2024-03-17,Z04,12800,2434227,2733081,3.37
2024-03-18,Z04,12800,2284570,2565051,3.97
2024-03-19,Z04,12800,2119042,2379200,3.42
2024-03-20,Z04,12800,2236283,2510836,3.66
2024-03-21,Z04,12800,2275660,2555046,3.64
2024-03-22,Z04,12800,2451622,2752612,3.79
2024-03-23,Z04,12800,2557600,2871601,3.18
2024-03-24,Z04,12800,2490437,2796192,4.05
2024-03-25,Z04,12800,2435100,2734062,3.01
2024-03-26,Z04,12800,2394343,2688301,3.62
2024-03-27,Z04,12800,2293238,2574783,3.0
2024-03-28,Z04,12800,2296302,2578223,3.54
2024-03-29,Z04,12800,2455646,2757130,4.05
2024-03-30,Z04,12800,2600510,2919779,3.88
2024-03-31,Z04,12800,2563287,2877987,4.13
2024-04-01,Z04,12800,2645629,2970438,3.45
2024-04-02,Z04,12800,2403315,2698375,4.05
2024-04-03,Z04,12800,2423010,2720488,3.25
2024-04-04,Z04,12800,2370954,2662040,3.37
2024-04-05,Z04,12800,2506924,2814704,3.67
2024-04-06,Z04,12800,2662996,2989937,4.03
2024-04-07,Z04,12800,2785147,3127085,3.33
2024-04-08,Z04,12800,2471568,2775007,3.95
2024-04-09,Z04,12800,2644168,2968797,3.72
2024-04-10,Z04,12800,2432399,2731029,3.77
2024-04-11,Z04,12800,2759250,3098008,3.17
2024-04-12,Z04,12800,2457690,2759425,3.41
2024-04-13,Z04,12800,2863886,3215490,3.55
2024-04-14,Z04,12800,3076076,3453731,3.77
2024-04-15,Z04,12800,2690671,3021009,3.2
2024-04-16,Z04,12800,2782269,3123854,2.95
2024-04-17,Z04,12800,2873845,3226672,2.53
2024-04-18,Z04,12800,2866534,3218464,3.97
2024-04-19,Z04,12800,2623217,2945274,4.07
2024-04-20,Z04,12800,2903406,3259863,2.6
2024-04-21,Z04,12800,3043913,3417619,3.64
2024-04-22,Z04,12800,2882866,3236801,3.41
2024-04-23,Z04,12800,2828695,3175979,4.21
2024-04-24,Z04,12800,2848578,3198303,3.49
2024-04-25,Z04,12800,2761366,3100383,3.87
2024-04-26,Z04,12800,2801984,3145988,3.39
2024-04-27,Z04,12800,3348935,3760090,3.26
2024-04-28,Z04,12800,2962856,3326611,3.98
2024-04-29,Z04,12800,2864141,3215776,4.14
2024-04-30,Z04,12800,2706513,3038796,2.97
2024-05-01,Z04,12800,2652810,2978500,4.17
2024-05-02,Z04,12800,3044462,3418236,3.11
2024-05-03,Z04,12800,3011044,3380715,2.43
2024-05-04,Z04,12800,3339106,3749054,3.61
2024-05-05,Z04,12800,3428106,3848981,3.85
2024-05-06,Z04,12800,2823359,3169988,2.84
2024-05-07,Z04,12800,2762079,3101184,2.61
2024-05-08,Z04,12800,2911980,3269489,3.35
2024-05-09,Z04,12800,2822559,3169089,3.29
2024-05-10,Z04,12800,3108962,3490654,4.28
2024-05-11,Z04,12800,3460964,3885873,3.61
2024-05-12,Z04,12800,3312907,3719639,3.97
2024-05-13,Z04,12800,3309440,3715746,3.7
2024-05-14,Z04,12800,3209680,3603738,4.38
2024-05-15,Z04,12800,3101594,3482382,3.15
2024-05-16,Z04,12800,3087315,3466351,3.56
2024-05-17,Z04,12800,3171080,3560400,2.82
2024-05-18,Z04,12800,3465411,3890866,4.01
2024-05-19,Z04,12800,3154784,3542103,4.16
2024-05-20,Z04,12800,3159077,3546922,4.04
2024-05-21,Z04,12800,3287934,3691600,3.54
2024-05-22,Z04,12800,3521073,3953362,2.86
2024-05-23,Z04,12800,3363215,3776123,3.56
2024-05-24,Z04,12800,3257240,3657137,3.26
2024-05-25,Z04,12800,3531803,3965409,4.06
2024-05-26,Z04,12800,3484569,3912376,3.39
2024-05-27,Z04,12800,3396727,3813749,3.38
2024-05-28,Z04,12800,3452737,3876636,4.69
2024-05-29,Z04,12800,3298780,3703777,4.0
2024-05-30,Z04,12800,3507182,3937765,4.14
2024-05-31,Z04,12800,3404630,3822622,3.34
2024-06-01,Z04,12800,3589702,4030416,3.05
2024-06-02,Z04,12800,3826584,4296381,4.13
2024-06-03,Z04,12800,3466446,3892027,4.35
2024-06-04,Z04,12800,3530951,3964452,2.96
2024-06-05,Z04,12800,3530140,3963542,3.34
2024-06-06,Z04,12800,3548948,3984658,3.14
2024-06-07,Z04,12800,3426919,3847648,3.84
2024-06-08,Z04,12800,3803166,4270088,4.14
2024-06-09,Z04,12800,3692856,4146234,3.42
2024-06-10,Z04,12800,3458785,3883426,3.41
2024-06-11,Z04,12800,3722271,4179261,2.62
2024-06-12,Z04,12800,3728650,4186423,3.12
2024-06-13,Z04,12800,3518477,3950447,4.35
2024-06-14,Z04,12800,3643392,4090698,3.85
2024-06-15,Z04,12800,3929861,4412337,4.06
2024-06-16,Z04,12800,3901363,4380340,3.42
2024-06-17,Z04,12800,3669719,4120257,3.46
2024-06-18,Z04,12800,3515252,3946826,3.61
2024-06-19,Z04,12800,3755635,4216721,3.76
2024-06-20,Z04,12800,3665966,4116043,4.29
2024-06-21,Z04,12800,3797063,4263235,3.26
2024-06-22,Z04,12800,3752303,4212980,3.53
2024-06-23,Z04,12800,3784170,4248759,3.2
2024-06-24,Z04,12800,3649705,4097785,2.62
2024-06-25,Z04,12800,3766651,4229089,4.06
2024-06-26,Z04,12800,3907407,4387126,4.47
2024-06-27,Z04,12800,3502642,3932668,3.98
2024-06-28,Z04,12800,3453308,3877276,3.72
2024-06-29,Z04,12800,4025566,4519792,4.53
2024-06-30,Z04,12800,3946466,4430981,3.83
2024-07-01,Z04,12800,3491105,3919715,4.0
2024-07-02,Z04,12800,3654011,4102620,3.67
2024-07-03,Z04,12800,3813251,4281410,3.75
2024-07-04,Z04,12800,3658161,4107280,3.53
2024-07-05,Z04,12800,3575809,4014817,4.02
2024-07-06,Z04,12800,3899391,4378126,3.05
2024-07-07,Z04,12800,3998898,4489850,3.81
2024-07-08,Z04,12800,3816053,4284557,3.17
2024-07-09,Z04,12800,3804309,4271370,3.85
2024-07-10,Z04,12800,3329589,3738368,4.8
2024-07-11,Z04,12800,3800932,4267579,3.95
2024-07-12,Z04,12800,3640110,4087013,4.19
2024-07-13,Z04,12800,4107595,4611892,4.05
2024-07-14,Z04,12800,4136302,4644124,2.44
2024-07-15,Z04,12800,3586835,4027197,3.53
2024-07-16,Z04,12800,3869701,4344791,3.82
2024-07-17,Z04,12800,3666446,4116583,2.56
2024-07-18,Z04,12800,3612076,4055537,3.46
2024-07-19,Z04,12800,3732030,4190218,3.56
2024-07-20,Z04,12800,4060341,4558836,2.98
2024-07-21,Z04,12800,4044451,4540995,3.12
2024-07-22,Z04,12800,3556175,3992774,4.27
2024-07-23,Z04,12800,3406286,3824482,1.81
2024-07-24,Z04,12800,3593608,4034802,3.74
2024-07-25,Z04,12800,3788876,4254043,4.18
2024-07-26,Z04,12800,3569834,4008109,3.59
2024-07-27,Z04,12800,4115463,5132263,4.3
2024-07-28,Z04,12800,3920076,4888601,3.39
2024-07-29,Z04,12800,3820960,4764997,3.15
2024-07-30,Z04,12800,3747763,4673715,3.6
2024-07-31,Z04,12800,3866515,4821808,3.41
2024-08-01,Z04,12800,3563023,4443332,3.31
2024-08-02,Z04,12800,3555083,4433431,3.51
2024-08-03,Z04,12800,4020020,5013238,3.2
2024-08-04,Z04,12800,4250087,5300148,3.18
2024-08-05,Z04,12800,3419747,4264656,3.04
2024-08-06,Z04,12800,3619737,4514058,3.81
2024-08-07,Z04,12800,3484470,4345371,3.1
2024-08-08,Z04,12800,3703889,4619001,2.98
2024-08-09,Z04,12800,3589216,4475997,3.06
2024-08-10,Z04,12800,4304390,5367867,3.7
2024-08-11,Z04,12800,3946253,4921246,3.93
2024-08-12,Z04,12800,3653413,4556055,3.98
2024-08-13,Z04,12800,3539931,3974534,3.71
2024-08-14,Z04,12800,3590101,4030864,3.87
2024-08-15,Z04,12800,3580495,4020079,3.57
2024-08-16,Z04,12800,3643226,4090511,3.83
2024-08-17,Z04,12800,3806072,4273350,3.82
2024-08-18,Z04,12800,3894680,4372837,3.24
2024-08-19,Z04,12800,3481080,3908458,3.06
2024-08-20,Z04,12800,3608445,4051460,4.28
2024-08-21,Z04,12800,3492484,3921262,3.66
2024-08-22,Z04,12800,3420462,3840398,4.13
2024-08-23,Z04,12800,3475475,3902165,3.05
2024-08-24,Z04,12800,3989959,4479813,3.4
2024-08-25,Z04,12800,3859723,4333588,2.91
2024-08-26,Z04,12800,3510324,3941293,3.92
2024-08-27,Z04,12800,3478161,3905181,3.29
2024-08-28,Z04,12800,3468606,3894453,3.32
2024-08-29,Z04,12800,3391877,3808304,4.58
2024-08-30,Z04,12800,3311982,3718600,3.93
2024-08-31,Z04,12800,3696497,4150322,3.93
2024-09-01,Z04,12800,3783793,4248336,3.0
2024-09-02,Z04,12800,3382910,3798236,2.67
2024-09-03,Z04,12800,3414338,3833522,4.09
2024-09-04,Z04,12800,3259416,3659581,2.48
2024-09-05,Z04,12800,3149436,3536098,3.35
2024-09-06,Z04,12800,3503669,3933821,3.19
2024-09-07,Z04,12800,3549577,3985365,3.14
2024-09-08,Z04,12800,3573578,4012312,3.38
2024-09-09,Z04,12800,3235132,3632315,3.07
2024-09-10,Z04,12800,3012820,3382709,2.99
2024-09-11,Z04,12800,3095791,3475867,3.73
2024-09-12,Z04,12800,3226991,3623174,4.13
2024-09-13,Z04,12800,3106328,3487698,2.73
2024-09-14,Z04,12800,3621688,4066329,3.7
2024-09-15,Z04,12800,3726568,4184085,3.87
2024-09-16,Z04,12800,3322392,3730289,3.82
2024-09-17,Z04,12800,3063913,3440076,3.49
2024-09-18,Z04,12800,3228408,3624766,3.3
2024-09-19,Z04,12800,3183931,3574827,3.98
2024-09-20,Z04,12800,3380253,3795252,3.77
2024-09-21,Z04,12800,3310265,3716673,2.65
2024-09-22,Z04,12800,3388372,3804368,3.49
2024-09-23,Z04,12800,3137201,3522361,3.63
2024-09-24,Z04,12800,2927586,3287012,3.05
2024-09-25,Z04,12800,2839235,3187813,3.48
2024-09-26,Z04,12800,2713177,3046279,3.85
2024-09-27,Z04,12800,3130280,3514590,3.19
2024-09-28,Z04,12800,3085980,3464852,3.72
2024-09-29,Z04,12800,3019976,3390744,3.11
2024-09-30,Z04,12800,2929204,3288828,2.98
2024-10-01,Z04,12800,2801474,3145416,3.91
2024-10-02,Z04,12800,2642121,2966499,4.19
2024-10-03,Z04,12800,2642422,2966837,3.01
2024-10-04,Z04,12800,2931125,3290984,4.08
2024-10-05,Z04,12800,3005932,3374975,3.59
2024-10-06,Z04,12800,3196485,3588923,2.49
2024-10-07,Z04,12800,2729554,3064666,2.88
2024-10-08,Z04,12800,2860813,3212040,3.9
2024-10-09,Z04,12800,2756943,3095417,2.79
2024-10-10,Z04,12800,2764080,3103431,3.29
2024-10-11,Z04,12800,2696466,3027516,3.56
2024-10-12,Z04,12800,2896701,3252334,3.82
2024-10-13,Z04,12800,2792752,3135623,3.69
2024-10-14,Z04,12800,2909216,3266386,4.38
2024-10-15,Z04,12800,2695819,3026789,3.19
2024-10-16,Z04,12800,2435127,2734091,3.65
2024-10-17,Z04,12800,2703974,3035946,3.83
2024-10-18,Z04,12800,2643773,2968353,3.96
2024-10-19,Z04,12800,2967077,3331350,4.13
2024-10-20,Z04,12800,2817294,3163179,3.38
2024-10-21,Z04,12800,2642140,2966521,3.93
2024-10-22,Z04,12800,2473254,2776900,3.14
2024-10-23,Z04,12800,2619384,2940971,3.56
2024-10-24,Z04,12800,2698971,3030329,3.85
2024-10-25,Z04,12800,2365562,2655987,4.09
2024-10-26,Z04,12800,2759521,3098312,3.89
2024-10-27,Z04,12800,2637924,2961787,3.65
2024-10-28,Z04,12800,2355798,2645024,3.56
2024-10-29,Z04,12800,2370891,2661970,3.87
2024-10-30,Z04,12800,2446826,2747227,4.69
2024-10-31,Z04,12800,2737775,3073896,4.03
2024-11-01,Z04,12800,2349383,2637821,3.79
2024-11-02,Z04,12800,2828137,3175353,2.92
2024-11-03,Z04,12800,2601015,2920346,3.18
2024-11-04,Z04,12800,2419835,2716922,3.44
2024-11-05,Z04,12800,2568522,2883864,4.06
2024-11-06,Z04,12800,2516469,2825420,3.13
2024-11-07,Z04,12800,2273206,2552292,3.92
2024-11-08,Z04,12800,2416724,2713429,3.66
2024-11-09,Z04,12800,2445296,2745510,3.78
2024-11-10,Z04,12800,2441350,2741079,3.49
2024-11-11,Z04,12800,2273815,2552975,3.3
2024-11-12,Z04,12800,2260122,2537601,3.11
2024-11-13,Z04,12800,2374314,2665813,3.91
2024-11-14,Z04,12800,2296472,2578414,3.56
2024-11-15,Z04,12800,2256009,2532983,3.06
2024-11-16,Z04,12800,2530434,2841100,3.71
2024-11-17,Z04,12800,2468914,2772027,5.31
2024-11-18,Z04,12800,2291454,2572780,3.5
2024-11-19,Z04,12800,2112975,2372389,4.43
2024-11-20,Z04,12800,2155798,2420469,2.31
2024-11-21,Z04,12800,2205975,2476806,3.46
2024-11-22,Z04,12800,2100430,2358304,4.08
2024-11-23,Z04,12800,2312453,2596357,3.61
2024-11-24,Z04,12800,2379991,2672187,3.28
2024-11-25,Z04,12800,2176207,2443384,3.59
2024-11-26,Z04,12800,2105255,2363721,4.09
2024-11-27,Z04,12800,2221076,2493761,4.67
2024-11-28,Z04,12800,2023943,2272427,4.13
2024-11-29,Z04,12800,2040616,2291146,3.35
2024-11-30,Z04,12800,2174430,2441388,3.48
2024-12-01,Z04,12800,2252228,2528738,3.49
2024-12-02,Z04,12800,2085536,2341581,3.17
2024-12-03,Z04,12800,2116542,2376394,3.52
2024-12-04,Z04,12800,1917193,2152570,3.46
2024-12-05,Z04,12800,2084502,2340420,3.0
2024-12-06,Z04,12800,2152029,2416238,4.02
2024-12-07,Z04,12800,2222455,2495310,3.81
2024-12-08,Z04,12800,2070068,2324214,3.28
2024-12-09,Z04,12800,1913868,2148837,3.67
2024-12-10,Z04,12800,1915800,2151006,3.12
2024-12-11,Z04,12800,1958186,2198596,3.32
2024-12-12,Z04,12800,1913003,2147866,3.94
2024-12-13,Z04,12800,1889474,2121448,3.84
2024-12-14,Z04,12800,2301653,2584232,3.34
2024-12-15,Z04,12800,2163150,2428723,3.76
2024-12-16,Z04,12800,1841123,2067161,3.56
2024-12-17,Z04,12800,1884272,2115608,3.1
2024-12-18,Z04,12800,2010458,2257286,3.52
2024-12-19,Z04,12800,1802528,2023828,3.82
2024-12-20,Z04,12800,1977046,2219772,3.75
2024-12-21,Z04,12800,2060263,2313205,2.75
2024-12-22,Z04,12800,2193589,2462900,3.68
2024-12-23,Z04,12800,1919396,2155044,3.61
2024-12-24,Z04,12800,1771381,1988857,2.65
2024-12-25,Z04,12800,1869512,2099035,3.2
2024-12-26,Z04,12800,1960856,2201594,3.85
2024-12-27,Z04,12800,1865586,2094628,4.29
2024-12-28,Z04,12800,2231130,2505050,2.78
2024-12-29,Z04,12800,2087700,2344011,4.09
2024-12-30,Z04,12800,1918713,2154276,2.66
2024-12-31,Z04,12800,1761863,1978170,4.3
2025-01-01,Z04,12800,1917220,2152600,3.48
2025-01-02,Z04,12800,1832262,2057212,3.24
2025-01-03,Z04,12800,1834817,2060081,3.78
2025-01-04,Z04,12800,2288006,2568908,3.12
2025-01-05,Z04,12800,2095087,2352304,3.86
2025-01-06,Z04,12800,1816828,2039884,3.54
2025-01-07,Z04,12800,1874881,2105063,1.69
2025-01-08,Z04,12800,1889499,2121476,3.19
2025-01-09,Z04,12800,1800944,2022049,3.7
2025-01-10,Z04,12800,1852353,2079769,4.13
2025-01-11,Z04,12800,2073864,2328475,3.77
2025-01-12,Z04,12800,2115751,2375505,4.13
2025-01-13,Z04,12800,1811055,2033401,3.15
2025-01-14,Z04,12800,1892686,2125055,3.96
2025-01-15,Z04,12800,1896934,2129824,3.97
2025-01-16,Z04,12800,1678184,1884217,2.78
2025-01-17,Z04,12800,1838701,2064442,4.15
2025-01-18,Z04,12800,2144143,2407384,3.76
2025-01-19,Z04,12800,2000586,2246202,3.46
2025-01-20,Z04,12800,1785089,2004248,3.45
2025-01-21,Z04,12800,1731377,1943941,3.08
2025-01-22,Z04,12800,1878232,2108826,3.92
2025-01-23,Z04,12800,1778696,1997070,3.75
2025-01-24,Z04,12800,1853392,2080936,3.89
2025-01-25,Z04,12800,2019517,2267457,3.64
2025-01-26,Z04,12800,2051324,2303169,3.7
2025-01-27,Z04,12800,1879466,2110211,3.45
2025-01-28,Z04,12800,1931880,2169061,4.14
2025-01-29,Z04,12800,1952699,2192435,3.9
2025-01-30,Z04,12800,1875491,2105748,3.69
2025-01-31,Z04,12800,1832358,2057320,3.53
2025-02-01,Z04,12800,2197786,2467613,2.72
2025-02-02,Z04,12800,2099406,2357154,2.61
2025-02-03,Z04,12800,1981056,2224274,3.42
2025-02-04,Z04,12800,1881377,2112357,4.23
2025-02-05,Z04,12800,1808398,2030419,3.25
2025-02-06,Z04,12800,1829819,2054469,3.27
2025-02-07,Z04,12800,1806951,2028794,3.11
2025-02-08,Z04,12800,2323286,2608520,2.95
2025-02-09,Z04,12800,2144162,2407404,3.14
2025-02-10,Z04,12800,1799265,2020164,3.74
2025-02-11,Z04,12800,1942330,2180794,3.35
2025-02-12,Z04,12800,1709921,1919851,3.33
2025-02-13,Z04,12800,1859983,2088337,3.29
2025-02-14,Z04,12800,2021887,2270117,3.72
2025-02-15,Z04,12800,2106001,2364558,3.8
2025-02-16,Z04,12800,2089726,2459798,2.67
2025-02-17,Z04,12800,1861608,2191282,3.22
2025-02-18,Z04,12800,1912057,2250665,3.56
2025-02-19,Z04,12800,1878628,2211316,3.82
2025-02-20,Z04,12800,1993240,2346225,3.66
2025-02-21,Z04,12800,2109364,2482913,4.01
2025-02-22,Z04,12800,2069303,2435758,2.89
2025-02-23,Z04,12800,2119174,2494461,3.81
2025-02-24,Z04,12800,1972891,2322272,4.63
2025-02-25,Z04,12800,2026277,2385112,3.62
2025-02-26,Z04,12800,2017874,2265612,3.64
2025-02-27,Z04,12800,2011824,2258820,3.86
2025-02-28,Z04,12800,1976825,2219523,3.33
2025-03-01,Z04,12800,2141153,2404026,3.13
2025-03-02,Z04,12800,2272508,2551507,3.63
2025-03-03,Z04,12800,2030720,2280035,2.77
2025-03-04,Z04,12800,2118275,2378340,3.8
2025-03-05,Z04,12800,2103994,2362305,3.88
2025-03-06,Z04,12800,2359421,2649091,2.8
2025-03-07,Z04,12800,2043248,2294101,3.68
2025-03-08,Z04,12800,2473865,2777585,3.49
2025-03-09,Z04,12800,2448893,2749548,4.34
2025-03-10,Z04,12800,2169182,2435496,4.25
2025-03-11,Z04,12800,2116571,2376427,4.02
2025-03-12,Z04,12800,2298030,2580164,4.21
2025-03-13,Z04,12800,2137591,2400027,3.42
2025-03-14,Z04,12800,2368725,2659538,3.73
2025-03-15,Z04,12800,2412415,2708592,3.47
2025-03-16,Z04,12800,2355667,2644876,3.1
2025-03-17,Z04,12800,2357289,2646697,3.64
2025-03-18,Z04,12800,2226507,2499859,3.56
2025-03-19,Z04,12800,2312338,2596228,3.5
2025-03-20,Z04,12800,2342184,2629738,3.57
2025-03-21,Z04,12800,2254801,2531627,3.63
2025-03-22,Z04,12800,2521237,2830773,4.04
2025-03-23,Z04,12800,2687872,3017867,3.31
2025-03-24,Z04,12800,2237439,2512133,2.96
2025-03-25,Z04,12800,2445019,2745198,3.94
2025-03-26,Z04,12800,2378652,2670684,4.03
2025-03-27,Z04,12800,2471749,2775210,3.78
2025-03-28,Z04,12800,2526456,2836634,3.03
2025-03-29,Z04,12800,2625195,2947495,3.53
2025-03-30,Z04,12800,2741482,3078059,3.74
2025-03-31,Z04,12800,2579825,2896554,3.07
2025-04-01,Z04,12800,2517213,2826256,3.22
2025-04-02,Z04,12800,2264357,2542356,3.53
2025-04-03,Z04,12800,2420072,2717188,4.19
2025-04-04,Z04,12800,2507176,2814987,3.71
2025-04-05,Z04,12800,2909492,3266696,3.31
2025-04-06,Z04,12800,3001190,3369652,3.5
2025-04-07,Z04,12800,2668535,2996155,3.27
2025-04-08,Z04,12800,2623763,2945887,3.39
2025-04-09,Z04,12800,2466412,2769218,3.96
2025-04-10,Z04,12800,2635920,2959537,2.64
2025-04-11,Z04,12800,2784950,3126863,4.26
2025-04-12,Z04,12800,2985857,3352436,4.69
2025-04-13,Z04,12800,2926490,3285781,3.68
2025-04-14,Z04,12800,2658254,2984612,3.18
2025-04-15,Z04,12800,2791713,3134457,4.18
2025-04-16,Z04,12800,2602390,2921890,3.74
2025-04-17,Z04,12800,2733458,3069049,3.34
2025-04-18,Z04,12800,2754835,3093051,3.11
2025-04-19,Z04,12800,3116959,3499634,3.4
2025-04-20,Z04,12800,3186157,3577327,3.7
2025-04-21,Z04,12800,2867705,3219778,4.05
2025-04-22,Z04,12800,2965090,3329119,3.74
2025-04-23,Z04,12800,2925291,3284434,3.83
2025-04-24,Z04,12800,2974741,3339955,3.43
2025-04-25,Z04,12800,2819752,3165938,4.03
2025-04-26,Z04,12800,3122389,3505730,3.5
2025-04-27,Z04,12800,3098326,3478713,4.52
2025-04-28,Z04,12800,2948389,3310368,3.27
2025-04-29,Z04,12800,2921726,3280432,3.8
2025-04-30,Z04,12800,2914380,3272183,4.69
2025-05-01,Z04,12800,3157684,3545359,4.12
2025-05-02,Z04,12800,2770122,3110215,3.97
2025-05-03,Z04,12800,3498639,3928173,3.75
2025-05-04,Z04,12800,3371484,3785407,3.63
2025-05-05,Z04,12800,3077470,3455297,3.51
2025-05-06,Z04,12800,3005261,3374223,3.32
2025-05-07,Z04,12800,3170821,3560109,2.83
2025-05-08,Z04,12800,3112153,3494238,3.92
2025-05-09,Z04,12800,2906584,3263430,2.83
2025-05-10,Z04,12800,3502228,3932203,3.93
2025-05-11,Z04,12800,3635231,4081535,3.45
2025-05-12,Z04,12800,3236505,3956773,3.12
2025-05-13,Z04,12800,3247752,3970523,4.3
2025-05-14,Z04,12800,3130946,3827722,2.88
2025-05-15,Z04,12800,3178893,3886340,3.27
2025-05-16,Z04,12800,3132319,3829401,3.31
2025-05-17,Z04,12800,3549594,4339538,3.67
2025-05-18,Z04,12800,3714136,4540698,3.29
2025-05-19,Z04,12800,3122926,3506333,4.33
2025-05-20,Z04,12800,3019528,3390241,2.91
2025-05-21,Z04,12800,3250347,3649398,5.64
2025-05-22,Z04,12800,3312065,3718694,3.07
2025-05-23,Z04,12800,3413935,3833070,5.08
2025-05-24,Z04,12800,3442478,3865117,4.15
2025-05-25,Z04,12800,3623457,4068315,3.54
2025-05-26,Z04,12800,3469713,3895696,3.71
2025-05-27,Z04,12800,3407267,3825584,3.41
2025-05-28,Z04,12800,3346180,3756996,3.77
2025-05-29,Z04,12800,3320313,3727953,3.23
2025-05-30,Z04,12800,3584594,4024681,3.95
2025-05-31,Z04,12800,3861929,4336065,3.69
2025-06-01,Z04,12800,3840422,4311918,3.11
2025-06-02,Z04,12800,3482547,3910106,3.81
2025-06-03,Z04,12800,3773747,4237057,3.78
2025-06-04,Z04,12800,3640374,4087309,3.24
2025-06-05,Z04,12800,3417860,3837477,3.39
2025-06-06,Z04,12800,3536378,3970545,3.86
2025-06-07,Z04,12800,3822387,4291668,4.15
2025-06-08,Z04,12800,3853916,4327068,3.53
2025-06-09,Z04,12800,3469204,3895124,4.07
2025-06-10,Z04,12800,3571791,4010306,4.18
2025-06-11,Z04,12800,3612482,4055993,4.25
2025-06-12,Z04,12800,3578093,4017381,3.81
2025-06-13,Z04,12800,3821805,4291015,3.15
2025-06-14,Z04,12800,3933114,4415990,4.05
2025-06-15,Z04,12800,4156116,4666369,3.5
2025-06-16,Z04,12800,3417059,3836578,3.85
2025-06-17,Z04,12800,3670000,4120573,3.29
2025-06-18,Z04,12800,3710730,4166303,3.3
2025-06-19,Z04,12800,3732059,4190250,3.25
2025-06-20,Z04,12800,3544969,3980192,2.94
2025-06-21,Z04,12800,4181540,4694915,3.31
2025-06-22,Z04,12800,4350412,4884520,3.08
2025-06-23,Z04,12800,3687308,4140006,3.88
2025-06-24,Z04,12800,3841735,4313391,3.07
2025-06-25,Z04,12800,3800527,4267125,3.27
2025-06-26,Z04,12800,3613775,4057445,3.6
2025-06-27,Z04,12800,4071388,4571239,4.51
2025-06-28,Z04,12800,4382962,4921066,3.25
2025-06-29,Z04,12800,4153308,4663217,2.91
2025-06-30,Z04,12800,3940648,4424449,2.94
2025-07-01,Z04,12800,3516536,3948267,3.17
2025-07-02,Z04,12800,3666153,4116254,3.27
2025-07-03,Z04,12800,3752203,4212868,4.75
2025-07-04,Z04,12800,3662367,4112003,4.08
2025-07-05,Z04,12800,4350842,4885002,3.44
2025-07-06,Z04,12800,3618735,4063014,4.53
2025-07-07,Z04,12800,3798035,4264326,3.29
2025-07-08,Z04,12800,3672844,4123766,3.39
2025-07-09,Z04,12800,3536685,3970890,3.36
2025-07-10,Z04,12800,4089138,4591169,4.11
2025-07-11,Z04,12800,3689075,4141989,3.57
2025-07-12,Z04,12800,3990196,4480080,4.35
2025-07-13,Z04,12800,4256909,4779538,3.82
2025-07-14,Z04,12800,3871397,4346695,4.05
2025-07-15,Z04,12800,3723485,4180624,2.69
2025-07-16,Z04,12800,4029804,4524550,2.75
2025-07-17,Z04,12800,3806395,4273713,2.77
2025-07-18,Z04,12800,3976792,4465030,3.39
2025-07-19,Z04,12800,4203959,4720087,2.83
2025-07-20,Z04,12800,4287904,4814338,4.22
2025-07-21,Z04,12800,3645263,4092799,3.5
2025-07-22,Z04,12800,3648622,4096570,3.91
2025-07-23,Z04,12800,3828627,4298674,3.35
2025-07-24,Z04,12800,3804901,4272036,4.01
2025-07-25,Z04,12800,3852138,4325072,2.62
2025-07-26,Z04,12800,4021489,4515214,3.58
2025-07-27,Z04,12800,4237100,4757296,3.85
2025-07-28,Z04,12800,3585961,4026215,3.89
2025-07-29,Z04,12800,3829963,4300175,3.44
2025-07-30,Z04,12800,3708956,4164312,2.74
2025-07-31,Z04,12800,3923983,4405738,4.11
2025-08-01,Z04,12800,3617310,4061413,3.4
2025-08-02,Z04,12800,3798370,4264702,3.45
2025-08-03,Z04,12800,4027982,4522504,4.71
2025-08-04,Z04,12800,3866507,4341205,3.65
2025-08-05,Z04,12800,3782613,4247011,3.34
2025-08-06,Z04,12800,3695385,4149074,3.31
2025-08-07,Z04,12800,3626808,4072078,3.92
2025-08-08,Z04,12800,3986924,4476406,3.19
2025-08-09,Z04,12800,4224786,4743470,3.86
2025-08-10,Z04,12800,3610740,4054037,4.15
2025-08-11,Z04,12800,3758053,4219436,3.56
2025-08-12,Z04,12800,3659080,4108312,4.09
2025-08-13,Z04,12800,3416338,3835768,3.57
2025-08-14,Z04,12800,3553636,3989922,3.26
2025-08-15,Z04,12800,3776870,4240563,2.77
2025-08-16,Z04,12800,3912521,4392868,3.74
2025-08-17,Z04,12800,3992721,4482914,3.75
2025-08-18,Z04,12800,3417342,3836895,4.09
2025-08-19,Z04,12800,3787106,4252055,4.04
2025-08-20,Z04,12800,3527777,3960888,4.63
2025-08-21,Z04,12800,3383138,3798492,3.31
2025-08-22,Z04,12800,3487487,3915652,3.78
2025-08-23,Z04,12800,3648452,4096379,3.26
2025-08-24,Z04,12800,3743902,4203547,4.07
2025-08-25,Z04,12800,3695410,4149102,3.14
2025-08-26,Z04,12800,3390048,3806251,4.06
2025-08-27,Z04,12800,3640204,4087119,3.23
2025-08-28,Z04,12800,3653183,4101691,3.98
2025-08-29,Z04,12800,3543826,3978908,4.2
2025-08-30,Z04,12800,3559009,3995955,2.82
2025-08-31,Z04,12800,3927804,4410028,2.93
2025-09-01,Z04,12800,3289846,3693746,3.72
2025-09-02,Z04,12800,3478492,3905553,3.66
2025-09-03,Z04,12800,3443273,3866010,3.45
2025-09-04,Z04,12800,3463312,3888508,3.36
2025-09-05,Z04,12800,3302075,3707477,3.17
2025-09-06,Z04,12800,3566830,4004736,3.77
2025-09-07,Z04,12800,3625757,4070898,3.12
2025-09-08,Z04,12800,3346244,3757069,3.78
2025-09-09,Z04,12800,3501409,3931283,3.31
2025-09-10,Z04,12800,3332660,3741817,3.39
2025-09-11,Z04,12800,3301829,3707200,4.21
2025-09-12,Z04,12800,3361246,3773912,4.08
2025-09-13,Z04,12800,3563253,4000719,3.1
2025-09-14,Z04,12800,3474585,3901166,3.16
2025-09-15,Z04,12800,3146059,3532307,3.99
2025-09-16,Z04,12800,3313522,3720329,2.88
2025-09-17,Z04,12800,3088263,3467414,4.33
2025-09-18,Z04,12800,3188714,3580198,3.67
2025-09-19,Z04,12800,3214438,3609081,3.31
2025-09-20,Z04,12800,3298070,3702980,3.61
2025-09-21,Z04,12800,3328302,3736923,4.28
2025-09-22,Z04,12800,3023457,3394652,2.53
2025-09-23,Z04,12800,2899525,3255505,4.11
2025-09-24,Z04,12800,3190941,3582699,4.2
2025-09-25,Z04,12800,3155036,3542386,3.44
2025-09-26,Z04,12800,3054798,3429841,3.56
2025-09-27,Z04,12800,3132168,3516710,3.67
2025-09-28,Z04,12800,3591630,4032580,3.97
2025-09-29,Z04,12800,3073483,3450820,3.24
2025-09-30,Z04,12800,2910402,3267717,3.59
2025-10-01,Z04,12800,3082098,3460493,3.55
2025-10-02,Z04,12800,2928338,3287855,3.94
2025-10-03,Z04,12800,2883423,3237426,4.94
2025-10-04,Z04,12800,3174205,3563908,3.23
2025-10-05,Z04,12800,3182467,3573184,3.64
2025-10-06,Z04,12800,2652496,2978148,3.22
2025-10-07,Z04,12800,3034749,3407331,3.36
2025-10-08,Z04,12800,2826698,3173737,3.06
2025-10-09,Z04,12800,2865354,3217139,2.83
2025-10-10,Z04,12800,2937760,3298435,4.19
2025-10-11,Z04,12800,3107338,3488831,3.78
2025-10-12,Z04,12800,3029134,3401026,3.65
2025-10-13,Z04,12800,2760630,3099557,3.16
2025-10-14,Z04,12800,2669469,2997205,3.56
2025-10-15,Z04,12800,2595468,2914118,3.02
2025-10-16,Z04,12800,2752322,3090229,3.59
2025-10-17,Z04,12800,2572474,2888301,3.77
2025-10-18,Z04,12800,2879003,3232464,3.33
2025-10-19,Z04,12800,2864745,3216455,3.22
2025-10-20,Z04,12800,2624468,2946679,3.35
2025-10-21,Z04,12800,2600585,2919864,4.01
2025-10-22,Z04,12800,2781682,3123194,3.7
2025-10-23,Z04,12800,2765431,3104948,2.8
2025-10-24,Z04,12800,2717719,3051379,3.96
2025-10-25,Z04,12800,2744683,3081652,3.87
2025-10-26,Z04,12800,2774275,3114878,3.69
2025-10-27,Z04,12800,2588479,2906271,4.42
2025-10-28,Z04,12800,2752580,3090519,3.61
2025-10-29,Z04,12800,2597142,2915998,3.82
2025-10-30,Z04,12800,2590595,2908647,3.83
2025-10-31,Z04,12800,2494497,2800750,4.04
2025-11-01,Z04,12800,2673968,3002255,3.49
2025-11-02,Z04,12800,2834282,3182252,3.28
2025-11-03,Z04,12800,2662941,2989875,4.09
2025-11-04,Z04,12800,2424522,2722185,4.06
2025-11-05,Z04,12800,2318077,2602672,4.24
2025-11-06,Z04,12800,2536379,2847775,3.81
2025-11-07,Z04,12800,2337504,2624483,2.78
2025-11-08,Z04,12800,2930694,3290501,3.68
2025-11-09,Z04,12800,2544555,2856954,3.62
2025-11-10,Z04,12800,2255082,2531942,4.21
2025-11-11,Z04,12800,2507319,2815147,4.13
2025-11-12,Z04,12800,2392492,2686222,3.91
2025-11-13,Z04,12800,2324002,2609323,2.56
2025-11-14,Z04,12800,2367710,2658398,3.19
2025-11-15,Z04,12800,2623891,2946031,3.42
2025-11-16,Z04,12800,2533591,2844645,3.43
2025-11-17,Z04,12800,2214725,2486631,3.68
2025-11-18,Z04,12800,2264633,2542666,4.34
2025-11-19,Z04,12800,2204370,2475005,3.99
2025-11-20,Z04,12800,2389274,2682609,3.14
2025-11-21,Z04,12800,2209581,2480855,3.19
2025-11-22,Z04,12800,2377940,2669884,3.14
2025-11-23,Z04,12800,2368951,2659791,3.54
2025-11-24,Z04,12800,2275044,2554355,4.0
2025-11-25,Z04,12800,1958347,2198776,4.08
2025-11-26,Z04,12800,2256544,2533584,3.41
2025-11-27,Z04,12800,2159228,2424320,3.58
2025-11-28,Z04,12800,2021581,2269774,4.44
2025-11-29,Z04,12800,2344687,2632549,2.86
2025-11-30,Z04,12800,2311642,2595447,3.92
2025-12-01,Z04,12800,2027362,2276265,3.86
2025-12-02,Z04,12800,2138154,2400659,3.45
2025-12-03,Z04,12800,2281384,2561474,3.59
2025-12-04,Z04,12800,2103447,2361690,3.81
2025-12-05,Z04,12800,1935344,2172949,3.45
2025-12-06,Z04,12800,2188148,2456791,3.28
2025-12-07,Z04,12800,2300068,2582451,3.24
2025-12-08,Z04,12800,2048924,2300474,4.53
2025-12-09,Z04,12800,2110330,2369419,3.38
2025-12-10,Z04,12800,2067370,2321185,3.7
2025-12-11,Z04,12800,2151811,2415992,3.99
2025-12-12,Z04,12800,2128240,2389528,3.49
2025-12-13,Z04,12800,2035188,2285052,3.62
2025-12-14,Z04,12800,2438161,2737499,3.85
2025-12-15,Z04,12800,2110372,2369466,3.18
2025-12-16,Z04,12800,2152164,2416389,2.83
2025-12-17,Z04,12800,1893417,2125875,3.23
2025-12-18,Z04,12800,2013376,2260562,4.46
2025-12-19,Z04,12800,1958435,2198875,3.31
2025-12-20,Z04,12800,2103281,2361504,3.67
2025-12-21,Z04,12800,2207957,2479031,2.94
2025-12-22,Z04,12800,2007701,2254191,4.27
2025-12-23,Z04,12800,2060754,2313756,3.45
2025-12-24,Z04,12800,1888431,2120277,3.37
2025-12-25,Z04,12800,1902691,2136288,3.53
2025-12-26,Z04,12800,1954617,2194589,4.86
2025-12-27,Z04,12800,2067716,2321573,3.82
2025-12-28,Z04,12800,2102056,2360129,3.52
2025-12-29,Z04,12800,1814520,2037291,2.16
2025-12-30,Z04,12800,1907019,2141147,4.28
2025-12-31,Z04,12800,1873577,2103599,3.25
2023-01-01,Z05,27600,2649898,3051400,3.04
2023-01-02,Z05,27600,2109623,2429265,3.72
2023-01-03,Z05,27600,2295626,2643450,3.77
2023-01-04,Z05,27600,2307716,2657372,3.44
2023-01-05,Z05,27600,2168269,2496796,3.28
2023-01-06,Z05,27600,2249573,2590419,3.85
2023-01-07,Z05,27600,2503780,2883143,3.8
2023-01-08,Z05,27600,2461443,2834390,3.07
2023-01-09,Z05,27600,2073524,2387696,2.7
2023-01-10,Z05,27600,2265235,2608455,3.35
2023-01-11,Z05,27600,2207592,2542077,3.26
2023-01-12,Z05,27600,2180135,2510460,3.9
2023-01-13,Z05,27600,2321426,2673159,3.14
2023-01-14,Z05,27600,2400547,2764268,3.51
2023-01-15,Z05,27600,2504729,2884236,2.75
2023-01-16,Z05,27600,2342557,2697492,2.82
2023-01-17,Z05,27600,2173834,2503204,3.22
2023-01-18,Z05,27600,2194382,2526865,3.47
2023-01-19,Z05,27600,2231654,2569785,3.19
2023-01-20,Z05,27600,2080652,2395904,3.67
2023-01-21,Z05,27600,2488554,2865609,2.75
2023-01-22,Z05,27600,2409979,2775129,3.49
2023-01-23,Z05,27600,2261188,2603794,3.5
2023-01-24,Z05,27600,2305712,2655065,2.88
2023-01-25,Z05,27600,2375968,2735964,3.71
2023-01-26,Z05,27600,2273889,2618420,2.52
2023-01-27,Z05,27600,2371881,2731258,3.26
2023-01-28,Z05,27600,2561957,2950134,3.99
2023-01-29,Z05,27600,2449954,2821161,2.49
2023-01-30,Z05,27600,2349210,2705153,3.94
2023-01-31,Z05,27600,2214777,2550350,3.02
2023-02-01,Z05,27600,2355445,2712332,3.3
2023-02-02,Z05,27600,2157238,2484094,4.3
2023-02-03,Z05,27600,2226770,2564161,3.29
2023-02-04,Z05,27600,2482713,2858883,4.41
2023-02-05,Z05,27600,2570019,2959417,3.45
2023-02-06,Z05,27600,2371297,2730587,3.56
2023-02-07,Z05,27600,2361911,2719778,4.02
2023-02-08,Z05,27600,2434017,2802810,3.87
2023-02-09,Z05,27600,2038813,2347726,3.68
2023-02-10,Z05,27600,2322139,2673980,3.37
2023-02-11,Z05,27600,2918992,3361266,2.82
2023-02-12,Z05,27600,2598621,2992353,2.85
2023-02-13,Z05,27600,2396759,2759906,4.26
2023-02-14,Z05,27600,2514516,2895505,4.45
2023-02-15,Z05,27600,2359659,2717185,3.66
2023-02-16,Z05,27600,2307434,2657047,2.71
2023-02-17,Z05,27600,2501226,2880201,3.21
2023-02-18,Z05,27600,2841575,3272118,3.19
2023-02-19,Z05,27600,2519711,2901487,3.32
2023-02-20,Z05,27600,2363244,2721313,3.16
2023-02-21,Z05,27600,2675275,3080622,3.86
2023-02-22,Z05,27600,2483398,2859672,3.72
2023-02-23,Z05,27600,2541743,2926857,4.39
2023-02-24,Z05,27600,2260657,2603183,3.41
2023-02-25,Z05,27600,2587142,2979135,3.7
2023-02-26,Z05,27600,2890911,3328930,3.97
2023-02-27,Z05,27600,2651030,3052704,4.11
2023-02-28,Z05,27600,2560803,2948805,2.98
2023-03-01,Z05,27600,2349297,2705253,3.8
2023-03-02,Z05,27600,2479450,2855126,3.67
2023-03-03,Z05,27600,2587170,2979167,3.75
2023-03-04,Z05,27600,2684508,3091253,3.63
2023-03-05,Z05,27600,2814885,3241384,4.46
2023-03-06,Z05,27600,2649550,3050999,3.15
2023-03-07,Z05,27600,2698593,3107473,3.12
2023-03-08,Z05,27600,2599389,2993238,3.19
2023-03-09,Z05,27600,2735934,3150471,3.45
2023-03-10,Z05,27600,2610470,3005998,3.75
2023-03-11,Z05,27600,2782369,3203942,3.37
2023-03-12,Z05,27600,3165596,3645234,4.1
2023-03-13,Z05,27600,2729597,3143174,3.6
2023-03-14,Z05,27600,2749315,3165880,3.55
2023-03-15,Z05,27600,2763774,3182529,2.93
2023-03-16,Z05,27600,2900443,3339906,4.51
2023-03-17,Z05,27600,2849957,3281771,3.58
2023-03-18,Z05,27600,3061117,3524925,4.42
2023-03-19,Z05,27600,3319614,3822588,3.29
2023-03-20,Z05,27600,2590823,2983373,4.02
2023-03-21,Z05,27600,2792772,3215921,3.32
2023-03-22,Z05,27600,2849764,3281548,4.51
2023-03-23,Z05,27600,2932012,3376258,4.16
2023-03-24,Z05,27600,2848819,3280460,4.02
2023-03-25,Z05,27600,3091770,3560222,3.24
2023-03-26,Z05,27600,3191642,3675227,4.55
2023-03-27,Z05,27600,3124168,3597529,4.62
2023-03-28,Z05,27600,2741053,3156366,3.41
2023-03-29,Z05,27600,2956597,3404569,3.68
2023-03-30,Z05,27600,2943002,3388913,4.06
2023-03-31,Z05,27600,3079179,3545723,2.61
2023-04-01,Z05,27600,3286044,3783932,4.17
2023-04-02,Z05,27600,3416570,3934235,4.11
2023-04-03,Z05,27600,2911156,3352242,3.32
2023-04-04,Z05,27600,3046930,3508589,2.5
2023-04-05,Z05,27600,2985055,3437338,3.77
2023-04-06,Z05,27600,3176688,3658006,3.03
2023-04-07,Z05,27600,3335733,3841150,2.81
2023-04-08,Z05,27600,3371068,3881838,3.79
2023-04-09,Z05,27600,3665277,4220624,4.26
2023-04-10,Z05,27600,3055578,3518546,3.49
2023-04-11,Z05,27600,3469041,3994656,4.19
2023-04-12,Z05,27600,3260457,3754468,3.93
2023-04-13,Z05,27600,3112751,3584382,2.91
2023-04-14,Z05,27600,3325196,3829016,3.32
2023-04-15,Z05,27600,3598979,4144281,4.14
2023-04-16,Z05,27600,3550628,4088605,3.32
2023-04-17,Z05,27600,3473444,3999726,4.01
2023-04-18,Z05,27600,3554598,4093177,3.39
2023-04-19,Z05,27600,3544328,4081350,3.96
2023-04-20,Z05,27600,3416146,3933747,3.81
2023-04-21,Z05,27600,3470913,3996812,3.48
2023-04-22,Z05,27600,3616426,4164371,3.95
2023-04-23,Z05,27600,4221188,4860765,2.52
2023-04-24,Z05,27600,3359108,3868066,3.06
2023-04-25,Z05,27600,3667723,4223442,3.37
2023-04-26,Z05,27600,3384292,3897066,4.19
2023-04-27,Z05,27600,3640374,4191949,2.88
2023-04-28,Z05,27600,3518608,4051733,3.58
2023-04-29,Z05,27600,3865210,4450850,3.76
2023-04-30,Z05,27600,3881376,4469466,3.72
2023-05-01,Z05,27600,3546024,4083303,3.55
2023-05-02,Z05,27600,3711930,4274346,3.29
2023-05-03,Z05,27600,3909442,4501784,3.48
2023-05-04,Z05,27600,3334288,3839486,4.09
2023-05-05,Z05,27600,3620742,4169342,3.26
2023-05-06,Z05,27600,4004731,4611511,2.52
2023-05-07,Z05,27600,4219315,4858608,3.83
2023-05-08,Z05,27600,3886069,4474870,4.35
2023-05-09,Z05,27600,3734769,4300646,3.07
2023-05-10,Z05,27600,3702901,4263949,4.28
2023-05-11,Z05,27600,3604332,4150445,3.86
2023-05-12,Z05,27600,4098138,4719071,3.02
2023-05-13,Z05,27600,4372377,5034862,3.25
2023-05-14,Z05,27600,4060248,4675440,3.23
2023-05-15,Z05,27600,4115564,4739138,3.68
2023-05-16,Z05,27600,3641334,4193054,3.51
2023-05-17,Z05,27600,3763746,4334013,4.15
2023-05-18,Z05,27600,3869349,4455617,4.02
2023-05-19,Z05,27600,3834148,4415082,2.83
2023-05-20,Z05,27600,4225607,4865854,2.89
2023-05-21,Z05,27600,4819151,5549329,3.91
2023-05-22,Z05,27600,4051632,4665519,3.34
2023-05-23,Z05,27600,4126305,4751505,3.51
2023-05-24,Z05,27600,4371674,5034052,3.87
2023-05-25,Z05,27600,4196287,4832091,4.03
2023-05-26,Z05,27600,4439774,5112470,2.98
2023-05-27,Z05,27600,4651092,5355806,2.49
2023-05-28,Z05,27600,4970883,5724051,3.54
2023-05-29,Z05,27600,4073337,4690512,3.17
2023-05-30,Z05,27600,4448137,5122100,3.63
2023-05-31,Z05,27600,4553941,5243936,3.56
2023-06-01,Z05,27600,4110312,4733090,3.11
2023-06-02,Z05,27600,3948838,4547149,4.64
2023-06-03,Z05,27600,4603969,5301543,3.61
2023-06-04,Z05,27600,4642117,5345472,3.31
2023-06-05,Z05,27600,4290143,4940168,3.65
2023-06-06,Z05,27600,4097420,4718244,3.86
2023-06-07,Z05,27600,4192826,4828106,3.28
2023-06-08,Z05,27600,4153360,4782659,4.76
2023-06-09,Z05,27600,4446522,5120240,2.84
2023-06-10,Z05,27600,4843040,5576837,2.87
2023-06-11,Z05,27600,4657798,5363528,2.8
2023-06-12,Z05,27600,4502971,5185243,3.6
2023-06-13,Z05,27600,4592031,5287796,3.84
2023-06-14,Z05,27600,4300865,4952515,3.43
2023-06-15,Z05,27600,4385241,5049674,3.83
2023-06-16,Z05,27600,4249773,4893681,3.83
2023-06-17,Z05,27600,4630959,5332623,3.42
2023-06-18,Z05,27600,5012007,5771406,3.81
2023-06-19,Z05,27600,4936576,5684546,3.5
2023-06-20,Z05,27600,4410664,5078949,3.4
2023-06-21,Z05,27600,4694161,5405401,3.35
2023-06-22,Z05,27600,4478003,5156491,3.72
2023-06-23,Z05,27600,4484156,5163577,4.21
2023-06-24,Z05,27600,5319875,6125920,3.0
2023-06-25,Z05,27600,4714542,5428870,3.36
2023-06-26,Z05,27600,4761539,5482988,3.68
2023-06-27,Z05,27600,4682568,5392051,4.48
2023-06-28,Z05,27600,4338758,4996149,3.82
2023-06-29,Z05,27600,4514864,5198937,3.19
2023-06-30,Z05,27600,4162946,4793698,3.14
2023-07-01,Z05,27600,5539421,6378732,4.09
2023-07-02,Z05,27600,5206792,5995703,3.44
2023-07-03,Z05,27600,4591119,5286747,2.98
2023-07-04,Z05,27600,4378792,5042249,4.11
2023-07-05,Z05,27600,4563006,5254373,3.75
2023-07-06,Z05,27600,4814196,5543623,3.0
2023-07-07,Z05,27600,4448712,5122762,2.93
2023-07-08,Z05,27600,5117643,5893047,2.52
2023-07-09,Z05,27600,5137489,5915901,3.29
2023-07-10,Z05,27600,4613384,5312385,3.75
2023-07-11,Z05,27600,4809270,5537951,4.08
2023-07-12,Z05,27600,4508360,5191448,3.81
2023-07-13,Z05,27600,4502964,5185235,2.95
2023-07-14,Z05,27600,4546373,5235220,3.46
2023-07-15,Z05,27600,5173283,5957117,4.31
2023-07-16,Z05,27600,5075154,5844121,3.34
2023-07-17,Z05,27600,4880577,5620061,3.98
2023-07-18,Z05,27600,4820589,5550984,3.92
2023-07-19,Z05,27600,4563683,5255154,3.98
2023-07-20,Z05,27600,4568052,5260184,3.82
2023-07-21,Z05,27600,4490312,5170666,3.98
2023-07-22,Z05,27600,4990553,5746701,2.86
2023-07-23,Z05,27600,5085959,5856563,4.36
2023-07-24,Z05,27600,4588853,5284137,2.7
2023-07-25,Z05,27600,4310820,4963977,3.76
2023-07-26,Z05,27600,4427108,5097885,3.58
2023-07-27,Z05,27600,4785161,5510189,3.29
2023-07-28,Z05,27600,4715744,5430254,3.11
2023-07-29,Z05,27600,4682719,5392225,3.87
2023-07-30,Z05,27600,4916025,5660881,4.0
2023-07-31,Z05,27600,4478762,5157366,3.55
2023-08-01,Z05,27600,4750666,5470467,3.46
2023-08-02,Z05,27600,4549227,5238507,4.24
2023-08-03,Z05,27600,4615598,5314934,3.39
2023-08-04,Z05,27600,4651914,5356752,3.58
2023-08-05,Z05,27600,5026525,5788123,3.5
2023-08-06,Z05,27600,4868009,5605590,4.84
2023-08-07,Z05,27600,4662174,5368567,3.18
2023-08-08,Z05,27600,4491455,5171982,4.02
2023-08-09,Z05,27600,4516080,5200338,2.75
2023-08-10,Z05,27600,4514738,5198792,3.12
2023-08-11,Z05,27600,4437130,5109426,3.45
2023-08-12,Z05,27600,5129223,5906381,3.53
2023-08-13,Z05,27600,5003460,5761564,3.46
2023-08-14,Z05,27600,4389944,5055091,3.55
2023-08-15,Z05,27600,4549592,5238927,3.26
2023-08-16,Z05,27600,4832907,5565169,4.24
2023-08-17,Z05,27600,4697265,5408975,3.1
2023-08-18,Z05,27600,3900909,4491959,3.97
2023-08-19,Z05,27600,4724457,5440287,3.94
2023-08-20,Z05,27600,4861655,5598273,3.13
2023-08-21,Z05,27600,4165096,4796174,3.42
2023-08-22,Z05,27600,4238846,4881099,3.6
2023-08-23,Z05,27600,4237960,4880078,4.44
2023-08-24,Z05,27600,4362198,5023141,3.42
2023-08-25,Z05,27600,4421711,5091670,5.41
2023-08-26,Z05,27600,4567787,5259879,3.98
2023-08-27,Z05,27600,4489254,5169447,3.77
2023-08-28,Z05,27600,4245308,4888539,4.04
2023-08-29,Z05,27600,4287310,4936906,2.74
2023-08-30,Z05,27600,4514389,5198391,4.19
2023-08-31,Z05,27600,4559099,5249874,2.94
2023-09-01,Z05,27600,4207300,4844773,4.03
2023-09-02,Z05,27600,4645024,5348818,3.3
2023-09-03,Z05,27600,4660927,5367132,3.2
2023-09-04,Z05,27600,4256519,4901450,4.49
2023-09-05,Z05,27600,3714859,4277719,3.55
2023-09-06,Z05,27600,4198767,4834947,2.83
2023-09-07,Z05,27600,4181831,4815445,4.09
2023-09-08,Z05,27600,4445257,5118785,2.99
2023-09-09,Z05,27600,4406343,5073974,4.28
2023-09-10,Z05,27600,4377174,5040386,3.59
2023-09-11,Z05,27600,4269497,4916394,2.96
2023-09-12,Z05,27600,4020803,4630018,4.01
2023-09-13,Z05,27600,4152046,4781147,3.86
2023-09-14,Z05,27600,4029222,4639713,2.54
2023-09-15,Z05,27600,3836190,4417434,3.57
2023-09-16,Z05,27600,4458654,5134211,3.75
2023-09-17,Z05,27600,4230243,4871192,3.72
2023-09-18,Z05,27600,4315942,4969876,3.51
2023-09-19,Z05,27600,3575170,4116865,3.97
2023-09-20,Z05,27600,3836133,4417368,3.88
2023-09-21,Z05,27600,4014383,4622626,3.62
2023-09-22,Z05,27600,3811399,4388886,3.48
2023-09-23,Z05,27600,4351861,5011237,3.67
2023-09-24,Z05,27600,4190465,4825387,3.3
2023-09-25,Z05,27600,3717413,4280660,3.09
2023-09-26,Z05,27600,3911508,4504164,3.04
2023-09-27,Z05,27600,3949919,4548394,3.55
2023-09-28,Z05,27600,3761457,4331377,3.17
2023-09-29,Z05,27600,3491065,4020017,3.52
2023-09-30,Z05,27600,4032825,4643862,4.27
2023-10-01,Z05,27600,3808544,4385599,3.5
2023-10-02,Z05,27600,3954102,4553212,3.67
2023-10-03,Z05,27600,3614127,4161725,3.49
2023-10-04,Z05,27600,3585620,4128899,4.25
2023-10-05,Z05,27600,3399422,3914489,4.43
2023-10-06,Z05,27600,3732373,4297886,3.37
2023-10-07,Z05,27600,3830972,4411425,3.96
2023-10-08,Z05,27600,4263337,4909301,4.65
2023-10-09,Z05,27600,3598681,4143938,3.02
2023-10-10,Z05,27600,3496874,4026706,4.09
2023-10-11,Z05,27600,3330338,3834937,2.73
2023-10-12,Z05,27600,3527471,4061939,3.61
2023-10-13,Z05,27600,3519590,4052864,3.53
2023-10-14,Z05,27600,3872910,4459717,2.75
2023-10-15,Z05,27600,3734529,4300369,4.14
2023-10-16,Z05,27600,3250886,3743447,3.67
2023-10-17,Z05,27600,3663761,4218879,3.14
2023-10-18,Z05,27600,3417053,3934791,3.76
2023-10-19,Z05,27600,3225030,3713673,4.05
2023-10-20,Z05,27600,3160220,3639043,2.72
2023-10-21,Z05,27600,3419219,3937285,2.03
2023-10-22,Z05,27600,3901075,4492149,3.58
2023-10-23,Z05,27600,3110375,3581647,3.22
2023-10-24,Z05,27600,3173719,3654588,4.27
2023-10-25,Z05,27600,3283602,3781119,3.41
2023-10-26,Z05,27600,3173203,3653994,3.75
2023-10-27,Z05,27600,3258652,3752390,3.51
2023-10-28,Z05,27600,3652606,4206034,2.83
2023-10-29,Z05,27600,3274629,3770788,3.62
2023-10-30,Z05,27600,3067492,3532266,2.94
2023-10-31,Z05,27600,3058283,3521661,2.91
2023-11-01,Z05,27600,3098668,3568166,3.05
2023-11-02,Z05,27600,2938495,3383723,3.01
2023-11-03,Z05,27600,2986556,3439066,3.49
2023-11-04,Z05,27600,3386710,3899851,3.4
2023-11-05,Z05,27600,3325843,3829761,3.74
2023-11-06,Z05,27600,3014694,3471468,2.81
2023-11-07,Z05,27600,2711809,3122691,3.47
2023-11-08,Z05,27600,2856137,3288887,3.36
2023-11-09,Z05,27600,2951966,3399236,3.7
2023-11-10,Z05,27600,2698158,3106972,3.72
2023-11-11,Z05,27600,2950685,3397760,3.68
2023-11-12,Z05,27600,3139235,3614878,3.1
2023-11-13,Z05,27600,2887403,3324890,3.61
2023-11-14,Z05,27600,2815143,3241682,3.34
2023-11-15,Z05,27600,2789531,3212189,4.26
2023-11-16,Z05,27600,2756180,3173785,3.66
2023-11-17,Z05,27600,2852369,3284549,3.64
2023-11-18,Z05,27600,3144023,3620392,2.96
2023-11-19,Z05,27600,3085227,3552688,3.3
2023-11-20,Z05,27600,2703326,3112922,3.73
2023-11-21,Z05,27600,2727955,3141284,3.56
2023-11-22,Z05,27600,2590070,2982506,3.56
2023-11-23,Z05,27600,2619666,3016587,2.72
2023-11-24,Z05,27600,2796596,3220324,3.19
2023-11-25,Z05,27600,2839505,3269735,3.46
2023-11-26,Z05,27600,3065940,3530479,4.2
2023-11-27,Z05,27600,2606635,3001582,2.65
2023-11-28,Z05,27600,2677964,3083719,3.08
2023-11-29,Z05,27600,2630505,3029068,2.65
2023-11-30,Z05,27600,2597195,2990711,3.76
2023-12-01,Z05,27600,2669649,3074143,4.19
2023-12-02,Z05,27600,2950485,3397530,3.78
2023-12-03,Z05,27600,2746182,3162272,3.89
2023-12-04,Z05,27600,2582753,2974081,3.08
2023-12-05,Z05,27600,2424437,2791778,3.78
2023-12-06,Z05,27600,2458885,2831445,3.21
2023-12-07,Z05,27600,2406449,2771065,3.63
2023-12-08,Z05,27600,2463156,2836363,3.85
2023-12-09,Z05,27600,2669608,3074096,3.45
2023-12-10,Z05,27600,2552123,2938810,4.01
2023-12-11,Z05,27600,2442550,2812635,3.52
2023-12-12,Z05,27600,2586321,2978190,3.74
2023-12-13,Z05,27600,2483611,2859918,4.55
2023-12-14,Z05,27600,2421976,2788944,3.85
2023-12-15,Z05,27600,2411499,2776879,3.23
2023-12-16,Z05,27600,2824704,3252692,3.36
2023-12-17,Z05,27600,2765689,3184735,4.04
2023-12-18,Z05,27600,2311248,2661439,4.12
2023-12-19,Z05,27600,2392401,2754888,3.58
2023-12-20,Z05,27600,2363079,2721123,2.84
2023-12-21,Z05,27600,2583929,2975435,3.12
2023-12-22,Z05,27600,2467789,2841698,3.69
2023-12-23,Z05,27600,2533683,2917576,3.89
2023-12-24,Z05,27600,2764314,3183151,4.1
2023-12-25,Z05,27600,2258251,2600411,2.58
2023-12-26,Z05,27600,2360448,2718093,4.04
2023-12-27,Z05,27600,2423572,2790782,4.31
2023-12-28,Z05,27600,2476478,2851704,2.4
2023-12-29,Z05,27600,2281498,2627181,3.6
2023-12-30,Z05,27600,2515484,2896620,3.98
2023-12-31,Z05,27600,2453764,2825548,2.89
2024-01-01,Z05,27600,2386469,2748057,3.35
2024-01-02,Z05,27600,2240476,2579944,3.88
2024-01-03,Z05,27600,2441990,2811990,3.34
2024-01-04,Z05,27600,2281977,2627733,3.42
2024-01-05,Z05,27600,2429918,2798089,3.71
2024-01-06,Z05,27600,2322904,2674861,3.02
2024-01-07,Z05,27600,2556236,2943546,3.07
2024-01-08,Z05,27600,2466877,2840648,3.83
2024-01-09,Z05,27600,2260786,2603331,4.07
2024-01-10,Z05,27600,2378627,2739027,3.8
2024-01-11,Z05,27600,2194810,2527358,4.28
2024-01-12,Z05,27600,2302461,2651320,3.81
2024-01-13,Z05,27600,2490002,2867276,4.52
2024-01-14,Z05,27600,2496031,2874219,3.63
2024-01-15,Z05,27600,2290735,2637818,3.73
2024-01-16,Z05,27600,2414001,2779760,3.8
2024-01-17,Z05,27600,2540450,2925368,3.29
2024-01-18,Z05,27600,2249627,2590481,3.21
2024-01-19,Z05,27600,2171328,2500319,3.15
2024-01-20,Z05,27600,2539564,2924348,3.32
2024-01-21,Z05,27600,2548725,2934897,4.64
2024-01-22,Z05,27600,2415749,2781774,4.51
2024-01-23,Z05,27600,2375301,2735197,3.44
2024-01-24,Z05,27600,2196820,2529674,3.39
2024-01-25,Z05,27600,2195288,2527909,2.53
2024-01-26,Z05,27600,2247936,2588533,3.1
2024-01-27,Z05,27600,2518964,2900627,3.2
2024-01-28,Z05,27600,2747932,3164288,3.38
2024-01-29,Z05,27600,2333621,2687201,3.32
2024-01-30,Z05,27600,2360291,2717913,3.71
2024-01-31,Z05,27600,2287823,2634464,3.99
2024-02-01,Z05,27600,2390619,2752835,3.24
2024-02-02,Z05,27600,2418090,2784469,4.32
2024-02-03,Z05,27600,2607087,3002102,3.77
2024-02-04,Z05,27600,2598918,2992696,4.04
2024-02-05,Z05,27600,2541823,2926950,3.38
2024-02-06,Z05,27600,2279482,2624860,3.87
2024-02-07,Z05,27600,2402746,2766801,3.83
2024-02-08,Z05,27600,2322642,2674559,4.33
2024-02-09,Z05,27600,2523099,2905388,3.93
2024-02-10,Z05,27600,2771061,3190921,4.03
2024-02-11,Z05,27600,2511656,2892212,3.34
2024-02-12,Z05,27600,2335632,2689518,4.2
2024-02-13,Z05,27600,2436941,2806177,2.96
2024-02-14,Z05,27600,2618139,3014829,3.31
2024-02-15,Z05,27600,2419323,2785889,3.74
2024-02-16,Z05,27600,2380619,2741321,3.02
2024-02-17,Z05,27600,2682770,3089253,3.14
2024-02-18,Z05,27600,2816606,3243367,3.14
2024-02-19,Z05,27600,2469938,2844173,3.79
2024-02-20,Z05,27600,2542426,2927644,3.52
2024-02-21,Z05,27600,2454658,2826578,4.08
2024-02-22,Z05,27600,2487742,2864675,4.54
2024-02-23,Z05,27600,2520039,2901865,3.74
2024-02-24,Z05,27600,2869606,3304397,3.34
2024-02-25,Z05,27600,2880186,3316580,3.78
2024-02-26,Z05,27600,2394429,2757223,3.15
2024-02-27,Z05,27600,2619341,3016212,3.57
2024-02-28,Z05,27600,2372756,2732267,4.83
2024-02-29,Z05,27600,2579450,2970277,3.5
2024-03-01,Z05,27600,2662484,3065893,3.75
2024-03-02,Z05,27600,2883872,3320824,3.52
2024-03-03,Z05,27600,3061138,3524949,3.4
2024-03-04,Z05,27600,2661938,3065264,3.84
2024-03-05,Z05,27600,2793609,3216885,2.96
2024-03-06,Z05,27600,2847436,3278868,3.52
2024-03-07,Z05,27600,2699786,3108847,2.92
2024-03-08,Z05,27600,2575587,2965829,4.37
2024-03-09,Z05,27600,2759890,3178057,4.09
2024-03-10,Z05,27600,3233840,3723818,3.22
2024-03-11,Z05,27600,2832058,3261160,2.67
2024-03-12,Z05,27600,2798618,3222653,3.85
2024-03-13,Z05,27600,2690017,3097598,3.58
2024-03-14,Z05,27600,3039981,3500586,4.72
2024-03-15,Z05,27600,2699721,3108772,4.3
2024-03-16,Z05,27600,3141772,3617800,3.92
2024-03-17,Z05,27600,3176370,3657640,3.34
2024-03-18,Z05,27600,2772050,3192059,3.47
2024-03-19,Z05,27600,2741801,3157227,3.75
2024-03-20,Z05,27600,2898918,3338150,3.78
2024-03-21,Z05,27600,2964392,3413544,3.25
2024-03-22,Z05,27600,2847311,3278724,2.92
2024-03-23,Z05,27600,3164795,3644311,4.56
2024-03-24,Z05,27600,3036552,3496638,3.62
2024-03-25,Z05,27600,2959085,3407433,3.81
2024-03-26,Z05,27600,2864388,3298388,3.17
2024-03-27,Z05,27600,3005980,3461433,4.28
2024-03-28,Z05,27600,3236324,3726679,4.12
2024-03-29,Z05,27600,3089977,3558157,3.63
2024-03-30,Z05,27600,3389389,3902936,3.71
2024-03-31,Z05,27600,3594115,4138680,3.74
2024-04-01,Z05,27600,3304104,3804728,3.65
2024-04-02,Z05,27600,3053838,3516543,3.88
2024-04-03,Z05,27600,3113913,3585721,3.79
2024-04-04,Z05,27600,3296621,3796112,3.51
2024-04-05,Z05,27600,3218259,3705876,3.02
2024-04-06,Z05,27600,3511319,4043340,3.59
2024-04-07,Z05,27600,3490587,4019466,3.98
2024-04-08,Z05,27600,3284630,3782303,3.94
2024-04-09,Z05,27600,3385493,3898449,4.26
2024-04-10,Z05,27600,3156662,3634947,4.31
2024-04-11,Z05,27600,3225501,3714216,3.95
2024-04-12,Z05,27600,3252288,3745062,3.69
2024-04-13,Z05,27600,3530858,4065840,3.77
2024-04-14,Z05,27600,4046560,4659678,3.31
2024-04-15,Z05,27600,3240289,3731244,4.0
2024-04-16,Z05,27600,3561759,4101422,4.26
2024-04-17,Z05,27600,3792219,4366800,4.12
2024-04-18,Z05,27600,3328748,3833106,3.88
2024-04-19,Z05,27600,3603515,4149505,3.48
2024-04-20,Z05,27600,3979486,4582441,3.42
2024-04-21,Z05,27600,4044264,4657035,3.52
2024-04-22,Z05,27600,3875341,4462517,3.23
2024-04-23,Z05,27600,3903510,4494954,3.74
2024-04-24,Z05,27600,3638420,4189698,2.2
2024-04-25,Z05,27600,3541984,4078651,3.33
2024-04-26,Z05,27600,3559594,4098929,3.63
2024-04-27,Z05,27600,3829901,4410192,4.85
2024-04-28,Z05,27600,3839704,4421480,3.6
2024-04-29,Z05,27600,3437408,3958230,3.62
2024-04-30,Z05,27600,3654372,4208068,3.18
2024-05-01,Z05,27600,3643676,4195750,4.46
2024-05-02,Z05,27600,3964330,4564989,3.19
2024-05-03,Z05,27600,3638421,4189700,4.62
2024-05-04,Z05,27600,4294040,4944655,3.23
2024-05-05,Z05,27600,4048597,4662024,4.07
2024-05-06,Z05,27600,3702847,4263887,3.57
2024-05-07,Z05,27600,3480593,4007958,3.32
2024-05-08,Z05,27600,4342215,5000129,4.1
2024-05-09,Z05,27600,4022419,4631879,4.26
2024-05-10,Z05,27600,3979146,4582050,3.51
2024-05-11,Z05,27600,4587655,5282758,3.59
2024-05-12,Z05,27600,4762036,5483559,3.39
2024-05-13,Z05,27600,3894527,4484610,3.71
2024-05-14,Z05,27600,3799768,4375493,3.05
2024-05-15,Z05,27600,4323369,4978428,2.25
2024-05-16,Z05,27600,3952474,4551336,2.66
2024-05-17,Z05,27600,4389714,5054826,3.49
2024-05-18,Z05,27600,4518371,5202976,3.07
2024-05-19,Z05,27600,4718188,5433069,3.54
2024-05-20,Z05,27600,3916678,4510117,3.34
2024-05-21,Z05,27600,4468711,5145791,3.25
2024-05-22,Z05,27600,4016094,4624596,3.28
2024-05-23,Z05,27600,4056654,4671301,4.08
2024-05-24,Z05,27600,4181134,4814642,3.72
2024-05-25,Z05,27600,4743647,5462384,4.38
2024-05-26,Z05,27600,4788235,5513729,3.65
2024-05-27,Z05,27600,4077635,4695461,2.65
2024-05-28,Z05,27600,4458356,5133868,3.08
2024-05-29,Z05,27600,4102515,4724111,3.66
2024-05-30,Z05,27600,4193432,4828803,3.72
2024-05-31,Z05,27600,4361746,5022620,3.31
2024-06-01,Z05,27600,4932288,5679607,3.2
2024-06-02,Z05,27600,4989756,5745784,3.3
2024-06-03,Z05,27600,4429571,5100721,3.53
2024-06-04,Z05,27600,4577409,5270960,3.58
2024-06-05,Z05,27600,4718239,5433127,3.05
2024-06-06,Z05,27600,4291884,4942173,3.72
2024-06-07,Z05,27600,4434330,5106202,3.72
2024-06-08,Z05,27600,4745029,5463977,3.55
2024-06-09,Z05,27600,4776261,5499940,3.25
2024-06-10,Z05,27600,4652775,5357745,3.94
2024-06-11,Z05,27600,4137572,4764480,4.26
2024-06-12,Z05,27600,4508875,5192041,3.38
2024-06-13,Z05,27600,4544139,5232648,3.29
2024-06-14,Z05,27600,4819133,5549308,3.83
2024-06-15,Z05,27600,5018766,5779189,3.01
2024-06-16,Z05,27600,4622653,5323058,2.96
2024-06-17,Z05,27600,4774981,5498466,3.28
2024-06-18,Z05,27600,4812410,5541567,3.75
2024-06-19,Z05,27600,4549357,5238657,3.16
2024-06-20,Z05,27600,4248767,4892523,3.59
2024-06-21,Z05,27600,4507491,5190448,2.6
2024-06-22,Z05,27600,5169715,5953009,3.91
2024-06-23,Z05,27600,4985494,5740876,4.32
2024-06-24,Z05,27600,4803724,5531565,3.15
2024-06-25,Z05,27600,4474280,5152204,3.82
2024-06-26,Z05,27600,4809882,5538655,3.5
2024-06-27,Z05,27600,4631779,5333567,3.65
2024-06-28,Z05,27600,4626288,5327244,3.48
2024-06-29,Z05,27600,5068333,5836266,3.45
2024-06-30,Z05,27600,5037598,5800874,3.18
2024-07-01,Z05,27600,4606532,5304495,3.05
2024-07-02,Z05,27600,4567640,5259710,4.15
2024-07-03,Z05,27600,4696548,5408150,2.76
2024-07-04,Z05,27600,4312273,4965651,3.59
2024-07-05,Z05,27600,4896214,5638068,3.57
2024-07-06,Z05,27600,5141269,5920253,3.58
2024-07-07,Z05,27600,5086768,5857494,3.93
2024-07-08,Z05,27600,4754071,5474389,3.41
2024-07-09,Z05,27600,4652688,5357644,3.93
2024-07-10,Z05,27600,4554765,5244885,4.59
2024-07-11,Z05,27600,4831163,5563161,3.52
2024-07-12,Z05,27600,4983205,5738240,2.58
2024-07-13,Z05,27600,5610645,6460747,3.53
2024-07-14,Z05,27600,5274671,6073867,3.48
2024-07-15,Z05,27600,4592466,5288297,3.8
2024-07-16,Z05,27600,4760560,5481860,2.6
2024-07-17,Z05,27600,4779632,5503822,3.76
2024-07-18,Z05,27600,4927028,5673551,3.39
2024-07-19,Z05,27600,5012015,5771415,4.0
2024-07-20,Z05,27600,5192109,5978795,3.34
2024-07-21,Z05,27600,4706633,5419763,4.03
2024-07-22,Z05,27600,4446750,5120503,2.84
2024-07-23,Z05,27600,4863444,5600334,3.61
2024-07-24,Z05,27600,4545075,5233726,3.11
2024-07-25,Z05,27600,4882015,5621718,3.36
2024-07-26,Z05,27600,4935348,5683131,4.96
2024-07-27,Z05,27600,5605378,6454682,3.13
2024-07-28,Z05,27600,5235990,6029326,3.41
2024-07-29,Z05,27600,4783707,5508514,3.03
2024-07-30,Z05,27600,4898065,5640199,3.45
2024-07-31,Z05,27600,4691711,5402579,3.53
2024-08-01,Z05,27600,4581371,5275522,3.23
2024-08-02,Z05,27600,4904000,5647034,4.39
2024-08-03,Z05,27600,5212526,6002306,4.18
2024-08-04,Z05,27600,5137363,5915756,3.13
2024-08-05,Z05,27600,4583398,5277855,4.01
2024-08-06,Z05,27600,4416158,5085276,3.36
2024-08-07,Z05,27600,4632538,5334441,2.99
2024-08-08,Z05,27600,4388958,5053955,3.24
2024-08-09,Z05,27600,4317605,4971790,2.97
2024-08-10,Z05,27600,5267406,6065502,4.07
2024-08-11,Z05,27600,5314144,6119321,3.16
2024-08-12,Z05,27600,4495224,5176322,4.24
2024-08-13,Z05,27600,4382048,5045997,3.67
2024-08-14,Z05,27600,4443828,5117138,3.4
2024-08-15,Z05,27600,4704308,5417086,3.35
2024-08-16,Z05,27600,4591409,5287081,4.48
2024-08-17,Z05,27600,4944817,5694036,3.61
2024-08-18,Z05,27600,4567326,5259348,3.35
2024-08-19,Z05,27600,4637408,5340049,4.03
2024-08-20,Z05,27600,4637461,5340110,3.89
2024-08-21,Z05,27600,4370996,5033272,3.11
2024-08-22,Z05,27600,4350768,5009979,3.6
2024-08-23,Z05,27600,4618580,5318369,2.7
2024-08-24,Z05,27600,4668684,5376063,3.58
2024-08-25,Z05,27600,5040249,5803927,3.76
2024-08-26,Z05,27600,4365842,5027337,3.82
2024-08-27,Z05,27600,4723295,5438949,3.1
2024-08-28,Z05,27600,4440142,5112894,3.23
2024-08-29,Z05,27600,4598040,5294716,3.72
2024-08-30,Z05,27600,4447741,5121644,4.23
2024-08-31,Z05,27600,4629204,5330602,3.65
2024-09-01,Z05,27600,4543053,5231398,3.32
2024-09-02,Z05,27600,4236614,4878528,4.09
2024-09-03,Z05,27600,4292194,4942530,3.66
2024-09-04,Z05,27600,4221173,4860748,3.69
2024-09-05,Z05,27600,4063322,4678980,4.0
2024-09-06,Z05,27600,4401787,5068728,3.55
2024-09-07,Z05,27600,4756327,5476986,3.13
2024-09-08,Z05,27600,4409163,5077221,3.52
2024-09-09,Z05,27600,4291597,4941842,4.16
2024-09-10,Z05,27600,4286265,4935702,4.55
2024-09-11,Z05,27600,3696719,4256830,2.99
2024-09-12,Z05,27600,4129135,4754765,4.42
2024-09-13,Z05,27600,3924117,4518683,3.42
2024-09-14,Z05,27600,4548613,5237800,3.61
2024-09-15,Z05,27600,4486732,5166543,4.45
2024-09-16,Z05,27600,4060130,4675304,3.4
2024-09-17,Z05,27600,4019791,4628853,3.46
2024-09-18,Z05,27600,4320035,4974589,3.28
2024-09-19,Z05,27600,4160863,4791300,3.62
2024-09-20,Z05,27600,4022968,4632512,3.76
2024-09-21,Z05,27600,4412353,5080895,3.26
2024-09-22,Z05,27600,4471427,5148920,4.33
2024-09-23,Z05,27600,3704224,4455637,3.23
2024-09-24,Z05,27600,3889886,4678961,3.85
2024-09-25,Z05,27600,3785181,4553016,3.61
2024-09-26,Z05,27600,3600434,4330793,4.22
2024-09-27,Z05,27600,3510374,4222464,3.2
2024-09-28,Z05,27600,4008068,4821117,3.89
2024-09-29,Z05,27600,4362286,5247189,4.81
2024-09-30,Z05,27600,3517416,4230935,2.88
2024-10-01,Z05,27600,3771057,4536028,3.15
2024-10-02,Z05,27600,3706213,4458029,4.64
2024-10-03,Z05,27600,3492357,4200792,3.53
2024-10-04,Z05,27600,3675830,4421483,3.66
2024-10-05,Z05,27600,4300706,5173117,3.43
2024-10-06,Z05,27600,4318487,4972806,4.43
2024-10-07,Z05,27600,3600027,4145488,2.79
2024-10-08,Z05,27600,3616353,4164288,4.22
2024-10-09,Z05,27600,3572199,4113444,2.86
2024-10-10,Z05,27600,3833333,4414143,2.82
2024-10-11,Z05,27600,3523634,4057520,3.06
2024-10-12,Z05,27600,4088677,4708176,3.54
2024-10-13,Z05,27600,3809290,4386458,3.24
2024-10-14,Z05,27600,3402532,3918070,3.21
2024-10-15,Z05,27600,3591290,4135427,3.14
2024-10-16,Z05,27600,3470757,3996632,3.14
2024-10-17,Z05,27600,3487539,4015956,3.13
2024-10-18,Z05,27600,3519714,4053007,3.72
2024-10-19,Z05,27600,3552821,4091130,3.28
2024-10-20,Z05,27600,3722654,4286696,2.27
2024-10-21,Z05,27600,3160767,3639674,3.58
2024-10-22,Z05,27600,3329266,3833702,3.97
2024-10-23,Z05,27600,3324864,3828634,3.46
2024-10-24,Z05,27600,3121754,3594749,2.97
2024-10-25,Z05,27600,3471805,3997838,3.97
2024-10-26,Z05,27600,3587041,4130534,2.91
2024-10-27,Z05,27600,3413867,3931122,3.44
2024-10-28,Z05,27600,3319844,3822853,3.59
2024-10-29,Z05,27600,2961395,3410093,4.14
2024-10-30,Z05,27600,3251198,3743806,3.89
2024-10-31,Z05,27600,3192391,3676088,3.72
2024-11-01,Z05,27600,2971005,3421159,4.07
2024-11-02,Z05,27600,3388228,3901598,3.02
2024-11-03,Z05,27600,3682295,4240221,4.39
2024-11-04,Z05,27600,3338988,3844898,2.07
2024-11-05,Z05,27600,3032826,3492348,4.31
2024-11-06,Z05,27600,3253819,3746824,3.18
2024-11-07,Z05,27600,3126943,3600724,3.79
2024-11-08,Z05,27600,2947304,3393867,4.32
2024-11-09,Z05,27600,3464784,3989753,3.88
2024-11-10,Z05,27600,2924977,3368158,3.79
2024-11-11,Z05,27600,2955579,3403396,4.03
2024-11-12,Z05,27600,2908724,3349442,2.86
2024-11-13,Z05,27600,2944563,3390711,2.94
2024-11-14,Z05,27600,2983268,3435280,3.74
2024-11-15,Z05,27600,3054411,3517202,3.5
2024-11-16,Z05,27600,3464198,3989079,3.44
2024-11-17,Z05,27600,3252569,3745384,4.22
2024-11-18,Z05,27600,2811977,3238036,4.18
2024-11-19,Z05,27600,3042834,3503872,3.14
2024-11-20,Z05,27600,2832768,3261978,3.82
2024-11-21,Z05,27600,2520904,2902861,2.82
2024-11-22,Z05,27600,2731216,3145038,2.81
2024-11-23,Z05,27600,2871370,3306428,3.15
2024-11-24,Z05,27600,2960893,3409515,3.57
2024-11-25,Z05,27600,2650268,3051826,3.27
2024-11-26,Z05,27600,2541325,2926376,3.83
2024-11-27,Z05,27600,2575933,2966228,3.59
2024-11-28,Z05,27600,2637533,3037161,4.16
2024-11-29,Z05,27600,2562497,2950756,3.87
2024-11-30,Z05,27600,2744393,3160212,3.08
2024-12-01,Z05,27600,2803158,3227881,4.05
2024-12-02,Z05,27600,2611554,3007245,3.17
2024-12-03,Z05,27600,2634110,3033220,3.81
2024-12-04,Z05,27600,2857306,3290234,3.35
2024-12-05,Z05,27600,2672259,3077148,4.26
2024-12-06,Z05,27600,2405023,2769422,3.97
2024-12-07,Z05,27600,2717017,3128688,3.25
2024-12-08,Z05,27600,3025757,3484207,3.41
2024-12-09,Z05,27600,2563852,2952317,5.23
2024-12-10,Z05,27600,2544254,2929749,2.97
2024-12-11,Z05,27600,2285152,2631389,3.24
2024-12-12,Z05,27600,2429444,2797543,3.26
2024-12-13,Z05,27600,2638927,3038766,3.02
2024-12-14,Z05,27600,2755563,3173074,3.07
2024-12-15,Z05,27600,2653517,3055567,3.55
2024-12-16,Z05,27600,2414621,2780474,3.84
2024-12-17,Z05,27600,2587712,2979791,2.8
2024-12-18,Z05,27600,2348717,2704584,3.35
2024-12-19,Z05,27600,2587432,2979469,3.2
2024-12-20,Z05,27600,2585890,2977694,3.01
2024-12-21,Z05,27600,2806304,3231504,4.1
2024-12-22,Z05,27600,2634155,3033272,3.22
2024-12-23,Z05,27600,2328002,2680732,2.92
2024-12-24,Z05,27600,2470008,2844254,4.04
2024-12-25,Z05,27600,2539951,2924794,4.23
2024-12-26,Z05,27600,2636338,3035785,3.72
2024-12-27,Z05,27600,2461519,2834478,3.13
2024-12-28,Z05,27600,2564726,2953322,3.46
2024-12-29,Z05,27600,2854076,3286514,3.27
2024-12-30,Z05,27600,2391748,2754136,3.58
2024-12-31,Z05,27600,2275634,2620429,3.96
2025-01-01,Z05,27600,2371379,2730681,3.59
2025-01-02,Z05,27600,2380053,2740669,3.6
2025-01-03,Z05,27600,2203233,2537058,3.34
2025-01-04,Z05,27600,2661616,3064893,3.93
2025-01-05,Z05,27600,2598050,2991695,3.78
2025-01-06,Z05,27600,2138433,2462440,2.68
2025-01-07,Z05,27600,2318447,2669728,2.71
2025-01-08,Z05,27600,2279805,2625231,3.43
2025-01-09,Z05,27600,2325221,2677529,4.09
2025-01-10,Z05,27600,2459314,2831939,4.18
2025-01-11,Z05,27600,2639060,3038920,3.98
2025-01-12,Z05,27600,2547268,2933220,3.52
2025-01-13,Z05,27600,2348517,2704354,4.33
2025-01-14,Z05,27600,2258676,2600901,3.24
2025-01-15,Z05,27600,2307977,2657672,3.43
2025-01-16,Z05,27600,2188973,2520637,2.89
2025-01-17,Z05,27600,2389448,2751488,3.43
2025-01-18,Z05,27600,2776029,3196641,3.17
2025-01-19,Z05,27600,2704534,3114314,4.37
2025-01-20,Z05,27600,2409784,2774904,4.27
2025-01-21,Z05,27600,2415526,2781516,3.63
2025-01-22,Z05,27600,2509744,2890010,3.83
2025-01-23,Z05,27600,2266463,2609868,3.3
2025-01-24,Z05,27600,2468881,2842955,2.33
2025-01-25,Z05,27600,2608969,3004269,3.22
2025-01-26,Z05,27600,2653495,3055541,3.97
2025-01-27,Z05,27600,2458861,2831418,3.82
2025-01-28,Z05,27600,2203721,2537620,3.4
2025-01-29,Z05,27600,2194131,2526577,3.97
2025-01-30,Z05,27600,2493812,2871665,3.36
2025-01-31,Z05,27600,2539836,2924662,3.03
2025-02-01,Z05,27600,2865017,3299112,3.97
2025-02-02,Z05,27600,2503786,2883149,3.29
2025-02-03,Z05,27600,2547268,2933220,4.11
2025-02-04,Z05,27600,2362974,2721002,2.6
2025-02-05,Z05,27600,2509484,2889710,3.32
2025-02-06,Z05,27600,2478583,2854128,3.9
2025-02-07,Z05,27600,2483687,2860005,3.85
2025-02-08,Z05,27600,2663882,3067502,3.49
2025-02-09,Z05,27600,2797719,3221617,3.74
2025-02-10,Z05,27600,2376603,2736696,3.67
2025-02-11,Z05,27600,2373239,2732822,2.86
2025-02-12,Z05,27600,2426841,2794546,3.42
2025-02-13,Z05,27600,2654307,3056477,3.71
2025-02-14,Z05,27600,2636514,3035988,3.85
2025-02-15,Z05,27600,2780576,3201877,3.57
2025-02-16,Z05,27600,3033028,3492580,3.32
2025-02-17,Z05,27600,2545832,2931566,2.93
2025-02-18,Z05,27600,2601344,2995489,3.98
2025-02-19,Z05,27600,2535795,2920008,3.92
2025-02-20,Z05,27600,2684397,3091126,4.09
2025-02-21,Z05,27600,2611003,3006611,3.06
2025-02-22,Z05,27600,2887546,3325055,3.66
2025-02-23,Z05,27600,2784733,3206664,3.25
2025-02-24,Z05,27600,2761295,3179675,3.62
2025-02-25,Z05,27600,2744808,3160690,5.05
2025-02-26,Z05,27600,2487603,2864515,4.05
2025-02-27,Z05,27600,2563018,2951356,3.22
2025-02-28,Z05,27600,2731060,3144859,3.47
2025-03-01,Z05,27600,3142955,3619163,3.42
2025-03-02,Z05,27600,2984546,3436752,3.66
2025-03-03,Z05,27600,2844211,3275154,2.84
2025-03-04,Z05,27600,2662570,3065991,3.76
2025-03-05,Z05,27600,2584379,2975953,2.54
2025-03-06,Z05,27600,2912075,3353300,2.76
2025-03-07,Z05,27600,2857343,3290276,4.6
2025-03-08,Z05,27600,2826314,3254545,3.42
2025-03-09,Z05,27600,3042924,3503976,4.31
2025-03-10,Z05,27600,2808713,3234277,3.19
2025-03-11,Z05,27600,2890372,3328309,2.55
2025-03-12,Z05,27600,2816743,3243524,3.07
2025-03-13,Z05,27600,2762335,3180872,4.94
2025-03-14,Z05,27600,2770626,3190419,2.89
2025-03-15,Z05,27600,3045680,3507149,4.49
2025-03-16,Z05,27600,3160655,3639544,3.77
2025-03-17,Z05,27600,3025758,3484209,3.66
2025-03-18,Z05,27600,2863307,3297143,3.23
2025-03-19,Z05,27600,3048110,3509947,3.15
2025-03-20,Z05,27600,2860928,3294404,3.88
2025-03-21,Z05,27600,2894394,3332940,4.26
2025-03-22,Z05,27600,3163332,3642627,3.7
2025-03-23,Z05,27600,3808808,4385903,3.97
2025-03-24,Z05,27600,2982484,3434378,3.39
2025-03-25,Z05,27600,3294387,3793539,4.69
2025-03-26,Z05,27600,3167738,3647701,3.72
2025-03-27,Z05,27600,3151765,3629307,4.62
2025-03-28,Z05,27600,3171062,3651529,3.12
2025-03-29,Z05,27600,3412782,3929873,3.58
2025-03-30,Z05,27600,3711903,4274315,4.14
2025-03-31,Z05,27600,3178337,3659905,3.67
2025-04-01,Z05,27600,3237170,3727653,3.86
2025-04-02,Z05,27600,3268078,3763244,3.11
2025-04-03,Z05,27600,3439617,3960774,3.4
2025-04-04,Z05,27600,3320004,3823038,3.16
2025-04-05,Z05,27600,3513117,4045410,3.56
2025-04-06,Z05,27600,3728875,4293859,3.51
2025-04-07,Z05,27600,3328017,3832264,3.34
2025-04-08,Z05,27600,3282186,3779489,3.92
2025-04-09,Z05,27600,3390559,3904282,3.07
2025-04-10,Z05,27600,3203177,3688509,2.53
2025-04-11,Z05,27600,3371548,3882391,3.31
2025-04-12,Z05,27600,3877453,4464949,4.68
2025-04-13,Z05,27600,3970444,4572029,3.85
2025-04-14,Z05,27600,3603230,4149176,3.18
2025-04-15,Z05,27600,3338360,3844174,3.82
2025-04-16,Z05,27600,3431166,3951042,3.53
2025-04-17,Z05,27600,3672383,4228807,3.79
2025-04-18,Z05,27600,3412779,3929869,4.04
2025-04-19,Z05,27600,3818239,4396763,3.7
2025-04-20,Z05,27600,3829202,4409387,3.66
2025-04-21,Z05,27600,3689541,4248565,4.34
2025-04-22,Z05,27600,3703759,4264937,3.87
2025-04-23,Z05,27600,3795561,4370648,3.7
2025-04-24,Z05,27600,3573563,4115015,3.62
2025-04-25,Z05,27600,3666518,4222054,3.32
2025-04-26,Z05,27600,3811347,4388827,2.98
2025-04-27,Z05,27600,4139167,4766316,3.94
2025-04-28,Z05,27600,3665029,4220339,4.24
2025-04-29,Z05,27600,3660239,4214823,3.81
2025-04-30,Z05,27600,3927999,4523153,3.88
2025-05-01,Z05,27600,3540724,4077199,3.16
2025-05-02,Z05,27600,3682563,4240529,3.3
2025-05-03,Z05,27600,4100517,4721811,2.96
2025-05-04,Z05,27600,4384054,5048308,3.48
2025-05-05,Z05,27600,4210435,4848383,4.09
2025-05-06,Z05,27600,3676794,4233886,3.25
2025-05-07,Z05,27600,4076805,4694506,3.56
2025-05-08,Z05,27600,4063477,4679158,3.95
2025-05-09,Z05,27600,3894654,4484756,4.2
2025-05-10,Z05,27600,4510516,5193931,2.78
2025-05-11,Z05,27600,4796754,5523538,3.36
2025-05-12,Z05,27600,3738200,4304597,3.23
2025-05-13,Z05,27600,3982490,4585900,3.16
2025-05-14,Z05,27600,4089599,4709239,3.41
2025-05-15,Z05,27600,4109115,4731712,2.63
2025-05-16,Z05,27600,4511217,5194738,3.42
2025-05-17,Z05,27600,4585448,5280217,3.62
2025-05-18,Z05,27600,4653038,5358047,3.08
2025-05-19,Z05,27600,4355919,5015910,3.36
2025-05-20,Z05,27600,4186246,4820529,3.61
2025-05-21,Z05,27600,3878746,4466437,3.66
2025-05-22,Z05,27600,4337407,4994593,2.78
2025-05-23,Z05,27600,4505114,5187710,3.95
2025-05-24,Z05,27600,4818265,5548309,3.96
2025-05-25,Z05,27600,4465306,5141871,3.23
2025-05-26,Z05,27600,4561540,5252685,4.44
2025-05-27,Z05,27600,4531099,5217633,3.83
2025-05-28,Z05,27600,4794774,5521258,3.76
2025-05-29,Z05,27600,4451070,5125478,3.94
2025-05-30,Z05,27600,4558896,5249641,3.08
2025-05-31,Z05,27600,4852077,5587244,3.42
2025-06-01,Z05,27600,4709995,5423634,3.91
2025-06-02,Z05,27600,4594498,5290638,3.2
2025-06-03,Z05,27600,4146568,4774839,3.42
2025-06-04,Z05,27600,4485409,5165020,3.9
2025-06-05,Z05,27600,4685454,5395374,3.75
2025-06-06,Z05,27600,4604910,5302627,3.61
2025-06-07,Z05,27600,5298615,6101439,3.63
2025-06-08,Z05,27600,5096710,5868942,3.51
2025-06-09,Z05,27600,4486164,5165889,4.03
2025-06-10,Z05,27600,5041881,5805806,4.65
2025-06-11,Z05,27600,4659495,5365482,3.75
2025-06-12,Z05,27600,4889158,5629944,4.24
2025-06-13,Z05,27600,4761092,5482473,3.38
2025-06-14,Z05,27600,5242734,6037091,3.26
2025-06-15,Z05,27600,5439021,6263118,3.21
2025-06-16,Z05,27600,4663369,5369944,3.14
2025-06-17,Z05,27600,4814541,5544020,3.45
2025-06-18,Z05,27600,4740182,5458395,4.04
2025-06-19,Z05,27600,4706971,5420152,4.1
2025-06-20,Z05,27600,4975470,5729333,3.35
2025-06-21,Z05,27600,5109939,5884176,3.44
2025-06-22,Z05,27600,5160309,5942178,3.6
2025-06-23,Z05,27600,5023281,5784388,3.72
2025-06-24,Z05,27600,4940364,5688908,3.89
2025-06-25,Z05,27600,4811640,5540680,3.4
2025-06-26,Z05,27600,4851403,5586468,3.5
2025-06-27,Z05,27600,4850261,5585153,4.28
2025-06-28,Z05,27600,5711409,6576778,3.46
2025-06-29,Z05,27600,5579268,6424616,3.31
2025-06-30,Z05,27600,4697797,5409588,3.56
2025-07-01,Z05,27600,4859760,5596090,3.64
2025-07-02,Z05,27600,5063353,5830531,2.83
2025-07-03,Z05,27600,4919637,5665040,3.38
2025-07-04,Z05,27600,4985039,5740351,3.81
2025-07-05,Z05,27600,5649712,6505733,4.6
2025-07-06,Z05,27600,5507939,6342479,3.34
2025-07-07,Z05,27600,4648568,5352900,3.98
2025-07-08,Z05,27600,4656139,5361618,3.69
2025-07-09,Z05,27600,4795541,5522141,4.18
2025-07-10,Z05,27600,4951301,5701501,3.29
2025-07-11,Z05,27600,4873587,5612012,4.15
2025-07-12,Z05,27600,5813800,6694683,4.3
2025-07-13,Z05,27600,5235430,6028680,4.32
2025-07-14,Z05,27600,4556348,5246707,4.31
2025-07-15,Z05,27600,5101834,5874843,3.7
2025-07-16,Z05,27600,4841004,5574493,3.89
2025-07-17,Z05,27600,5063671,5830898,3.39
2025-07-18,Z05,27600,4835978,5568705,2.49
2025-07-19,Z05,27600,5235096,6028297,3.73
2025-07-20,Z05,27600,5242997,6037394,3.52
2025-07-21,Z05,27600,4789717,5515435,4.08
2025-07-22,Z05,27600,4940589,5689167,4.03
2025-07-23,Z05,27600,4662542,5368991,3.07
2025-07-24,Z05,27600,4796287,5523001,4.77
2025-07-25,Z05,27600,4794104,5520486,3.79
2025-07-26,Z05,27600,5490851,6322802,2.96
2025-07-27,Z05,27600,5172620,6567869,3.03
2025-07-28,Z05,27600,4646866,5900300,2.51
2025-07-29,Z05,27600,4677484,5939177,3.98
2025-07-30,Z05,27600,4964278,6303330,3.34
2025-07-31,Z05,27600,4555217,5783930,3.18
2025-08-01,Z05,27600,5152921,6542857,3.28
2025-08-02,Z05,27600,5515272,7002947,3.45
2025-08-03,Z05,27600,5460463,6933354,3.89
2025-08-04,Z05,27600,4892339,6211986,2.78
2025-08-05,Z05,27600,4759530,6043353,3.07
2025-08-06,Z05,27600,4659307,5916097,3.83
2025-08-07,Z05,27600,4674541,5935441,3.3
2025-08-08,Z05,27600,4525153,5745756,3.89
2025-08-09,Z05,27600,5215815,6622716,3.35
2025-08-10,Z05,27600,5303007,6733427,4.39
2025-08-11,Z05,27600,4493182,5173970,3.7
2025-08-12,Z05,27600,4770769,5493617,4.21
2025-08-13,Z05,27600,4917240,5662280,3.86
2025-08-14,Z05,27600,4870505,5608464,3.89
2025-08-15,Z05,27600,4605177,5302935,3.22
2025-08-16,Z05,27600,5286425,6087402,4.18
2025-08-17,Z05,27600,5177542,5962022,3.71
2025-08-18,Z05,27600,4277568,4925687,3.12
2025-08-19,Z05,27600,4992832,5749325,2.55
2025-08-20,Z05,27600,4508177,5191237,3.67
2025-08-21,Z05,27600,4988411,5744235,4.35
2025-08-22,Z05,27600,4474724,5152716,3.15
2025-08-23,Z05,27600,4806058,5534252,3.13
2025-08-24,Z05,27600,4788270,5513769,3.44
2025-08-25,Z05,27600,4750937,5470780,4.15
2025-08-26,Z05,27600,4547059,5236011,2.68
2025-08-27,Z05,27600,4440903,5113771,3.27
2025-08-28,Z05,27600,4417362,5086662,3.1
2025-08-29,Z05,27600,4674772,5383074,3.88
2025-08-30,Z05,27600,4849597,5584388,3.53
2025-08-31,Z05,27600,5371315,6185155,3.43
2025-09-01,Z05,27600,4424786,5095211,3.51
2025-09-02,Z05,27600,4405529,5073036,3.99
2025-09-03,Z05,27600,4154766,4784280,4.16
2025-09-04,Z05,27600,4072688,4689765,4.11
2025-09-05,Z05,27600,4465092,5141624,3.89
2025-09-06,Z05,27600,4935790,5683641,4.29
2025-09-07,Z05,27600,4999115,5756560,3.13
2025-09-08,Z05,27600,4228564,4869259,3.79
2025-09-09,Z05,27600,3942479,4539827,4.77
2025-09-10,Z05,27600,4283482,4932498,2.68
2025-09-11,Z05,27600,4624823,5325557,3.33
2025-09-12,Z05,27600,4176659,4809489,3.08
2025-09-13,Z05,27600,4644596,5348325,3.74
2025-09-14,Z05,27600,4115320,4738856,4.32
2025-09-15,Z05,27600,4172339,4804514,3.87
2025-09-16,Z05,27600,4123319,4748067,3.49
2025-09-17,Z05,27600,4332349,4988769,3.87
2025-09-18,Z05,27600,4098076,4719000,3.46
2025-09-19,Z05,27600,3901787,4492969,3.7
2025-09-20,Z05,27600,4455021,5130028,3.91
2025-09-21,Z05,27600,4411956,5080437,4.48
2025-09-22,Z05,27600,3871389,4457966,3.82
2025-09-23,Z05,27600,3916277,4509655,3.71
2025-09-24,Z05,27600,4055761,4670273,4.62
2025-09-25,Z05,27600,3896923,4487368,2.62
2025-09-26,Z05,27600,4204800,4841894,3.55
2025-09-27,Z05,27600,4413426,5082130,3.23
2025-09-28,Z05,27600,4162705,4793421,3.48
2025-09-29,Z05,27600,3995384,4600749,3.9
2025-09-30,Z05,27600,3867256,4453206,4.09
2025-10-01,Z05,27600,4319295,4973737,3.34
2025-10-02,Z05,27600,3713805,4276506,3.93
2025-10-03,Z05,27600,3983580,4587156,3.15
2025-10-04,Z05,27600,4516830,5201202,2.96
2025-10-05,Z05,27600,4195739,4831460,3.64
2025-10-06,Z05,27600,3793203,4367933,3.49
2025-10-07,Z05,27600,3693100,4252663,4.35
2025-10-08,Z05,27600,3820211,4399034,4.66
2025-10-09,Z05,27600,3803024,4379242,3.3
2025-10-10,Z05,27600,3732078,4297547,2.69
2025-10-11,Z05,27600,4245310,4888542,2.92
2025-10-12,Z05,27600,4004121,4610808,3.18
2025-10-13,Z05,27600,3644286,4196454,3.7
2025-10-14,Z05,27600,3613794,4161341,3.47
2025-10-15,Z05,27600,3572866,4114211,2.97
2025-10-16,Z05,27600,3503365,4034180,4.49
2025-10-17,Z05,27600,3717785,4281088,3.93
2025-10-18,Z05,27600,3771720,4343196,4.48
2025-10-19,Z05,27600,3801460,4377441,2.7
2025-10-20,Z05,27600,3316296,3818767,4.24
2025-10-21,Z05,27600,3655344,4209187,3.53
2025-10-22,Z05,27600,3364225,3873959,3.4
2025-10-23,Z05,27600,3392291,3906276,3.61
2025-10-24,Z05,27600,3539447,4075729,3.25
2025-10-25,Z05,27600,3738921,4305426,3.53
2025-10-26,Z05,27600,3694816,4254639,4.07
2025-10-27,Z05,27600,3129447,3603608,2.62
2025-10-28,Z05,27600,3314293,3816461,4.35
2025-10-29,Z05,27600,3203666,3689072,3.8
2025-10-30,Z05,27600,3138109,3613583,3.54
2025-10-31,Z05,27600,3115666,3587739,4.07
2025-11-01,Z05,27600,3289905,3788378,3.78
2025-11-02,Z05,27600,3750352,4318590,3.36
2025-11-03,Z05,27600,3354856,3863170,3.21
2025-11-04,Z05,27600,3305532,3806372,4.35
2025-11-05,Z05,27600,3137941,3730527,2.86
2025-11-06,Z05,27600,3281808,3901563,3.5
2025-11-07,Z05,27600,3150380,3745316,2.89
2025-11-08,Z05,27600,3388816,4028779,3.84
2025-11-09,Z05,27600,3254425,3869009,3.55
2025-11-10,Z05,27600,3032062,3604653,2.98
2025-11-11,Z05,27600,3087451,3555249,3.17
2025-11-12,Z05,27600,2902895,3342730,3.62
2025-11-13,Z05,27600,2923172,3366079,3.74
2025-11-14,Z05,27600,2964028,3413126,2.63
2025-11-15,Z05,27600,3529597,4064387,3.25
2025-11-16,Z05,27600,3313398,3815430,3.68
2025-11-17,Z05,27600,3245471,3737211,4.2
2025-11-18,Z05,27600,2941213,3386854,4.02
2025-11-19,Z05,27600,3105137,3575615,3.37
2025-11-20,Z05,27600,2652908,3054865,4.1
2025-11-21,Z05,27600,2901403,3341012,3.44
2025-11-22,Z05,27600,2955418,3403211,2.04
2025-11-23,Z05,27600,3171979,3652584,4.32
2025-11-24,Z05,27600,3052146,3514594,3.83
2025-11-25,Z05,27600,2710100,3120723,3.69
2025-11-26,Z05,27600,2761772,3180224,3.6
2025-11-27,Z05,27600,2625245,3023011,3.75
2025-11-28,Z05,27600,2754815,3172214,3.6
2025-11-29,Z05,27600,3057444,3520695,3.46
2025-11-30,Z05,27600,3145035,3621557,3.27
2025-12-01,Z05,27600,2552976,2939792,3.64
2025-12-02,Z05,27600,2928956,3372739,3.16
2025-12-03,Z05,27600,2896533,3335404,3.03
2025-12-04,Z05,27600,2740997,3156302,3.73
2025-12-05,Z05,27600,2573395,2963305,4.09
2025-12-06,Z05,27600,3154281,3632204,3.2
2025-12-07,Z05,27600,3002736,3457698,3.29
2025-12-08,Z05,27600,2760063,3178256,2.75
2025-12-09,Z05,27600,2737518,3152295,2.94
2025-12-10,Z05,27600,2553577,2940484,2.96
2025-12-11,Z05,27600,2587603,2979666,4.09
2025-12-12,Z05,27600,2577098,2967570,2.73
2025-12-13,Z05,27600,2712867,3123910,3.83
2025-12-14,Z05,27600,2682506,3088948,3.47
2025-12-15,Z05,27600,2784819,3206764,3.9
2025-12-16,Z05,27600,2729387,3142933,4.18
2025-12-17,Z05,27600,2424726,2792110,3.59
2025-12-18,Z05,27600,2537105,2921517,4.17
2025-12-19,Z05,27600,2417860,2784205,4.37
2025-12-20,Z05,27600,2711640,3122497,4.27
2025-12-21,Z05,27600,2731582,3145460,3.26
2025-12-22,Z05,27600,2599141,2992953,2.62
2025-12-23,Z05,27600,2395108,2758005,3.54
2025-12-24,Z05,27600,2492740,2870430,3.69
2025-12-25,Z05,27600,2452298,2823860,2.62
2025-12-26,Z05,27600,2344765,2700034,3.63
2025-12-27,Z05,27600,2706975,3117125,2.31
2025-12-28,Z05,27600,2745379,3161348,4.37
2025-12-29,Z05,27600,2543412,2928779,3.84
2025-12-30,Z05,27600,2559142,2946892,3.19
2025-12-31,Z05,27600,2610399,3005916,3.66
2023-01-01,Z06,18900,1212485,1359008,3.23
2023-01-02,Z06,18900,2206485,2473128,3.51
2023-01-03,Z06,18900,2274266,2549100,3.09
2023-01-04,Z06,18900,2350969,2635073,2.69
2023-01-05,Z06,18900,2407229,2698131,3.16
2023-01-06,Z06,18900,2281558,2557273,3.17
2023-01-07,Z06,18900,1237220,1386733,3.29
2023-01-08,Z06,18900,1097452,1230074,3.91
2023-01-09,Z06,18900,2256310,2528974,3.59
2023-01-10,Z06,18900,2168475,2430524,4.11
2023-01-11,Z06,18900,2259914,2533014,3.68
2023-01-12,Z06,18900,2200228,2466115,3.69
2023-01-13,Z06,18900,2321270,2601784,3.45
2023-01-14,Z06,18900,1177684,1320002,4.57
2023-01-15,Z06,18900,1187046,1330494,3.39
2023-01-16,Z06,18900,2213136,2480583,4.06
2023-01-17,Z06,18900,2182512,2446258,3.01
2023-01-18,Z06,18900,2162713,2424066,3.48
2023-01-19,Z06,18900,2268565,2542711,4.6
2023-01-20,Z06,18900,2346205,2629733,3.94
2023-01-21,Z06,18900,1198502,1343335,2.9
2023-01-22,Z06,18900,1264807,1417653,3.08
2023-01-23,Z06,18900,2272281,2546876,4.4
2023-01-24,Z06,18900,2272174,2546755,3.64
2023-01-25,Z06,18900,2189788,2454413,3.46
2023-01-26,Z06,18900,2301215,2579305,3.21
2023-01-27,Z06,18900,2098785,2352413,3.44
2023-01-28,Z06,18900,1182977,1325934,4.31
2023-01-29,Z06,18900,1155674,1295331,3.25
2023-01-30,Z06,18900,2298798,2576597,3.3
2023-01-31,Z06,18900,2300031,2577979,3.9
2023-02-01,Z06,18900,2222145,2490681,3.08
2023-02-02,Z06,18900,2332670,2614562,3.13
2023-02-03,Z06,18900,2231686,2501375,3.6
2023-02-04,Z06,18900,1228180,1376600,3.62
2023-02-05,Z06,18900,1216268,1363249,3.2
2023-02-06,Z06,18900,2365128,2650943,3.84
2023-02-07,Z06,18900,2379653,2667223,3.71
2023-02-08,Z06,18900,2310085,2589247,2.61
2023-02-09,Z06,18900,2286757,2563100,3.99
2023-02-10,Z06,18900,2495316,2796862,3.32
2023-02-11,Z06,18900,1240877,1390831,4.0
2023-02-12,Z06,18900,1289441,1445264,4.64
2023-02-13,Z06,18900,2418614,2710892,3.57
2023-02-14,Z06,18900,2495428,2796988,3.28
2023-02-15,Z06,18900,2383751,2671816,4.29
2023-02-16,Z06,18900,2406865,2697723,3.18
2023-02-17,Z06,18900,2375296,2662339,4.55
2023-02-18,Z06,18900,1155602,1295252,3.37
2023-02-19,Z06,18900,1305794,1463593,3.29
2023-02-20,Z06,18900,2323953,2604791,4.78
2023-02-21,Z06,18900,2314279,2593948,3.78
2023-02-22,Z06,18900,2311687,2591044,4.41
2023-02-23,Z06,18900,2346266,2629801,3.59
2023-02-24,Z06,18900,2293626,2570800,3.55
2023-02-25,Z06,18900,1315435,1474399,2.14
2023-02-26,Z06,18900,1306283,1464141,4.11
2023-02-27,Z06,18900,2751527,3084036,3.79
2023-02-28,Z06,18900,2510862,2814288,3.54
2023-03-01,Z06,18900,2614727,2930705,3.9
2023-03-02,Z06,18900,2650021,2970263,3.62
2023-03-03,Z06,18900,2288201,2564719,3.13
2023-03-04,Z06,18900,1439523,1613482,3.78
2023-03-05,Z06,18900,1342756,1505021,3.5
2023-03-06,Z06,18900,2550328,2858523,3.97
2023-03-07,Z06,18900,2424091,2717030,3.46
2023-03-08,Z06,18900,2469996,2768483,3.37
2023-03-09,Z06,18900,2491277,2792336,3.33
2023-03-10,Z06,18900,2491036,2792065,3.16
2023-03-11,Z06,18900,1523958,1708121,3.34
2023-03-12,Z06,18900,1322065,1481830,3.82
2023-03-13,Z06,18900,2882001,3230278,3.23
2023-03-14,Z06,18900,2683526,3007817,3.01
2023-03-15,Z06,18900,2603478,2918095,3.99
2023-03-16,Z06,18900,2694275,3019866,3.53
2023-03-17,Z06,18900,2835327,3177963,3.98
2023-03-18,Z06,18900,1494799,1675438,3.49
2023-03-19,Z06,18900,1516618,1699894,3.31
2023-03-20,Z06,18900,2981518,3341820,2.73
2023-03-21,Z06,18900,2908970,3260505,3.04
2023-03-22,Z06,18900,2958839,3316400,3.16
2023-03-23,Z06,18900,3052482,3421360,3.74
2023-03-24,Z06,18900,3097060,3471325,3.55
2023-03-25,Z06,18900,1502977,1684604,3.09
2023-03-26,Z06,18900,1459524,1635901,2.21
2023-03-27,Z06,18900,2886072,3234840,3.83
2023-03-28,Z06,18900,2850920,3195440,4.04
2023-03-29,Z06,18900,3021425,3386550,4.08
2023-03-30,Z06,18900,3005212,3368378,3.12
2023-03-31,Z06,18900,2944902,3300779,4.11
2023-04-01,Z06,18900,1617042,1812454,3.88
2023-04-02,Z06,18900,1638183,1836150,3.88
2023-04-03,Z06,18900,2975662,3335257,3.3
2023-04-04,Z06,18900,2950235,3306757,3.53
2023-04-05,Z06,18900,3079729,3451899,4.52
2023-04-06,Z06,18900,2901014,3251587,4.44
2023-04-07,Z06,18900,3223215,3612725,3.58
2023-04-08,Z06,18900,1855095,2079274,3.7
2023-04-09,Z06,18900,1700994,1906550,2.5
2023-04-10,Z06,18900,3095253,3469299,4.2
2023-04-11,Z06,18900,3084498,3457245,3.97
2023-04-12,Z06,18900,3223052,3612542,3.77
2023-04-13,Z06,18900,3368457,3775518,3.3
2023-04-14,Z06,18900,3323478,3725105,3.63
2023-04-15,Z06,18900,1769779,1983649,4.33
2023-04-16,Z06,18900,1878093,2105052,3.78
2023-04-17,Z06,18900,3406967,3818682,4.92
2023-04-18,Z06,18900,3376720,3784780,4.01
2023-04-19,Z06,18900,3434945,3850042,3.14
2023-04-20,Z06,18900,3408919,3820871,3.39
2023-04-21,Z06,18900,3517264,3942309,3.25
2023-04-22,Z06,18900,1699685,1905084,4.03
2023-04-23,Z06,18900,1849034,2072481,4.18
2023-04-24,Z06,18900,3627025,4065334,4.46
2023-04-25,Z06,18900,3383843,3792764,3.43
2023-04-26,Z06,18900,3372918,3780519,3.83
2023-04-27,Z06,18900,3588571,4022233,4.24
2023-04-28,Z06,18900,3693663,4140025,4.37
2023-04-29,Z06,18900,1964558,2201965,2.98
2023-04-30,Z06,18900,1863486,2088680,3.91
2023-05-01,Z06,18900,3791783,4250002,3.0
2023-05-02,Z06,18900,4088292,4582343,3.3
2023-05-03,Z06,18900,3539524,3967259,2.95
2023-05-04,Z06,18900,3535024,3962215,3.29
2023-05-05,Z06,18900,3741769,4193944,2.88
2023-05-06,Z06,18900,1945334,2180418,3.01
2023-05-07,Z06,18900,1960051,2196913,3.15
2023-05-08,Z06,18900,3789394,4247324,3.75
2023-05-09,Z06,18900,3807812,4267968,3.62
2023-05-10,Z06,18900,3758923,4213171,2.78
2023-05-11,Z06,18900,3600306,4035386,4.97
2023-05-12,Z06,18900,4068973,4560689,3.36
2023-05-13,Z06,18900,2091516,2344265,2.94
2023-05-14,Z06,18900,2076930,2327917,3.89
2023-05-15,Z06,18900,3895268,4365993,3.6
2023-05-16,Z06,18900,4003220,4486990,3.19
2023-05-17,Z06,18900,3638843,4078580,3.8
2023-05-18,Z06,18900,3760448,4214880,3.26
2023-05-19,Z06,18900,4108566,4605067,3.45
2023-05-20,Z06,18900,2054944,2303274,4.33
2023-05-21,Z06,18900,2094829,2347980,3.66
2023-05-22,Z06,18900,4209444,4718136,3.91
2023-05-23,Z06,18900,3985540,4467174,3.34
2023-05-24,Z06,18900,4014092,4499176,3.68
2023-05-25,Z06,18900,4187212,4693216,3.21
2023-05-26,Z06,18900,3945114,4421863,3.19
2023-05-27,Z06,18900,2178384,2441632,3.39
2023-05-28,Z06,18900,2082572,2334241,3.25
2023-05-29,Z06,18900,4168002,4671685,4.12
2023-05-30,Z06,18900,4060380,4551057,3.89
2023-05-31,Z06,18900,4269760,4785740,2.45
2023-06-01,Z06,18900,4399749,4931437,4.46
2023-06-02,Z06,18900,4364678,4892129,3.92
2023-06-03,Z06,18900,2423670,2716558,4.17
2023-06-04,Z06,18900,2343570,2626779,3.51
2023-06-05,Z06,18900,4278560,4795604,2.85
2023-06-06,Z06,18900,4345731,4870892,2.94
2023-06-07,Z06,18900,4309366,4830133,4.45
2023-06-08,Z06,18900,4547104,5096600,2.79
2023-06-09,Z06,18900,4458462,4997245,2.88
2023-06-10,Z06,18900,2268686,2542846,3.38
2023-06-11,Z06,18900,2275101,2550036,2.91
2023-06-12,Z06,18900,4570704,5123052,3.87
2023-06-13,Z06,18900,4637809,5198266,3.91
2023-06-14,Z06,18900,4635763,5195973,3.81
2023-06-15,Z06,18900,4489358,5031875,3.29
2023-06-16,Z06,18900,4223042,4733377,3.74
2023-06-17,Z06,18900,2439714,2734541,4.49
2023-06-18,Z06,18900,2277516,2552743,2.88
2023-06-19,Z06,18900,4436409,4972527,4.16
2023-06-20,Z06,18900,4250467,4764116,4.0
2023-06-21,Z06,18900,4267505,4783213,3.55
2023-06-22,Z06,18900,4633577,5193522,3.68
2023-06-23,Z06,18900,4673281,5238025,3.78
2023-06-24,Z06,18900,2126974,2384009,3.11
2023-06-25,Z06,18900,2356813,2641623,2.78
2023-06-26,Z06,18900,4472071,5012499,4.05
2023-06-27,Z06,18900,4937072,5533694,2.98
2023-06-28,Z06,18900,4563888,5115412,3.05
2023-06-29,Z06,18900,4934370,5530665,3.34
2023-06-30,Z06,18900,4808300,5389360,3.74
2023-07-01,Z06,18900,2426274,2719478,3.35
2023-07-02,Z06,18900,2318168,2598308,3.24
2023-07-03,Z06,18900,4566284,5118097,4.08
2023-07-04,Z06,18900,4578482,5131770,3.43
2023-07-05,Z06,18900,4481440,5023001,3.2
2023-07-06,Z06,18900,4711126,5280443,3.8
2023-07-07,Z06,18900,4459080,4997939,3.63
2023-07-08,Z06,18900,2536689,2843236,3.61
2023-07-09,Z06,18900,2502838,2805294,3.82
2023-07-10,Z06,18900,4406365,4938853,3.53
2023-07-11,Z06,18900,4412039,4945213,4.02
2023-07-12,Z06,18900,4632003,5191758,2.89
2023-07-13,Z06,18900,4807191,5388117,4.22
2023-07-14,Z06,18900,4467476,5007350,3.14
2023-07-15,Z06,18900,2531929,2837900,2.78
2023-07-16,Z06,18900,2493423,2794741,3.21
2023-07-17,Z06,18900,4654227,5216668,3.43
2023-07-18,Z06,18900,4720662,5291131,3.23
2023-07-19,Z06,18900,4800069,5380134,3.12
2023-07-20,Z06,18900,4452222,4990252,4.11
2023-07-21,Z06,18900,4881091,5470947,3.16
2023-07-22,Z06,18900,2228784,2498121,2.47
2023-07-23,Z06,18900,2480477,2780231,3.42
2023-07-24,Z06,18900,4550025,5099874,4.62
2023-07-25,Z06,18900,5002711,5607265,3.07
2023-07-26,Z06,18900,4789260,5368020,3.15
2023-07-27,Z06,18900,4596992,5152516,3.4
2023-07-28,Z06,18900,4616420,5174292,4.37
2023-07-29,Z06,18900,2446576,2742233,3.42
2023-07-30,Z06,18900,2353050,2637404,3.09
2023-07-31,Z06,18900,4591105,5145918,3.78
2023-08-01,Z06,18900,4457600,4996279,3.74
2023-08-02,Z06,18900,4456876,4995468,3.84
2023-08-03,Z06,18900,4466891,5006693,3.07
2023-08-04,Z06,18900,4867583,5455807,3.32
2023-08-05,Z06,18900,2476396,2775657,4.16
2023-08-06,Z06,18900,2348073,2631826,3.8
2023-08-07,Z06,18900,4604125,5160511,4.0
2023-08-08,Z06,18900,4429076,4964308,3.57
2023-08-09,Z06,18900,4289104,4807422,4.13
2023-08-10,Z06,18900,4350297,4876010,3.75
2023-08-11,Z06,18900,4608477,5165389,3.34
2023-08-12,Z06,18900,2423351,2716202,3.97
2023-08-13,Z06,18900,2398921,2688819,3.16
2023-08-14,Z06,18900,4678721,5244122,4.37
2023-08-15,Z06,18900,4259238,4773946,4.1
2023-08-16,Z06,18900,4339529,4863940,3.45
2023-08-17,Z06,18900,4489590,5032135,3.51
2023-08-18,Z06,18900,4356614,4883089,3.67
2023-08-19,Z06,18900,2217458,2485427,3.51
2023-08-20,Z06,18900,2325744,2606800,4.26
2023-08-21,Z06,18900,4533969,5081877,3.33
2023-08-22,Z06,18900,4136148,4635981,2.85
2023-08-23,Z06,18900,4332080,4855592,3.47
2023-08-24,Z06,18900,4490744,5033429,3.98
2023-08-25,Z06,18900,4258303,4772899,4.11
2023-08-26,Z06,18900,2204086,2470440,3.66
2023-08-27,Z06,18900,2206070,2472663,3.28
2023-08-28,Z06,18900,4822709,5405510,3.58
2023-08-29,Z06,18900,4647695,5209347,3.27
2023-08-30,Z06,18900,4398402,4929927,2.45
2023-08-31,Z06,18900,4368837,4896790,3.17
2023-09-01,Z06,18900,4314679,4836087,3.86
2023-09-02,Z06,18900,2218475,2486567,3.46
2023-09-03,Z06,18900,2171653,2434086,3.45
2023-09-04,Z06,18900,3970370,4450170,4.15
2023-09-05,Z06,18900,4075298,4567778,3.12
2023-09-06,Z06,18900,4165396,4668764,3.17
2023-09-07,Z06,18900,4259313,4774031,3.77
2023-09-08,Z06,18900,4079222,4572177,3.24
2023-09-09,Z06,18900,2144087,2403189,3.24
2023-09-10,Z06,18900,2104130,2358404,4.37
2023-09-11,Z06,18900,4009980,4494567,3.06
2023-09-12,Z06,18900,4328363,4851426,3.23
2023-09-13,Z06,18900,4074522,4566908,3.82
2023-09-14,Z06,18900,4247440,4760723,3.58
2023-09-15,Z06,18900,4244422,4757340,2.91
2023-09-16,Z06,18900,2033054,2278738,4.49
2023-09-17,Z06,18900,2107284,2361939,3.2
2023-09-18,Z06,18900,3899312,4370525,3.48
2023-09-19,Z06,18900,4101114,4596714,3.82
2023-09-20,Z06,18900,4034027,4521520,4.68
2023-09-21,Z06,18900,3758918,4213166,3.4
2023-09-22,Z06,18900,3966684,4446039,3.14
2023-09-23,Z06,18900,2007433,2250021,3.85
2023-09-24,Z06,18900,1993539,2234449,4.64
2023-09-25,Z06,18900,3697118,4143896,3.67
2023-09-26,Z06,18900,3822594,4284536,3.46
2023-09-27,Z06,18900,3698756,4145733,3.8
2023-09-28,Z06,18900,3382739,3791527,2.56
2023-09-29,Z06,18900,3636536,4075994,3.29
2023-09-30,Z06,18900,1943180,2178004,2.69
2023-10-01,Z06,18900,1951313,2187120,3.42
2023-10-02,Z06,18900,3814324,4275267,3.34
2023-10-03,Z06,18900,3613012,4049627,2.28
2023-10-04,Z06,18900,3816079,4277234,3.69
2023-10-05,Z06,18900,3674109,4118108,3.91
2023-10-06,Z06,18900,3616228,4053232,3.5
2023-10-07,Z06,18900,1960070,2196935,2.84
2023-10-08,Z06,18900,2023319,2267827,4.23
2023-10-09,Z06,18900,3599859,4034885,4.55
2023-10-10,Z06,18900,3507316,3931158,3.8
2023-10-11,Z06,18900,3425405,3839348,3.42
2023-10-12,Z06,18900,3588355,4021991,3.43
2023-10-13,Z06,18900,3622144,4059863,3.82
2023-10-14,Z06,18900,1712797,1919780,3.65
2023-10-15,Z06,18900,1899681,2129248,3.82
2023-10-16,Z06,18900,3340130,3743768,3.82
2023-10-17,Z06,18900,3367109,3774008,3.23
2023-10-18,Z06,18900,3413380,3825870,3.19
2023-10-19,Z06,18900,3306010,3705525,3.46
2023-10-20,Z06,18900,3310693,3710775,3.83
2023-10-21,Z06,18900,1602961,1796671,2.82
2023-10-22,Z06,18900,1797086,2014256,3.49
2023-10-23,Z06,18900,3378802,3787114,3.58
2023-10-24,Z06,18900,3132729,3511304,3.36
2023-10-25,Z06,18900,3253237,3646375,4.3
2023-10-26,Z06,18900,3153146,3534189,4.22
2023-10-27,Z06,18900,3275828,3671696,3.81
2023-10-28,Z06,18900,1648756,1848000,4.49
2023-10-29,Z06,18900,1740746,1951107,4.04
2023-10-30,Z06,18900,2899389,3249766,3.67
2023-10-31,Z06,18900,3353680,3758956,3.36
2023-11-01,Z06,18900,3039218,3406492,3.4
2023-11-02,Z06,18900,3248527,3641096,3.79
2023-11-03,Z06,18900,3008910,3372523,3.41
2023-11-04,Z06,18900,1653903,1853770,2.84
2023-11-05,Z06,18900,1630095,1827084,3.41
2023-11-06,Z06,18900,3163711,3546031,4.11
2023-11-07,Z06,18900,2905845,3257003,2.31
2023-11-08,Z06,18900,2813479,3153475,4.3
2023-11-09,Z06,18900,2893427,3243084,3.89
2023-11-10,Z06,18900,2768612,3103186,3.48
2023-11-11,Z06,18900,1539450,1725485,3.74
2023-11-12,Z06,18900,1478409,1657067,4.08
2023-11-13,Z06,18900,2792730,3130218,3.62
2023-11-14,Z06,18900,2605740,2920631,4.07
2023-11-15,Z06,18900,2693868,3019409,4.03
2023-11-16,Z06,18900,2823926,3165184,3.69
2023-11-17,Z06,18900,2712416,3040198,3.04
2023-11-18,Z06,18900,1447922,1622897,3.55
2023-11-19,Z06,18900,1460908,1637452,2.58
2023-11-20,Z06,18900,2844352,3188078,3.82
2023-11-21,Z06,18900,2793871,3131497,3.39
2023-11-22,Z06,18900,2745979,3077818,3.29
2023-11-23,Z06,18900,2784364,3120842,3.93
2023-11-24,Z06,18900,2688892,3013832,2.96
2023-11-25,Z06,18900,1572650,1762697,3.66
2023-11-26,Z06,18900,1397744,1566654,3.43
2023-11-27,Z06,18900,2691583,3016848,3.51
2023-11-28,Z06,18900,2777198,3112809,3.74
2023-11-29,Z06,18900,2610672,2926160,4.51
2023-11-30,Z06,18900,2612181,2927850,3.8
2023-12-01,Z06,18900,2678106,3001742,4.28
2023-12-02,Z06,18900,1354833,1518558,4.3
2023-12-03,Z06,18900,1385226,1552624,3.98
2023-12-04,Z06,18900,2551374,2859695,2.68
2023-12-05,Z06,18900,2342992,2626131,3.48
2023-12-06,Z06,18900,2523431,2828376,3.05
2023-12-07,Z06,18900,2486465,2786943,5.03
2023-12-08,Z06,18900,2469776,2768237,3.1
2023-12-09,Z06,18900,1302813,1460252,2.85
2023-12-10,Z06,18900,1259514,1411720,2.21
2023-12-11,Z06,18900,2708431,3035732,3.08
2023-12-12,Z06,18900,2508135,2811232,3.66
2023-12-13,Z06,18900,2340570,2623416,4.14
2023-12-14,Z06,18900,2242770,2513799,3.06
2023-12-15,Z06,18900,2492304,2793487,4.19
2023-12-16,Z06,18900,1242030,1392124,3.57
2023-12-17,Z06,18900,1255074,1406744,3.36
2023-12-18,Z06,18900,2723539,3052665,3.69
2023-12-19,Z06,18900,2306790,2585554,4.31
2023-12-20,Z06,18900,2364125,2649818,3.63
2023-12-21,Z06,18900,2332766,2614670,3.05
2023-12-22,Z06,18900,2485016,2785319,3.81
2023-12-23,Z06,18900,1125107,1261070,3.8
2023-12-24,Z06,18900,1228944,1377456,3.5
2023-12-25,Z06,18900,2407188,2698085,4.11
2023-12-26,Z06,18900,2406010,2696764,2.46
2023-12-27,Z06,18900,2439602,2734416,3.78
2023-12-28,Z06,18900,2369091,2655384,3.99
2023-12-29,Z06,18900,2171269,2433657,2.88
2023-12-30,Z06,18900,1241430,1391451,2.86
2023-12-31,Z06,18900,1359353,1523624,4.1
2024-01-01,Z06,18900,2390933,2679866,4.19
2024-01-02,Z06,18900,2157329,2418031,4.28
2024-01-03,Z06,18900,2353555,2637971,3.25
2024-01-04,Z06,18900,2170698,2433017,3.7
2024-01-05,Z06,18900,2366205,2652150,3.77
2024-01-06,Z06,18900,1296650,1453344,2.75
2024-01-07,Z06,18900,1230348,1379030,3.68
2024-01-08,Z06,18900,2138967,2397451,3.67
2024-01-09,Z06,18900,2219097,2487265,3.97
2024-01-10,Z06,18900,2229373,2498782,3.31
2024-01-11,Z06,18900,2324922,2605878,4.23
2024-01-12,Z06,18900,2292900,2569986,3.64
2024-01-13,Z06,18900,1190115,1333934,4.45
2024-01-14,Z06,18900,1212707,1359257,3.97
2024-01-15,Z06,18900,2305048,2583602,3.74
2024-01-16,Z06,18900,2299049,2576878,3.01
2024-01-17,Z06,18900,2427682,2721056,2.94
2024-01-18,Z06,18900,2409305,2700458,4.4
2024-01-19,Z06,18900,2271635,2546151,4.04
2024-01-20,Z06,18900,1271237,1424860,3.46
2024-01-21,Z06,18900,1242696,1392870,3.39
2024-01-22,Z06,18900,2266590,2540496,3.71
2024-01-23,Z06,18900,2371928,2658564,2.93
2024-01-24,Z06,18900,2506416,2809304,3.37
2024-01-25,Z06,18900,2501436,2803722,3.91
2024-01-26,Z06,18900,2177718,2440885,3.97
2024-01-27,Z06,18900,1324412,1484461,3.42
2024-01-28,Z06,18900,1284170,1439356,4.4
2024-01-29,Z06,18900,2350821,2634906,4.12
2024-01-30,Z06,18900,2275468,2550448,3.22
2024-01-31,Z06,18900,2415046,2706893,2.96
2024-02-01,Z06,18900,2430599,2724326,3.9
2024-02-02,Z06,18900,2373629,2660470,3.37
2024-02-03,Z06,18900,1353777,1517374,3.28
2024-02-04,Z06,18900,1368233,1533578,3.71
2024-02-05,Z06,18900,2255115,2527635,3.96
2024-02-06,Z06,18900,2317356,2597397,4.0
2024-02-07,Z06,18900,2306093,2584773,3.63
2024-02-08,Z06,18900,2388773,2677444,2.45
2024-02-09,Z06,18900,2292334,2569352,4.08
2024-02-10,Z06,18900,1356539,1520470,3.2
2024-02-11,Z06,18900,1178850,1321308,3.75
2024-02-12,Z06,18900,2282970,2558856,3.54
2024-02-13,Z06,18900,2403114,2693519,4.72
2024-02-14,Z06,18900,2595255,2908879,4.63
2024-02-15,Z06,18900,2497070,2798829,3.37
2024-02-16,Z06,18900,2571921,2882725,2.93
2024-02-17,Z06,18900,1309617,1467878,2.97
2024-02-18,Z06,18900,1225540,1373641,3.74
2024-02-19,Z06,18900,2447934,2743756,3.33
2024-02-20,Z06,18900,2491794,2792916,3.04
2024-02-21,Z06,18900,2417791,2709970,3.34
2024-02-22,Z06,18900,2502565,2804988,3.83
2024-02-23,Z06,18900,2410375,2701657,3.56
2024-02-24,Z06,18900,1400902,1570194,3.36
2024-02-25,Z06,18900,1393560,1561965,3.42
2024-02-26,Z06,18900,2471229,2769865,3.52
2024-02-27,Z06,18900,2635276,2953736,3.71
2024-02-28,Z06,18900,2482004,2781943,3.74
2024-02-29,Z06,18900,2563717,2873530,2.78
2024-03-01,Z06,18900,2598211,2912192,3.68
2024-03-02,Z06,18900,1419995,1591595,3.42
2024-03-03,Z06,18900,1407638,1577744,3.09
2024-03-04,Z06,18900,2397652,2687396,3.41
2024-03-05,Z06,18900,2850917,3195436,4.18
2024-03-06,Z06,18900,2578725,2890351,4.0
2024-03-07,Z06,18900,2638501,2957351,3.65
2024-03-08,Z06,18900,2613679,2929529,3.15
2024-03-09,Z06,18900,1416363,1587524,2.92
2024-03-10,Z06,18900,1517758,1701171,3.13
2024-03-11,Z06,18900,2994990,3356920,3.61
2024-03-12,Z06,18900,2930713,3284876,3.62
2024-03-13,Z06,18900,2790802,3128057,3.27
2024-03-14,Z06,18900,2802554,3141229,4.04
2024-03-15,Z06,18900,2675541,2998868,3.79
2024-03-16,Z06,18900,1441500,1615698,2.27
2024-03-17,Z06,18900,1483623,1662912,3.65
2024-03-18,Z06,18900,2609100,2924397,3.98
2024-03-19,Z06,18900,2839227,3182334,3.7
2024-03-20,Z06,18900,2848703,3192955,3.89
2024-03-21,Z06,18900,3119116,3496046,3.47
2024-03-22,Z06,18900,2931096,3285305,3.57
2024-03-23,Z06,18900,1511672,1694351,3.58
2024-03-24,Z06,18900,1435547,1609026,3.69
2024-03-25,Z06,18900,2980306,3340462,3.31
2024-03-26,Z06,18900,2938673,3293798,4.15
2024-03-27,Z06,18900,2958710,3316255,4.31
2024-03-28,Z06,18900,3115609,3492115,3.33
2024-03-29,Z06,18900,2964019,3322206,3.02
2024-03-30,Z06,18900,1722283,1930412,2.93
2024-03-31,Z06,18900,1708554,1915025,3.8
2024-04-01,Z06,18900,3169185,3552166,3.89
2024-04-02,Z06,18900,3088487,3461716,3.8
2024-04-03,Z06,18900,3143013,3522831,3.85
2024-04-04,Z06,18900,3256269,3649774,3.32
2024-04-05,Z06,18900,3389107,3798664,2.6
2024-04-06,Z06,18900,1648580,1847803,3.35
2024-04-07,Z06,18900,1761213,1974047,4.43
2024-04-08,Z06,18900,3216175,3604835,3.73
2024-04-09,Z06,18900,3156191,3537602,3.81
2024-04-10,Z06,18900,3496519,3919057,4.05
2024-04-11,Z06,18900,3198918,3585492,3.18
2024-04-12,Z06,18900,3393461,3803545,3.71
2024-04-13,Z06,18900,1711299,1918101,3.86
2024-04-14,Z06,18900,1799680,2017163,3.13
2024-04-15,Z06,18900,3325467,3727334,3.78
2024-04-16,Z06,18900,3083978,3456661,4.25
2024-04-17,Z06,18900,3261049,3655131,3.4
2024-04-18,Z06,18900,3380179,3788658,2.74
2024-04-19,Z06,18900,3737694,4189377,3.69
2024-04-20,Z06,18900,1861129,2086037,3.27
2024-04-21,Z06,18900,1999290,2240895,3.69
2024-04-22,Z06,18900,3481900,3902671,3.18
2024-04-23,Z06,18900,3550685,3979768,3.63
2024-04-24,Z06,18900,3644982,4085461,4.21
2024-04-25,Z06,18900,3593668,4027945,3.59
2024-04-26,Z06,18900,3813813,4274694,2.78
2024-04-27,Z06,18900,1817493,2037129,3.79
2024-04-28,Z06,18900,1946661,2181905,3.61
2024-04-29,Z06,18900,3944059,4420680,3.71
2024-04-30,Z06,18900,3912509,4385317,4.09
2024-05-01,Z06,18900,4015171,4500385,3.34
2024-05-02,Z06,18900,3661470,4103941,3.46
2024-05-03,Z06,18900,3646558,4087227,3.09
2024-05-04,Z06,18900,2006423,2248889,3.7
2024-05-05,Z06,18900,1960072,2196938,3.68
2024-05-06,Z06,18900,3910104,4382622,3.47
2024-05-07,Z06,18900,3857974,4324192,3.97
2024-05-08,Z06,18900,3788784,4246641,3.08
2024-05-09,Z06,18900,3978029,4458754,3.66
2024-05-10,Z06,18900,3753607,4207212,3.9
2024-05-11,Z06,18900,2058247,2306977,3.33
2024-05-12,Z06,18900,2019819,2263904,2.91
2024-05-13,Z06,18900,4194335,4701201,2.75
2024-05-14,Z06,18900,4161144,4663998,3.68
2024-05-15,Z06,18900,4191713,4698261,4.45
2024-05-16,Z06,18900,4129103,4628086,3.3
2024-05-17,Z06,18900,4010254,4494874,3.83
2024-05-18,Z06,18900,2094995,2348166,2.39
2024-05-19,Z06,18900,2132989,2390750,3.79
2024-05-20,Z06,18900,4004968,4488949,3.06
2024-05-21,Z06,18900,4346953,4872261,3.4
2024-05-22,Z06,18900,4242700,4755410,3.64
2024-05-23,Z06,18900,4273777,4790243,2.77
2024-05-24,Z06,18900,4120355,4618280,5.17
2024-05-25,Z06,18900,2098870,2352508,3.3
2024-05-26,Z06,18900,2115440,2371080,3.9
2024-05-27,Z06,18900,4472968,5013505,4.35
2024-05-28,Z06,18900,4163861,4667043,3.75
2024-05-29,Z06,18900,4388179,4918469,2.99
2024-05-30,Z06,18900,4332360,4855905,3.65
2024-05-31,Z06,18900,4375598,4904368,2.68
2024-06-01,Z06,18900,2327024,2608234,3.43
2024-06-02,Z06,18900,2306164,2584853,4.44
2024-06-03,Z06,18900,4192591,4699245,2.89
2024-06-04,Z06,18900,4520807,5067125,3.19
2024-06-05,Z06,18900,4364712,4892167,4.53
2024-06-06,Z06,18900,4447204,4984627,3.51
2024-06-07,Z06,18900,4717577,5287673,3.15
2024-06-08,Z06,18900,2169535,2431713,3.79
2024-06-09,Z06,18900,2315173,2594951,3.37
2024-06-10,Z06,18900,4517397,5063303,2.24
2024-06-11,Z06,18900,4609280,5166290,2.92
2024-06-12,Z06,18900,4405703,4938112,4.63
2024-06-13,Z06,18900,4422002,4956380,3.76
2024-06-14,Z06,18900,4234005,4745664,4.33
2024-06-15,Z06,18900,2235309,2505435,3.09
2024-06-16,Z06,18900,2487454,2788051,3.57
2024-06-17,Z06,18900,4497093,5040546,3.52
2024-06-18,Z06,18900,4285615,4803511,3.33
2024-06-19,Z06,18900,4590299,5145015,3.71
2024-06-20,Z06,18900,4434182,4970031,3.04
2024-06-21,Z06,18900,4638548,5199094,4.2
2024-06-22,Z06,18900,2397719,2687472,3.83
2024-06-23,Z06,18900,2514223,2818055,3.51
2024-06-24,Z06,18900,4732140,5303997,3.67
2024-06-25,Z06,18900,4589963,5144638,3.45
2024-06-26,Z06,18900,4353058,4879104,2.74
2024-06-27,Z06,18900,4489501,5032036,3.1
2024-06-28,Z06,18900,4614489,5172128,3.51
2024-06-29,Z06,18900,2358393,2643393,3.42
2024-06-30,Z06,18900,2374198,2661109,3.92
2024-07-01,Z06,18900,4651600,5213724,3.88
2024-07-02,Z06,18900,4667887,5231978,3.32
2024-07-03,Z06,18900,4731509,5303289,3.12
2024-07-04,Z06,18900,4634096,5194104,3.98
2024-07-05,Z06,18900,4597435,5153013,3.69
2024-07-06,Z06,18900,2697753,3023763,3.29
2024-07-07,Z06,18900,2546654,2854405,3.03
2024-07-08,Z06,18900,4707082,5275910,3.26
2024-07-09,Z06,18900,4732965,5304921,3.8
2024-07-10,Z06,18900,4838671,5423401,4.44
2024-07-11,Z06,18900,4618325,5176427,3.49
2024-07-12,Z06,18900,5009743,5615146,3.18
2024-07-13,Z06,18900,2500351,2802507,4.68
2024-07-14,Z06,18900,2535563,2841974,3.41
2024-07-15,Z06,18900,4492848,5035787,3.2
2024-07-16,Z06,18900,4579988,5133457,3.4
2024-07-17,Z06,18900,4813674,5395383,3.37
2024-07-18,Z06,18900,4820725,5403287,4.24
2024-07-19,Z06,18900,4692317,5259362,2.76
2024-07-20,Z06,18900,2370696,2657183,3.9
2024-07-21,Z06,18900,2561405,2870939,3.59
2024-07-22,Z06,18900,4584667,5138702,3.32
2024-07-23,Z06,18900,4634778,5194869,3.43
2024-07-24,Z06,18900,5120022,5738752,3.47
2024-07-25,Z06,18900,4638751,5199322,3.64
2024-07-26,Z06,18900,4510107,5055132,3.37
2024-07-27,Z06,18900,2360956,2646266,3.57
2024-07-28,Z06,18900,2361098,2646425,3.21
2024-07-29,Z06,18900,4971925,5572759,4.69
2024-07-30,Z06,18900,4601597,5157677,4.1
2024-07-31,Z06,18900,4795053,5374512,3.84
2024-08-01,Z06,18900,4620015,5178321,3.38
2024-08-02,Z06,18900,4440048,4976607,4.01
2024-08-03,Z06,18900,2448471,2744357,3.75
2024-08-04,Z06,18900,2465446,3004487,3.66
2024-08-05,Z06,18900,4660435,5679385,3.33
2024-08-06,Z06,18900,4508590,5494340,3.74
2024-08-07,Z06,18900,4747038,5784922,4.44
2024-08-08,Z06,18900,4670888,5692123,3.64
2024-08-09,Z06,18900,4671917,5693377,3.47
2024-08-10,Z06,18900,2406097,2932162,3.65
2024-08-11,Z06,18900,2442916,2977031,3.62
2024-08-12,Z06,18900,4775309,5819374,3.33
2024-08-13,Z06,18900,4694308,5261593,3.23
2024-08-14,Z06,18900,4725774,5296862,4.0
2024-08-15,Z06,18900,4680875,5246536,4.2
2024-08-16,Z06,18900,4411401,4944497,4.73
2024-08-17,Z06,18900,2557228,2866257,3.83
2024-08-18,Z06,18900,2403909,2694410,3.66
2024-08-19,Z06,18900,4546194,5095580,4.05
2024-08-20,Z06,18900,4318745,4840645,3.15
2024-08-21,Z06,18900,4519564,5065731,3.92
2024-08-22,Z06,18900,4817379,5399537,4.12
2024-08-23,Z06,18900,4268093,4783872,4.11
2024-08-24,Z06,18900,2229068,2498441,4.43
2024-08-25,Z06,18900,2307514,2586366,3.3
2024-08-26,Z06,18900,4439944,4976490,3.35
2024-08-27,Z06,18900,4255886,4770189,3.49
2024-08-28,Z06,18900,4284823,4802624,3.04
2024-08-29,Z06,18900,4168952,4672750,3.87
2024-08-30,Z06,18900,4844381,5429801,3.94
2024-08-31,Z06,18900,2347094,2630730,3.88
2024-09-01,Z06,18900,2335364,2617581,3.67
2024-09-02,Z06,18900,4098493,4593776,4.1
2024-09-03,Z06,18900,4443943,4980972,3.89
2024-09-04,Z06,18900,4339891,4864346,3.3
2024-09-05,Z06,18900,4223218,4733574,2.13
2024-09-06,Z06,18900,4337735,4861930,3.43
2024-09-07,Z06,18900,2334897,2617058,3.62
2024-09-08,Z06,18900,2273467,2548205,3.62
2024-09-09,Z06,18900,4005061,4489053,3.51
2024-09-10,Z06,18900,4186941,4692913,3.33
2024-09-11,Z06,18900,4405521,4937907,3.18
2024-09-12,Z06,18900,4225363,4735978,3.08
2024-09-13,Z06,18900,4304708,4824911,3.82
2024-09-14,Z06,18900,2160187,2421235,4.14
2024-09-15,Z06,18900,1966503,2204145,2.97
2024-09-16,Z06,18900,3981079,4462174,3.57
2024-09-17,Z06,18900,3884902,4354373,3.99
2024-09-18,Z06,18900,4082566,4575924,3.51
2024-09-19,Z06,18900,4070396,4562284,3.96
2024-09-20,Z06,18900,4131885,4631204,4.14
2024-09-21,Z06,18900,2116049,2371763,3.8
2024-09-22,Z06,18900,2257238,2530015,3.35
2024-09-23,Z06,18900,4045011,4533832,4.26
2024-09-24,Z06,18900,3878569,4347275,3.47
2024-09-25,Z06,18900,3945181,4421938,3.47
2024-09-26,Z06,18900,3649296,4090296,3.86
2024-09-27,Z06,18900,3661678,4104174,3.45
2024-09-28,Z06,18900,2058300,2307035,3.49
2024-09-29,Z06,18900,1935667,2169584,3.41
2024-09-30,Z06,18900,3785277,4242710,3.51
2024-10-01,Z06,18900,3873780,4341908,3.7
2024-10-02,Z06,18900,3487777,3909258,2.61
2024-10-03,Z06,18900,3534612,3961753,3.55
2024-10-04,Z06,18900,3731849,4182825,2.72
2024-10-05,Z06,18900,1869328,2095227,3.4
2024-10-06,Z06,18900,1774372,1988796,3.77
2024-10-07,Z06,18900,3706854,4154810,3.44
2024-10-08,Z06,18900,3545267,3973695,3.95
2024-10-09,Z06,18900,3626762,4065039,3.77
2024-10-10,Z06,18900,3620928,4058500,2.52
2024-10-11,Z06,18900,3706562,4154482,4.2
2024-10-12,Z06,18900,1833830,2055439,3.72
2024-10-13,Z06,18900,1764547,1977784,3.32
2024-10-14,Z06,18900,3706843,4154797,3.37
2024-10-15,Z06,18900,3373704,3781400,2.56
2024-10-16,Z06,18900,3298338,3696926,3.71
2024-10-17,Z06,18900,3195037,3581142,3.93
2024-10-18,Z06,18900,3125363,3503048,3.26
2024-10-19,Z06,18900,1747836,1959054,3.15
2024-10-20,Z06,18900,1706330,1912532,3.67
2024-10-21,Z06,18900,3111842,3487893,4.2
2024-10-22,Z06,18900,3408237,3820106,4.15
2024-10-23,Z06,18900,3100200,3474844,4.01
2024-10-24,Z06,18900,3050344,3418964,4.61
2024-10-25,Z06,18900,3089964,3463371,4.06
2024-10-26,Z06,18900,1783624,1999166,4.18
2024-10-27,Z06,18900,1736249,1946066,3.64
2024-10-28,Z06,18900,3138361,3517617,3.43
2024-10-29,Z06,18900,3045937,3414024,4.17
2024-10-30,Z06,18900,3098104,3472495,3.11
2024-10-31,Z06,18900,3169561,3552587,3.81
2024-11-01,Z06,18900,2901555,3252194,3.3
2024-11-02,Z06,18900,1634667,1832209,3.77
2024-11-03,Z06,18900,1631381,1828526,3.73
2024-11-04,Z06,18900,3030627,3396864,3.68
2024-11-05,Z06,18900,2739101,3070108,3.59
2024-11-06,Z06,18900,2874594,3221975,3.87
2024-11-07,Z06,18900,2822022,3163050,3.95
2024-11-08,Z06,18900,2845736,3189629,2.9
2024-11-09,Z06,18900,1560165,1748704,3.58
2024-11-10,Z06,18900,1536470,1722145,3.39
2024-11-11,Z06,18900,3037200,3404231,3.7
2024-11-12,Z06,18900,2836843,3179662,3.39
2024-11-13,Z06,18900,2961210,3319058,4.24
2024-11-14,Z06,18900,2786787,3123557,3.57
2024-11-15,Z06,18900,3038124,3405267,4.09
2024-11-16,Z06,18900,1475959,1654322,3.12
2024-11-17,Z06,18900,1454355,1630107,3.46
2024-11-18,Z06,18900,2901410,3252032,3.29
2024-11-19,Z06,18900,2770786,3105622,3.8
2024-11-20,Z06,18900,2854103,3199008,3.01
2024-11-21,Z06,18900,2882554,3230896,2.75
2024-11-22,Z06,18900,2731619,3061722,3.29
2024-11-23,Z06,18900,1493918,1674451,3.88
2024-11-24,Z06,18900,1465720,1642845,3.2
2024-11-25,Z06,18900,2925182,3278677,3.73
2024-11-26,Z06,18900,2737792,3068641,3.28
2024-11-27,Z06,18900,2595987,2909699,2.72
2024-11-28,Z06,18900,2706148,3033173,4.03
2024-11-29,Z06,18900,2705099,3031998,3.92
2024-11-30,Z06,18900,1322605,1482435,3.58
2024-12-01,Z06,18900,1383996,1551245,3.62
2024-12-02,Z06,18900,2562965,2872688,3.5
2024-12-03,Z06,18900,2771734,3106685,3.08
2024-12-04,Z06,18900,2767025,3101406,4.25
2024-12-05,Z06,18900,2611318,2926884,3.55
2024-12-06,Z06,18900,2616554,2932752,3.78
2024-12-07,Z06,18900,1333235,1494350,3.35
2024-12-08,Z06,18900,1405641,1575506,3.82
2024-12-09,Z06,18900,2784564,3121065,4.17
2024-12-10,Z06,18900,2793459,3131035,3.68
2024-12-11,Z06,18900,2656079,2977054,3.78
2024-12-12,Z06,18900,2558114,2867250,4.04
2024-12-13,Z06,18900,2507548,2810573,3.95
2024-12-14,Z06,18900,1337286,1498891,4.12
2024-12-15,Z06,18900,1137162,1274582,3.76
2024-12-16,Z06,18900,2369785,2656163,3.76
2024-12-17,Z06,18900,2376784,2664007,3.72
2024-12-18,Z06,18900,2506527,2809428,4.03
2024-12-19,Z06,18900,2368542,2654769,3.38
2024-12-20,Z06,18900,2509547,2812813,3.87
2024-12-21,Z06,18900,1265058,1417935,4.75
2024-12-22,Z06,18900,1234976,1384217,3.78
2024-12-23,Z06,18900,2394647,2684029,3.0
2024-12-24,Z06,18900,2493024,2794294,3.45
2024-12-25,Z06,18900,2571481,2882233,3.91
2024-12-26,Z06,18900,2509587,2812858,3.26
2024-12-27,Z06,18900,2640875,2960012,3.11
2024-12-28,Z06,18900,1368764,1534172,2.91
2024-12-29,Z06,18900,1229089,1377619,3.5
2024-12-30,Z06,18900,2379404,2666943,4.41
2024-12-31,Z06,18900,2429215,2722774,3.33
2025-01-01,Z06,18900,2291389,2568292,4.04
2025-01-02,Z06,18900,2304170,2582618,3.46
2025-01-03,Z06,18900,2496775,2798498,3.41
2025-01-04,Z06,18900,1202664,1348000,3.86
2025-01-05,Z06,18900,1275150,1429246,2.83
2025-01-06,Z06,18900,2293263,2570393,4.43
2025-01-07,Z06,18900,2378965,2666451,3.87
2025-01-08,Z06,18900,2385391,2673654,4.13
2025-01-09,Z06,18900,2525299,2830469,3.47
2025-01-10,Z06,18900,2135753,2393848,3.85
2025-01-11,Z06,18900,1321303,1480976,4.07
2025-01-12,Z06,18900,1298282,1455173,3.55
2025-01-13,Z06,18900,2401425,2691626,3.16
2025-01-14,Z06,18900,2470561,2769117,3.13
2025-01-15,Z06,18900,2464600,2762435,3.39
2025-01-16,Z06,18900,2215340,2483054,3.71
2025-01-17,Z06,18900,2298864,2576671,3.52
2025-01-18,Z06,18900,1274065,1428030,3.36
2025-01-19,Z06,18900,1172486,1314175,3.94
2025-01-20,Z06,18900,2494947,2796450,3.37
2025-01-21,Z06,18900,2373988,2660873,3.3
2025-01-22,Z06,18900,2532586,2838637,4.07
2025-01-23,Z06,18900,2234151,2504138,3.88
2025-01-24,Z06,18900,2288004,2564499,2.99
2025-01-25,Z06,18900,1172769,1314492,2.93
2025-01-26,Z06,18900,1164693,1305440,3.05
2025-01-27,Z06,18900,2534139,2840378,3.58
2025-01-28,Z06,18900,2181468,2445088,4.19
2025-01-29,Z06,18900,2316052,2595935,4.32
2025-01-30,Z06,18900,2563382,2873155,3.98
2025-01-31,Z06,18900,2357681,2642596,4.56
2025-02-01,Z06,18900,1339184,1501018,3.7
2025-02-02,Z06,18900,1288063,1443719,4.15
2025-02-03,Z06,18900,2399234,2689170,3.31
2025-02-04,Z06,18900,2411678,2703117,2.82
2025-02-05,Z06,18900,2628395,2946024,3.45
2025-02-06,Z06,18900,2450508,2746640,3.54
2025-02-07,Z06,18900,2510145,2813484,4.89
2025-02-08,Z06,18900,1323103,1482994,3.6
2025-02-09,Z06,18900,1235554,1384865,3.09
2025-02-10,Z06,18900,2444168,2739534,4.08
2025-02-11,Z06,18900,2309295,2588362,3.22
2025-02-12,Z06,18900,2624941,2942152,3.67
2025-02-13,Z06,18900,2525730,2830953,4.04
2025-02-14,Z06,18900,2639552,2958529,3.13
2025-02-15,Z06,18900,1320024,1479543,4.36
2025-02-16,Z06,18900,1297828,1454664,4.16
2025-02-17,Z06,18900,2501392,2803674,3.78
2025-02-18,Z06,18900,2519393,2823850,4.48
2025-02-19,Z06,18900,2592229,2905487,3.41
2025-02-20,Z06,18900,2505984,2808820,4.0
2025-02-21,Z06,18900,2416026,2707992,3.74
2025-02-22,Z06,18900,1410666,1581138,3.28
2025-02-23,Z06,18900,1291509,1447582,3.3
2025-02-24,Z06,18900,2525497,2830691,4.62
2025-02-25,Z06,18900,2745916,3077747,4.13
2025-02-26,Z06,18900,2590667,2903736,4.04
2025-02-27,Z06,18900,2607167,2922230,3.29
2025-02-28,Z06,18900,2693739,3019264,3.95
2025-03-01,Z06,18900,1389093,1556959,3.42
2025-03-02,Z06,18900,1343955,1506365,4.45
2025-03-03,Z06,18900,2645159,2964813,4.21
2025-03-04,Z06,18900,2880321,3228393,4.06
2025-03-05,Z06,18900,2893466,3243127,4.01
2025-03-06,Z06,18900,2922703,3275897,3.56
2025-03-07,Z06,18900,2782747,3119029,3.84
2025-03-08,Z06,18900,1440438,1614509,4.37
2025-03-09,Z06,18900,1504818,1686669,3.83
2025-03-10,Z06,18900,2706389,3033443,3.18
2025-03-11,Z06,18900,2810995,3150690,4.23
2025-03-12,Z06,18900,2658492,2979758,3.26
2025-03-13,Z06,18900,2845053,3188864,3.59
2025-03-14,Z06,18900,2613467,2929292,3.36
2025-03-15,Z06,18900,1518004,1701448,2.3
2025-03-16,Z06,18900,1579978,1770911,3.69
2025-03-17,Z06,18900,3043489,3411280,4.69
2025-03-18,Z06,18900,2920484,3273410,3.76
2025-03-19,Z06,18900,2792564,3130032,5.08
2025-03-20,Z06,18900,3029092,3395143,3.52
2025-03-21,Z06,18900,3015992,3487384,3.71
2025-03-22,Z06,18900,1552327,1794952,3.55
2025-03-23,Z06,18900,1557684,1801146,3.63
2025-03-24,Z06,18900,3070660,3550597,3.78
2025-03-25,Z06,18900,3061597,3540117,4.36
2025-03-26,Z06,18900,2959165,3421675,3.18
2025-03-27,Z06,18900,2939678,3399143,3.6
2025-03-28,Z06,18900,3458492,3999045,3.91
2025-03-29,Z06,18900,1723148,1992471,4.24
2025-03-30,Z06,18900,1656880,1915846,2.52
2025-03-31,Z06,18900,3244275,3751347,2.9
2025-04-01,Z06,18900,3208166,3709595,3.62
2025-04-02,Z06,18900,3048122,3524536,4.16
2025-04-03,Z06,18900,3231205,3736235,3.36
2025-04-04,Z06,18900,3362003,3887475,3.93
2025-04-05,Z06,18900,1610217,1861890,4.59
2025-04-06,Z06,18900,1754186,2028360,3.61
2025-04-07,Z06,18900,3242390,3749168,3.49
2025-04-08,Z06,18900,3221252,3724725,3.84
2025-04-09,Z06,18900,3363150,3888803,3.69
2025-04-10,Z06,18900,3124897,3502526,3.73
2025-04-11,Z06,18900,3702116,4149499,3.51
2025-04-12,Z06,18900,1876945,2103765,3.47
2025-04-13,Z06,18900,1744699,1955538,3.1
2025-04-14,Z06,18900,3721250,4170945,3.91
2025-04-15,Z06,18900,3489943,3911686,3.08
2025-04-16,Z06,18900,3596807,4031464,3.19
2025-04-17,Z06,18900,3228286,3618408,3.0
2025-04-18,Z06,18900,3452317,3869513,3.44
2025-04-19,Z06,18900,1920934,2153069,3.61
2025-04-20,Z06,18900,1861557,2086517,3.05
2025-04-21,Z06,18900,3574269,4006202,3.47
2025-04-22,Z06,18900,3609754,4045975,3.68
2025-04-23,Z06,18900,3285891,3682975,2.82
2025-04-24,Z06,18900,3754753,4208497,3.22
2025-04-25,Z06,18900,3613711,4050411,4.5
2025-04-26,Z06,18900,2036365,2282450,3.25
2025-04-27,Z06,18900,1991791,2232490,3.95
2025-04-28,Z06,18900,3738837,4190657,3.35
2025-04-29,Z06,18900,4046684,4535706,3.7
2025-04-30,Z06,18900,3706886,4154846,3.2
2025-05-01,Z06,18900,3719033,4168460,2.65
2025-05-02,Z06,18900,3657322,4099292,3.38
2025-05-03,Z06,18900,1998789,2240333,3.82
2025-05-04,Z06,18900,2061882,2311050,3.94
2025-05-05,Z06,18900,3777726,4234246,3.67
2025-05-06,Z06,18900,3780880,4237781,3.21
2025-05-07,Z06,18900,3935869,4411499,4.06
2025-05-08,Z06,18900,3599219,4034167,3.24
2025-05-09,Z06,18900,4069264,4561015,3.27
2025-05-10,Z06,18900,2038484,2284826,3.11
2025-05-11,Z06,18900,2091544,2344297,3.39
2025-05-12,Z06,18900,3835254,4298727,3.45
2025-05-13,Z06,18900,4185963,4691817,3.75
2025-05-14,Z06,18900,4069455,4561230,2.92
2025-05-15,Z06,18900,3684524,4129781,3.37
2025-05-16,Z06,18900,4208307,4716861,3.2
2025-05-17,Z06,18900,2090607,2343247,3.81
2025-05-18,Z06,18900,2195573,2460897,3.75
2025-05-19,Z06,18900,4398034,4929516,3.09
2025-05-20,Z06,18900,4067705,4559268,3.85
2025-05-21,Z06,18900,4322899,4845300,3.57
2025-05-22,Z06,18900,4210151,4718927,4.0
2025-05-23,Z06,18900,4518722,5064788,3.28
2025-05-24,Z06,18900,2282351,2558162,3.9
2025-05-25,Z06,18900,2311802,2591172,4.03
2025-05-26,Z06,18900,4193433,4700189,3.63
2025-05-27,Z06,18900,4335421,4859335,4.65
2025-05-28,Z06,18900,4448693,4986296,3.85
2025-05-29,Z06,18900,4267567,4783283,4.48
2025-05-30,Z06,18900,4435475,4971481,4.86
2025-05-31,Z06,18900,2388210,2676814,2.76
2025-06-01,Z06,18900,2476193,2775430,4.18
2025-06-02,Z06,18900,4709932,5279104,3.86
2025-06-03,Z06,18900,4478657,5019881,3.72
2025-06-04,Z06,18900,4480414,5021851,3.27
2025-06-05,Z06,18900,4450171,4987953,3.15
2025-06-06,Z06,18900,4570191,5122476,3.07
2025-06-07,Z06,18900,2307009,2585800,4.71
2025-06-08,Z06,18900,2474294,2773301,3.84
2025-06-09,Z06,18900,4323649,4846141,2.92
2025-06-10,Z06,18900,4859389,5446623,3.07
2025-06-11,Z06,18900,4756259,5331031,2.59
2025-06-12,Z06,18900,4749281,5323209,4.2
2025-06-13,Z06,18900,4757637,5332575,3.62
2025-06-14,Z06,18900,2460578,2757927,3.85
2025-06-15,Z06,18900,2433796,2727908,3.6
2025-06-16,Z06,18900,4377938,4906991,4.07
2025-06-17,Z06,18900,4613182,5170663,3.4
2025-06-18,Z06,18900,4727442,5298731,3.75
2025-06-19,Z06,18900,4824355,5407355,3.74
2025-06-20,Z06,18900,4628750,5188112,3.02
2025-06-21,Z06,18900,2502369,2804769,3.24
2025-06-22,Z06,18900,2522367,2827183,3.45
2025-06-23,Z06,18900,4788775,5367476,3.76
2025-06-24,Z06,18900,4878728,5468299,4.29
2025-06-25,Z06,18900,4639453,5200109,3.66
2025-06-26,Z06,18900,4809413,5390607,3.56
2025-06-27,Z06,18900,4711169,5280491,3.75
2025-06-28,Z06,18900,2599986,2914182,3.52
2025-06-29,Z06,18900,2647852,2967832,3.59
2025-06-30,Z06,18900,4418197,4952115,4.36
2025-07-01,Z06,18900,4944811,5542368,3.49
2025-07-02,Z06,18900,4716669,5286656,3.73
2025-07-03,Z06,18900,4679052,5244493,3.28
2025-07-04,Z06,18900,4953300,5551882,4.23
2025-07-05,Z06,18900,2473912,2772872,3.14
2025-07-06,Z06,18900,2521012,2825664,3.56
2025-07-07,Z06,18900,4744063,5317361,4.09
2025-07-08,Z06,18900,4996141,5599901,3.17
2025-07-09,Z06,18900,4977565,5579080,4.03
2025-07-10,Z06,18900,4851303,5437560,2.58
2025-07-11,Z06,18900,4698399,5266178,3.05
2025-07-12,Z06,18900,2382701,2670639,3.55
2025-07-13,Z06,18900,2562806,2872509,4.8
2025-07-14,Z06,18900,4810962,5392344,3.67
2025-07-15,Z06,18900,5097727,5713762,3.68
2025-07-16,Z06,18900,4406272,4938748,4.17
2025-07-17,Z06,18900,4853828,5440390,3.06
2025-07-18,Z06,18900,5094996,5710702,2.08
2025-07-19,Z06,18900,2492137,2793299,4.47
2025-07-20,Z06,18900,2654203,2974951,3.9
2025-07-21,Z06,18900,4651146,5213215,3.38
2025-07-22,Z06,18900,4999040,5603150,3.63
2025-07-23,Z06,18900,4796689,5376346,4.13
2025-07-24,Z06,18900,5118145,5736648,3.54
2025-07-25,Z06,18900,5175007,5800382,3.67
2025-07-26,Z06,18900,2692121,3017451,4.62
2025-07-27,Z06,18900,2586773,2899372,2.98
2025-07-28,Z06,18900,4842402,5427583,3.86
2025-07-29,Z06,18900,4675765,5240809,2.99
2025-07-30,Z06,18900,5386329,6037241,4.38
2025-07-31,Z06,18900,4971524,5572309,3.75
2025-08-01,Z06,18900,5086916,5701646,3.26
2025-08-02,Z06,18900,2572663,2883556,2.85
2025-08-03,Z06,18900,2491783,2792903,3.42
2025-08-04,Z06,18900,4736515,5308900,3.69
2025-08-05,Z06,18900,4983155,5585345,4.18
2025-08-06,Z06,18900,4600034,5155926,3.05
2025-08-07,Z06,18900,4845143,5430655,3.19
2025-08-08,Z06,18900,4750763,5324870,3.35
2025-08-09,Z06,18900,2439815,2734655,3.21
2025-08-10,Z06,18900,2480527,2780287,3.34
2025-08-11,Z06,18900,4846781,5432491,3.13
2025-08-12,Z06,18900,5137427,5758260,3.81
2025-08-13,Z06,18900,4859654,5446920,3.36
2025-08-14,Z06,18900,4843461,5428770,3.61
2025-08-15,Z06,18900,4583761,5137687,3.75
2025-08-16,Z06,18900,2518852,2823243,2.91
2025-08-17,Z06,18900,2560500,2869924,3.9
2025-08-18,Z06,18900,4763031,5338620,3.7
2025-08-19,Z06,18900,4908488,5501656,3.71
2025-08-20,Z06,18900,4739897,5312691,3.53
2025-08-21,Z06,18900,4815092,5396973,3.47
2025-08-22,Z06,18900,4424982,4959720,3.63
2025-08-23,Z06,18900,2679912,3003767,3.65
2025-08-24,Z06,18900,2279622,2555103,3.01
2025-08-25,Z06,18900,4846744,5432450,4.39
2025-08-26,Z06,18900,4746146,5319696,3.25
2025-08-27,Z06,18900,4880439,5470217,3.63
2025-08-28,Z06,18900,4874817,5463916,4.18
2025-08-29,Z06,18900,4729830,5301407,3.43
2025-08-30,Z06,18900,2267229,2541213,3.72
2025-08-31,Z06,18900,2344621,2627958,2.5
2025-09-01,Z06,18900,4095809,4590768,2.61
2025-09-02,Z06,18900,4407053,4939624,3.59
2025-09-03,Z06,18900,4444139,4981192,3.69
2025-09-04,Z06,18900,4524643,5071424,4.15
2025-09-05,Z06,18900,4245581,4758639,4.0
2025-09-06,Z06,18900,2288250,2564774,2.8
2025-09-07,Z06,18900,2227896,2497127,4.23
2025-09-08,Z06,18900,4397803,4929257,3.0
2025-09-09,Z06,18900,4100178,4595665,4.03
2025-09-10,Z06,18900,4765596,5341495,3.37
2025-09-11,Z06,18900,4212059,4721066,4.96
2025-09-12,Z06,18900,4449245,4986915,3.3
2025-09-13,Z06,18900,2241920,2512845,3.56
2025-09-14,Z06,18900,2230448,2499987,3.68
2025-09-15,Z06,18900,4384048,4913839,3.48
2025-09-16,Z06,18900,4076685,4569333,3.1
2025-09-17,Z06,18900,3875144,4343437,4.7
2025-09-18,Z06,18900,4150677,4652266,3.29
2025-09-19,Z06,18900,4229781,4740930,3.28
2025-09-20,Z06,18900,2152927,2413098,3.55
2025-09-21,Z06,18900,2042882,2289755,3.7
2025-09-22,Z06,18900,4153309,4655216,3.26
2025-09-23,Z06,18900,4101483,4597127,4.08
2025-09-24,Z06,18900,4025481,4511941,3.68
2025-09-25,Z06,18900,4097669,4592853,3.61
2025-09-26,Z06,18900,4101192,4596802,3.88
2025-09-27,Z06,18900,2074372,2325050,3.18
2025-09-28,Z06,18900,2193246,2458290,3.31
2025-09-29,Z06,18900,3945890,4422732,3.59
2025-09-30,Z06,18900,3685315,4130668,4.06
2025-10-01,Z06,18900,3858198,4324443,3.48
2025-10-02,Z06,18900,3826855,4289312,3.44
2025-10-03,Z06,18900,3853759,4319468,2.55
2025-10-04,Z06,18900,1923212,2155623,3.25
2025-10-05,Z06,18900,1918627,2150484,2.77
2025-10-06,Z06,18900,3759813,4214168,2.9
2025-10-07,Z06,18900,3919297,4392925,3.78
2025-10-08,Z06,18900,3860192,4326678,5.26
2025-10-09,Z06,18900,3441219,3857074,3.7
2025-10-10,Z06,18900,3529769,3956325,3.77
2025-10-11,Z06,18900,1690716,1895031,3.22
2025-10-12,Z06,18900,1890021,2118421,3.08
2025-10-13,Z06,18900,3676186,4120436,4.63
2025-10-14,Z06,18900,3605867,4041619,3.2
2025-10-15,Z06,18900,3572775,4004528,2.6
2025-10-16,Z06,18900,3519862,3945221,3.72
2025-10-17,Z06,18900,3462239,3880634,3.39
2025-10-18,Z06,18900,1910019,2140835,3.9
2025-10-19,Z06,18900,1717440,1924984,4.38
2025-10-20,Z06,18900,3308505,3708322,3.78
2025-10-21,Z06,18900,3484169,3905214,3.71
2025-10-22,Z06,18900,3515321,3940130,3.93
2025-10-23,Z06,18900,3615507,4052423,4.95
2025-10-24,Z06,18900,3217438,3606250,4.74
2025-10-25,Z06,18900,1686635,1890456,3.44
2025-10-26,Z06,18900,1736401,1946237,4.07
2025-10-27,Z06,18900,3358464,3764318,4.49
2025-10-28,Z06,18900,3297807,3696331,3.95
2025-10-29,Z06,18900,3423132,3836801,3.57
2025-10-30,Z06,18900,3340089,3743722,3.35
2025-10-31,Z06,18900,3379211,3787573,3.65
2025-11-01,Z06,18900,1636613,1834390,3.03
2025-11-02,Z06,18900,1778259,1993153,4.05
2025-11-03,Z06,18900,3563873,3994550,4.3
2025-11-04,Z06,18900,3041664,3409234,3.4
2025-11-05,Z06,18900,3117268,3493974,3.37
2025-11-06,Z06,18900,2902799,3253589,3.07
2025-11-07,Z06,18900,2954280,3311290,3.83
2025-11-08,Z06,18900,1601392,1794913,3.59
2025-11-09,Z06,18900,1518620,1702138,2.88
2025-11-10,Z06,18900,2950855,3307452,5.06
2025-11-11,Z06,18900,3171439,3554692,2.71
2025-11-12,Z06,18900,2982923,3343395,2.88
2025-11-13,Z06,18900,3070441,3441489,4.07
2025-11-14,Z06,18900,2785114,3121682,3.93
2025-11-15,Z06,18900,1565254,1754407,3.24
2025-11-16,Z06,18900,1583506,1774865,3.21
2025-11-17,Z06,18900,2879322,3227275,3.83
2025-11-18,Z06,18900,2849543,3193897,3.79
2025-11-19,Z06,18900,2973386,3332705,3.25
2025-11-20,Z06,18900,2688231,3013091,4.1
2025-11-21,Z06,18900,2978596,3338545,3.89
2025-11-22,Z06,18900,1388375,1556153,4.27
2025-11-23,Z06,18900,1368635,1534028,3.58
2025-11-24,Z06,18900,2727498,3057103,4.01
2025-11-25,Z06,18900,2627786,2945342,3.49
2025-11-26,Z06,18900,2714663,3042717,3.87
2025-11-27,Z06,18900,2963268,3321365,3.78
2025-11-28,Z06,18900,2860123,3205755,4.02
2025-11-29,Z06,18900,1385124,1552509,3.86
2025-11-30,Z06,18900,1428158,1600744,2.66
2025-12-01,Z06,18900,2625709,2943014,3.29
2025-12-02,Z06,18900,2773067,3108179,3.64
2025-12-03,Z06,18900,2741603,3072913,3.83
2025-12-04,Z06,18900,2560834,2870299,4.01
2025-12-05,Z06,18900,2706828,3033935,3.87
2025-12-06,Z06,18900,1254722,1406349,3.25
2025-12-07,Z06,18900,1391760,1559948,4.06
2025-12-08,Z06,18900,2567390,2877647,3.2
2025-12-09,Z06,18900,2573524,2884522,4.23
2025-12-10,Z06,18900,2697525,3023508,4.26
2025-12-11,Z06,18900,2455281,2751990,3.59
2025-12-12,Z06,18900,2755490,3088478,3.28
2025-12-13,Z06,18900,1335480,1496866,3.25
2025-12-14,Z06,18900,1313976,1472764,3.05
2025-12-15,Z06,18900,2478512,2778028,3.14
2025-12-16,Z06,18900,2681292,3005313,3.51
2025-12-17,Z06,18900,2658762,2980061,3.32
2025-12-18,Z06,18900,2380142,2667771,2.8
2025-12-19,Z06,18900,2482059,2782004,3.36
2025-12-20,Z06,18900,1420013,1591615,3.65
2025-12-21,Z06,18900,1339135,1500963,3.43
2025-12-22,Z06,18900,2372546,2659257,3.15
2025-12-23,Z06,18900,2441463,2736503,2.4
2025-12-24,Z06,18900,2467580,2765776,4.17
2025-12-25,Z06,18900,2622234,2939119,3.58
2025-12-26,Z06,18900,2629128,2946845,3.76
2025-12-27,Z06,18900,1344053,1506476,3.69
2025-12-28,Z06,18900,1396003,1564704,3.85
2025-12-29,Z06,18900,2566398,2876535,3.72
2025-12-30,Z06,18900,2470150,2768656,3.65
2025-12-31,Z06,18900,2496359,2798032,3.98
2023-01-01,Z07,31200,2862725,3261187,3.34
2023-01-02,Z07,31200,2599060,2960823,3.43
2023-01-03,Z07,31200,2942976,3352609,3.76
2023-01-04,Z07,31200,2673382,3045490,3.62
2023-01-05,Z07,31200,2713249,3090906,3.14
2023-01-06,Z07,31200,2707056,3083851,3.35
2023-01-07,Z07,31200,3219376,3667481,3.47
2023-01-08,Z07,31200,2914457,3320121,4.34
2023-01-09,Z07,31200,2889682,3291897,3.51
2023-01-10,Z07,31200,2724158,3103333,5.25
2023-01-11,Z07,31200,2798594,3188130,3.47
2023-01-12,Z07,31200,2719598,3098139,2.76
2023-01-13,Z07,31200,2484244,2830026,3.78
2023-01-14,Z07,31200,2818681,3211013,4.12
2023-01-15,Z07,31200,2944088,3353876,3.84
2023-01-16,Z07,31200,2763472,3148120,3.7
2023-01-17,Z07,31200,2592997,2953917,3.41
2023-01-18,Z07,31200,2742043,3123708,3.46
2023-01-19,Z07,31200,2713970,3091728,2.44
2023-01-20,Z07,31200,2648607,3017266,4.03
2023-01-21,Z07,31200,2843803,3239632,3.41
2023-01-22,Z07,31200,2908829,3313709,4.17
2023-01-23,Z07,31200,2835538,3230217,3.33
2023-01-24,Z07,31200,2743701,3125597,3.57
2023-01-25,Z07,31200,2759582,3143689,4.22
2023-01-26,Z07,31200,2726623,3106142,4.27
2023-01-27,Z07,31200,2399909,2733953,4.02
2023-01-28,Z07,31200,2935526,3344122,2.66
2023-01-29,Z07,31200,2862344,3260754,2.96
2023-01-30,Z07,31200,2719189,3097673,3.95
2023-01-31,Z07,31200,2590820,2951436,3.25
2023-02-01,Z07,31200,2637528,3004645,3.64
2023-02-02,Z07,31200,2655416,3025024,3.7
2023-02-03,Z07,31200,2816738,3208800,3.73
2023-02-04,Z07,31200,2884025,3285453,3.07
2023-02-05,Z07,31200,2651855,3020967,4.11
2023-02-06,Z07,31200,2909554,3314535,3.34
2023-02-07,Z07,31200,2526271,2877903,3.89
2023-02-08,Z07,31200,2762106,3146564,3.5
2023-02-09,Z07,31200,2578814,2937760,4.56
2023-02-10,Z07,31200,2733478,3113951,4.32
2023-02-11,Z07,31200,2944718,3354593,4.67
2023-02-12,Z07,31200,3346101,3811845,4.43
2023-02-13,Z07,31200,2881566,3282651,3.53
2023-02-14,Z07,31200,2692474,3067240,3.33
2023-02-15,Z07,31200,2690429,3064910,3.03
2023-02-16,Z07,31200,2782461,3169752,3.73
2023-02-17,Z07,31200,2753720,3137011,3.61
2023-02-18,Z07,31200,3086844,3516502,3.58
2023-02-19,Z07,31200,3140287,3577384,3.19
2023-02-20,Z07,31200,2598818,2960547,3.78
2023-02-21,Z07,31200,2804986,3195412,3.41
2023-02-22,Z07,31200,2873852,3273863,3.36
2023-02-23,Z07,31200,2779048,3165864,3.68
2023-02-24,Z07,31200,3107743,3540310,3.56
2023-02-25,Z07,31200,3180781,3623514,2.89
2023-02-26,Z07,31200,3398457,3871488,3.21
2023-02-27,Z07,31200,2897539,3300848,3.87
2023-02-28,Z07,31200,2712105,3089604,3.58
2023-03-01,Z07,31200,2953421,3364508,2.63
2023-03-02,Z07,31200,3127199,3562474,3.95
2023-03-03,Z07,31200,2937469,3346335,3.58
2023-03-04,Z07,31200,3350643,3817019,3.07
2023-03-05,Z07,31200,3382616,3853443,3.27
2023-03-06,Z07,31200,3159295,3599038,3.68
2023-03-07,Z07,31200,3169602,3610779,2.5
2023-03-08,Z07,31200,3094925,3525708,3.81
2023-03-09,Z07,31200,3064610,3491173,4.09
2023-03-10,Z07,31200,3056575,3482020,4.05
2023-03-11,Z07,31200,3690475,4204152,4.18
2023-03-12,Z07,31200,3301455,3760984,3.21
2023-03-13,Z07,31200,3204885,3650973,4.12
2023-03-14,Z07,31200,3255762,3708932,3.74
2023-03-15,Z07,31200,3252529,3705248,3.18
2023-03-16,Z07,31200,3277878,3734126,3.83
2023-03-17,Z07,31200,3197604,3642678,3.82
2023-03-18,Z07,31200,3534448,4026408,4.37
2023-03-19,Z07,31200,3544698,4038085,4.2
2023-03-20,Z07,31200,3357016,3824279,3.25
2023-03-21,Z07,31200,3585700,4084794,3.77
2023-03-22,Z07,31200,3388616,3860278,3.76
2023-03-23,Z07,31200,3397798,3870738,3.73
2023-03-24,Z07,31200,3474338,3957931,3.45
2023-03-25,Z07,31200,3683334,4196018,4.48
2023-03-26,Z07,31200,3771496,4296451,3.29
2023-03-27,Z07,31200,3397382,3870264,4.43
2023-03-28,Z07,31200,3437127,3915541,2.89
2023-03-29,Z07,31200,3356145,3823287,3.41
2023-03-30,Z07,31200,3495422,3981950,3.98
2023-03-31,Z07,31200,3592986,4093094,3.07
2023-04-01,Z07,31200,3905619,4449243,3.23
2023-04-02,Z07,31200,3920009,4465635,3.87
2023-04-03,Z07,31200,3778713,4304672,2.74
2023-04-04,Z07,31200,3792851,4320778,4.15
2023-04-05,Z07,31200,3718988,4236634,4.34
2023-04-06,Z07,31200,3622858,4127124,4.36
2023-04-07,Z07,31200,3637276,4143549,3.76
2023-04-08,Z07,31200,4246780,4837890,3.39
2023-04-09,Z07,31200,4256251,4848679,3.42
2023-04-10,Z07,31200,3562752,4058651,3.74
2023-04-11,Z07,31200,3938259,4486426,3.66
2023-04-12,Z07,31200,3913943,4458725,3.41
2023-04-13,Z07,31200,3951055,4501003,4.39
2023-04-14,Z07,31200,4238046,4827940,3.48
2023-04-15,Z07,31200,4339090,4943049,4.32
2023-04-16,Z07,31200,4184747,4767222,3.65
2023-04-17,Z07,31200,4129164,4703903,3.62
2023-04-18,Z07,31200,3881153,4421371,3.86
2023-04-19,Z07,31200,4300574,4899171,3.85
2023-04-20,Z07,31200,3840788,4375387,3.53
2023-04-21,Z07,31200,4141045,4717438,3.88
2023-04-22,Z07,31200,4330956,4933782,3.94
2023-04-23,Z07,31200,4400170,5012630,4.43
2023-04-24,Z07,31200,3964501,4516320,3.64
2023-04-25,Z07,31200,4356244,4962590,3.21
2023-04-26,Z07,31200,4366918,4974750,3.26
2023-04-27,Z07,31200,4231659,4820664,4.78
2023-04-28,Z07,31200,4448737,5067957,2.66
2023-04-29,Z07,31200,4607973,5249357,3.01
2023-04-30,Z07,31200,4770014,5433952,3.61
2023-05-01,Z07,31200,4279844,4875556,3.29
2023-05-02,Z07,31200,4147771,4725100,4.01
2023-05-03,Z07,31200,4477061,5100223,3.97
2023-05-04,Z07,31200,4239960,4830120,3.33
2023-05-05,Z07,31200,4625395,5269204,4.35
2023-05-06,Z07,31200,4758884,5421273,3.05
2023-05-07,Z07,31200,4979607,5672719,3.23
2023-05-08,Z07,31200,4429917,5046518,4.39
2023-05-09,Z07,31200,4652318,5299875,2.95
2023-05-10,Z07,31200,4696947,5350716,3.77
2023-05-11,Z07,31200,4378326,4987745,4.38
2023-05-12,Z07,31200,4360242,4967145,2.3
2023-05-13,Z07,31200,5003365,5699783,3.43
2023-05-14,Z07,31200,4818494,5489180,4.07
2023-05-15,Z07,31200,4674331,5324952,3.46
2023-05-16,Z07,31200,4208801,4794625,3.63
2023-05-17,Z07,31200,4526112,5156101,3.69
2023-05-18,Z07,31200,4884095,5563912,3.76
2023-05-19,Z07,31200,4935163,5622089,3.2
2023-05-20,Z07,31200,4954720,5644368,3.98
2023-05-21,Z07,31200,5455923,6215333,3.73
2023-05-22,Z07,31200,4415656,5030271,3.03
2023-05-23,Z07,31200,4708798,5364216,3.37
2023-05-24,Z07,31200,5068004,5773420,2.89
2023-05-25,Z07,31200,4623455,5266995,3.71
2023-05-26,Z07,31200,5035283,5736144,3.85
2023-05-27,Z07,31200,5448361,6206719,3.71
2023-05-28,Z07,31200,5512466,6279746,3.87
2023-05-29,Z07,31200,5053576,5756984,3.67
2023-05-30,Z07,31200,5311129,6050385,3.98
2023-05-31,Z07,31200,5141739,5857418,3.54
2023-06-01,Z07,31200,4811084,5480739,3.95
2023-06-02,Z07,31200,4697027,5350807,2.96
2023-06-03,Z07,31200,5553288,6326250,2.9
2023-06-04,Z07,31200,5577174,6353462,3.64
2023-06-05,Z07,31200,5059645,5763898,3.94
2023-06-06,Z07,31200,5224530,5951733,3.46
2023-06-07,Z07,31200,5244573,5974565,3.92
2023-06-08,Z07,31200,5130489,5844602,3.75
2023-06-09,Z07,31200,5280317,6015285,2.58
2023-06-10,Z07,31200,5445863,6203873,4.76
2023-06-11,Z07,31200,5670641,6459938,2.97
2023-06-12,Z07,31200,5446371,6204451,3.13
2023-06-13,Z07,31200,5907875,6730192,4.17
2023-06-14,Z07,31200,5139134,5854451,3.61
2023-06-15,Z07,31200,4940025,5627628,3.22
2023-06-16,Z07,31200,4923752,5609089,3.37
2023-06-17,Z07,31200,5564774,6339335,3.16
2023-06-18,Z07,31200,5692795,6485176,3.2
2023-06-19,Z07,31200,5419103,6173389,3.99
2023-06-20,Z07,31200,5049333,5752151,3.35
2023-06-21,Z07,31200,5368562,6115813,3.07
2023-06-22,Z07,31200,5183445,5904929,3.22
2023-06-23,Z07,31200,5382277,6131436,3.52
2023-06-24,Z07,31200,5865353,6681751,3.23
2023-06-25,Z07,31200,5904053,6725839,3.45
2023-06-26,Z07,31200,5554653,6327805,3.77
2023-06-27,Z07,31200,5227913,5955587,3.36
2023-06-28,Z07,31200,5138710,5853967,3.17
2023-06-29,Z07,31200,5459746,6219689,3.25
2023-06-30,Z07,31200,5448550,6206934,4.3
2023-07-01,Z07,31200,6166608,7024939,4.69
2023-07-02,Z07,31200,6245802,7115156,3.62
2023-07-03,Z07,31200,5508630,6275376,3.96
2023-07-04,Z07,31200,5528028,6297475,3.13
2023-07-05,Z07,31200,5374705,6122811,3.3
2023-07-06,Z07,31200,5811091,6619938,3.82
2023-07-07,Z07,31200,5586219,6363765,2.42
2023-07-08,Z07,31200,5976914,6808841,3.99
2023-07-09,Z07,31200,5893386,6713687,3.32
2023-07-10,Z07,31200,5079802,5786860,3.06
2023-07-11,Z07,31200,5312873,6052372,3.79
2023-07-12,Z07,31200,5738874,6537668,4.32
2023-07-13,Z07,31200,5762728,6564842,3.44
2023-07-14,Z07,31200,5379392,6128150,3.75
2023-07-15,Z07,31200,6232085,7099529,3.83
2023-07-16,Z07,31200,6427958,7322666,3.72
2023-07-17,Z07,31200,5600011,6379478,3.1
2023-07-18,Z07,31200,5186747,5908690,3.71
2023-07-19,Z07,31200,5960867,6790561,3.69
2023-07-20,Z07,31200,5460164,6220165,2.24
2023-07-21,Z07,31200,5329650,6071484,4.03
2023-07-22,Z07,31200,6213112,7077915,2.85
2023-07-23,Z07,31200,5895105,6715646,3.66
2023-07-24,Z07,31200,5603327,6383255,4.36
2023-07-25,Z07,31200,5332781,6075051,3.48
2023-07-26,Z07,31200,6112425,6963214,3.08
2023-07-27,Z07,31200,5512396,6279667,3.88
2023-07-28,Z07,31200,5803545,6611341,4.3
2023-07-29,Z07,31200,6041131,6881996,3.05
2023-07-30,Z07,31200,6273278,7146456,2.42
2023-07-31,Z07,31200,5327696,6069258,4.19
2023-08-01,Z07,31200,5630526,6414240,4.03
2023-08-02,Z07,31200,5171216,5890998,3.79
2023-08-03,Z07,31200,5505169,6271434,2.7
2023-08-04,Z07,31200,5310649,6049838,3.9
2023-08-05,Z07,31200,5844469,6657962,4.12
2023-08-06,Z07,31200,5386284,6136001,4.68
2023-08-07,Z07,31200,5418083,6172227,3.46
2023-08-08,Z07,31200,5228184,5955895,3.68
2023-08-09,Z07,31200,5730613,6528258,2.52
2023-08-10,Z07,31200,5340368,6083694,4.08
2023-08-11,Z07,31200,5548162,6320411,4.07
2023-08-12,Z07,31200,6127918,6980864,3.8
2023-08-13,Z07,31200,5741822,6541027,4.19
2023-08-14,Z07,31200,5279971,6014891,3.21
2023-08-15,Z07,31200,5390980,6141351,3.49
2023-08-16,Z07,31200,5460087,6220076,3.51
2023-08-17,Z07,31200,6005111,6840963,4.15
2023-08-18,Z07,31200,4955536,5645298,4.16
2023-08-19,Z07,31200,5894183,6714595,3.76
2023-08-20,Z07,31200,5533482,6303688,3.73
2023-08-21,Z07,31200,5194458,5917475,3.88
2023-08-22,Z07,31200,5581141,6357981,3.43
2023-08-23,Z07,31200,4936503,5623615,4.28
2023-08-24,Z07,31200,4862318,5539105,3.37
2023-08-25,Z07,31200,5368343,6115563,3.81
2023-08-26,Z07,31200,5639083,6423988,3.3
2023-08-27,Z07,31200,5596063,6374979,4.07
2023-08-28,Z07,31200,5010211,5707583,3.55
2023-08-29,Z07,31200,5106800,5817616,4.63
2023-08-30,Z07,31200,4657896,5306229,3.54
2023-08-31,Z07,31200,5196136,5919387,4.07
2023-09-01,Z07,31200,4962666,5653420,3.28
2023-09-02,Z07,31200,5896085,6716762,3.45
2023-09-03,Z07,31200,5577471,6353799,3.58
2023-09-04,Z07,31200,4944072,5632237,3.78
2023-09-05,Z07,31200,4938820,5626254,3.23
2023-09-06,Z07,31200,4497805,5123855,3.31
2023-09-07,Z07,31200,5029245,5729266,3.64
2023-09-08,Z07,31200,4812502,5482354,3.8
2023-09-09,Z07,31200,5328880,6070607,3.58
2023-09-10,Z07,31200,5441491,6198893,3.51
2023-09-11,Z07,31200,5091723,5800440,2.94
2023-09-12,Z07,31200,4704696,5359543,3.85
2023-09-13,Z07,31200,4674598,5325255,4.02
2023-09-14,Z07,31200,4533678,5164721,4.08
2023-09-15,Z07,31200,4645841,5292496,3.68
2023-09-16,Z07,31200,5093431,5802386,3.3
2023-09-17,Z07,31200,4804023,5472695,3.44
2023-09-18,Z07,31200,4640545,5286463,3.68
2023-09-19,Z07,31200,4910273,5593734,3.59
2023-09-20,Z07,31200,4834689,5507630,3.18
2023-09-21,Z07,31200,4186951,4769733,2.76
2023-09-22,Z07,31200,4566652,5202285,3.32
2023-09-23,Z07,31200,4958911,5649142,3.46
2023-09-24,Z07,31200,5226666,5954166,3.75
2023-09-25,Z07,31200,4696070,5349717,3.4
2023-09-26,Z07,31200,4405515,5018719,3.47
2023-09-27,Z07,31200,4202028,4786909,3.66
2023-09-28,Z07,31200,4367204,4975076,4.38
2023-09-29,Z07,31200,4461482,5082477,3.52
2023-09-30,Z07,31200,4629768,5274186,2.83
2023-10-01,Z07,31200,4884301,5564147,3.26
2023-10-02,Z07,31200,4160269,4739337,4.5
2023-10-03,Z07,31200,4497048,5122992,4.32
2023-10-04,Z07,31200,4629906,5274342,4.07
2023-10-05,Z07,31200,4378004,4987378,3.95
2023-10-06,Z07,31200,4041227,4603725,3.96
2023-10-07,Z07,31200,4614444,5256729,3.48
2023-10-08,Z07,31200,4211029,4797162,4.03
2023-10-09,Z07,31200,4358727,4965418,4.05
2023-10-10,Z07,31200,3823563,4355765,4.02
2023-10-11,Z07,31200,4039410,4601656,3.3
2023-10-12,Z07,31200,3865816,4403899,3.44
2023-10-13,Z07,31200,3891041,4432636,3.28
2023-10-14,Z07,31200,4558762,5193297,4.1
2023-10-15,Z07,31200,4358449,4965102,3.75
2023-10-16,Z07,31200,3805637,4335344,3.8
2023-10-17,Z07,31200,4009582,4567676,3.89
2023-10-18,Z07,31200,3921489,4467322,2.89
2023-10-19,Z07,31200,3982416,4536728,4.04
2023-10-20,Z07,31200,3839084,4373446,3.33
2023-10-21,Z07,31200,4192315,4775844,3.38
2023-10-22,Z07,31200,4127708,4702244,3.18
2023-10-23,Z07,31200,3712808,4229594,3.64
2023-10-24,Z07,31200,3586738,4085976,3.57
2023-10-25,Z07,31200,3656074,4164964,2.9
2023-10-26,Z07,31200,3682988,4195624,2.71
2023-10-27,Z07,31200,3575151,4072776,3.5
2023-10-28,Z07,31200,4289613,4886685,4.01
2023-10-29,Z07,31200,4102994,4674090,3.96
2023-10-30,Z07,31200,3571983,4069167,4.1
2023-10-31,Z07,31200,3788677,4316024,3.5
2023-11-01,Z07,31200,3643776,4150954,3.42
2023-11-02,Z07,31200,3540114,4032863,3.54
2023-11-03,Z07,31200,3467976,3950684,4.0
2023-11-04,Z07,31200,3958070,4508995,4.41
2023-11-05,Z07,31200,4046628,4609879,3.37
2023-11-06,Z07,31200,3578498,4076589,3.47
2023-11-07,Z07,31200,3509421,3997898,3.62
2023-11-08,Z07,31200,3307340,3767689,3.47
2023-11-09,Z07,31200,3284890,3742115,3.31
2023-11-10,Z07,31200,3409573,3884151,3.54
2023-11-11,Z07,31200,3848270,4383911,3.2
2023-11-12,Z07,31200,3778623,4304569,3.96
2023-11-13,Z07,31200,3592150,4092142,4.34
2023-11-14,Z07,31200,3385129,3856305,3.46
2023-11-15,Z07,31200,3283109,3740085,4.43
2023-11-16,Z07,31200,3427440,3904505,3.55
2023-11-17,Z07,31200,3427530,3904609,3.25
2023-11-18,Z07,31200,3599666,4100704,3.94
2023-11-19,Z07,31200,3515286,4004579,3.14
2023-11-20,Z07,31200,3135846,3572325,3.91
2023-11-21,Z07,31200,3105030,3537220,3.73
2023-11-22,Z07,31200,3270399,3725606,3.4
2023-11-23,Z07,31200,3126066,3561184,3.35
2023-11-24,Z07,31200,3113989,3547425,3.16
2023-11-25,Z07,31200,3644088,4151309,4.12
2023-11-26,Z07,31200,3514863,4004097,3.49
2023-11-27,Z07,31200,3280731,3737376,3.76
2023-11-28,Z07,31200,2994974,3411844,3.59
2023-11-29,Z07,31200,2956428,3367934,3.49
2023-11-30,Z07,31200,2874183,3274241,3.76
2023-12-01,Z07,31200,3123894,3558709,3.86
2023-12-02,Z07,31200,3259500,3713191,3.67
2023-12-03,Z07,31200,3321977,3784363,3.51
2023-12-04,Z07,31200,3000634,3418292,3.06
2023-12-05,Z07,31200,3140843,3578017,3.3
2023-12-06,Z07,31200,2964514,3377145,3.45
2023-12-07,Z07,31200,2814174,3205879,3.61
2023-12-08,Z07,31200,2935349,3343920,2.73
2023-12-09,Z07,31200,3326876,3789944,3.91
2023-12-10,Z07,31200,3126832,3562056,3.76
2023-12-11,Z07,31200,3160373,3600266,3.31
2023-12-12,Z07,31200,3004047,3422181,3.14
2023-12-13,Z07,31200,2937135,3345955,3.26
2023-12-14,Z07,31200,2797871,3187307,2.94
2023-12-15,Z07,31200,2840542,3235918,3.43
2023-12-16,Z07,31200,3115837,3549531,3.51
2023-12-17,Z07,31200,3274034,3729748,4.06
2023-12-18,Z07,31200,2956551,3368073,3.84
2023-12-19,Z07,31200,2753223,3136444,4.22
2023-12-20,Z07,31200,2815498,3207387,3.66
2023-12-21,Z07,31200,2772539,3158449,3.14
2023-12-22,Z07,31200,2873974,3274003,4.47
2023-12-23,Z07,31200,3062990,3489328,3.44
2023-12-24,Z07,31200,3149435,3587805,2.83
2023-12-25,Z07,31200,2790058,3178406,3.71
2023-12-26,Z07,31200,2745991,3128206,2.81
2023-12-27,Z07,31200,2970150,3383565,3.56
2023-12-28,Z07,31200,2781173,3168285,3.36
2023-12-29,Z07,31200,2719840,3098415,3.86
2023-12-30,Z07,31200,2969425,3382739,4.08
2023-12-31,Z07,31200,3097053,3528132,3.44
2024-01-01,Z07,31200,2748180,3130700,3.4
2024-01-02,Z07,31200,2666266,3037384,3.98
2024-01-03,Z07,31200,2762751,3147298,3.22
2024-01-04,Z07,31200,2701158,3077133,3.63
2024-01-05,Z07,31200,2888791,3290883,3.87
2024-01-06,Z07,31200,3074270,3502178,3.2
2024-01-07,Z07,31200,3231135,3680877,3.45
2024-01-08,Z07,31200,2621085,2985914,3.65
2024-01-09,Z07,31200,2896154,3299270,4.27
2024-01-10,Z07,31200,2748249,3130778,3.0
2024-01-11,Z07,31200,2765171,3150055,3.53
2024-01-12,Z07,31200,2790140,3178500,4.28
2024-01-13,Z07,31200,3169870,3611084,4.09
2024-01-14,Z07,31200,3080045,3508757,3.46
2024-01-15,Z07,31200,2919917,3326341,3.56
2024-01-16,Z07,31200,2591509,2952221,3.83
2024-01-17,Z07,31200,2899307,3302861,3.84
2024-01-18,Z07,31200,2735892,3116701,4.29
2024-01-19,Z07,31200,2412277,2748042,4.17
2024-01-20,Z07,31200,3038218,3461108,2.91
2024-01-21,Z07,31200,2888130,3290129,2.8
2024-01-22,Z07,31200,2859005,3256950,3.33
2024-01-23,Z07,31200,2713277,3090939,2.67
2024-01-24,Z07,31200,2713502,3091195,4.26
2024-01-25,Z07,31200,2619684,2984318,2.85
2024-01-26,Z07,31200,2917620,3323724,3.45
2024-01-27,Z07,31200,2972614,3386372,3.16
2024-01-28,Z07,31200,2940582,3349882,2.81
2024-01-29,Z07,31200,2757881,3141751,4.19
2024-01-30,Z07,31200,2752667,3135811,3.31
2024-01-31,Z07,31200,2857504,3255240,4.55
2024-02-01,Z07,31200,2682829,3056252,4.3
2024-02-02,Z07,31200,2742039,3123703,3.6
2024-02-03,Z07,31200,3166584,3607342,2.55
2024-02-04,Z07,31200,2851698,3248627,3.43
2024-02-05,Z07,31200,3026318,3447551,4.74
2024-02-06,Z07,31200,2962119,3374416,3.81
2024-02-07,Z07,31200,2700119,3075949,3.52
2024-02-08,Z07,31200,2816349,3208357,3.29
2024-02-09,Z07,31200,2862420,3260840,4.04
2024-02-10,Z07,31200,3240458,3691497,3.78
2024-02-11,Z07,31200,3183602,3626728,3.74
2024-02-12,Z07,31200,2846452,3242650,4.17
2024-02-13,Z07,31200,2833390,3227769,4.14
2024-02-14,Z07,31200,3030263,3452045,3.82
2024-02-15,Z07,31200,2856923,3254579,2.81
2024-02-16,Z07,31200,2977564,3392011,3.11
2024-02-17,Z07,31200,3060621,3486629,3.29
2024-02-18,Z07,31200,3185055,3628384,3.58
2024-02-19,Z07,31200,3028789,3450367,4.35
2024-02-20,Z07,31200,2785181,3172850,4.63
2024-02-21,Z07,31200,2819499,3211945,3.8
2024-02-22,Z07,31200,3054375,3479514,3.88
2024-02-23,Z07,31200,3169334,3610474,2.84
2024-02-24,Z07,31200,3185314,3628678,3.39
2024-02-25,Z07,31200,3264944,3719391,3.32
2024-02-26,Z07,31200,3091564,3521880,3.28
2024-02-27,Z07,31200,3242820,3694188,3.89
2024-02-28,Z07,31200,2826768,3220226,3.37
2024-02-29,Z07,31200,3183040,3626088,2.65
2024-03-01,Z07,31200,3001363,3419123,4.02
2024-03-02,Z07,31200,3450397,3930658,4.2
2024-03-03,Z07,31200,3516234,4005658,3.74
2024-03-04,Z07,31200,3211831,3658886,3.52
2024-03-05,Z07,31200,3015387,3435099,3.15
2024-03-06,Z07,31200,3179882,3622490,3.18
2024-03-07,Z07,31200,3257453,3710858,4.14
2024-03-08,Z07,31200,3027950,3449411,3.23
2024-03-09,Z07,31200,3803159,4332521,4.61
2024-03-10,Z07,31200,3710155,4226572,4.07
2024-03-11,Z07,31200,3481710,3966329,3.77
2024-03-12,Z07,31200,3340843,3805856,4.96
2024-03-13,Z07,31200,3441194,3920174,4.24
2024-03-14,Z07,31200,3108403,3541062,3.38
2024-03-15,Z07,31200,3221151,3669503,3.09
2024-03-16,Z07,31200,3832844,4366338,3.39
2024-03-17,Z07,31200,3732881,4252461,3.55
2024-03-18,Z07,31200,3653204,4161694,3.22
2024-03-19,Z07,31200,3456266,3937344,3.04
2024-03-20,Z07,31200,3357527,3824862,3.72
2024-03-21,Z07,31200,3408425,3882844,4.04
2024-03-22,Z07,31200,3455562,3936542,4.53
2024-03-23,Z07,31200,3776321,4301947,3.64
2024-03-24,Z07,31200,3965028,4516920,3.9
2024-03-25,Z07,31200,3692998,4207026,2.67
2024-03-26,Z07,31200,3626271,4131012,4.03
2024-03-27,Z07,31200,3811803,4342369,3.1
2024-03-28,Z07,31200,3613942,4116967,3.75
2024-03-29,Z07,31200,3408102,3882477,3.58
2024-03-30,Z07,31200,4002212,4559281,3.48
2024-03-31,Z07,31200,3985608,4540365,2.86
2024-04-01,Z07,31200,3780212,4306380,3.22
2024-04-02,Z07,31200,3738410,4258760,3.12
2024-04-03,Z07,31200,3629546,4134743,3.3
2024-04-04,Z07,31200,3787979,4315229,4.19
2024-04-05,Z07,31200,3812829,4343537,3.42
2024-04-06,Z07,31200,4268541,4862680,3.26
2024-04-07,Z07,31200,4409218,5022937,3.92
2024-04-08,Z07,31200,3657405,4166480,3.76
2024-04-09,Z07,31200,3923024,4469070,4.62
2024-04-10,Z07,31200,3584266,4083160,4.11
2024-04-11,Z07,31200,4139824,4716047,2.61
2024-04-12,Z07,31200,3935278,4483029,4.0
2024-04-13,Z07,31200,4494852,5120491,3.94
2024-04-14,Z07,31200,4513120,5141302,4.43
2024-04-15,Z07,31200,4023258,4583255,3.5
2024-04-16,Z07,31200,4280676,4876503,4.15
2024-04-17,Z07,31200,4190341,4773595,3.42
2024-04-18,Z07,31200,4109210,4681172,3.75
2024-04-19,Z07,31200,4126949,4701379,3.07
2024-04-20,Z07,31200,4309378,4909201,2.91
2024-04-21,Z07,31200,4399055,5011360,4.03
2024-04-22,Z07,31200,4228848,4817461,3.6
2024-04-23,Z07,31200,4342408,4946828,2.96
2024-04-24,Z07,31200,4560190,5194923,4.01
2024-04-25,Z07,31200,4065608,4631500,2.23
2024-04-26,Z07,31200,4439550,5057492,3.2
2024-04-27,Z07,31200,4885283,5565266,2.77
2024-04-28,Z07,31200,5019434,5718089,4.2
2024-04-29,Z07,31200,4028366,4589075,3.38
2024-04-30,Z07,31200,4227948,4816437,3.64
2024-05-01,Z07,31200,4323343,5832042,3.75
2024-05-02,Z07,31200,4510849,6084982,4.0
2024-05-03,Z07,31200,4229336,5705230,3.95
2024-05-04,Z07,31200,5082367,6855940,4.0
2024-05-05,Z07,31200,4737713,6391014,3.47
2024-05-06,Z07,31200,4650382,6273206,4.03
2024-05-07,Z07,31200,4920488,6637570,3.27
2024-05-08,Z07,31200,4687323,6323039,3.4
2024-05-09,Z07,31200,4546718,6133368,2.83
2024-05-10,Z07,31200,4686740,6322252,4.44
2024-05-11,Z07,31200,5221762,7043979,3.1
2024-05-12,Z07,31200,5440309,7338792,4.31
2024-05-13,Z07,31200,4605765,6213019,3.87
2024-05-14,Z07,31200,4592382,5231596,3.7
2024-05-15,Z07,31200,4931497,5617913,3.78
2024-05-16,Z07,31200,4884648,5564543,3.07
2024-05-17,Z07,31200,4805341,5474196,4.4
2024-05-18,Z07,31200,5873252,6690751,3.42
2024-05-19,Z07,31200,5736843,6535354,4.11
2024-05-20,Z07,31200,5096367,5805731,3.33
2024-05-21,Z07,31200,4772461,5436741,2.88
2024-05-22,Z07,31200,5079806,5786865,4.59
2024-05-23,Z07,31200,5032786,5733300,3.3
2024-05-24,Z07,31200,4865864,5543144,3.83
2024-05-25,Z07,31200,5523320,6292111,2.09
2024-05-26,Z07,31200,5690603,6482678,3.56
2024-05-27,Z07,31200,5197611,5921066,3.9
2024-05-28,Z07,31200,5268787,6002150,3.67
2024-05-29,Z07,31200,5347098,6091362,3.55
2024-05-30,Z07,31200,5222978,5949965,3.49
2024-05-31,Z07,31200,4994169,5689308,4.04
2024-06-01,Z07,31200,5861331,6677170,2.95
2024-06-02,Z07,31200,5347233,6091514,3.48
2024-06-03,Z07,31200,5406344,6158853,4.32
2024-06-04,Z07,31200,5050176,5753110,2.86
2024-06-05,Z07,31200,5562778,6337061,3.55
2024-06-06,Z07,31200,5380582,6129506,3.05
2024-06-07,Z07,31200,5500098,6265658,3.75
2024-06-08,Z07,31200,5810658,6619444,3.62
2024-06-09,Z07,31200,6101070,6950278,3.13
2024-06-10,Z07,31200,5647806,6433925,3.61
2024-06-11,Z07,31200,5568386,6343450,3.63
2024-06-12,Z07,31200,5406417,6158936,3.3
2024-06-13,Z07,31200,5554875,6328059,3.39
2024-06-14,Z07,31200,5461632,6221837,3.28
2024-06-15,Z07,31200,5839077,6651819,2.46
2024-06-16,Z07,31200,6175469,7035033,4.06
2024-06-17,Z07,31200,5299898,6037591,4.2
2024-06-18,Z07,31200,5474868,6236915,2.72
2024-06-19,Z07,31200,5333876,6076299,4.2
2024-06-20,Z07,31200,5141071,5856657,3.8
2024-06-21,Z07,31200,5603162,6383066,3.05
2024-06-22,Z07,31200,6083355,6930097,3.5
2024-06-23,Z07,31200,6115553,6966777,3.25
2024-06-24,Z07,31200,5299275,6036882,4.06
2024-06-25,Z07,31200,5373945,6121945,3.14
2024-06-26,Z07,31200,5351985,6096928,4.66
2024-06-27,Z07,31200,5767060,6569777,4.18
2024-06-28,Z07,31200,5398672,6150114,2.99
2024-06-29,Z07,31200,6562299,7475706,4.42
2024-06-30,Z07,31200,6101457,6950719,3.96
2024-07-01,Z07,31200,5437352,6194177,3.52
2024-07-02,Z07,31200,6011671,6848436,3.94
2024-07-03,Z07,31200,5513519,6280946,4.06
2024-07-04,Z07,31200,6063508,6907488,3.22
2024-07-05,Z07,31200,5527088,6296404,4.02
2024-07-06,Z07,31200,6184995,7045885,3.38
2024-07-07,Z07,31200,6467721,7367964,4.01
2024-07-08,Z07,31200,5299431,6037060,3.53
2024-07-09,Z07,31200,5998347,6833257,3.1
2024-07-10,Z07,31200,5391550,6142000,3.92
2024-07-11,Z07,31200,5473862,6235769,3.41
2024-07-12,Z07,31200,5440862,6198176,3.68
2024-07-13,Z07,31200,6188347,7049703,3.8
2024-07-14,Z07,31200,6083361,6930104,4.33
2024-07-15,Z07,31200,5305879,6044405,3.38
2024-07-16,Z07,31200,5815238,6624661,3.18
2024-07-17,Z07,31200,5681856,6472714,4.42
2024-07-18,Z07,31200,5680011,6470612,3.6
2024-07-19,Z07,31200,5791381,6597484,3.33
2024-07-20,Z07,31200,6596643,7514830,3.78
2024-07-21,Z07,31200,5926030,6750875,3.43
2024-07-22,Z07,31200,5842280,6655467,3.47
2024-07-23,Z07,31200,5727513,6524726,4.89
2024-07-24,Z07,31200,5369251,6116598,3.11
2024-07-25,Z07,31200,5584163,6361423,2.88
2024-07-26,Z07,31200,5468371,6229514,4.21
2024-07-27,Z07,31200,6364781,7250696,3.41
2024-07-28,Z07,31200,6154230,7010838,3.76
2024-07-29,Z07,31200,5763583,6565816,3.92
2024-07-30,Z07,31200,5483746,6247029,2.73
2024-07-31,Z07,31200,5419655,6174017,4.17
2024-08-01,Z07,31200,5642019,6427332,3.32
2024-08-02,Z07,31200,5472744,6234496,4.55
2024-08-03,Z07,31200,6383729,7272281,3.2
2024-08-04,Z07,31200,6426185,7320646,4.38
2024-08-05,Z07,31200,5464329,6224909,4.47
2024-08-06,Z07,31200,5569466,6344681,3.36
2024-08-07,Z07,31200,5517799,6285822,3.5
2024-08-08,Z07,31200,5597527,6376648,3.44
2024-08-09,Z07,31200,5075085,5781487,4.36
2024-08-10,Z07,31200,6040829,6881652,3.69
2024-08-11,Z07,31200,5811166,6620023,3.87
2024-08-12,Z07,31200,5267916,6001158,3.53
2024-08-13,Z07,31200,5100281,5810190,3.84
2024-08-14,Z07,31200,4972844,5665015,3.87
2024-08-15,Z07,31200,5726604,6523690,3.3
2024-08-16,Z07,31200,5448350,6206707,4.49
2024-08-17,Z07,31200,5667790,6456691,3.5
2024-08-18,Z07,31200,5857166,6672425,4.11
2024-08-19,Z07,31200,5278652,6013388,2.97
2024-08-20,Z07,31200,5475570,6237715,3.94
2024-08-21,Z07,31200,5240618,5970060,4.13
2024-08-22,Z07,31200,5778593,6582916,3.73
2024-08-23,Z07,31200,5430640,6186531,4.14
2024-08-24,Z07,31200,5866199,6682715,3.25
2024-08-25,Z07,31200,5750822,6551279,3.84
2024-08-26,Z07,31200,5463585,6224062,2.84
2024-08-27,Z07,31200,5004105,5700627,3.67
2024-08-28,Z07,31200,5428295,6183859,3.2
2024-08-29,Z07,31200,5279002,6013787,3.57
2024-08-30,Z07,31200,5088743,5797045,4.29
2024-08-31,Z07,31200,5533372,6303563,4.47
2024-09-01,Z07,31200,5623698,6406461,2.96
2024-09-02,Z07,31200,4674128,5324720,4.22
2024-09-03,Z07,31200,5006632,5703505,4.3
2024-09-04,Z07,31200,5028507,5728425,3.76
2024-09-05,Z07,31200,5212364,5937874,4.28
2024-09-06,Z07,31200,5279861,6014766,3.39
2024-09-07,Z07,31200,5626160,6409266,3.34
2024-09-08,Z07,31200,4924030,5609406,3.35
2024-09-09,Z07,31200,4831821,5504362,3.96
2024-09-10,Z07,31200,5440472,6197732,3.55
2024-09-11,Z07,31200,4777315,5442270,3.24
2024-09-12,Z07,31200,4381959,4991884,3.27
2024-09-13,Z07,31200,5153736,5871085,3.6
2024-09-14,Z07,31200,4965240,5656352,3.18
2024-09-15,Z07,31200,5625539,6408558,3.93
2024-09-16,Z07,31200,4412377,5026536,4.2
2024-09-17,Z07,31200,5218062,5944365,4.09
2024-09-18,Z07,31200,4627491,5271591,5.06
2024-09-19,Z07,31200,4750068,5411230,3.81
2024-09-20,Z07,31200,4927262,5613088,4.45
2024-09-21,Z07,31200,5226253,5953695,3.69
2024-09-22,Z07,31200,5438107,6195038,3.46
2024-09-23,Z07,31200,4762569,5425472,3.66
2024-09-24,Z07,31200,4699118,5353189,3.68
2024-09-25,Z07,31200,4547411,5180365,3.54
2024-09-26,Z07,31200,4371825,4980340,3.06
2024-09-27,Z07,31200,4463610,5084900,3.11
2024-09-28,Z07,31200,5021961,5720968,4.17
2024-09-29,Z07,31200,5158624,5876654,4.02
2024-09-30,Z07,31200,4328974,4931525,4.49
2024-10-01,Z07,31200,4706987,5362153,3.4
2024-10-02,Z07,31200,4236757,4826472,3.36
2024-10-03,Z07,31200,4510015,5137765,3.03
2024-10-04,Z07,31200,4155999,4734473,4.13
2024-10-05,Z07,31200,4774528,5439095,3.15
2024-10-06,Z07,31200,5057240,5761158,3.58
2024-10-07,Z07,31200,4126767,4701173,3.76
2024-10-08,Z07,31200,4112698,4685144,2.82
2024-10-09,Z07,31200,4481946,5105789,3.99
2024-10-10,Z07,31200,4348930,4954258,4.11
2024-10-11,Z07,31200,4241094,4831413,3.74
2024-10-12,Z07,31200,4404249,5017276,3.56
2024-10-13,Z07,31200,4793161,5460321,3.58
2024-10-14,Z07,31200,3878608,4418471,4.3
2024-10-15,Z07,31200,4136807,4712609,3.63
2024-10-16,Z07,31200,4034375,4595920,3.59
2024-10-17,Z07,31200,4108234,4680059,3.26
2024-10-18,Z07,31200,3924388,4470624,2.2
2024-10-19,Z07,31200,4310588,4910579,4.15
2024-10-20,Z07,31200,4264905,4858537,3.6
2024-10-21,Z07,31200,3905302,4448881,3.16
2024-10-22,Z07,31200,4040077,4602415,4.66
2024-10-23,Z07,31200,3819354,4350970,3.82
2024-10-24,Z07,31200,3990477,4545912,3.5
2024-10-25,Z07,31200,3848666,4384362,4.11
2024-10-26,Z07,31200,4485515,5109854,3.78
2024-10-27,Z07,31200,4423035,5038678,3.77
2024-10-28,Z07,31200,3629510,4134701,3.3
2024-10-29,Z07,31200,3886844,4427854,3.95
2024-10-30,Z07,31200,3836121,4370071,4.07
2024-10-31,Z07,31200,3761929,4285552,3.3
2024-11-01,Z07,31200,3418511,3894333,2.65
2024-11-02,Z07,31200,4095720,4665804,4.08
2024-11-03,Z07,31200,4351687,4957399,3.91
2024-11-04,Z07,31200,3521892,4012105,4.02
2024-11-05,Z07,31200,3957131,4507924,3.62
2024-11-06,Z07,31200,3201933,3647610,4.08
2024-11-07,Z07,31200,3655380,4164172,3.27
2024-11-08,Z07,31200,3698136,4212880,3.51
2024-11-09,Z07,31200,4014279,4573027,3.08
2024-11-10,Z07,31200,3994886,4550934,4.18
2024-11-11,Z07,31200,3433605,3911528,3.58
2024-11-12,Z07,31200,3466050,3948489,3.72
2024-11-13,Z07,31200,3581510,4080020,3.82
2024-11-14,Z07,31200,3240491,3691535,3.48
2024-11-15,Z07,31200,3378929,3849242,4.01
2024-11-16,Z07,31200,3639221,4145764,4.43
2024-11-17,Z07,31200,3684940,4197847,4.09
2024-11-18,Z07,31200,3563892,4059951,2.74
2024-11-19,Z07,31200,3691861,4205731,3.65
2024-11-20,Z07,31200,3430050,3907479,3.68
2024-11-21,Z07,31200,3170238,3611503,4.22
2024-11-22,Z07,31200,3441159,3920134,3.33
2024-11-23,Z07,31200,3292374,3750640,3.08
2024-11-24,Z07,31200,3355731,3822816,4.02
2024-11-25,Z07,31200,3172659,3614261,3.59
2024-11-26,Z07,31200,3204395,3650415,3.29
2024-11-27,Z07,31200,3140227,3577316,3.47
2024-11-28,Z07,31200,3277110,3733252,2.89
2024-11-29,Z07,31200,3326334,3789326,3.69
2024-11-30,Z07,31200,3520689,4010734,3.45
2024-12-01,Z07,31200,3471804,3955045,3.87
2024-12-02,Z07,31200,3300080,3759419,3.5
2024-12-03,Z07,31200,3138272,3575089,3.62
2024-12-04,Z07,31200,3152668,3591488,3.37
2024-12-05,Z07,31200,3172832,3614459,3.47
2024-12-06,Z07,31200,3442616,3921794,3.04
2024-12-07,Z07,31200,3271967,3727393,4.12
2024-12-08,Z07,31200,3204233,3650230,3.58
2024-12-09,Z07,31200,3001552,3419338,2.61
2024-12-10,Z07,31200,3077222,3505541,2.81
2024-12-11,Z07,31200,3204942,3651038,4.12
2024-12-12,Z07,31200,3016786,3436693,3.58
2024-12-13,Z07,31200,2883076,3284372,3.59
2024-12-14,Z07,31200,3040321,3463503,3.6
2024-12-15,Z07,31200,3020931,3441414,3.84
2024-12-16,Z07,31200,2798464,3187982,4.37
2024-12-17,Z07,31200,2687599,3061686,3.82
2024-12-18,Z07,31200,2989776,3405923,3.75
2024-12-19,Z07,31200,2927098,3334522,3.31
2024-12-20,Z07,31200,2975379,3389523,2.83
2024-12-21,Z07,31200,3503780,3991471,3.84
2024-12-22,Z07,31200,2961998,3374279,3.88
2024-12-23,Z07,31200,2888381,3290415,4.15
2024-12-24,Z07,31200,2986044,3401671,4.46
2024-12-25,Z07,31200,2830199,3224135,3.02
2024-12-26,Z07,31200,2828719,3222449,3.29
2024-12-27,Z07,31200,2956100,3367559,3.93
2024-12-28,Z07,31200,3240609,3691670,3.6
2024-12-29,Z07,31200,3281039,3737728,4.32
2024-12-30,Z07,31200,2809596,3200664,3.5
2024-12-31,Z07,31200,2778972,3165777,4.6
2025-01-01,Z07,31200,2897868,3301222,3.63
2025-01-02,Z07,31200,3104628,3536761,4.41
2025-01-03,Z07,31200,2727036,3106613,2.4
2025-01-04,Z07,31200,3206568,3652890,3.84
2025-01-05,Z07,31200,3104954,3537133,3.61
2025-01-06,Z07,31200,2721661,3100489,2.55
2025-01-07,Z07,31200,2653101,3022386,3.59
2025-01-08,Z07,31200,2864884,3263647,2.98
2025-01-09,Z07,31200,2853398,3250563,3.34
2025-01-10,Z07,31200,2663562,3034303,3.75
2025-01-11,Z07,31200,3186604,3630148,3.54
2025-01-12,Z07,31200,2980787,3395683,3.78
2025-01-13,Z07,31200,2754091,3137433,3.68
2025-01-14,Z07,31200,2986431,3402113,4.78
2025-01-15,Z07,31200,2900367,3304070,3.73
2025-01-16,Z07,31200,2627333,2993032,3.66
2025-01-17,Z07,31200,2824579,3217732,3.81
2025-01-18,Z07,31200,3129395,3564976,3.59
2025-01-19,Z07,31200,3110869,3543871,2.81
2025-01-20,Z07,31200,2771588,3157366,3.95
2025-01-21,Z07,31200,2815128,3206966,4.25
2025-01-22,Z07,31200,2880392,3281314,4.38
2025-01-23,Z07,31200,2708142,3085089,3.94
2025-01-24,Z07,31200,2904286,3308534,3.47
2025-01-25,Z07,31200,3165102,3605653,3.73
2025-01-26,Z07,31200,3137379,3574071,4.49
2025-01-27,Z07,31200,2831052,3225106,3.49
2025-01-28,Z07,31200,2825707,3219018,3.0
2025-01-29,Z07,31200,2667846,3039184,4.7
2025-01-30,Z07,31200,2951954,3362836,3.09
2025-01-31,Z07,31200,2803192,3193368,2.81
2025-02-01,Z07,31200,3036304,3458928,3.76
2025-02-02,Z07,31200,3175839,3617884,3.8
2025-02-03,Z07,31200,2831314,3225405,3.83
2025-02-04,Z07,31200,2831715,3225862,4.04
2025-02-05,Z07,31200,3005795,3424172,3.52
2025-02-06,Z07,31200,2860593,3258759,3.53
2025-02-07,Z07,31200,2825762,3219080,3.31
2025-02-08,Z07,31200,3357771,3825140,3.67
2025-02-09,Z07,31200,3522344,4012619,3.87
2025-02-10,Z07,31200,3135121,3571499,4.05
2025-02-11,Z07,31200,2984812,3400269,3.15
2025-02-12,Z07,31200,2989854,3406012,2.98
2025-02-13,Z07,31200,3049551,3474018,4.04
2025-02-14,Z07,31200,2894677,3297588,3.34
2025-02-15,Z07,31200,2907760,3312491,3.11
2025-02-16,Z07,31200,2944856,3354751,2.67
2025-02-17,Z07,31200,3049896,3474411,4.3
2025-02-18,Z07,31200,3175079,3617018,3.74
2025-02-19,Z07,31200,3123686,3558472,3.87
2025-02-20,Z07,31200,3062270,3488508,3.82
2025-02-21,Z07,31200,3185494,3628883,3.71
2025-02-22,Z07,31200,3395185,3867761,3.59
2025-02-23,Z07,31200,3191538,3635768,3.56
2025-02-24,Z07,31200,3004565,3422770,3.11
2025-02-25,Z07,31200,3130178,3565868,2.72
2025-02-26,Z07,31200,3353027,3819735,4.72
2025-02-27,Z07,31200,3087132,3516830,3.62
2025-02-28,Z07,31200,3238352,3689098,3.38
2025-03-01,Z07,31200,3458363,3939733,3.2
2025-03-02,Z07,31200,3917386,4462648,4.12
2025-03-03,Z07,31200,3134553,3570852,3.67
2025-03-04,Z07,31200,3210404,3657260,3.17
2025-03-05,Z07,31200,3375147,3844934,3.45
2025-03-06,Z07,31200,3367686,3836435,3.76
2025-03-07,Z07,31200,3528946,4020141,3.41
2025-03-08,Z07,31200,3470810,3953913,4.01
2025-03-09,Z07,31200,3604607,4106332,4.66
2025-03-10,Z07,31200,3696293,4210780,3.39
2025-03-11,Z07,31200,3255841,3709022,3.46
2025-03-12,Z07,31200,3383270,3854188,3.19
2025-03-13,Z07,31200,3237948,3688638,3.52
2025-03-14,Z07,31200,3368464,3837321,2.62
2025-03-15,Z07,31200,3906522,4450271,4.15
2025-03-16,Z07,31200,3842227,4377027,2.93
2025-03-17,Z07,31200,3455907,3936935,3.2
2025-03-18,Z07,31200,3558515,4053825,3.64
2025-03-19,Z07,31200,3390917,3862899,4.29
2025-03-20,Z07,31200,3639064,4145586,3.17
2025-03-21,Z07,31200,3498093,3984993,3.51
2025-03-22,Z07,31200,3590213,4089935,3.75
2025-03-23,Z07,31200,4194537,4778375,3.26
2025-03-24,Z07,31200,3768736,4293307,3.54
2025-03-25,Z07,31200,3868096,4406496,2.8
2025-03-26,Z07,31200,3812350,4342992,3.34
2025-03-27,Z07,31200,3729944,4249115,4.22
2025-03-28,Z07,31200,3715357,4232497,4.01
2025-03-29,Z07,31200,3958137,4509071,3.38
2025-03-30,Z07,31200,3959462,4510580,3.09
2025-03-31,Z07,31200,3622436,4126643,3.49
2025-04-01,Z07,31200,3778052,4303919,2.87
2025-04-02,Z07,31200,3828001,4360820,3.5
2025-04-03,Z07,31200,3774070,4299383,3.39
2025-04-04,Z07,31200,3921948,4467845,3.38
2025-04-05,Z07,31200,4133643,4709005,3.53
2025-04-06,Z07,31200,4422431,5037990,3.87
2025-04-07,Z07,31200,3719953,4237734,3.08
2025-04-08,Z07,31200,4002837,4559992,4.08
2025-04-09,Z07,31200,3832774,4366258,4.16
2025-04-10,Z07,31200,4120449,4693974,4.7
2025-04-11,Z07,31200,3809967,4340276,3.75
2025-04-12,Z07,31200,4148043,4725409,4.34
2025-04-13,Z07,31200,4575398,5212249,4.09
2025-04-14,Z07,31200,4136301,4712033,3.7
2025-04-15,Z07,31200,4271804,4866397,2.99
2025-04-16,Z07,31200,3980139,4534135,4.05
2025-04-17,Z07,31200,4393111,5004588,3.72
2025-04-18,Z07,31200,4215593,4802361,4.49
2025-04-19,Z07,31200,4158808,4737672,3.97
2025-04-20,Z07,31200,4760730,5423376,4.13
2025-04-21,Z07,31200,4236346,4826003,3.31
2025-04-22,Z07,31200,4109208,4681169,3.72
2025-04-23,Z07,31200,4501896,5128516,2.64
2025-04-24,Z07,31200,4346476,4951463,3.88
2025-04-25,Z07,31200,4524901,5154722,4.21
2025-04-26,Z07,31200,4927411,5613257,4.3
2025-04-27,Z07,31200,4754731,5416542,3.42
2025-04-28,Z07,31200,4306504,4905927,2.69
2025-04-29,Z07,31200,4534313,5165444,3.33
2025-04-30,Z07,31200,4641208,5287219,3.56
2025-05-01,Z07,31200,4627351,5271432,3.8
2025-05-02,Z07,31200,4332293,4935305,2.59
2025-05-03,Z07,31200,5019058,5717661,3.55
2025-05-04,Z07,31200,4828337,5500394,3.08
2025-05-05,Z07,31200,4848679,5523567,4.32
2025-05-06,Z07,31200,4603968,5244794,2.43
2025-05-07,Z07,31200,4718406,5375161,4.11
2025-05-08,Z07,31200,4807937,5477154,3.52
2025-05-09,Z07,31200,4698947,5352994,2.58
2025-05-10,Z07,31200,5043506,5745512,4.44
2025-05-11,Z07,31200,5354754,6100082,4.28
2025-05-12,Z07,31200,4578934,5216276,4.22
2025-05-13,Z07,31200,4868610,5546272,3.65
2025-05-14,Z07,31200,4620212,5263300,3.26
2025-05-15,Z07,31200,4708241,5363582,3.63
2025-05-16,Z07,31200,5160443,5878726,3.87
2025-05-17,Z07,31200,5350015,6094684,3.33
2025-05-18,Z07,31200,5317452,6057588,3.17
2025-05-19,Z07,31200,5093121,5802033,3.85
2025-05-20,Z07,31200,5435799,6192408,3.7
2025-05-21,Z07,31200,5039636,5741103,4.06
2025-05-22,Z07,31200,5299028,6036600,4.36
2025-05-23,Z07,31200,4994189,5689331,4.03
2025-05-24,Z07,31200,5780118,6584653,3.02
2025-05-25,Z07,31200,5449314,6207805,3.59
2025-05-26,Z07,31200,5261739,5994120,3.79
2025-05-27,Z07,31200,5221131,5947861,4.0
2025-05-28,Z07,31200,4979450,5672540,4.03
2025-05-29,Z07,31200,5054904,6009260,3.57
2025-05-30,Z07,31200,5013296,5959797,3.35
2025-05-31,Z07,31200,5652937,6720201,4.1
2025-06-01,Z07,31200,5913721,7030221,3.79
2025-06-02,Z07,31200,5332140,6338838,3.74
2025-06-03,Z07,31200,5335667,6343031,3.25
2025-06-04,Z07,31200,5296679,6296682,4.65
2025-06-05,Z07,31200,5762904,6850930,3.72
2025-06-06,Z07,31200,5406080,6426738,3.56
2025-06-07,Z07,31200,6050803,6893015,3.72
2025-06-08,Z07,31200,5982908,6815670,3.53
2025-06-09,Z07,31200,5730330,6527935,2.96
2025-06-10,Z07,31200,5483536,6246790,3.75
2025-06-11,Z07,31200,5229017,5956845,2.87
2025-06-12,Z07,31200,5721001,6517308,3.65
2025-06-13,Z07,31200,5607685,6388219,2.8
2025-06-14,Z07,31200,5765722,6568253,2.52
2025-06-15,Z07,31200,5879192,6697518,3.91
2025-06-16,Z07,31200,5604959,6385114,3.05
2025-06-17,Z07,31200,5753455,6554278,3.82
2025-06-18,Z07,31200,5749773,6550085,3.68
2025-06-19,Z07,31200,5858924,6674428,3.67
2025-06-20,Z07,31200,5830622,6642186,3.29
2025-06-21,Z07,31200,6302411,7179644,3.53
2025-06-22,Z07,31200,5824492,6635203,3.27
2025-06-23,Z07,31200,5514072,6281576,4.07
2025-06-24,Z07,31200,6053617,6896221,3.36
2025-06-25,Z07,31200,5988981,6822588,3.48
2025-06-26,Z07,31200,5733095,6531085,3.97
2025-06-27,Z07,31200,5709005,6503642,3.29
2025-06-28,Z07,31200,6436597,7332508,2.7
2025-06-29,Z07,31200,6081068,6927493,3.07
2025-06-30,Z07,31200,5713744,6509041,4.13
2025-07-01,Z07,31200,5923928,6748480,3.64
2025-07-02,Z07,31200,5660874,6448811,3.75
2025-07-03,Z07,31200,5909040,6731520,3.75
2025-07-04,Z07,31200,5896336,6717048,4.49
2025-07-05,Z07,31200,6507049,7412765,2.56
2025-07-06,Z07,31200,6474241,7375392,3.54
2025-07-07,Z07,31200,6137643,7744634,3.62
2025-07-08,Z07,31200,5955977,7515403,3.59
2025-07-09,Z07,31200,5939857,7495063,4.0
2025-07-10,Z07,31200,6017092,7592520,4.01
2025-07-11,Z07,31200,6390444,8063624,3.49
2025-07-12,Z07,31200,6326942,7983496,2.76
2025-07-13,Z07,31200,6477117,8172991,4.85
2025-07-14,Z07,31200,5966305,7528436,3.6
2025-07-15,Z07,31200,5391119,6802652,3.64
2025-07-16,Z07,31200,5677622,7164168,4.23
2025-07-17,Z07,31200,5907610,7454373,3.4
2025-07-18,Z07,31200,5815905,7338657,4.25
2025-07-19,Z07,31200,6673366,7602232,3.45
2025-07-20,Z07,31200,6478158,7379853,4.51
2025-07-21,Z07,31200,6005964,6841935,3.83
2025-07-22,Z07,31200,5930300,6755739,3.26
2025-07-23,Z07,31200,6011073,6847755,4.69
2025-07-24,Z07,31200,5615043,6396602,3.9
2025-07-25,Z07,31200,5724643,6521456,3.3
2025-07-26,Z07,31200,5856999,6672235,2.9
2025-07-27,Z07,31200,6828852,7779360,3.95
2025-07-28,Z07,31200,5859199,6674742,4.29
2025-07-29,Z07,31200,5504248,6270384,3.79
2025-07-30,Z07,31200,5798569,6605672,3.77
2025-07-31,Z07,31200,5915293,6738644,4.38
2025-08-01,Z07,31200,5861085,6676890,3.9
2025-08-02,Z07,31200,6223741,7090024,3.27
2025-08-03,Z07,31200,6837688,7789426,3.29
2025-08-04,Z07,31200,6017054,6854568,3.88
2025-08-05,Z07,31200,5759799,6561506,3.85
2025-08-06,Z07,31200,5191145,5913701,4.14
2025-08-07,Z07,31200,5766221,6568822,3.78
2025-08-08,Z07,31200,5627434,6410717,3.94
2025-08-09,Z07,31200,6489399,7392659,3.77
2025-08-10,Z07,31200,6265795,7137932,4.08
2025-08-11,Z07,31200,5491977,6256405,3.97
2025-08-12,Z07,31200,5952379,6780892,3.47
2025-08-13,Z07,31200,5425107,6180228,3.51
2025-08-14,Z07,31200,5657152,6444571,3.76
2025-08-15,Z07,31200,5622538,6405140,3.66
2025-08-16,Z07,31200,6275522,7149012,4.26
2025-08-17,Z07,31200,6417954,7311269,3.71
2025-08-18,Z07,31200,5612889,6394147,2.89
2025-08-19,Z07,31200,5392636,6143237,3.01
2025-08-20,Z07,31200,5345536,6089581,3.48
2025-08-21,Z07,31200,5201631,5925647,3.96
2025-08-22,Z07,31200,5519993,6288321,3.24
2025-08-23,Z07,31200,5907083,6729290,3.93
2025-08-24,Z07,31200,5997050,6831780,3.22
2025-08-25,Z07,31200,5731261,7316918,3.68
2025-08-26,Z07,31200,5511065,7035800,3.81
2025-08-27,Z07,31200,5491128,7010347,3.03
2025-08-28,Z07,31200,5109728,6523427,3.8
2025-08-29,Z07,31200,5300558,6767053,4.41
2025-08-30,Z07,31200,6228729,7952019,3.5
2025-08-31,Z07,31200,6269080,8003534,3.64
2025-09-01,Z07,31200,5434761,6938386,3.73
2025-09-02,Z07,31200,5376070,6863456,3.65
2025-09-03,Z07,31200,5454930,6964135,3.61
2025-09-04,Z07,31200,5040310,6434802,3.57
2025-09-05,Z07,31200,5185877,6620643,2.82
2025-09-06,Z07,31200,5620837,7175943,3.83
2025-09-07,Z07,31200,5971140,7623163,3.06
2025-09-08,Z07,31200,5045188,6441030,3.79
2025-09-09,Z07,31200,5217791,6661387,3.95
2025-09-10,Z07,31200,5106747,5817556,3.8
2025-09-11,Z07,31200,5020031,5718769,3.16
2025-09-12,Z07,31200,5235674,5964428,3.76
2025-09-13,Z07,31200,5817589,6627340,3.49
2025-09-14,Z07,31200,5783190,6588152,3.31
2025-09-15,Z07,31200,4687580,5340044,4.63
2025-09-16,Z07,31200,4807114,5476217,3.15
2025-09-17,Z07,31200,5084642,5792373,3.85
2025-09-18,Z07,31200,5143543,5859474,4.36
2025-09-19,Z07,31200,4884225,5564061,3.79
2025-09-20,Z07,31200,5318067,6058290,3.29
2025-09-21,Z07,31200,4601196,5241637,3.32
2025-09-22,Z07,31200,4566796,5202449,2.9
2025-09-23,Z07,31200,4810316,5479864,3.65
2025-09-24,Z07,31200,4714302,5370486,3.67
2025-09-25,Z07,31200,4767489,5431076,3.47
2025-09-26,Z07,31200,4688201,5340752,4.31
2025-09-27,Z07,31200,5531708,6301667,3.58
2025-09-28,Z07,31200,5109028,5820154,2.82
2025-09-29,Z07,31200,4461477,5082470,4.36
2025-09-30,Z07,31200,4412145,5026271,3.03
2025-10-01,Z07,31200,4697454,5351293,3.87
2025-10-02,Z07,31200,4678868,5330120,3.94
2025-10-03,Z07,31200,4722935,5380321,3.58
2025-10-04,Z07,31200,4752989,5414558,4.09
2025-10-05,Z07,31200,4555922,5190061,3.66
2025-10-06,Z07,31200,4131085,4706091,3.44
2025-10-07,Z07,31200,4362013,4969162,2.58
2025-10-08,Z07,31200,4308136,4907786,2.76
2025-10-09,Z07,31200,4601931,5242475,5.0
2025-10-10,Z07,31200,4391761,5003051,3.99
2025-10-11,Z07,31200,5140209,5855676,4.25
2025-10-12,Z07,31200,4992155,5687014,4.88
2025-10-13,Z07,31200,4350021,4955500,3.44
2025-10-14,Z07,31200,4234135,4823485,3.55
2025-10-15,Z07,31200,4140728,4717076,2.8
2025-10-16,Z07,31200,4346787,4951816,3.48
2025-10-17,Z07,31200,4203745,4788864,3.47
2025-10-18,Z07,31200,4756946,5419066,3.43
2025-10-19,Z07,31200,4411886,5025976,4.15
2025-10-20,Z07,31200,4019612,4579102,3.98
2025-10-21,Z07,31200,3898224,4440818,4.08
2025-10-22,Z07,31200,4278533,4874063,3.01
2025-10-23,Z07,31200,3921834,4467715,3.64
2025-10-24,Z07,31200,4025754,4586100,3.8
2025-10-25,Z07,31200,4356657,4963061,4.56
2025-10-26,Z07,31200,4257850,4850501,3.68
2025-10-27,Z07,31200,3711736,4228373,3.54
2025-10-28,Z07,31200,4189484,4772619,4.17
2025-10-29,Z07,31200,3874416,4413696,3.5
2025-10-30,Z07,31200,3671977,4183080,3.86
2025-10-31,Z07,31200,3800077,4329010,3.84
2025-11-01,Z07,31200,4233513,4822776,3.36
2025-11-02,Z07,31200,3759532,4282821,3.28
2025-11-03,Z07,31200,3757134,4280090,3.58
2025-11-04,Z07,31200,3737383,4257590,3.38
2025-11-05,Z07,31200,3807898,4337920,2.85
2025-11-06,Z07,31200,3774810,4300226,3.96
2025-11-07,Z07,31200,3733335,4252978,3.89
2025-11-08,Z07,31200,4233978,4823306,3.23
2025-11-09,Z07,31200,4082382,4650609,3.18
2025-11-10,Z07,31200,3375455,3845285,3.84
2025-11-11,Z07,31200,3322163,3784575,4.48
2025-11-12,Z07,31200,3316875,3778551,4.11
2025-11-13,Z07,31200,3668201,4178778,4.2
2025-11-14,Z07,31200,3623227,4127544,3.45
2025-11-15,Z07,31200,3927660,4474351,3.81
2025-11-16,Z07,31200,3654047,4162654,3.53
2025-11-17,Z07,31200,3558163,4053424,3.24
2025-11-18,Z07,31200,3437972,3916503,3.7
2025-11-19,Z07,31200,3556988,4052086,3.17
2025-11-20,Z07,31200,3535911,4028074,3.23
2025-11-21,Z07,31200,3381262,3851900,3.38
2025-11-22,Z07,31200,3951157,4501118,3.43
2025-11-23,Z07,31200,3307036,3767343,3.59
2025-11-24,Z07,31200,3226300,3675369,2.57
2025-11-25,Z07,31200,3209635,3656384,3.13
2025-11-26,Z07,31200,3055449,3480737,4.39
2025-11-27,Z07,31200,3377628,3847760,3.6
2025-11-28,Z07,31200,3334240,3798333,3.88
2025-11-29,Z07,31200,3759859,4283194,3.81
2025-11-30,Z07,31200,3803480,4332887,3.55
2025-12-01,Z07,31200,3308869,3769430,3.16
2025-12-02,Z07,31200,3274231,3729971,3.33
2025-12-03,Z07,31200,3347335,3813251,4.58
2025-12-04,Z07,31200,3082734,3511820,3.33
2025-12-05,Z07,31200,3168217,3609201,4.46
2025-12-06,Z07,31200,3409680,3884274,3.39
2025-12-07,Z07,31200,3326736,3789784,3.44
2025-12-08,Z07,31200,3054048,3479141,3.64
2025-12-09,Z07,31200,2901321,3305157,3.51
2025-12-10,Z07,31200,3098324,3529580,3.13
2025-12-11,Z07,31200,2816958,3209050,3.59
2025-12-12,Z07,31200,3192771,3637173,2.86
2025-12-13,Z07,31200,3416991,3892603,3.78
2025-12-14,Z07,31200,3362075,3830043,3.71
2025-12-15,Z07,31200,3014321,3433884,3.96
2025-12-16,Z07,31200,3152525,3591325,3.35
2025-12-17,Z07,31200,3035848,3458407,3.97
2025-12-18,Z07,31200,2940486,3349773,3.82
2025-12-19,Z07,31200,3022599,3443314,3.66
2025-12-20,Z07,31200,3223465,3672140,4.59
2025-12-21,Z07,31200,3373822,3843425,3.84
2025-12-22,Z07,31200,2894377,3297246,3.37
2025-12-23,Z07,31200,2997813,3415078,4.37
2025-12-24,Z07,31200,2847301,3243617,3.86
2025-12-25,Z07,31200,2796267,3185480,4.49
2025-12-26,Z07,31200,3167745,3608664,2.67
2025-12-27,Z07,31200,3057411,3482973,3.45
2025-12-28,Z07,31200,3099067,3530426,3.45
2025-12-29,Z07,31200,2996320,3413378,2.66
2025-12-30,Z07,31200,2959525,3371462,3.68
2025-12-31,Z07,31200,3050249,3474813,3.41
2023-01-01,Z08,22400,2290808,2592369,3.48
2023-01-02,Z08,22400,2172406,2458380,3.79
2023-01-03,Z08,22400,1947362,2203712,4.21
2023-01-04,Z08,22400,2161237,2445742,4.4
2023-01-05,Z08,22400,2173808,2459967,3.7
2023-01-06,Z08,22400,1951028,2207861,2.96
2023-01-07,Z08,22400,2345792,2654591,2.97
2023-01-08,Z08,22400,2244843,2540353,2.89
2023-01-09,Z08,22400,2076364,2349695,3.28
2023-01-10,Z08,22400,1999114,2262277,3.62
2023-01-11,Z08,22400,2049538,2319338,3.71
2023-01-12,Z08,22400,2073139,2346046,4.16
2023-01-13,Z08,22400,2004036,2267847,2.56
2023-01-14,Z08,22400,2283023,2583559,3.59
2023-01-15,Z08,22400,2269890,2568697,3.83
2023-01-16,Z08,22400,1990945,2253032,2.2
2023-01-17,Z08,22400,1973573,2233374,3.83
2023-01-18,Z08,22400,2020752,2286763,4.97
2023-01-19,Z08,22400,1868425,2114384,3.99
2023-01-20,Z08,22400,2200815,2490529,3.75
2023-01-21,Z08,22400,2339315,2647262,3.46
2023-01-22,Z08,22400,2296591,2598913,3.72
2023-01-23,Z08,22400,2076281,2349602,4.37
2023-01-24,Z08,22400,2036253,2304305,3.43
2023-01-25,Z08,22400,2077421,2350891,4.2
2023-01-26,Z08,22400,2072765,2345623,3.83
2023-01-27,Z08,22400,2077480,2350959,4.41
2023-01-28,Z08,22400,2501833,2831173,4.14
2023-01-29,Z08,22400,2218561,2510612,3.69
2023-01-30,Z08,22400,2067457,2339616,3.66
2023-01-31,Z08,22400,2099893,2376322,3.44
2023-02-01,Z08,22400,2036463,2304542,4.09
2023-02-02,Z08,22400,2024698,2291229,3.3
2023-02-03,Z08,22400,2029626,2296805,3.66
2023-02-04,Z08,22400,2469479,2794560,3.5
2023-02-05,Z08,22400,2374150,2686682,2.93
2023-02-06,Z08,22400,2054979,2325495,3.71
2023-02-07,Z08,22400,2126486,2406415,2.84
2023-02-08,Z08,22400,2308949,2612898,3.38
2023-02-09,Z08,22400,2087606,2362417,3.93
2023-02-10,Z08,22400,2085244,2359745,3.68
2023-02-11,Z08,22400,2409235,2726386,3.68
2023-02-12,Z08,22400,2291618,2593286,3.17
2023-02-13,Z08,22400,2110826,2388694,4.12
2023-02-14,Z08,22400,2138184,2419654,3.16
2023-02-15,Z08,22400,2213879,2505313,3.95
2023-02-16,Z08,22400,2230041,2523603,4.25
2023-02-17,Z08,22400,2077255,2350704,2.83
2023-02-18,Z08,22400,2482572,2809377,3.4
2023-02-19,Z08,22400,2453625,2776619,3.35
2023-02-20,Z08,22400,2167240,2452535,3.74
2023-02-21,Z08,22400,2195637,2484670,3.13
2023-02-22,Z08,22400,2328396,2634905,3.02
2023-02-23,Z08,22400,2194025,2482846,3.57
2023-02-24,Z08,22400,2204335,2494513,3.32
2023-02-25,Z08,22400,2622112,2967285,3.53
2023-02-26,Z08,22400,2513908,2844838,4.05
2023-02-27,Z08,22400,2565754,2903508,2.79
2023-02-28,Z08,22400,2326410,2632657,3.54
2023-03-01,Z08,22400,2281170,2581463,3.3
2023-03-02,Z08,22400,2199152,2488647,3.61
2023-03-03,Z08,22400,2310842,2615040,3.31
2023-03-04,Z08,22400,2486601,2813936,3.01
2023-03-05,Z08,22400,2669534,3020950,3.8
2023-03-06,Z08,22400,2355261,2665307,4.99
2023-03-07,Z08,22400,2443921,2765638,3.55
2023-03-08,Z08,22400,2419377,2737863,3.24
2023-03-09,Z08,22400,2489928,2817702,3.24
2023-03-10,Z08,22400,2518529,2850068,4.07
2023-03-11,Z08,22400,2720878,3079053,3.16
2023-03-12,Z08,22400,2848588,3223575,4.25
2023-03-13,Z08,22400,2598937,2941059,2.78
2023-03-14,Z08,22400,2742344,3103345,3.7
2023-03-15,Z08,22400,2531718,2864992,3.93
2023-03-16,Z08,22400,2604384,2947224,3.98
2023-03-17,Z08,22400,2683365,3036602,3.95
2023-03-18,Z08,22400,2828764,3201141,3.73
2023-03-19,Z08,22400,3029530,3428336,4.18
2023-03-20,Z08,22400,2601784,2944281,3.1
2023-03-21,Z08,22400,2648355,2996983,3.28
2023-03-22,Z08,22400,2616330,2960743,3.4
2023-03-23,Z08,22400,2601874,2944384,4.34
2023-03-24,Z08,22400,2631734,2978174,3.83
2023-03-25,Z08,22400,2832327,3205173,3.94
2023-03-26,Z08,22400,2984277,3377126,3.51
2023-03-27,Z08,22400,2623503,2968860,4.01
2023-03-28,Z08,22400,2718916,3076833,2.82
2023-03-29,Z08,22400,2637316,2984491,3.4
2023-03-30,Z08,22400,2989664,3383222,3.49
2023-03-31,Z08,22400,2804504,3173688,3.36
2023-04-01,Z08,22400,3209727,3632254,3.44
2023-04-02,Z08,22400,3107491,3516560,3.87
2023-04-03,Z08,22400,2977689,3369671,3.72
2023-04-04,Z08,22400,2808681,3178415,4.2
2023-04-05,Z08,22400,2930615,3316400,2.56
2023-04-06,Z08,22400,2863339,3240268,4.34
2023-04-07,Z08,22400,3140761,3554209,3.28
2023-04-08,Z08,22400,3344130,3784350,4.26
2023-04-09,Z08,22400,3252575,3680742,3.39
2023-04-10,Z08,22400,2934365,3320644,3.78
2023-04-11,Z08,22400,2939015,3325906,3.06
2023-04-12,Z08,22400,3059365,3462099,2.99
2023-04-13,Z08,22400,2950218,3338583,3.89
2023-04-14,Z08,22400,3143141,3556902,2.27
2023-04-15,Z08,22400,3331977,3770597,2.99
2023-04-16,Z08,22400,3402597,3850514,3.98
2023-04-17,Z08,22400,3130309,3542382,3.39
2023-04-18,Z08,22400,3042285,3442770,3.16
2023-04-19,Z08,22400,3245886,3673173,4.36
2023-04-20,Z08,22400,2870501,3248373,4.54
2023-04-21,Z08,22400,3114214,3524168,3.6
2023-04-22,Z08,22400,3485305,3944109,4.24
2023-04-23,Z08,22400,3737015,4228954,4.36
2023-04-24,Z08,22400,3082064,3487786,3.59
2023-04-25,Z08,22400,3204405,3626232,3.34
2023-04-26,Z08,22400,3284535,3716910,3.64
2023-04-27,Z08,22400,3295893,3729763,2.87
2023-04-28,Z08,22400,3010109,3406358,3.88
2023-04-29,Z08,22400,3646387,4126396,3.44
2023-04-30,Z08,22400,3824087,4327488,3.63
2023-05-01,Z08,22400,3527508,3991867,3.62
2023-05-02,Z08,22400,3191347,3611455,3.18
2023-05-03,Z08,22400,3334401,3773340,3.58
2023-05-04,Z08,22400,3410496,3859452,2.92
2023-05-05,Z08,22400,3202938,3624571,3.36
2023-05-06,Z08,22400,3731988,4223265,3.04
2023-05-07,Z08,22400,4017056,4545860,3.16
2023-05-08,Z08,22400,3288356,3721233,2.47
2023-05-09,Z08,22400,3557888,4026247,3.39
2023-05-10,Z08,22400,3472683,3929826,3.84
2023-05-11,Z08,22400,3565758,4035153,3.69
2023-05-12,Z08,22400,3649097,4129463,4.14
2023-05-13,Z08,22400,3989583,4514770,3.12
2023-05-14,Z08,22400,3861055,4369323,3.36
2023-05-15,Z08,22400,3411738,3860858,4.06
2023-05-16,Z08,22400,3704814,4192514,3.56
2023-05-17,Z08,22400,3774539,4271418,3.69
2023-05-18,Z08,22400,3649823,4130284,4.66
2023-05-19,Z08,22400,3785370,4283675,3.47
2023-05-20,Z08,22400,4219588,4775052,3.36
2023-05-21,Z08,22400,3843948,4349964,3.1
2023-05-22,Z08,22400,3699947,4187007,3.46
2023-05-23,Z08,22400,3667036,4149763,4.11
2023-05-24,Z08,22400,3478378,3936270,3.89
2023-05-25,Z08,22400,3601179,4075237,4.32
2023-05-26,Z08,22400,3746504,4239692,3.78
2023-05-27,Z08,22400,4089762,4628137,2.48
2023-05-28,Z08,22400,3962279,4483871,3.91
2023-05-29,Z08,22400,3824431,4327877,3.65
2023-05-30,Z08,22400,3890037,4402119,3.6
2023-05-31,Z08,22400,3845707,4351954,4.21
2023-06-01,Z08,22400,4025427,4555332,3.46
2023-06-02,Z08,22400,3984098,4508563,3.89
2023-06-03,Z08,22400,4357839,4931503,3.06
2023-06-04,Z08,22400,4382214,4959087,2.84
2023-06-05,Z08,22400,3790589,4289581,3.3
2023-06-06,Z08,22400,3822159,4325306,3.44
2023-06-07,Z08,22400,4328547,4898355,3.87
2023-06-08,Z08,22400,4065575,4600766,3.05
2023-06-09,Z08,22400,4056298,4590267,4.35
2023-06-10,Z08,22400,4506236,5099435,3.12
2023-06-11,Z08,22400,4547985,5146679,3.56
2023-06-12,Z08,22400,3995752,4521751,3.61
2023-06-13,Z08,22400,3995487,4521451,3.75
2023-06-14,Z08,22400,4336778,4907670,3.83
2023-06-15,Z08,22400,3834044,4338756,4.73
2023-06-16,Z08,22400,4135137,4679485,3.3
2023-06-17,Z08,22400,4246774,4805818,3.76
2023-06-18,Z08,22400,4098249,4637741,3.56
2023-06-19,Z08,22400,4248217,4807450,4.09
2023-06-20,Z08,22400,4010350,4538271,3.82
2023-06-21,Z08,22400,3930214,4447585,3.71
2023-06-22,Z08,22400,4536910,5134147,2.85
2023-06-23,Z08,22400,4131581,4675461,3.37
2023-06-24,Z08,22400,4643304,5254546,3.11
2023-06-25,Z08,22400,4465168,5052961,3.38
2023-06-26,Z08,22400,3986775,4511592,3.19
2023-06-27,Z08,22400,4219783,4775273,3.34
2023-06-28,Z08,22400,4182536,4733124,3.39
2023-06-29,Z08,22400,4044932,4577405,3.4
2023-06-30,Z08,22400,4504168,5097094,3.45
2023-07-01,Z08,22400,4414534,4995662,3.14
2023-07-02,Z08,22400,4688727,5305949,3.62
2023-07-03,Z08,22400,4174149,4723632,3.15
2023-07-04,Z08,22400,4040634,4572541,3.3
2023-07-05,Z08,22400,4107226,4647900,3.57
2023-07-06,Z08,22400,4490425,5081543,2.31
2023-07-07,Z08,22400,4171218,4720315,4.85
2023-07-08,Z08,22400,4685684,5302505,3.86
2023-07-09,Z08,22400,4586220,5189948,3.76
2023-07-10,Z08,22400,4441959,5026696,3.34
2023-07-11,Z08,22400,4232580,4789755,3.65
2023-07-12,Z08,22400,4605243,5211475,3.0
2023-07-13,Z08,22400,4286874,4851196,3.85
2023-07-14,Z08,22400,4044289,4576678,2.76
2023-07-15,Z08,22400,4857001,5496375,2.97
2023-07-16,Z08,22400,4439875,5024338,3.25
2023-07-17,Z08,22400,4444856,5029975,4.35
2023-07-18,Z08,22400,4266755,4828429,3.05
2023-07-19,Z08,22400,4092576,4631320,3.77
2023-07-20,Z08,22400,4191031,4742737,2.57
2023-07-21,Z08,22400,4341055,4912509,3.61
2023-07-22,Z08,22400,4817463,5451631,4.47
2023-07-23,Z08,22400,4979728,5635258,3.85
2023-07-24,Z08,22400,4438443,5022718,2.56
2023-07-25,Z08,22400,4004250,4531367,3.62
2023-07-26,Z08,22400,4168698,4717464,3.37
2023-07-27,Z08,22400,4360060,4934017,4.21
2023-07-28,Z08,22400,4683084,5299563,3.55
2023-07-29,Z08,22400,4412632,4993509,2.88
2023-07-30,Z08,22400,4690642,5308116,3.53
2023-07-31,Z08,22400,4477077,5066438,3.25
2023-08-01,Z08,22400,4171740,4720906,2.52
2023-08-02,Z08,22400,4125836,4668960,3.51
2023-08-03,Z08,22400,4399614,4978777,3.6
2023-08-04,Z08,22400,4170861,4719912,3.79
2023-08-05,Z08,22400,4644102,5255450,4.11
2023-08-06,Z08,22400,4903690,5549210,3.46
2023-08-07,Z08,22400,4197894,4750503,2.85
2023-08-08,Z08,22400,4094778,4633813,3.18
2023-08-09,Z08,22400,4368715,4943811,3.59
2023-08-10,Z08,22400,3996194,4522251,4.21
2023-08-11,Z08,22400,4339939,4911246,3.6
2023-08-12,Z08,22400,4656401,5269368,3.53
2023-08-13,Z08,22400,4592858,5197460,3.48
2023-08-14,Z08,22400,4210681,4764974,3.6
2023-08-15,Z08,22400,3978908,4502690,4.56
2023-08-16,Z08,22400,4104363,4644660,3.56
2023-08-17,Z08,22400,3986040,4510761,3.47
2023-08-18,Z08,22400,3829041,4333095,3.62
2023-08-19,Z08,22400,4389808,4967681,3.26
2023-08-20,Z08,22400,4324907,4894236,2.82
2023-08-21,Z08,22400,4109414,4650375,2.73
2023-08-22,Z08,22400,3987406,4512307,3.24
2023-08-23,Z08,22400,4073471,4609701,4.19
2023-08-24,Z08,22400,4019736,4548892,4.18
2023-08-25,Z08,22400,3868320,4377544,3.04
2023-08-26,Z08,22400,4159233,4706753,3.52
2023-08-27,Z08,22400,4551630,5150805,3.67
2023-08-28,Z08,22400,4205768,4759413,3.24
2023-08-29,Z08,22400,4307574,4874622,4.25
2023-08-30,Z08,22400,3774293,4271140,3.98
2023-08-31,Z08,22400,3796164,4295889,3.78
2023-09-01,Z08,22400,3738170,4230261,3.63
2023-09-02,Z08,22400,4464529,5052238,2.82
2023-09-03,Z08,22400,4651183,5263463,4.28
2023-09-04,Z08,22400,3966649,4488817,3.89
2023-09-05,Z08,22400,3829437,4333542,3.8
2023-09-06,Z08,22400,3620313,4096889,3.23
2023-09-07,Z08,22400,3796945,4296774,3.27
2023-09-08,Z08,22400,3832472,4336977,3.85
2023-09-09,Z08,22400,4247579,4806728,4.15
2023-09-10,Z08,22400,4033052,4563961,4.46
2023-09-11,Z08,22400,3771060,4267481,3.23
2023-09-12,Z08,22400,3807282,4308471,3.52
2023-09-13,Z08,22400,3613412,4089080,2.55
2023-09-14,Z08,22400,3553226,4020971,2.37
2023-09-15,Z08,22400,3598458,4072157,3.86
2023-09-16,Z08,22400,4000299,4526896,3.17
2023-09-17,Z08,22400,3914959,4430323,2.61
2023-09-18,Z08,22400,3648267,4128523,3.02
2023-09-19,Z08,22400,3847763,4354281,3.77
2023-09-20,Z08,22400,3712286,4200970,3.79
2023-09-21,Z08,22400,3582030,4053567,2.78
2023-09-22,Z08,22400,3723373,4213516,4.22
2023-09-23,Z08,22400,3835582,4340496,3.25
2023-09-24,Z08,22400,3945532,4464920,3.74
2023-09-25,Z08,22400,3529072,3993637,3.62
2023-09-26,Z08,22400,3538678,4004508,3.59
2023-09-27,Z08,22400,3587760,4060051,3.13
2023-09-28,Z08,22400,3692891,4179021,3.59
2023-09-29,Z08,22400,3411810,3860939,3.73
2023-09-30,Z08,22400,3943019,4462076,3.5
2023-10-01,Z08,22400,3532727,3997774,3.65
2023-10-02,Z08,22400,3453522,3908142,4.15
2023-10-03,Z08,22400,3423939,3874665,3.36
2023-10-04,Z08,22400,3577092,4047978,3.93
2023-10-05,Z08,22400,3161198,3577337,3.49
2023-10-06,Z08,22400,3293264,3726787,4.31
2023-10-07,Z08,22400,3642545,4122048,2.9
2023-10-08,Z08,22400,3720932,4210754,4.25
2023-10-09,Z08,22400,3059666,3462439,3.33
2023-10-10,Z08,22400,3270164,3700647,4.66
2023-10-11,Z08,22400,3057588,3460088,3.82
2023-10-12,Z08,22400,3198066,3619058,4.03
2023-10-13,Z08,22400,3145341,3559392,3.52
2023-10-14,Z08,22400,3306051,3741258,3.94
2023-10-15,Z08,22400,3339922,3779588,3.94
2023-10-16,Z08,22400,3208124,3630440,3.53
2023-10-17,Z08,22400,2955492,3344552,3.98
2023-10-18,Z08,22400,2956152,3345299,1.92
2023-10-19,Z08,22400,3156139,3571612,3.28
2023-10-20,Z08,22400,2866365,3243692,3.61
2023-10-21,Z08,22400,3476954,3934658,3.85
2023-10-22,Z08,22400,3307809,3743247,4.09
2023-10-23,Z08,22400,3155241,3570595,3.47
2023-10-24,Z08,22400,2919011,3303268,3.4
2023-10-25,Z08,22400,2824116,3195882,4.04
2023-10-26,Z08,22400,2876569,3255239,4.18
2023-10-27,Z08,22400,2977916,3369927,3.97
2023-10-28,Z08,22400,3165642,3582366,3.52
2023-10-29,Z08,22400,3045142,3446003,4.87
2023-10-30,Z08,22400,2783023,3149379,3.64
2023-10-31,Z08,22400,2830810,3203457,3.71
2023-11-01,Z08,22400,2943119,3330550,4.42
2023-11-02,Z08,22400,2948357,3336477,4.36
2023-11-03,Z08,22400,2768906,3133403,3.95
2023-11-04,Z08,22400,3084790,3490870,3.15
2023-11-05,Z08,22400,3237114,3663247,3.66
2023-11-06,Z08,22400,2759683,3122967,3.86
2023-11-07,Z08,22400,2541468,2876026,4.58
2023-11-08,Z08,22400,2663367,3013972,5.07
2023-11-09,Z08,22400,2825107,3197003,3.3
2023-11-10,Z08,22400,2948747,3336919,4.03
2023-11-11,Z08,22400,2716160,3073714,3.19
2023-11-12,Z08,22400,2994676,3388894,3.54
2023-11-13,Z08,22400,2707500,3063914,3.17
2023-11-14,Z08,22400,2571214,2909687,4.43
2023-11-15,Z08,22400,2466230,2790884,3.72
2023-11-16,Z08,22400,2526238,2858790,3.75
2023-11-17,Z08,22400,2631860,2978316,3.62
2023-11-18,Z08,22400,2845400,3219967,3.79
2023-11-19,Z08,22400,2527904,2860676,3.81
2023-11-20,Z08,22400,2584531,2924758,3.26
2023-11-21,Z08,22400,2423988,2743081,2.76
2023-11-22,Z08,22400,2398402,2714127,2.94
2023-11-23,Z08,22400,2476114,2802068,2.79
2023-11-24,Z08,22400,2542138,2876784,3.7
2023-11-25,Z08,22400,2668453,3019727,3.19
2023-11-26,Z08,22400,2590818,2931872,4.09
2023-11-27,Z08,22400,2301068,2603979,3.72
2023-11-28,Z08,22400,2424485,2743643,2.68
2023-11-29,Z08,22400,2295773,2597987,3.39
2023-11-30,Z08,22400,2600240,2942534,2.54
2023-12-01,Z08,22400,2397662,2713290,3.03
2023-12-02,Z08,22400,2536754,2870691,3.35
2023-12-03,Z08,22400,2516147,2847372,3.13
2023-12-04,Z08,22400,2391761,2706611,4.54
2023-12-05,Z08,22400,2436457,2757191,3.97
2023-12-06,Z08,22400,2289416,2590794,3.44
2023-12-07,Z08,22400,2290645,2592184,4.31
2023-12-08,Z08,22400,2286139,2587085,3.11
2023-12-09,Z08,22400,2551683,2887586,3.43
2023-12-10,Z08,22400,2639628,2987107,4.03
2023-12-11,Z08,22400,2118541,2397425,3.04
2023-12-12,Z08,22400,2420623,2739273,3.94
2023-12-13,Z08,22400,2263432,2561389,3.75
2023-12-14,Z08,22400,2231315,2525044,3.89
2023-12-15,Z08,22400,2324510,2630508,4.5
2023-12-16,Z08,22400,2445019,2766881,3.83
2023-12-17,Z08,22400,2237047,2531531,3.66
2023-12-18,Z08,22400,1930970,2185163,2.85
2023-12-19,Z08,22400,2232983,2526932,3.71
2023-12-20,Z08,22400,2237321,2531842,3.36
2023-12-21,Z08,22400,2212429,2503672,3.54
2023-12-22,Z08,22400,2202536,2492477,3.36
2023-12-23,Z08,22400,2253354,2549985,3.85
2023-12-24,Z08,22400,2249928,2546108,3.1
2023-12-25,Z08,22400,2134707,2415719,3.71
2023-12-26,Z08,22400,2130423,2410871,3.08
2023-12-27,Z08,22400,2253648,2550317,2.7
2023-12-28,Z08,22400,2226872,2520017,3.43
2023-12-29,Z08,22400,1975539,2235598,3.83
2023-12-30,Z08,22400,2352940,2662680,3.21
2023-12-31,Z08,22400,2404224,2720715,3.67
2024-01-01,Z08,22400,2091980,2367367,3.42
2024-01-02,Z08,22400,2095817,2371709,3.08
2024-01-03,Z08,22400,2232391,2526262,3.88
2024-01-04,Z08,22400,2106148,2383401,3.27
2024-01-05,Z08,22400,2136200,2417409,3.79
2024-01-06,Z08,22400,2193841,2482637,2.87
2024-01-07,Z08,22400,2377024,2689934,3.67
2024-01-08,Z08,22400,2044892,2314081,3.91
2024-01-09,Z08,22400,2014507,2279696,3.78
2024-01-10,Z08,22400,2071876,2344617,4.05
2024-01-11,Z08,22400,2186759,2474623,3.92
2024-01-12,Z08,22400,2032504,2300062,3.75
2024-01-13,Z08,22400,2266216,2564539,4.02
2024-01-14,Z08,22400,2339018,2646925,3.41
2024-01-15,Z08,22400,2045747,2315048,3.86
2024-01-16,Z08,22400,2056238,2326920,3.61
2024-01-17,Z08,22400,2064928,2336754,4.53
2024-01-18,Z08,22400,2066979,2339075,3.74
2024-01-19,Z08,22400,2175475,2461853,2.96
2024-01-20,Z08,22400,2279109,2579130,3.73
2024-01-21,Z08,22400,2269820,2568619,3.12
2024-01-22,Z08,22400,2052243,2322399,3.96
2024-01-23,Z08,22400,2041666,2310430,3.97
2024-01-24,Z08,22400,2102814,2379628,3.3
2024-01-25,Z08,22400,2025598,2292247,3.08
2024-01-26,Z08,22400,2065041,2336882,3.67
2024-01-27,Z08,22400,2448515,2770837,3.15
2024-01-28,Z08,22400,2228295,2521626,3.18
2024-01-29,Z08,22400,2171587,2457454,3.35
2024-01-30,Z08,22400,2184064,2471573,3.91
2024-01-31,Z08,22400,2171785,2457677,2.86
2024-02-01,Z08,22400,2139690,2421357,3.22
2024-02-02,Z08,22400,2183559,2471002,4.8
2024-02-03,Z08,22400,2333245,2640392,4.58
2024-02-04,Z08,22400,2409424,2726600,4.2
2024-02-05,Z08,22400,2232872,2526806,3.62
2024-02-06,Z08,22400,2197556,2486841,3.98
2024-02-07,Z08,22400,2143091,2425206,3.41
2024-02-08,Z08,22400,2093903,2369543,2.25
2024-02-09,Z08,22400,2304840,2608248,3.31
2024-02-10,Z08,22400,2225280,2518215,3.36
2024-02-11,Z08,22400,2269675,2568455,3.61
2024-02-12,Z08,22400,2307164,2610878,3.84
2024-02-13,Z08,22400,2300626,2603480,4.43
2024-02-14,Z08,22400,2346536,2655433,3.62
2024-02-15,Z08,22400,2046979,2316442,3.1
2024-02-16,Z08,22400,2189439,2477656,3.5
2024-02-17,Z08,22400,2331529,2638451,3.92
2024-02-18,Z08,22400,2451591,2774317,3.54
2024-02-19,Z08,22400,2354380,2664310,3.2
2024-02-20,Z08,22400,2236473,2530882,3.86
2024-02-21,Z08,22400,2174318,2460544,3.03
2024-02-22,Z08,22400,2432858,2753119,3.16
2024-02-23,Z08,22400,2404813,2721382,3.81
2024-02-24,Z08,22400,2384073,2697911,3.21
2024-02-25,Z08,22400,2420908,2739596,3.42
2024-02-26,Z08,22400,2234123,2528222,3.61
2024-02-27,Z08,22400,2389337,2703868,3.58
2024-02-28,Z08,22400,2424940,2744158,3.12
2024-02-29,Z08,22400,2172389,2458361,3.76
2024-03-01,Z08,22400,2265616,2563860,3.14
2024-03-02,Z08,22400,2576622,2915808,4.43
2024-03-03,Z08,22400,2764571,3128498,3.4
2024-03-04,Z08,22400,2350391,2659796,3.9
2024-03-05,Z08,22400,2527029,2859686,3.97
2024-03-06,Z08,22400,2551842,2887765,3.42
2024-03-07,Z08,22400,2375656,2688386,3.12
2024-03-08,Z08,22400,2283746,2584378,3.96
2024-03-09,Z08,22400,2644872,2993042,2.89
2024-03-10,Z08,22400,2707751,3064198,2.97
2024-03-11,Z08,22400,2355054,2665072,3.9
2024-03-12,Z08,22400,2496910,2825602,3.5
2024-03-13,Z08,22400,2430622,2750588,3.25
2024-03-14,Z08,22400,2622085,2967255,3.35
2024-03-15,Z08,22400,2622563,2967796,3.2
2024-03-16,Z08,22400,2861758,3238479,4.69
2024-03-17,Z08,22400,2703745,3059665,4.11
2024-03-18,Z08,22400,2553647,2889808,3.19
2024-03-19,Z08,22400,2772051,3136963,3.44
2024-03-20,Z08,22400,2542353,2877028,3.9
2024-03-21,Z08,22400,2758518,3121648,3.11
2024-03-22,Z08,22400,2675649,3027870,3.32
2024-03-23,Z08,22400,2962902,3352937,3.45
2024-03-24,Z08,22400,3018622,3415993,3.16
2024-03-25,Z08,22400,2749639,3111600,4.15
2024-03-26,Z08,22400,2723313,3081809,3.24
2024-03-27,Z08,22400,2826849,3198975,3.54
2024-03-28,Z08,22400,2746199,3107707,3.66
2024-03-29,Z08,22400,2852669,3228193,4.39
2024-03-30,Z08,22400,3089660,3496381,3.56
2024-03-31,Z08,22400,3322399,3759758,4.67
2024-04-01,Z08,22400,3117911,3528351,3.42
2024-04-02,Z08,22400,2781136,3147244,3.49
2024-04-03,Z08,22400,2944738,3332382,4.07
2024-04-04,Z08,22400,2860948,3237563,4.56
2024-04-05,Z08,22400,2979689,3371934,3.47
2024-04-06,Z08,22400,3307805,3743243,4.22
2024-04-07,Z08,22400,3301192,3735760,4.02
2024-04-08,Z08,22400,2946190,3334026,3.22
2024-04-09,Z08,22400,3012681,3409269,3.59
2024-04-10,Z08,22400,2895202,3276325,3.58
2024-04-11,Z08,22400,2842083,3216214,3.08
2024-04-12,Z08,22400,3053317,3455254,3.68
2024-04-13,Z08,22400,3509094,3971029,3.64
2024-04-14,Z08,22400,3522733,3986464,3.79
2024-04-15,Z08,22400,3135478,3548231,3.63
2024-04-16,Z08,22400,2937506,3324197,3.27
2024-04-17,Z08,22400,3173594,3591365,4.82
2024-04-18,Z08,22400,3334268,3773190,3.71
2024-04-19,Z08,22400,2989220,3382719,4.25
2024-04-20,Z08,22400,3953883,4474370,3.82
2024-04-21,Z08,22400,3537407,4003070,4.35
2024-04-22,Z08,22400,3421268,3871642,3.21
2024-04-23,Z08,22400,3245190,3672386,3.56
2024-04-24,Z08,22400,3190286,3610254,3.38
2024-04-25,Z08,22400,3390629,3836970,3.31
2024-04-26,Z08,22400,3150808,3565579,3.73
2024-04-27,Z08,22400,3730271,4221322,3.48
2024-04-28,Z08,22400,3619474,4095940,2.89
2024-04-29,Z08,22400,3286158,3718746,3.45
2024-04-30,Z08,22400,3425441,3876365,3.41
2024-05-01,Z08,22400,3431917,3883693,4.04
2024-05-02,Z08,22400,3311313,3747213,2.88
2024-05-03,Z08,22400,3415098,3864660,3.34
2024-05-04,Z08,22400,3583174,4054861,3.22
2024-05-05,Z08,22400,4027266,4557414,3.97
2024-05-06,Z08,22400,3403744,3851811,3.33
2024-05-07,Z08,22400,3352163,3793440,4.12
2024-05-08,Z08,22400,3693449,4179652,3.58
2024-05-09,Z08,22400,3653491,4134435,3.84
2024-05-10,Z08,22400,3613559,4089246,4.15
2024-05-11,Z08,22400,3919534,4435500,3.0
2024-05-12,Z08,22400,3809326,4310784,3.48
2024-05-13,Z08,22400,3576275,4047055,3.81
2024-05-14,Z08,22400,3831767,4336179,3.7
2024-05-15,Z08,22400,3611555,4086978,2.95
2024-05-16,Z08,22400,3539486,4005422,3.95
2024-05-17,Z08,22400,3922685,4439066,3.62
2024-05-18,Z08,22400,4244587,4803343,3.66
2024-05-19,Z08,22400,3921600,4437838,3.49
2024-05-20,Z08,22400,4100906,4640748,2.01
2024-05-21,Z08,22400,3559349,4027900,3.87
2024-05-22,Z08,22400,3605481,4080104,3.89
2024-05-23,Z08,22400,3720355,4210101,3.39
2024-05-24,Z08,22400,3930266,4447645,2.86
2024-05-25,Z08,22400,4144648,4690247,3.33
2024-05-26,Z08,22400,3917704,4433428,4.1
2024-05-27,Z08,22400,3918111,4433890,3.4
2024-05-28,Z08,22400,3767745,4263730,3.61
2024-05-29,Z08,22400,3866978,4376025,3.43
2024-05-30,Z08,22400,3803754,4304478,3.76
2024-05-31,Z08,22400,3726035,4216529,2.94
2024-06-01,Z08,22400,4471293,5059892,3.5
2024-06-02,Z08,22400,4409714,4990207,4.15
2024-06-03,Z08,22400,4000820,4527486,3.14
2024-06-04,Z08,22400,4101422,4641332,3.46
2024-06-05,Z08,22400,3834658,4339450,4.13
2024-06-06,Z08,22400,3972395,4495320,3.97
2024-06-07,Z08,22400,4134356,4678600,3.83
2024-06-08,Z08,22400,4214857,4769699,3.79
2024-06-09,Z08,22400,4271960,4834319,3.79
2024-06-10,Z08,22400,4115374,4657120,3.48
2024-06-11,Z08,22400,4035814,4567087,4.15
2024-06-12,Z08,22400,3891955,4404290,3.37
2024-06-13,Z08,22400,4133932,4678121,3.1
2024-06-14,Z08,22400,4131200,4675029,2.91
2024-06-15,Z08,22400,4663417,5277307,3.29
2024-06-16,Z08,22400,4448720,5034347,3.29
2024-06-17,Z08,22400,4268142,4829998,3.24
2024-06-18,Z08,22400,4191616,4743399,3.01
2024-06-19,Z08,22400,3872518,4382295,3.79
2024-06-20,Z08,22400,4034078,4565123,3.13
2024-06-21,Z08,22400,4025218,4555096,3.87
2024-06-22,Z08,22400,4854099,5493090,3.96
2024-06-23,Z08,22400,4786451,5416538,4.89
2024-06-24,Z08,22400,4211879,4766329,3.37
2024-06-25,Z08,22400,4392331,4970535,3.52
2024-06-26,Z08,22400,4266969,4828671,3.23
2024-06-27,Z08,22400,4400576,4979866,3.01
2024-06-28,Z08,22400,4331521,4901720,3.39
2024-06-29,Z08,22400,4843889,5481537,3.21
2024-06-30,Z08,22400,4509511,5103141,3.01
2024-07-01,Z08,22400,4189321,4740801,3.72
2024-07-02,Z08,22400,4449616,5035361,3.06
2024-07-03,Z08,22400,4159346,4706881,3.88
2024-07-04,Z08,22400,4596059,5201082,4.03
2024-07-05,Z08,22400,4502973,5095742,3.17
2024-07-06,Z08,22400,4893345,5537503,4.3
2024-07-07,Z08,22400,4892736,5536813,3.8
2024-07-08,Z08,22400,4103882,4644116,3.56
2024-07-09,Z08,22400,4120643,4663083,2.71
2024-07-10,Z08,22400,4296967,4862618,2.74
2024-07-11,Z08,22400,4415314,4996544,4.39
2024-07-12,Z08,22400,4493086,5084554,4.26
2024-07-13,Z08,22400,5260578,5953079,4.4
2024-07-14,Z08,22400,4701568,5320480,4.53
2024-07-15,Z08,22400,4308939,4876166,4.29
2024-07-16,Z08,22400,4259564,4820291,3.72
2024-07-17,Z08,22400,4233337,4790612,3.88
2024-07-18,Z08,22400,4505011,5098049,3.26
2024-07-19,Z08,22400,4542932,5140962,3.72
2024-07-20,Z08,22400,4651435,5263748,3.97
2024-07-21,Z08,22400,5095793,5766601,3.98
2024-07-22,Z08,22400,4283420,4847288,3.54
2024-07-23,Z08,22400,4260667,4821539,2.59
2024-07-24,Z08,22400,4501285,5093832,2.84
2024-07-25,Z08,22400,4367627,4942580,3.84
2024-07-26,Z08,22400,4281715,4845358,3.35
2024-07-27,Z08,22400,4160375,4708045,3.93
2024-07-28,Z08,22400,4568610,5170020,2.99
2024-07-29,Z08,22400,4063690,4598633,4.28
2024-07-30,Z08,22400,4649754,5261845,3.13
2024-07-31,Z08,22400,4702058,5321035,4.34
2024-08-01,Z08,22400,3912849,4427935,2.82
2024-08-02,Z08,22400,3897676,4410764,3.9
2024-08-03,Z08,22400,4526633,5122517,3.13
2024-08-04,Z08,22400,4672837,5287968,3.6
2024-08-05,Z08,22400,4249570,4808982,4.14
2024-08-06,Z08,22400,4199019,4751776,4.05
2024-08-07,Z08,22400,3967540,4489825,3.19
2024-08-08,Z08,22400,4195626,4747936,3.29
2024-08-09,Z08,22400,4015220,4543782,2.81
2024-08-10,Z08,22400,5015662,5675922,2.7
2024-08-11,Z08,22400,5006855,5665955,3.18
2024-08-12,Z08,22400,4513360,5107497,3.17
2024-08-13,Z08,22400,4375180,4951127,2.85
2024-08-14,Z08,22400,4275354,4838160,3.5
2024-08-15,Z08,22400,4139768,4684726,3.58
2024-08-16,Z08,22400,4061808,4596503,3.59
2024-08-17,Z08,22400,4456828,5043523,3.2
2024-08-18,Z08,22400,4585880,5189563,3.31
2024-08-19,Z08,22400,4194336,4746476,3.44
2024-08-20,Z08,22400,3987710,4512650,4.01
2024-08-21,Z08,22400,4218192,4773473,3.26
2024-08-22,Z08,22400,4024894,4554729,2.76
2024-08-23,Z08,22400,3920796,4436928,3.44
2024-08-24,Z08,22400,4298910,4864816,3.38
2024-08-25,Z08,22400,4617771,5225652,2.79
2024-08-26,Z08,22400,3939606,4458214,3.4
2024-08-27,Z08,22400,3902618,4416357,3.16
2024-08-28,Z08,22400,3829704,4333845,3.56
2024-08-29,Z08,22400,4063633,4598568,3.81
2024-08-30,Z08,22400,4070189,4605987,3.33
2024-08-31,Z08,22400,4251340,4810984,3.86
2024-09-01,Z08,22400,4682608,5299024,3.45
2024-09-02,Z08,22400,4141833,4687062,3.47
2024-09-03,Z08,22400,3816110,4318461,3.45
2024-09-04,Z08,22400,4022694,4552240,3.5
2024-09-05,Z08,22400,3713773,4202652,2.91
2024-09-06,Z08,22400,3594828,4068050,2.69
2024-09-07,Z08,22400,4047148,4579912,4.16
2024-09-08,Z08,22400,4051939,4939032,3.71
2024-09-09,Z08,22400,3685037,4491803,3.33
2024-09-10,Z08,22400,4152674,5061821,4.13
2024-09-11,Z08,22400,3642415,4439850,5.03
2024-09-12,Z08,22400,3629022,4423525,2.85
2024-09-13,Z08,22400,3653627,4453517,3.58
2024-09-14,Z08,22400,3803658,4636394,3.93
2024-09-15,Z08,22400,4180767,5096064,2.78
2024-09-16,Z08,22400,3788882,4618384,2.84
2024-09-17,Z08,22400,3893730,4746186,4.08
2024-09-18,Z08,22400,3887658,4738784,3.57
2024-09-19,Z08,22400,3650029,4449131,3.25
2024-09-20,Z08,22400,3690097,4497971,2.78
2024-09-21,Z08,22400,3883769,4734044,3.76
2024-09-22,Z08,22400,3902297,4756628,2.9
2024-09-23,Z08,22400,3577075,4047960,3.09
2024-09-24,Z08,22400,3538172,4003936,3.12
2024-09-25,Z08,22400,3415309,3864899,3.43
2024-09-26,Z08,22400,3661087,4143031,3.05
2024-09-27,Z08,22400,3519027,3982270,3.13
2024-09-28,Z08,22400,3732854,4224245,4.07
2024-09-29,Z08,22400,4105505,4645952,3.68
2024-09-30,Z08,22400,3459215,3914585,3.61
2024-10-01,Z08,22400,3270499,3701026,3.82
2024-10-02,Z08,22400,3386504,3832302,3.07
2024-10-03,Z08,22400,3548957,4016140,3.78
2024-10-04,Z08,22400,3190004,3609935,3.81
2024-10-05,Z08,22400,3587946,4060261,3.09
2024-10-06,Z08,22400,3711436,4200008,3.9
2024-10-07,Z08,22400,3430278,3881839,3.72
2024-10-08,Z08,22400,3300467,3734940,3.73
2024-10-09,Z08,22400,3104878,3513603,4.43
2024-10-10,Z08,22400,3066327,3469977,3.66
2024-10-11,Z08,22400,3149265,3563832,3.14
2024-10-12,Z08,22400,3472218,3929300,3.67
2024-10-13,Z08,22400,3419788,3869967,3.61
2024-10-14,Z08,22400,3255290,3683815,3.05
2024-10-15,Z08,22400,3079857,3485288,2.59
2024-10-16,Z08,22400,3163057,3579441,3.57
2024-10-17,Z08,22400,3024838,3423027,4.07
2024-10-18,Z08,22400,2841987,3216105,4.08
2024-10-19,Z08,22400,3483472,3942035,3.74
2024-10-20,Z08,22400,3372163,3816073,4.39
2024-10-21,Z08,22400,3197182,3618057,3.69
2024-10-22,Z08,22400,2938219,3325005,3.5
2024-10-23,Z08,22400,2887865,3268022,3.7
2024-10-24,Z08,22400,2935451,3321873,3.23
2024-10-25,Z08,22400,3067553,3471364,2.97
2024-10-26,Z08,22400,3026465,3424867,3.11
2024-10-27,Z08,22400,3175593,3593627,3.36
2024-10-28,Z08,22400,2820605,3191908,4.03
2024-10-29,Z08,22400,3054016,3456046,2.88
2024-10-30,Z08,22400,3027542,3426087,3.11
2024-10-31,Z08,22400,2700094,3055533,4.0
2024-11-01,Z08,22400,2824516,3196334,3.42
2024-11-02,Z08,22400,3003389,3398754,3.5
2024-11-03,Z08,22400,2919010,3303267,3.41
2024-11-04,Z08,22400,2921334,3305897,4.57
2024-11-05,Z08,22400,2902099,3284130,3.88
2024-11-06,Z08,22400,2712735,3069838,3.73
2024-11-07,Z08,22400,2824877,3196742,3.7
2024-11-08,Z08,22400,2965111,3355437,3.8
2024-11-09,Z08,22400,2918247,3302404,4.52
2024-11-10,Z08,22400,2772401,3137359,3.41
2024-11-11,Z08,22400,2702295,3058024,3.68
2024-11-12,Z08,22400,2636459,2983522,3.61
2024-11-13,Z08,22400,2605031,3280815,4.05
2024-11-14,Z08,22400,2641488,3326730,4.45
2024-11-15,Z08,22400,2722686,3428991,3.31
2024-11-16,Z08,22400,2941404,3704448,3.83
2024-11-17,Z08,22400,2666037,3357648,3.69
2024-11-18,Z08,22400,2479697,3122967,2.9
2024-11-19,Z08,22400,2506697,3156972,4.09
2024-11-20,Z08,22400,2433708,3065048,4.38
2024-11-21,Z08,22400,2481046,3124667,4.01
2024-11-22,Z08,22400,2442485,3076102,3.28
2024-11-23,Z08,22400,2691919,3390243,2.92
2024-11-24,Z08,22400,2638275,3322683,3.92
2024-11-25,Z08,22400,2537993,3196386,3.06
2024-11-26,Z08,22400,2493643,3140531,3.11
2024-11-27,Z08,22400,2489467,3135272,3.7
2024-11-28,Z08,22400,2545430,3205752,3.97
2024-11-29,Z08,22400,2396299,2711747,3.43
2024-11-30,Z08,22400,2770281,3134960,3.5
2024-12-01,Z08,22400,2534761,2868436,3.54
2024-12-02,Z08,22400,2465657,2790235,3.14
2024-12-03,Z08,22400,2273850,2573178,3.41
2024-12-04,Z08,22400,2458936,2782629,2.79
2024-12-05,Z08,22400,2170413,2456125,3.97
2024-12-06,Z08,22400,2317664,2622760,4.99
2024-12-07,Z08,22400,2411928,2729433,3.63
2024-12-08,Z08,22400,2520313,2852086,4.2
2024-12-09,Z08,22400,2208102,2498776,3.47
2024-12-10,Z08,22400,2386664,2700844,2.93
2024-12-11,Z08,22400,2350456,2659869,4.73
2024-12-12,Z08,22400,2178910,2465740,3.18
2024-12-13,Z08,22400,2266434,2564787,4.07
2024-12-14,Z08,22400,2505775,2835634,3.71
2024-12-15,Z08,22400,2359033,2669575,4.19
2024-12-16,Z08,22400,2241207,2536239,3.57
2024-12-17,Z08,22400,2187694,2475681,3.02
2024-12-18,Z08,22400,2281020,2581292,3.27
2024-12-19,Z08,22400,2235520,2529803,4.78
2024-12-20,Z08,22400,2144241,2426508,3.76
2024-12-21,Z08,22400,2391765,2706616,4.69
2024-12-22,Z08,22400,2348883,2658089,3.42
2024-12-23,Z08,22400,2108544,2386111,3.96
2024-12-24,Z08,22400,2297210,2599614,2.96
2024-12-25,Z08,22400,2286764,2587793,3.61
2024-12-26,Z08,22400,2088396,2363312,4.71
2024-12-27,Z08,22400,2115193,2393636,3.21
2024-12-28,Z08,22400,2301578,2604556,3.25
2024-12-29,Z08,22400,2410384,2727686,4.01
2024-12-30,Z08,22400,2010250,2274879,3.66
2024-12-31,Z08,22400,1979747,2240360,4.55
2025-01-01,Z08,22400,2234347,2528476,3.48
2025-01-02,Z08,22400,2265309,2563513,3.63
2025-01-03,Z08,22400,2132562,2413292,3.76
2025-01-04,Z08,22400,2494535,2822915,3.06
2025-01-05,Z08,22400,2510674,2841178,2.95
2025-01-06,Z08,22400,2127534,2407602,2.91
2025-01-07,Z08,22400,2307226,2610948,1.95
2025-01-08,Z08,22400,2210198,2501147,3.56
2025-01-09,Z08,22400,2127740,2407835,2.95
2025-01-10,Z08,22400,2094744,2370496,3.33
2025-01-11,Z08,22400,2286584,2587589,4.11
2025-01-12,Z08,22400,2381359,2694840,3.13
2025-01-13,Z08,22400,2138369,2419863,3.94
2025-01-14,Z08,22400,2098429,2374666,2.81
2025-01-15,Z08,22400,2157314,2441302,3.26
2025-01-16,Z08,22400,2279220,2579256,4.47
2025-01-17,Z08,22400,2251580,2547977,3.39
2025-01-18,Z08,22400,2356266,2666444,4.24
2025-01-19,Z08,22400,2325083,2631156,4.78
2025-01-20,Z08,22400,2263773,2561775,3.39
2025-01-21,Z08,22400,2276234,2575877,3.27
2025-01-22,Z08,22400,2122076,2401425,2.52
2025-01-23,Z08,22400,2110099,2387872,3.75
2025-01-24,Z08,22400,2261590,2559305,3.79
2025-01-25,Z08,22400,2360832,2671611,3.99
2025-01-26,Z08,22400,2251706,2548120,4.3
2025-01-27,Z08,22400,2172253,2458208,3.09
2025-01-28,Z08,22400,2237767,2532346,4.54
2025-01-29,Z08,22400,2249611,2545749,3.46
2025-01-30,Z08,22400,2076122,2349422,3.78
2025-01-31,Z08,22400,2216633,2508430,3.57
2025-02-01,Z08,22400,2516467,2847734,3.21
2025-02-02,Z08,22400,2404532,2721064,3.0
2025-02-03,Z08,22400,2133974,2414889,3.71
2025-02-04,Z08,22400,2107297,2384701,3.12
2025-02-05,Z08,22400,2076198,2349508,3.49
2025-02-06,Z08,22400,2110871,2388745,3.39
2025-02-07,Z08,22400,2115973,2394519,3.42
2025-02-08,Z08,22400,2588062,2928754,2.7
2025-02-09,Z08,22400,2615236,2959505,2.02
2025-02-10,Z08,22400,2280723,2580956,4.02
2025-02-11,Z08,22400,2085323,2359834,4.16
2025-02-12,Z08,22400,2205289,2495593,2.32
2025-02-13,Z08,22400,2169929,2455578,3.81
2025-02-14,Z08,22400,2356171,2666337,3.71
2025-02-15,Z08,22400,2628034,2973988,2.94
2025-02-16,Z08,22400,2581545,2921379,4.05
2025-02-17,Z08,22400,2445418,2767332,4.17
2025-02-18,Z08,22400,2308368,2612241,4.13
2025-02-19,Z08,22400,2243620,2538969,4.47
2025-02-20,Z08,22400,2300582,2603429,4.1
2025-02-21,Z08,22400,2151153,2434330,3.18
2025-02-22,Z08,22400,2477477,2803611,3.61
2025-02-23,Z08,22400,2564124,2901665,3.79
2025-02-24,Z08,22400,2218186,2510187,4.36
2025-02-25,Z08,22400,2305227,2608686,3.47
2025-02-26,Z08,22400,2127186,2407208,3.28
2025-02-27,Z08,22400,2464678,2789127,2.77
2025-02-28,Z08,22400,2486068,2813333,4.04
2025-03-01,Z08,22400,2844910,3219412,3.7
2025-03-02,Z08,22400,2814863,3185410,3.17
2025-03-03,Z08,22400,2475306,2801154,3.99
2025-03-04,Z08,22400,2584791,2925051,3.43
2025-03-05,Z08,22400,2488672,2816280,2.94
2025-03-06,Z08,22400,2562954,2900341,4.27
2025-03-07,Z08,22400,2465605,2790176,2.57
2025-03-08,Z08,22400,2807253,3176798,3.67
2025-03-09,Z08,22400,2654212,3003611,3.54
2025-03-10,Z08,22400,2639850,2987359,2.78
2025-03-11,Z08,22400,2476289,2802267,3.76
2025-03-12,Z08,22400,2596372,2938157,3.25
2025-03-13,Z08,22400,2380855,2694270,4.44
2025-03-14,Z08,22400,2571264,2909744,4.1
2025-03-15,Z08,22400,2908715,3291617,3.71
2025-03-16,Z08,22400,2844471,3218916,2.35
2025-03-17,Z08,22400,2591389,2932518,3.32
2025-03-18,Z08,22400,2705714,3061893,3.28
2025-03-19,Z08,22400,2756040,3118843,4.21
2025-03-20,Z08,22400,2549756,2885405,3.69
2025-03-21,Z08,22400,2793825,3161603,3.76
2025-03-22,Z08,22400,2943995,3331541,4.11
2025-03-23,Z08,22400,2947726,3335764,4.42
2025-03-24,Z08,22400,2920578,3305042,4.33
2025-03-25,Z08,22400,2892311,3273054,3.87
2025-03-26,Z08,22400,2589720,2930629,3.46
2025-03-27,Z08,22400,2754775,3117413,3.82
2025-03-28,Z08,22400,2719567,3077570,3.58
2025-03-29,Z08,22400,3336035,3775189,3.99
2025-03-30,Z08,22400,3232388,3657898,3.32
2025-03-31,Z08,22400,3014444,3411264,4.05
2025-04-01,Z08,22400,2707569,3063992,3.62
2025-04-02,Z08,22400,2833440,3206433,3.79
2025-04-03,Z08,22400,3096629,3504268,3.0
2025-04-04,Z08,22400,3096339,3503940,3.46
2025-04-05,Z08,22400,3498984,3959589,3.82
2025-04-06,Z08,22400,3150911,3565695,3.51
2025-04-07,Z08,22400,2906514,3289126,2.43
2025-04-08,Z08,22400,3100257,3508373,2.98
2025-04-09,Z08,22400,3065602,3469157,3.77
2025-04-10,Z08,22400,3066336,3469987,4.35
2025-04-11,Z08,22400,2909096,3292048,3.48
2025-04-12,Z08,22400,3344908,3785230,3.36
2025-04-13,Z08,22400,3593568,4066623,4.13
2025-04-14,Z08,22400,3020279,3417867,3.61
2025-04-15,Z08,22400,3047821,3449035,3.97
2025-04-16,Z08,22400,3104718,3513421,3.45
2025-04-17,Z08,22400,3135726,3548511,3.4
2025-04-18,Z08,22400,3338847,3778372,4.01
2025-04-19,Z08,22400,3603119,4077432,3.94
2025-04-20,Z08,22400,3488570,3947804,3.44
2025-04-21,Z08,22400,3140315,3553705,3.04
2025-04-22,Z08,22400,3448037,3901935,2.77
2025-04-23,Z08,22400,3396987,3844165,2.83
2025-04-24,Z08,22400,3358290,3800374,3.28
2025-04-25,Z08,22400,3336223,3775402,3.76
2025-04-26,Z08,22400,3533329,3998455,2.77
2025-04-27,Z08,22400,3820916,4323900,2.8
2025-04-28,Z08,22400,3029914,3428771,3.79
2025-04-29,Z08,22400,3266234,3696200,4.38
2025-04-30,Z08,22400,3364872,3807822,4.14
2025-05-01,Z08,22400,3505278,3966711,2.68
2025-05-02,Z08,22400,3469346,3926049,3.8
2025-05-03,Z08,22400,4010363,4538286,4.08
2025-05-04,Z08,22400,3738992,4231192,3.35
2025-05-05,Z08,22400,3494035,3953989,3.48
2025-05-06,Z08,22400,3479431,3937462,3.77
2025-05-07,Z08,22400,3702658,4190074,3.84
2025-05-08,Z08,22400,3763562,4258996,3.79
2025-05-09,Z08,22400,3458367,3913625,3.96
2025-05-10,Z08,22400,4260754,4821638,3.71
2025-05-11,Z08,22400,3808550,4309906,3.29
2025-05-12,Z08,22400,3580398,4051721,3.38
2025-05-13,Z08,22400,3509488,3971476,3.21
2025-05-14,Z08,22400,3903821,4417718,3.37
2025-05-15,Z08,22400,3593686,4066757,3.88
2025-05-16,Z08,22400,3756441,4250937,3.21
2025-05-17,Z08,22400,3849171,4355874,4.13
2025-05-18,Z08,22400,4369182,4944339,3.11
2025-05-19,Z08,22400,3669559,4152618,3.7
2025-05-20,Z08,22400,3735044,4226723,4.02
2025-05-21,Z08,22400,3776495,4273631,3.82
2025-05-22,Z08,22400,3814524,4316666,2.68
2025-05-23,Z08,22400,3708403,4196575,3.67
2025-05-24,Z08,22400,4015025,4543562,3.23
2025-05-25,Z08,22400,4135523,4679922,2.94
2025-05-26,Z08,22400,4007995,4535606,3.71
2025-05-27,Z08,22400,3864127,4372799,2.98
2025-05-28,Z08,22400,3955728,4476459,3.72
2025-05-29,Z08,22400,3941754,4460645,4.33
2025-05-30,Z08,22400,3905940,4420116,3.75
2025-05-31,Z08,22400,4484127,5074416,3.48
2025-06-01,Z08,22400,4622834,5231381,3.52
2025-06-02,Z08,22400,4152536,4699174,4.06
2025-06-03,Z08,22400,3998812,4525214,3.45
2025-06-04,Z08,22400,3997858,4524134,3.37
2025-06-05,Z08,22400,4231189,4788181,3.13
2025-06-06,Z08,22400,3955266,4475936,3.15
2025-06-07,Z08,22400,4311102,4878613,4.05
2025-06-08,Z08,22400,4218970,4774353,3.36
2025-06-09,Z08,22400,4376561,4952690,3.88
2025-06-10,Z08,22400,4484406,5074732,3.92
2025-06-11,Z08,22400,4078569,4615470,3.12
2025-06-12,Z08,22400,4246305,4805287,3.2
2025-06-13,Z08,22400,4280371,4843838,3.89
2025-06-14,Z08,22400,4574673,5176881,3.67
2025-06-15,Z08,22400,4813059,5446649,3.51
2025-06-16,Z08,22400,4057466,4591589,3.83
2025-06-17,Z08,22400,4094898,4633949,4.11
2025-06-18,Z08,22400,3946653,4466189,3.58
2025-06-19,Z08,22400,4002709,4529624,3.32
2025-06-20,Z08,22400,3926318,4443177,3.66
2025-06-21,Z08,22400,4333980,4904503,3.2
2025-06-22,Z08,22400,4741577,5365757,3.67
2025-06-23,Z08,22400,4183500,4734214,3.6
2025-06-24,Z08,22400,4146514,4692360,3.19
2025-06-25,Z08,22400,4211763,4766198,3.4
2025-06-26,Z08,22400,4288243,4852746,3.44
2025-06-27,Z08,22400,4493242,5084730,3.97
2025-06-28,Z08,22400,4614648,5222118,3.16
2025-06-29,Z08,22400,4647781,5259613,3.2
2025-06-30,Z08,22400,4466970,5055000,3.41
2025-07-01,Z08,22400,4193666,4745719,3.88
2025-07-02,Z08,22400,4170323,4719303,3.96
2025-07-03,Z08,22400,4326162,4895656,3.73
2025-07-04,Z08,22400,4088147,4626309,3.96
2025-07-05,Z08,22400,5041018,5704615,4.18
2025-07-06,Z08,22400,4558951,5159089,3.68
2025-07-07,Z08,22400,4416130,4997467,3.2
2025-07-08,Z08,22400,4080631,4617803,3.56
2025-07-09,Z08,22400,4384253,4961395,2.92
2025-07-10,Z08,22400,4405578,4985527,3.8
2025-07-11,Z08,22400,4210895,4765216,3.35
2025-07-12,Z08,22400,4470328,5058800,3.66
2025-07-13,Z08,22400,4600366,5205956,3.56
2025-07-14,Z08,22400,4490662,5081811,3.41
2025-07-15,Z08,22400,4564714,5165611,3.71
2025-07-16,Z08,22400,4268278,4830153,3.54
2025-07-17,Z08,22400,4229016,4785722,3.28
2025-07-18,Z08,22400,4196537,4748967,3.05
2025-07-19,Z08,22400,4842974,5480501,3.78
2025-07-20,Z08,22400,4766381,5393826,3.0
2025-07-21,Z08,22400,4264754,4826164,4.5
2025-07-22,Z08,22400,4455166,5041642,4.24
2025-07-23,Z08,22400,4184956,4735862,2.81
2025-07-24,Z08,22400,3878291,4388827,3.91
2025-07-25,Z08,22400,4328766,4898603,4.17
2025-07-26,Z08,22400,4908522,5554678,3.31
2025-07-27,Z08,22400,4994864,5652385,3.78
2025-07-28,Z08,22400,4565747,5166780,3.54
2025-07-29,Z08,22400,4392361,4970570,3.94
2025-07-30,Z08,22400,4089854,4628241,3.38
2025-07-31,Z08,22400,4212683,4767239,4.11
2025-08-01,Z08,22400,4226949,4783383,3.53
2025-08-02,Z08,22400,4554263,5153785,3.44
2025-08-03,Z08,22400,4654126,5266794,3.92
2025-08-04,Z08,22400,4164868,4713129,4.05
2025-08-05,Z08,22400,4133933,4678122,2.43
2025-08-06,Z08,22400,4529509,5125772,2.15
2025-08-07,Z08,22400,4393460,4971813,3.77
2025-08-08,Z08,22400,4270553,4832727,3.27
2025-08-09,Z08,22400,4763505,5390571,2.94
2025-08-10,Z08,22400,4704633,5323949,3.41
2025-08-11,Z08,22400,4079331,4616332,5.06
2025-08-12,Z08,22400,4499962,5092335,2.93
2025-08-13,Z08,22400,4168413,4717141,4.04
2025-08-14,Z08,22400,3920697,4436816,3.22
2025-08-15,Z08,22400,4219441,4774886,2.87
2025-08-16,Z08,22400,4718087,5339174,3.29
2025-08-17,Z08,22400,4742302,5366576,2.89
2025-08-18,Z08,22400,4435595,5019495,2.82
2025-08-19,Z08,22400,4265905,4827467,3.24
2025-08-20,Z08,22400,4124026,4666911,3.05
2025-08-21,Z08,22400,4025145,4555014,3.53
2025-08-22,Z08,22400,4265902,4827463,3.68
2025-08-23,Z08,22400,4579869,5182761,3.21
2025-08-24,Z08,22400,4726747,5348974,3.91
2025-08-25,Z08,22400,4124147,4667048,3.27
2025-08-26,Z08,22400,3836253,4341256,3.52
2025-08-27,Z08,22400,3911567,4426484,2.52
2025-08-28,Z08,22400,3864475,4373193,3.64
2025-08-29,Z08,22400,4207518,4761394,4.73
2025-08-30,Z08,22400,4257638,4818112,4.0
2025-08-31,Z08,22400,4334829,4905464,3.51
2025-09-01,Z08,22400,3955343,4476022,3.02
2025-09-02,Z08,22400,3750612,4244341,4.42
2025-09-03,Z08,22400,3916532,4432103,3.52
2025-09-04,Z08,22400,4052786,4586293,3.26
2025-09-05,Z08,22400,4030023,4560533,3.28
2025-09-06,Z08,22400,4483773,5074015,4.64
2025-09-07,Z08,22400,4120476,4662893,3.54
2025-09-08,Z08,22400,3900401,4413848,3.83
2025-09-09,Z08,22400,3964833,4486762,3.5
2025-09-10,Z08,22400,3977927,4501579,3.57
2025-09-11,Z08,22400,4106812,4647431,3.39
2025-09-12,Z08,22400,3920923,4437072,4.31
2025-09-13,Z08,22400,4237940,4795820,3.62
2025-09-14,Z08,22400,4421600,5003657,2.9
2025-09-15,Z08,22400,4035691,4566947,3.8
2025-09-16,Z08,22400,3821770,4324866,3.54
2025-09-17,Z08,22400,3799562,4299735,3.79
2025-09-18,Z08,22400,3697137,4183827,3.43
2025-09-19,Z08,22400,3631232,4109246,3.33
2025-09-20,Z08,22400,4124490,4667436,4.05
2025-09-21,Z08,22400,4004519,4531673,4.53
2025-09-22,Z08,22400,3883100,4394270,2.67
2025-09-23,Z08,22400,3544467,4011059,3.64
2025-09-24,Z08,22400,3842976,4348863,3.33
2025-09-25,Z08,22400,3303359,3738211,3.14
2025-09-26,Z08,22400,3490251,3949706,2.52
2025-09-27,Z08,22400,3807541,4308764,3.78
2025-09-28,Z08,22400,3901061,4414595,3.36
2025-09-29,Z08,22400,3577052,4047933,3.33
2025-09-30,Z08,22400,3641215,4120543,4.2
2025-10-01,Z08,22400,3468119,3924661,3.38
2025-10-02,Z08,22400,3299257,3733570,3.36
2025-10-03,Z08,22400,3277217,3708629,2.93
2025-10-04,Z08,22400,3621051,4097725,3.15
2025-10-05,Z08,22400,3836102,4341084,4.33
2025-10-06,Z08,22400,3443795,3897135,3.91
2025-10-07,Z08,22400,3305341,3740455,4.24
2025-10-08,Z08,22400,3228529,3653532,3.18
2025-10-09,Z08,22400,3191510,3611639,3.78
2025-10-10,Z08,22400,3254674,3683118,4.12
2025-10-11,Z08,22400,3765109,4260747,3.89
2025-10-12,Z08,22400,3728854,4219718,4.39
2025-10-13,Z08,22400,3230560,3655830,3.8
2025-10-14,Z08,22400,3320050,3757100,3.6
2025-10-15,Z08,22400,3028164,3426790,2.42
2025-10-16,Z08,22400,3123926,3535158,3.81
2025-10-17,Z08,22400,3086627,3492949,3.9
2025-10-18,Z08,22400,3439604,3892392,4.17
2025-10-19,Z08,22400,3417778,3867693,3.2
2025-10-20,Z08,22400,3174113,3591952,3.58
2025-10-21,Z08,22400,3071693,3476049,2.8
2025-10-22,Z08,22400,3092131,3499177,2.79
2025-10-23,Z08,22400,2988219,3381587,3.86
2025-10-24,Z08,22400,2849466,3224569,4.23
2025-10-25,Z08,22400,3419890,3870083,4.25
2025-10-26,Z08,22400,3218991,3642738,3.82
2025-10-27,Z08,22400,2901110,3283011,4.62
2025-10-28,Z08,22400,2989359,3382876,3.4
2025-10-29,Z08,22400,3073036,3477569,4.05
2025-10-30,Z08,22400,3045726,3446664,2.94
2025-10-31,Z08,22400,2853215,3228811,2.03
2025-11-01,Z08,22400,3272585,3703387,3.36
2025-11-02,Z08,22400,3328369,3766514,3.54
2025-11-03,Z08,22400,2850519,3225760,3.72
2025-11-04,Z08,22400,2787411,3154345,3.51
2025-11-05,Z08,22400,2646443,2994819,3.78
2025-11-06,Z08,22400,2870973,3248906,4.47
2025-11-07,Z08,22400,2717900,3075684,3.97
2025-11-08,Z08,22400,2834691,3207848,3.22
2025-11-09,Z08,22400,2808328,3178015,2.34
2025-11-10,Z08,22400,2682023,3035083,3.06
2025-11-11,Z08,22400,2845132,3219663,4.27
2025-11-12,Z08,22400,2851944,3227372,3.35
2025-11-13,Z08,22400,2732389,3092080,3.94
2025-11-14,Z08,22400,2945328,3333049,3.92
2025-11-15,Z08,22400,2772127,3137049,3.57
2025-11-16,Z08,22400,2814862,3185409,3.56
2025-11-17,Z08,22400,2425337,2744607,3.27
2025-11-18,Z08,22400,2643683,2991696,4.71
2025-11-19,Z08,22400,2467306,2792101,3.12
2025-11-20,Z08,22400,2364309,2675545,4.16
2025-11-21,Z08,22400,2601545,2944012,4.02
2025-11-22,Z08,22400,2568962,2907139,3.91
2025-11-23,Z08,22400,2645934,2994244,3.54
2025-11-24,Z08,22400,2425779,2745107,2.86
2025-11-25,Z08,22400,2644315,2992412,3.03
2025-11-26,Z08,22400,2658528,3008496,3.21
2025-11-27,Z08,22400,2457444,2780941,3.78
2025-11-28,Z08,22400,2547637,2883007,4.05
2025-11-29,Z08,22400,2630822,2977143,3.76
2025-11-30,Z08,22400,2980402,3372741,3.73
2025-12-01,Z08,22400,2312561,2616985,4.12
2025-12-02,Z08,22400,2583561,2923660,2.56
2025-12-03,Z08,22400,2433083,2753373,2.5
2025-12-04,Z08,22400,2291936,2593645,2.83
2025-12-05,Z08,22400,2330452,2637232,4.06
2025-12-06,Z08,22400,2733603,3093453,2.6
2025-12-07,Z08,22400,2464679,2789128,3.6
2025-12-08,Z08,22400,2349613,2658915,3.14
2025-12-09,Z08,22400,2262648,2560502,3.68
2025-12-10,Z08,22400,2451305,2773993,3.53
2025-12-11,Z08,22400,2222878,2515496,3.73
2025-12-12,Z08,22400,2238491,2533165,3.4
2025-12-13,Z08,22400,2619709,2964567,3.95
2025-12-14,Z08,22400,2531753,2865032,4.33
2025-12-15,Z08,22400,2291612,2593278,4.23
2025-12-16,Z08,22400,2375711,2688448,3.42
2025-12-17,Z08,22400,2277968,2577839,3.17
2025-12-18,Z08,22400,2089845,2364951,3.7
2025-12-19,Z08,22400,2327389,2633765,4.59
2025-12-20,Z08,22400,2536287,2870163,3.57
2025-12-21,Z08,22400,2589450,2930324,4.02
2025-12-22,Z08,22400,2152462,2435812,3.99
2025-12-23,Z08,22400,2345750,2654544,3.99
2025-12-24,Z08,22400,2144849,2427196,4.24
2025-12-25,Z08,22400,2406106,2722844,2.94
2025-12-26,Z08,22400,2206544,2497012,3.12
2025-12-27,Z08,22400,2288056,2589254,3.62
2025-12-28,Z08,22400,2418875,2737294,4.22
2025-12-29,Z08,22400,2293337,2595231,4.21
2025-12-30,Z08,22400,2131056,2411588,3.58
2025-12-31,Z08,22400,2314390,2619055,4.1
