date,zone_id,temp_c,rainfall_mm,humidity_pct
2023-01-01,Z01,5.0,15.6,67.8
2023-01-02,Z01,4.1,5.4,61.8
2023-01-03,Z01,1.3,1.9,68.4
2023-01-04,Z01,2.4,1.2,70.4
2023-01-05,Z01,3.7,0.1,78.3
2023-01-06,Z01,3.4,7.8,69.5
2023-01-07,Z01,2.7,20.8,57.5
2023-01-08,Z01,3.1,0.0,68.8
2023-01-09,Z01,2.8,0.4,83.0
2023-01-10,Z01,3.5,0.5,73.7
2023-01-11,Z01,5.9,22.2,65.4
2023-01-12,Z01,-1.4,0.2,72.5
2023-01-13,Z01,2.8,0.4,65.9
2023-01-14,Z01,3.6,17.9,62.9
2023-01-15,Z01,3.8,4.0,68.0
2023-01-16,Z01,2.7,8.8,70.2
2023-01-17,Z01,0.2,12.7,60.4
2023-01-18,Z01,4.0,1.2,64.1
2023-01-19,Z01,6.5,0.5,69.9
2023-01-20,Z01,0.7,24.8,67.9
2023-01-21,Z01,5.0,7.6,71.9
2023-01-22,Z01,2.9,0.3,63.9
2023-01-23,Z01,3.5,4.5,73.5
2023-01-24,Z01,1.7,6.0,64.1
2023-01-25,Z01,3.1,0.1,78.2
2023-01-26,Z01,6.1,2.6,61.4
2023-01-27,Z01,4.8,1.8,64.5
2023-01-28,Z01,7.0,2.2,72.1
2023-01-29,Z01,6.0,0.0,78.3
2023-01-30,Z01,4.8,0.5,71.5
2023-01-31,Z01,7.2,0.0,72.8
2023-02-01,Z01,4.9,2.1,70.0
2023-02-02,Z01,5.7,9.9,64.8
2023-02-03,Z01,3.7,8.0,67.4
2023-02-04,Z01,4.5,4.2,63.8
2023-02-05,Z01,3.2,4.1,63.4
2023-02-06,Z01,6.3,4.6,71.8
2023-02-07,Z01,2.5,1.7,64.1
2023-02-08,Z01,6.1,2.4,71.2
2023-02-09,Z01,4.5,6.7,63.1
2023-02-10,Z01,7.0,0.4,71.0
2023-02-11,Z01,6.4,6.7,67.0
2023-02-12,Z01,8.4,0.4,76.4
2023-02-13,Z01,6.5,2.7,70.9
2023-02-14,Z01,2.5,7.1,75.4
2023-02-15,Z01,5.3,0.3,65.4
2023-02-16,Z01,3.4,2.1,69.3
2023-02-17,Z01,4.7,0.7,64.1
2023-02-18,Z01,8.5,0.2,66.8
2023-02-19,Z01,7.1,5.4,67.5
2023-02-20,Z01,4.8,2.1,65.0
2023-02-21,Z01,4.3,6.6,62.5
2023-02-22,Z01,6.3,1.9,61.4
2023-02-23,Z01,4.2,0.5,56.6
2023-02-24,Z01,5.3,0.3,62.9
2023-02-25,Z01,7.3,1.4,71.2
2023-02-26,Z01,8.9,6.6,60.0
2023-02-27,Z01,8.1,0.7,61.0
2023-02-28,Z01,3.0,1.7,76.6
2023-03-01,Z01,7.8,1.2,64.4
2023-03-02,Z01,7.5,6.8,69.0
2023-03-03,Z01,8.3,2.2,70.5
2023-03-04,Z01,10.6,12.0,70.4
2023-03-05,Z01,4.1,16.2,59.3
2023-03-06,Z01,6.9,0.0,65.6
2023-03-07,Z01,9.2,2.1,58.5
2023-03-08,Z01,5.5,2.9,78.7
2023-03-09,Z01,11.1,9.8,58.3
2023-03-10,Z01,9.3,0.4,60.9
2023-03-11,Z01,10.3,10.3,60.7
2023-03-12,Z01,8.0,0.8,58.3
2023-03-13,Z01,10.6,0.6,72.3
2023-03-14,Z01,11.2,20.4,77.5
2023-03-15,Z01,9.9,0.2,62.8
2023-03-16,Z01,10.1,0.0,58.4
2023-03-17,Z01,10.3,1.4,53.6
2023-03-18,Z01,8.4,4.4,63.4
2023-03-19,Z01,9.9,0.3,62.8
2023-03-20,Z01,10.1,0.6,61.0
2023-03-21,Z01,11.2,0.2,65.1
2023-03-22,Z01,12.5,8.0,65.8
2023-03-23,Z01,9.0,0.6,65.2
2023-03-24,Z01,10.8,0.6,61.8
2023-03-25,Z01,13.9,6.5,57.7
2023-03-26,Z01,10.1,1.1,66.3
2023-03-27,Z01,10.1,2.6,62.8
2023-03-28,Z01,12.2,0.3,67.0
2023-03-29,Z01,13.5,7.5,66.2
2023-03-30,Z01,12.2,1.2,55.0
2023-03-31,Z01,14.8,1.1,54.7
2023-04-01,Z01,14.1,0.3,57.8
2023-04-02,Z01,14.3,1.7,56.1
2023-04-03,Z01,13.9,3.3,64.9
2023-04-04,Z01,17.3,1.2,62.7
2023-04-05,Z01,12.9,5.4,66.2
2023-04-06,Z01,9.9,1.6,62.4
2023-04-07,Z01,16.6,0.2,61.2
2023-04-08,Z01,13.0,0.6,65.9
2023-04-09,Z01,14.3,12.9,62.0
2023-04-10,Z01,16.6,0.5,59.8
2023-04-11,Z01,11.6,0.4,66.6
2023-04-12,Z01,12.4,0.2,59.5
2023-04-13,Z01,11.9,5.8,57.2
2023-04-14,Z01,13.6,13.4,54.3
2023-04-15,Z01,16.0,8.1,61.7
2023-04-16,Z01,16.3,0.0,64.1
2023-04-17,Z01,16.1,0.6,57.4
2023-04-18,Z01,13.2,4.9,64.0
2023-04-19,Z01,11.8,5.4,47.3
2023-04-20,Z01,16.2,4.2,56.7
2023-04-21,Z01,15.5,9.2,56.5
2023-04-22,Z01,17.3,4.4,52.8
2023-04-23,Z01,18.0,4.5,68.1
2023-04-24,Z01,17.1,0.1,55.6
2023-04-25,Z01,18.4,1.6,53.6
2023-04-26,Z01,17.7,2.1,55.5
2023-04-27,Z01,18.4,5.2,45.1
2023-04-28,Z01,16.3,0.4,51.1
2023-04-29,Z01,17.5,3.1,59.5
2023-04-30,Z01,18.3,0.2,51.2
2023-05-01,Z01,19.6,18.1,50.0
2023-05-02,Z01,17.6,11.3,60.4
2023-05-03,Z01,19.4,0.7,60.3
2023-05-04,Z01,18.2,1.3,55.9
2023-05-05,Z01,18.6,0.0,50.8
2023-05-06,Z01,20.5,7.8,51.6
2023-05-07,Z01,15.6,4.7,48.5
2023-05-08,Z01,17.0,0.5,47.3
2023-05-09,Z01,16.8,0.6,46.8
2023-05-10,Z01,15.5,2.5,48.7
2023-05-11,Z01,18.6,0.0,46.4
2023-05-12,Z01,21.4,3.1,43.5
2023-05-13,Z01,19.7,0.6,52.1
2023-05-14,Z01,20.7,0.0,52.0
2023-05-15,Z01,22.4,3.5,59.1
2023-05-16,Z01,23.0,6.6,47.0
2023-05-17,Z01,20.7,7.4,51.5
2023-05-18,Z01,23.4,1.3,51.4
2023-05-19,Z01,21.3,0.3,48.3
2023-05-20,Z01,19.7,0.0,53.1
2023-05-21,Z01,20.3,2.7,53.0
2023-05-22,Z01,18.9,3.2,50.5
2023-05-23,Z01,20.1,1.0,47.3
2023-05-24,Z01,21.2,6.9,46.6
2023-05-25,Z01,23.4,0.5,41.3
2023-05-26,Z01,25.2,0.1,43.9
2023-05-27,Z01,19.7,7.4,44.6
2023-05-28,Z01,23.0,0.5,41.9
2023-05-29,Z01,20.6,0.2,49.5
2023-05-30,Z01,23.4,0.1,53.0
2023-05-31,Z01,22.5,0.1,42.3
2023-06-01,Z01,19.5,1.4,48.0
2023-06-02,Z01,24.6,1.7,41.2
2023-06-03,Z01,22.0,1.7,44.7
2023-06-04,Z01,22.2,2.3,42.5
2023-06-05,Z01,21.4,0.5,48.8
2023-06-06,Z01,22.2,0.1,42.2
2023-06-07,Z01,24.3,0.3,50.4
2023-06-08,Z01,23.3,0.2,43.9
2023-06-09,Z01,24.3,0.4,41.7
2023-06-10,Z01,24.4,4.5,38.5
2023-06-11,Z01,26.3,2.7,45.9
2023-06-12,Z01,23.4,0.2,48.9
2023-06-13,Z01,21.4,6.3,45.6
2023-06-14,Z01,26.1,1.1,55.3
2023-06-15,Z01,23.6,1.0,51.0
2023-06-16,Z01,26.3,1.3,42.2
2023-06-17,Z01,25.1,0.1,42.0
2023-06-18,Z01,24.2,1.6,45.7
2023-06-19,Z01,25.1,0.0,39.0
2023-06-20,Z01,28.1,0.5,48.9
2023-06-21,Z01,28.4,0.2,44.7
2023-06-22,Z01,24.8,2.1,44.0
2023-06-23,Z01,25.1,3.3,46.0
2023-06-24,Z01,26.8,2.3,51.1
2023-06-25,Z01,23.3,0.7,43.2
2023-06-26,Z01,25.5,6.3,41.6
2023-06-27,Z01,24.9,0.8,49.6
2023-06-28,Z01,25.6,0.8,46.8
2023-06-29,Z01,23.5,5.8,40.2
2023-06-30,Z01,22.2,0.6,41.7
2023-07-01,Z01,21.4,0.1,42.5
2023-07-02,Z01,23.1,0.0,43.3
2023-07-03,Z01,24.3,2.1,34.6
2023-07-04,Z01,24.7,0.0,33.5
2023-07-05,Z01,28.7,0.1,36.7
2023-07-06,Z01,27.2,0.1,36.2
2023-07-07,Z01,23.5,0.3,37.7
2023-07-08,Z01,25.9,0.4,44.0
2023-07-09,Z01,24.5,0.1,39.9
2023-07-10,Z01,24.7,0.6,41.7
2023-07-11,Z01,25.6,3.1,34.5
2023-07-12,Z01,26.4,0.2,38.2
2023-07-13,Z01,24.6,0.9,43.4
2023-07-14,Z01,27.1,1.1,43.4
2023-07-15,Z01,23.2,5.6,36.7
2023-07-16,Z01,25.2,0.7,41.1
2023-07-17,Z01,29.8,0.2,51.3
2023-07-18,Z01,25.6,12.7,40.1
2023-07-19,Z01,27.7,0.2,36.7
2023-07-20,Z01,25.3,0.7,39.3
2023-07-21,Z01,26.1,0.6,40.6
2023-07-22,Z01,24.9,0.4,39.3
2023-07-23,Z01,24.7,0.3,39.9
2023-07-24,Z01,23.5,0.0,32.8
2023-07-25,Z01,25.7,2.9,35.2
2023-07-26,Z01,23.3,0.1,39.3
2023-07-27,Z01,26.0,0.2,39.2
2023-07-28,Z01,26.7,1.1,37.2
2023-07-29,Z01,25.3,0.0,39.1
2023-07-30,Z01,24.1,2.9,40.3
2023-07-31,Z01,25.4,0.9,44.5
2023-08-01,Z01,23.9,2.2,39.5
2023-08-02,Z01,26.1,0.0,42.1
2023-08-03,Z01,21.0,4.2,37.4
2023-08-04,Z01,23.7,0.1,43.0
2023-08-05,Z01,20.6,1.2,42.0
2023-08-06,Z01,21.4,0.9,44.5
2023-08-07,Z01,26.5,0.6,43.8
2023-08-08,Z01,25.5,0.6,43.2
2023-08-09,Z01,22.5,0.1,39.8
2023-08-10,Z01,21.0,0.3,41.6
2023-08-11,Z01,18.3,0.0,45.8
2023-08-12,Z01,22.6,1.1,37.3
2023-08-13,Z01,27.8,2.1,37.4
2023-08-14,Z01,24.1,1.5,41.6
2023-08-15,Z01,22.2,0.6,42.8
2023-08-16,Z01,24.0,0.1,36.7
2023-08-17,Z01,20.2,2.7,40.5
2023-08-18,Z01,22.4,0.1,40.5
2023-08-19,Z01,22.9,0.0,30.0
2023-08-20,Z01,22.5,2.0,40.1
2023-08-21,Z01,23.9,4.8,40.5
2023-08-22,Z01,23.0,3.3,40.6
2023-08-23,Z01,23.5,1.1,48.6
2023-08-24,Z01,20.9,0.9,35.5
2023-08-25,Z01,23.6,1.9,37.6
2023-08-26,Z01,24.8,1.9,28.8
2023-08-27,Z01,20.0,0.6,39.6
2023-08-28,Z01,20.0,0.3,40.1
2023-08-29,Z01,23.9,1.9,39.7
2023-08-30,Z01,21.0,0.1,47.9
2023-08-31,Z01,23.7,0.6,46.8
2023-09-01,Z01,20.2,2.0,43.1
2023-09-02,Z01,23.5,4.0,41.0
2023-09-03,Z01,20.9,3.8,48.1
2023-09-04,Z01,21.0,1.3,43.0
2023-09-05,Z01,23.2,0.2,39.2
2023-09-06,Z01,19.6,0.0,34.9
2023-09-07,Z01,18.4,0.4,41.4
2023-09-08,Z01,19.1,0.7,47.6
2023-09-09,Z01,20.6,0.3,55.4
2023-09-10,Z01,16.8,4.0,44.5
2023-09-11,Z01,20.6,4.0,40.5
2023-09-12,Z01,18.3,9.9,38.6
2023-09-13,Z01,21.2,0.0,47.5
2023-09-14,Z01,14.6,0.1,36.1
2023-09-15,Z01,17.3,0.0,47.8
2023-09-16,Z01,15.5,0.1,49.4
2023-09-17,Z01,16.9,0.6,47.6
2023-09-18,Z01,18.7,0.3,44.6
2023-09-19,Z01,17.7,1.5,48.7
2023-09-20,Z01,17.4,1.8,46.9
2023-09-21,Z01,17.4,0.0,42.4
2023-09-22,Z01,17.9,3.8,55.8
2023-09-23,Z01,15.5,1.1,45.0
2023-09-24,Z01,18.4,0.0,50.8
2023-09-25,Z01,18.2,0.5,35.1
2023-09-26,Z01,17.5,0.0,53.8
2023-09-27,Z01,17.6,1.6,54.9
2023-09-28,Z01,16.9,0.3,48.0
2023-09-29,Z01,19.9,1.9,50.8
2023-09-30,Z01,15.9,0.9,51.1
2023-10-01,Z01,15.3,0.1,45.3
2023-10-02,Z01,14.3,0.9,51.5
2023-10-03,Z01,13.6,0.5,44.9
2023-10-04,Z01,13.0,0.1,46.2
2023-10-05,Z01,13.5,1.2,55.1
2023-10-06,Z01,14.8,0.8,54.6
2023-10-07,Z01,15.3,1.2,46.4
2023-10-08,Z01,14.6,0.3,46.5
2023-10-09,Z01,13.0,6.3,47.2
2023-10-10,Z01,15.8,0.4,54.3
2023-10-11,Z01,15.3,0.8,45.9
2023-10-12,Z01,13.5,0.5,53.0
2023-10-13,Z01,12.4,0.8,55.2
2023-10-14,Z01,14.4,2.7,51.2
2023-10-15,Z01,13.5,2.7,57.0
2023-10-16,Z01,10.4,0.7,50.7
2023-10-17,Z01,12.7,3.3,51.4
2023-10-18,Z01,13.1,0.7,47.8
2023-10-19,Z01,10.8,1.8,58.0
2023-10-20,Z01,12.6,9.5,49.4
2023-10-21,Z01,9.5,0.0,55.2
2023-10-22,Z01,14.3,0.1,53.4
2023-10-23,Z01,14.0,4.1,48.7
2023-10-24,Z01,11.1,5.5,51.2
2023-10-25,Z01,12.0,2.3,61.4
2023-10-26,Z01,6.8,3.6,55.8
2023-10-27,Z01,8.9,0.2,50.0
2023-10-28,Z01,10.3,1.7,56.8
2023-10-29,Z01,8.7,0.0,54.8
2023-10-30,Z01,11.7,0.4,73.0
2023-10-31,Z01,13.9,0.0,57.5
2023-11-01,Z01,8.0,0.2,54.4
2023-11-02,Z01,8.4,0.9,63.6
2023-11-03,Z01,10.2,0.0,47.6
2023-11-04,Z01,12.5,4.8,57.5
2023-11-05,Z01,7.2,1.9,67.3
2023-11-06,Z01,9.7,5.3,57.0
2023-11-07,Z01,12.3,7.8,49.2
2023-11-08,Z01,5.9,1.3,56.1
2023-11-09,Z01,6.4,6.5,65.6
2023-11-10,Z01,7.8,15.0,60.5
2023-11-11,Z01,7.5,0.1,54.6
2023-11-12,Z01,9.7,0.0,55.7
2023-11-13,Z01,8.5,6.4,56.5
2023-11-14,Z01,4.7,9.0,61.4
2023-11-15,Z01,8.7,0.5,66.5
2023-11-16,Z01,6.6,0.0,65.3
2023-11-17,Z01,9.8,0.5,62.6
2023-11-18,Z01,6.2,1.3,53.9
2023-11-19,Z01,6.0,0.5,54.1
2023-11-20,Z01,8.0,1.4,63.7
2023-11-21,Z01,8.3,1.9,54.5
2023-11-22,Z01,7.6,0.5,60.4
2023-11-23,Z01,3.6,0.2,63.2
2023-11-24,Z01,7.5,2.5,56.3
2023-11-25,Z01,4.5,8.1,57.1
2023-11-26,Z01,6.6,28.2,61.9
2023-11-27,Z01,3.5,27.3,65.1
2023-11-28,Z01,6.8,0.2,68.2
2023-11-29,Z01,4.4,0.2,66.1
2023-11-30,Z01,3.4,2.8,63.7
2023-12-01,Z01,6.9,17.6,59.8
2023-12-02,Z01,5.9,2.6,58.4
2023-12-03,Z01,4.3,0.0,61.4
2023-12-04,Z01,7.9,8.2,66.2
2023-12-05,Z01,4.4,2.2,66.0
2023-12-06,Z01,5.1,4.0,54.0
2023-12-07,Z01,5.4,19.7,60.8
2023-12-08,Z01,3.7,0.3,70.9
2023-12-09,Z01,5.6,1.7,65.5
2023-12-10,Z01,3.7,0.1,58.2
2023-12-11,Z01,3.8,2.0,77.3
2023-12-12,Z01,6.9,0.1,65.5
2023-12-13,Z01,2.5,18.9,67.8
2023-12-14,Z01,-0.0,0.9,68.0
2023-12-15,Z01,7.1,1.8,64.4
2023-12-16,Z01,8.7,0.3,62.7
2023-12-17,Z01,3.3,0.6,77.1
2023-12-18,Z01,0.5,0.0,71.7
2023-12-19,Z01,3.4,4.1,71.0
2023-12-20,Z01,3.4,24.2,69.9
2023-12-21,Z01,3.5,12.8,62.2
2023-12-22,Z01,1.8,0.9,73.7
2023-12-23,Z01,4.7,2.6,63.3
2023-12-24,Z01,4.6,0.0,69.0
2023-12-25,Z01,0.9,0.6,59.6
2023-12-26,Z01,4.8,0.4,57.7
2023-12-27,Z01,7.2,3.8,69.6
2023-12-28,Z01,3.8,1.1,64.1
2023-12-29,Z01,2.8,7.3,58.3
2023-12-30,Z01,3.1,3.3,71.1
2023-12-31,Z01,4.5,2.5,79.1
2024-01-01,Z01,0.2,8.2,75.6
2024-01-02,Z01,3.6,1.7,67.4
2024-01-03,Z01,2.6,0.1,68.9
2024-01-04,Z01,6.6,0.1,73.4
2024-01-05,Z01,3.0,2.4,74.6
2024-01-06,Z01,6.3,12.9,67.4
2024-01-07,Z01,1.3,3.7,69.4
2024-01-08,Z01,4.3,10.9,70.8
2024-01-09,Z01,3.8,0.0,72.1
2024-01-10,Z01,1.7,0.4,68.8
2024-01-11,Z01,3.6,4.3,68.9
2024-01-12,Z01,5.4,0.3,76.5
2024-01-13,Z01,2.7,5.5,75.7
2024-01-14,Z01,0.2,0.1,72.1
2024-01-15,Z01,3.3,7.3,78.3
2024-01-16,Z01,1.7,0.8,67.8
2024-01-17,Z01,2.7,5.7,77.9
2024-01-18,Z01,3.2,0.9,72.6
2024-01-19,Z01,0.3,0.0,86.2
2024-01-20,Z01,0.5,0.0,64.0
2024-01-21,Z01,4.4,6.2,66.5
2024-01-22,Z01,2.6,7.1,72.1
2024-01-23,Z01,-1.0,2.3,72.0
2024-01-24,Z01,5.0,1.0,79.7
2024-01-25,Z01,4.2,1.8,66.7
2024-01-26,Z01,2.4,16.1,74.5
2024-01-27,Z01,1.4,1.4,75.8
2024-01-28,Z01,5.3,1.2,73.5
2024-01-29,Z01,4.5,0.3,65.2
2024-01-30,Z01,8.3,2.4,77.0
2024-01-31,Z01,4.8,0.0,76.1
2024-02-01,Z01,4.8,0.7,72.9
2024-02-02,Z01,3.9,3.2,70.9
2024-02-03,Z01,5.7,3.3,71.0
2024-02-04,Z01,5.5,10.1,69.4
2024-02-05,Z01,6.7,1.8,73.0
2024-02-06,Z01,3.6,13.0,69.9
2024-02-07,Z01,3.8,3.1,65.5
2024-02-08,Z01,3.8,0.3,64.4
2024-02-09,Z01,6.2,6.1,65.8
2024-02-10,Z01,7.6,6.0,70.6
2024-02-11,Z01,4.2,12.4,69.3
2024-02-12,Z01,4.3,0.1,70.5
2024-02-13,Z01,5.8,0.0,71.8
2024-02-14,Z01,4.9,0.5,66.1
2024-02-15,Z01,7.1,1.7,76.5
2024-02-16,Z01,1.5,2.2,67.7
2024-02-17,Z01,4.2,10.1,66.8
2024-02-18,Z01,4.4,2.1,71.3
2024-02-19,Z01,1.7,4.6,59.6
2024-02-20,Z01,4.3,0.6,64.7
2024-02-21,Z01,4.5,1.2,73.5
2024-02-22,Z01,5.9,2.0,59.8
2024-02-23,Z01,8.4,0.9,73.9
2024-02-24,Z01,6.1,1.2,75.8
2024-02-25,Z01,4.8,12.8,66.2
2024-02-26,Z01,6.7,0.2,69.4
2024-02-27,Z01,8.9,10.9,73.4
2024-02-28,Z01,5.4,0.0,65.3
2024-02-29,Z01,5.6,6.4,71.9
2024-03-01,Z01,8.4,3.3,64.0
2024-03-02,Z01,7.2,3.3,64.9
2024-03-03,Z01,8.9,0.3,63.1
2024-03-04,Z01,7.8,2.8,68.7
2024-03-05,Z01,9.3,7.8,72.6
2024-03-06,Z01,6.3,14.1,65.7
2024-03-07,Z01,8.3,0.5,60.1
2024-03-08,Z01,8.1,0.8,60.9
2024-03-09,Z01,6.5,19.4,68.1
2024-03-10,Z01,6.0,2.5,75.2
2024-03-11,Z01,10.2,0.1,67.7
2024-03-12,Z01,8.5,0.3,63.6
2024-03-13,Z01,7.5,0.1,69.2
2024-03-14,Z01,9.3,5.4,64.0
2024-03-15,Z01,11.7,4.6,63.1
2024-03-16,Z01,5.7,6.2,60.0
2024-03-17,Z01,7.3,5.1,71.7
2024-03-18,Z01,8.5,0.9,51.7
2024-03-19,Z01,13.0,24.5,68.2
2024-03-20,Z01,11.0,4.0,61.7
2024-03-21,Z01,12.1,6.0,61.8
2024-03-22,Z01,8.8,2.4,72.1
2024-03-23,Z01,9.1,2.7,59.8
2024-03-24,Z01,12.1,1.3,59.8
2024-03-25,Z01,11.5,2.8,62.3
2024-03-26,Z01,12.6,4.9,64.8
2024-03-27,Z01,11.5,6.8,60.3
2024-03-28,Z01,12.5,2.3,54.4
2024-03-29,Z01,12.5,0.1,57.7
2024-03-30,Z01,13.8,2.1,68.2
2024-03-31,Z01,14.0,2.7,62.0
2024-04-01,Z01,9.8,5.0,63.6
2024-04-02,Z01,8.9,2.7,59.8
2024-04-03,Z01,14.9,0.9,57.6
2024-04-04,Z01,15.4,9.8,69.1
2024-04-05,Z01,11.7,2.0,59.5
2024-04-06,Z01,10.3,0.0,58.0
2024-04-07,Z01,14.0,0.3,65.4
2024-04-08,Z01,15.7,18.2,56.1
2024-04-09,Z01,17.5,0.4,56.5
2024-04-10,Z01,15.4,0.8,59.3
2024-04-11,Z01,14.0,1.0,59.0
2024-04-12,Z01,13.2,6.4,60.0
2024-04-13,Z01,15.0,2.6,68.9
2024-04-14,Z01,14.7,14.0,59.9
2024-04-15,Z01,13.6,1.8,46.1
2024-04-16,Z01,19.3,0.3,59.3
2024-04-17,Z01,19.0,3.5,57.6
2024-04-18,Z01,18.0,7.0,57.4
2024-04-19,Z01,14.5,0.0,58.2
2024-04-20,Z01,17.9,15.1,56.5
2024-04-21,Z01,17.7,2.8,56.2
2024-04-22,Z01,17.5,1.1,59.2
2024-04-23,Z01,19.1,0.1,53.2
2024-04-24,Z01,18.2,6.9,50.9
2024-04-25,Z01,18.6,0.3,70.5
2024-04-26,Z01,18.6,0.3,51.5
2024-04-27,Z01,18.2,1.9,55.4
2024-04-28,Z01,14.6,2.5,47.1
2024-04-29,Z01,18.1,0.1,54.9
2024-04-30,Z01,17.1,6.2,49.4
2024-05-01,Z01,16.0,2.3,51.6
2024-05-02,Z01,21.5,3.1,58.8
2024-05-03,Z01,21.8,16.9,55.7
2024-05-04,Z01,21.3,4.6,55.9
2024-05-05,Z01,19.5,0.0,44.0
2024-05-06,Z01,21.6,1.4,61.7
2024-05-07,Z01,19.4,0.6,46.3
2024-05-08,Z01,19.9,1.5,59.7
2024-05-09,Z01,17.7,0.5,56.9
2024-05-10,Z01,20.6,1.5,54.4
2024-05-11,Z01,20.1,2.3,47.0
2024-05-12,Z01,17.8,0.4,51.8
2024-05-13,Z01,20.2,0.0,48.4
2024-05-14,Z01,20.3,2.0,50.7
2024-05-15,Z01,23.9,3.4,49.1
2024-05-16,Z01,22.4,1.8,39.9
2024-05-17,Z01,21.0,0.0,55.4
2024-05-18,Z01,21.5,2.2,49.2
2024-05-19,Z01,21.3,1.5,46.9
2024-05-20,Z01,21.0,4.9,46.3
2024-05-21,Z01,19.6,1.8,50.7
2024-05-22,Z01,21.4,5.7,44.2
2024-05-23,Z01,20.5,4.9,37.1
2024-05-24,Z01,19.7,0.9,50.2
2024-05-25,Z01,23.0,0.1,50.5
2024-05-26,Z01,22.9,0.7,46.7
2024-05-27,Z01,19.1,6.8,41.7
2024-05-28,Z01,22.2,0.1,47.7
2024-05-29,Z01,24.4,7.7,39.7
2024-05-30,Z01,24.6,0.7,41.7
2024-05-31,Z01,24.7,2.0,42.9
2024-06-01,Z01,23.0,2.9,50.6
2024-06-02,Z01,21.5,0.1,44.4
2024-06-03,Z01,21.2,0.2,43.7
2024-06-04,Z01,23.9,0.5,55.5
2024-06-05,Z01,24.1,3.8,47.3
2024-06-06,Z01,25.8,3.0,47.1
2024-06-07,Z01,25.6,0.9,43.3
2024-06-08,Z01,23.5,4.7,42.0
2024-06-09,Z01,21.5,6.1,33.9
2024-06-10,Z01,23.3,7.8,49.4
2024-06-11,Z01,24.4,0.6,46.7
2024-06-12,Z01,23.7,0.4,43.3
2024-06-13,Z01,23.1,0.8,43.4
2024-06-14,Z01,24.7,1.4,47.6
2024-06-15,Z01,23.4,0.6,35.9
2024-06-16,Z01,23.2,0.1,40.6
2024-06-17,Z01,25.0,0.1,37.7
2024-06-18,Z01,23.8,2.4,52.1
2024-06-19,Z01,25.0,4.7,47.4
2024-06-20,Z01,25.1,2.8,31.9
2024-06-21,Z01,22.7,3.6,35.2
2024-06-22,Z01,23.9,3.0,41.9
2024-06-23,Z01,27.4,0.6,40.1
2024-06-24,Z01,22.8,0.5,35.7
2024-06-25,Z01,21.1,0.0,51.9
2024-06-26,Z01,21.6,3.3,43.6
2024-06-27,Z01,25.1,0.4,44.3
2024-06-28,Z01,25.1,0.7,38.3
2024-06-29,Z01,24.9,0.9,45.3
2024-06-30,Z01,27.3,1.1,39.7
2024-07-01,Z01,20.3,0.4,40.0
2024-07-02,Z01,25.9,0.9,44.4
2024-07-03,Z01,28.0,0.6,33.1
2024-07-04,Z01,23.2,1.9,49.1
2024-07-05,Z01,24.5,2.4,42.0
2024-07-06,Z01,23.9,0.1,47.4
2024-07-07,Z01,23.6,0.2,35.5
2024-07-08,Z01,24.7,0.1,36.2
2024-07-09,Z01,27.8,0.2,34.9
2024-07-10,Z01,28.6,6.8,41.9
2024-07-11,Z01,24.6,3.6,40.9
2024-07-12,Z01,28.7,3.6,38.2
2024-07-13,Z01,25.3,2.6,35.3
2024-07-14,Z01,28.4,0.4,34.0
2024-07-15,Z01,25.0,1.3,40.1
2024-07-16,Z01,25.4,0.4,37.9
2024-07-17,Z01,25.8,1.5,36.8
2024-07-18,Z01,30.8,3.9,47.9
2024-07-19,Z01,26.6,0.1,39.7
2024-07-20,Z01,23.8,0.2,46.5
2024-07-21,Z01,26.8,3.1,37.4
2024-07-22,Z01,24.3,0.6,41.3
2024-07-23,Z01,24.1,0.8,39.8
2024-07-24,Z01,26.5,2.3,31.5
2024-07-25,Z01,24.9,0.4,47.1
2024-07-26,Z01,25.3,1.6,39.3
2024-07-27,Z01,24.8,0.0,43.7
2024-07-28,Z01,25.3,0.2,36.2
2024-07-29,Z01,25.4,0.3,39.2
2024-07-30,Z01,21.1,0.5,35.7
2024-07-31,Z01,25.7,0.7,46.2
2024-08-01,Z01,22.6,2.8,41.6
2024-08-02,Z01,21.7,1.9,41.9
2024-08-03,Z01,24.2,2.0,46.9
2024-08-04,Z01,24.3,0.1,45.9
2024-08-05,Z01,22.9,0.0,44.0
2024-08-06,Z01,25.5,1.6,33.1
2024-08-07,Z01,21.5,0.0,36.8
2024-08-08,Z01,23.1,2.2,35.3
2024-08-09,Z01,22.7,1.4,44.0
2024-08-10,Z01,23.6,0.7,41.3
2024-08-11,Z01,24.0,5.0,33.6
2024-08-12,Z01,21.6,6.5,39.6
2024-08-13,Z01,24.6,1.3,33.2
2024-08-14,Z01,23.3,2.4,40.5
2024-08-15,Z01,19.7,0.0,32.5
2024-08-16,Z01,19.5,0.3,43.5
2024-08-17,Z01,22.9,0.0,42.9
2024-08-18,Z01,22.4,0.0,50.6
2024-08-19,Z01,22.5,0.3,45.4
2024-08-20,Z01,22.5,1.5,39.2
2024-08-21,Z01,22.8,0.8,45.5
2024-08-22,Z01,24.0,0.4,34.5
2024-08-23,Z01,20.1,0.0,36.8
2024-08-24,Z01,19.9,1.0,43.4
2024-08-25,Z01,19.9,0.4,31.1
2024-08-26,Z01,22.3,2.3,41.8
2024-08-27,Z01,23.8,1.1,37.0
2024-08-28,Z01,20.7,0.2,42.8
2024-08-29,Z01,16.8,2.0,37.0
2024-08-30,Z01,18.1,0.1,44.7
2024-08-31,Z01,19.5,4.3,42.8
2024-09-01,Z01,19.9,0.0,49.8
2024-09-02,Z01,20.0,1.0,43.0
2024-09-03,Z01,20.6,1.2,39.3
2024-09-04,Z01,19.8,1.7,42.1
2024-09-05,Z01,22.1,9.5,36.7
2024-09-06,Z01,18.9,2.2,45.7
2024-09-07,Z01,18.4,0.2,46.7
2024-09-08,Z01,20.6,2.3,56.3
2024-09-09,Z01,16.8,0.7,41.0
2024-09-10,Z01,20.1,3.6,43.0
2024-09-11,Z01,19.4,1.6,41.6
2024-09-12,Z01,18.8,0.3,45.8
2024-09-13,Z01,21.8,0.0,46.8
2024-09-14,Z01,17.6,0.7,44.8
2024-09-15,Z01,22.3,0.2,50.7
2024-09-16,Z01,18.0,1.3,42.4
2024-09-17,Z01,15.9,0.0,50.6
2024-09-18,Z01,18.2,0.5,48.6
2024-09-19,Z01,15.9,0.7,46.0
2024-09-20,Z01,16.3,0.4,44.7
2024-09-21,Z01,18.2,9.6,58.6
2024-09-22,Z01,18.3,0.7,42.6
2024-09-23,Z01,16.0,0.9,48.4
2024-09-24,Z01,18.7,0.0,43.4
2024-09-25,Z01,18.9,0.1,56.3
2024-09-26,Z01,19.2,1.3,52.0
2024-09-27,Z01,17.4,0.0,44.4
2024-09-28,Z01,18.7,0.3,50.6
2024-09-29,Z01,12.7,0.2,49.6
2024-09-30,Z01,15.3,0.7,45.9
2024-10-01,Z01,14.1,0.0,52.5
2024-10-02,Z01,15.7,0.0,50.9
2024-10-03,Z01,14.3,0.5,50.3
2024-10-04,Z01,14.8,0.1,49.2
2024-10-05,Z01,18.3,1.8,51.9
2024-10-06,Z01,14.4,0.0,51.1
2024-10-07,Z01,15.3,2.0,50.5
2024-10-08,Z01,13.9,0.7,47.2
2024-10-09,Z01,14.3,0.1,59.1
2024-10-10,Z01,14.0,10.3,45.7
2024-10-11,Z01,14.6,3.0,53.3
2024-10-12,Z01,15.7,1.5,49.8
2024-10-13,Z01,16.4,0.3,60.5
2024-10-14,Z01,13.8,0.0,47.4
2024-10-15,Z01,14.1,0.1,48.5
2024-10-16,Z01,10.8,0.0,47.6
2024-10-17,Z01,12.5,2.9,54.3
2024-10-18,Z01,14.1,0.7,46.1
2024-10-19,Z01,13.8,1.8,50.8
2024-10-20,Z01,12.5,2.8,42.7
2024-10-21,Z01,13.5,5.7,54.9
2024-10-22,Z01,12.6,0.6,51.5
2024-10-23,Z01,13.7,17.5,46.8
2024-10-24,Z01,11.9,0.1,59.9
2024-10-25,Z01,10.5,0.1,48.2
2024-10-26,Z01,11.6,1.6,59.0
2024-10-27,Z01,5.5,0.4,51.8
2024-10-28,Z01,11.3,5.5,63.5
2024-10-29,Z01,3.9,0.1,59.5
2024-10-30,Z01,7.2,0.4,51.0
2024-10-31,Z01,10.9,0.6,51.7
2024-11-01,Z01,10.8,2.1,59.6
2024-11-02,Z01,7.7,1.4,55.5
2024-11-03,Z01,8.3,0.1,56.2
2024-11-04,Z01,11.9,1.7,63.7
2024-11-05,Z01,8.4,3.1,53.8
2024-11-06,Z01,13.1,4.1,58.3
2024-11-07,Z01,8.9,2.7,62.8
2024-11-08,Z01,9.5,0.1,62.4
2024-11-09,Z01,11.5,0.0,57.8
2024-11-10,Z01,8.6,0.0,57.4
2024-11-11,Z01,6.4,0.2,50.4
2024-11-12,Z01,7.9,6.2,54.0
2024-11-13,Z01,7.9,0.7,61.2
2024-11-14,Z01,5.3,2.3,59.1
2024-11-15,Z01,7.2,3.4,60.4
2024-11-16,Z01,6.1,7.8,65.5
2024-11-17,Z01,9.0,0.4,54.6
2024-11-18,Z01,7.2,0.1,59.6
2024-11-19,Z01,6.5,2.7,62.0
2024-11-20,Z01,6.7,0.0,57.7
2024-11-21,Z01,7.2,0.6,68.6
2024-11-22,Z01,7.7,5.8,66.3
2024-11-23,Z01,4.7,0.6,63.4
2024-11-24,Z01,4.5,0.8,71.2
2024-11-25,Z01,8.2,1.2,54.9
2024-11-26,Z01,5.4,1.8,62.6
2024-11-27,Z01,3.4,0.8,64.7
2024-11-28,Z01,6.6,0.6,58.5
2024-11-29,Z01,6.6,3.0,64.8
2024-11-30,Z01,2.8,7.0,58.0
2024-12-01,Z01,5.9,0.5,67.2
2024-12-02,Z01,6.7,0.3,69.2
2024-12-03,Z01,5.9,1.2,65.5
2024-12-04,Z01,6.3,6.3,55.1
2024-12-05,Z01,2.5,5.9,59.7
2024-12-06,Z01,5.5,1.8,67.6
2024-12-07,Z01,4.3,16.6,65.0
2024-12-08,Z01,3.9,13.0,51.6
2024-12-09,Z01,6.2,3.9,71.5
2024-12-10,Z01,7.2,3.4,66.2
2024-12-11,Z01,7.7,3.4,61.6
2024-12-12,Z01,6.8,0.4,70.8
2024-12-13,Z01,4.1,3.2,62.6
2024-12-14,Z01,4.9,0.5,62.8
2024-12-15,Z01,5.5,1.2,68.2
2024-12-16,Z01,4.3,1.5,75.4
2024-12-17,Z01,4.2,5.8,74.8
2024-12-18,Z01,5.4,0.0,68.7
2024-12-19,Z01,3.8,8.9,69.3
2024-12-20,Z01,2.5,12.2,71.1
2024-12-21,Z01,3.0,1.0,61.0
2024-12-22,Z01,4.8,3.5,70.7
2024-12-23,Z01,3.7,0.4,63.9
2024-12-24,Z01,4.2,4.3,69.3
2024-12-25,Z01,4.8,6.9,66.7
2024-12-26,Z01,2.8,0.4,70.5
2024-12-27,Z01,4.8,2.8,68.7
2024-12-28,Z01,4.1,13.1,52.9
2024-12-29,Z01,1.2,11.2,69.3
2024-12-30,Z01,6.0,0.1,71.7
2024-12-31,Z01,2.4,0.6,70.8
2025-01-01,Z01,0.4,4.1,68.1
2025-01-02,Z01,1.4,1.0,76.9
2025-01-03,Z01,1.5,0.3,70.4
2025-01-04,Z01,3.4,0.9,71.1
2025-01-05,Z01,2.8,5.6,74.2
2025-01-06,Z01,2.7,1.9,70.9
2025-01-07,Z01,4.4,0.2,64.7
2025-01-08,Z01,3.9,0.7,57.1
2025-01-09,Z01,3.8,0.2,67.0
2025-01-10,Z01,4.0,1.0,73.2
2025-01-11,Z01,4.4,0.3,67.7
2025-01-12,Z01,-0.5,2.8,73.6
2025-01-13,Z01,2.6,5.2,70.4
2025-01-14,Z01,-0.6,1.7,76.1
2025-01-15,Z01,3.4,0.1,68.2
2025-01-16,Z01,3.3,6.0,72.1
2025-01-17,Z01,5.2,11.1,72.3
2025-01-18,Z01,5.5,7.8,77.4
2025-01-19,Z01,3.8,0.9,61.4
2025-01-20,Z01,2.6,10.2,67.6
2025-01-21,Z01,4.4,6.4,74.2
2025-01-22,Z01,2.6,12.3,77.7
2025-01-23,Z01,3.6,0.0,71.2
2025-01-24,Z01,5.4,0.3,68.5
2025-01-25,Z01,2.7,0.0,73.8
2025-01-26,Z01,5.2,0.2,74.3
2025-01-27,Z01,5.0,3.6,68.2
2025-01-28,Z01,2.1,0.1,71.6
2025-01-29,Z01,5.7,0.1,75.9
2025-01-30,Z01,5.2,51.2,79.4
2025-01-31,Z01,4.2,5.7,73.7
2025-02-01,Z01,2.7,12.9,70.1
2025-02-02,Z01,2.6,0.0,69.6
2025-02-03,Z01,3.3,22.6,72.7
2025-02-04,Z01,5.3,2.3,69.3
2025-02-05,Z01,2.7,0.0,70.7
2025-02-06,Z01,5.3,6.1,64.5
2025-02-07,Z01,2.4,0.2,76.2
2025-02-08,Z01,4.3,0.4,63.9
2025-02-09,Z01,5.0,2.9,67.4
2025-02-10,Z01,9.3,4.3,70.0
2025-02-11,Z01,2.5,3.0,79.4
2025-02-12,Z01,7.8,0.2,67.3
2025-02-13,Z01,5.5,7.1,66.0
2025-02-14,Z01,6.1,18.3,66.5
2025-02-15,Z01,5.6,20.3,77.4
2025-02-16,Z01,6.3,0.0,55.0
2025-02-17,Z01,5.4,0.1,63.9
2025-02-18,Z01,8.4,1.2,82.5
2025-02-19,Z01,5.1,8.1,71.7
2025-02-20,Z01,8.1,0.2,63.1
2025-02-21,Z01,5.0,0.7,68.3
2025-02-22,Z01,6.2,0.7,68.8
2025-02-23,Z01,4.5,6.9,72.6
2025-02-24,Z01,7.4,0.2,77.4
2025-02-25,Z01,9.3,4.2,70.0
2025-02-26,Z01,6.7,1.8,65.2
2025-02-27,Z01,6.6,0.2,71.8
2025-02-28,Z01,5.1,26.0,64.2
2025-03-01,Z01,6.8,1.1,62.4
2025-03-02,Z01,4.5,15.1,58.6
2025-03-03,Z01,5.9,17.8,59.4
2025-03-04,Z01,8.1,0.1,62.6
2025-03-05,Z01,10.2,1.1,61.1
2025-03-06,Z01,13.1,13.0,68.4
2025-03-07,Z01,7.1,0.6,60.6
2025-03-08,Z01,10.9,0.0,50.7
2025-03-09,Z01,8.9,0.1,61.1
2025-03-10,Z01,8.4,0.1,63.8
2025-03-11,Z01,9.6,0.0,62.9
2025-03-12,Z01,9.1,1.0,73.4
2025-03-13,Z01,9.3,0.3,62.5
2025-03-14,Z01,8.6,3.8,69.8
2025-03-15,Z01,7.0,4.9,65.1
2025-03-16,Z01,6.9,2.0,64.8
2025-03-17,Z01,11.0,0.0,60.7
2025-03-18,Z01,9.5,0.1,64.3
2025-03-19,Z01,9.1,3.6,60.6
2025-03-20,Z01,10.4,1.5,65.1
2025-03-21,Z01,12.0,2.0,62.8
2025-03-22,Z01,11.0,27.7,59.1
2025-03-23,Z01,9.7,2.0,68.6
2025-03-24,Z01,13.3,0.0,65.5
2025-03-25,Z01,14.1,0.8,60.9
2025-03-26,Z01,12.3,0.0,63.7
2025-03-27,Z01,13.4,0.0,62.3
2025-03-28,Z01,14.0,0.0,58.2
2025-03-29,Z01,14.0,18.3,62.6
2025-03-30,Z01,13.3,3.1,59.0
2025-03-31,Z01,13.4,0.0,57.1
2025-04-01,Z01,13.5,0.1,53.5
2025-04-02,Z01,10.8,1.4,59.6
2025-04-03,Z01,14.2,6.9,64.0
2025-04-04,Z01,10.7,8.8,57.4
2025-04-05,Z01,11.9,8.9,73.3
2025-04-06,Z01,15.8,0.4,64.9
2025-04-07,Z01,15.2,0.4,66.7
2025-04-08,Z01,16.5,0.9,63.9
2025-04-09,Z01,13.6,10.7,69.0
2025-04-10,Z01,12.2,1.9,55.5
2025-04-11,Z01,14.0,7.2,46.4
2025-04-12,Z01,14.8,0.1,56.7
2025-04-13,Z01,15.0,3.5,61.5
2025-04-14,Z01,17.0,2.4,59.2
2025-04-15,Z01,14.5,0.1,59.6
2025-04-16,Z01,16.0,0.7,64.6
2025-04-17,Z01,13.8,0.8,59.6
2025-04-18,Z01,16.6,1.5,61.4
2025-04-19,Z01,15.9,3.2,52.5
2025-04-20,Z01,14.8,0.8,51.5
2025-04-21,Z01,15.9,2.4,64.7
2025-04-22,Z01,16.2,0.7,56.9
2025-04-23,Z01,16.2,2.9,53.0
2025-04-24,Z01,20.1,1.2,52.8
2025-04-25,Z01,16.9,7.7,52.4
2025-04-26,Z01,16.8,1.6,51.8
2025-04-27,Z01,13.6,0.0,48.7
2025-04-28,Z01,16.0,1.2,47.4
2025-04-29,Z01,17.3,0.5,53.6
2025-04-30,Z01,16.7,12.0,51.4
2025-05-01,Z01,20.6,0.2,59.6
2025-05-02,Z01,18.0,1.7,55.3
2025-05-03,Z01,20.8,1.1,54.9
2025-05-04,Z01,18.8,0.1,49.6
2025-05-05,Z01,18.9,3.8,52.5
2025-05-06,Z01,18.8,0.0,54.6
2025-05-07,Z01,19.2,3.0,56.1
2025-05-08,Z01,22.4,0.0,51.8
2025-05-09,Z01,15.3,1.5,57.4
2025-05-10,Z01,16.1,7.6,51.8
2025-05-11,Z01,18.9,1.3,55.5
2025-05-12,Z01,20.0,2.4,48.8
2025-05-13,Z01,21.4,0.5,42.0
2025-05-14,Z01,21.2,2.0,52.1
2025-05-15,Z01,19.8,0.0,54.2
2025-05-16,Z01,22.5,6.3,53.2
2025-05-17,Z01,22.6,2.3,52.2
2025-05-18,Z01,21.3,0.1,48.1
2025-05-19,Z01,22.8,0.0,45.5
2025-05-20,Z01,21.7,9.7,52.1
2025-05-21,Z01,20.4,1.5,51.2
2025-05-22,Z01,22.8,0.0,46.1
2025-05-23,Z01,21.9,0.5,54.2
2025-05-24,Z01,21.8,0.0,44.0
2025-05-25,Z01,24.6,0.3,45.2
2025-05-26,Z01,17.7,0.0,56.1
2025-05-27,Z01,19.7,6.2,52.0
2025-05-28,Z01,20.2,2.2,45.7
2025-05-29,Z01,21.8,0.4,48.7
2025-05-30,Z01,22.1,2.3,47.8
2025-05-31,Z01,20.0,0.0,33.1
2025-06-01,Z01,21.1,9.5,42.1
2025-06-02,Z01,21.4,0.0,46.1
2025-06-03,Z01,27.5,0.8,44.4
2025-06-04,Z01,26.4,0.0,47.2
2025-06-05,Z01,22.5,2.7,51.4
2025-06-06,Z01,22.7,1.5,44.0
2025-06-07,Z01,21.4,0.4,40.1
2025-06-08,Z01,20.2,0.7,46.8
2025-06-09,Z01,23.5,1.1,43.3
2025-06-10,Z01,22.0,1.1,44.0
2025-06-11,Z01,23.7,3.7,43.1
2025-06-12,Z01,21.1,7.8,55.6
2025-06-13,Z01,22.7,0.7,33.0
2025-06-14,Z01,24.4,3.8,42.1
2025-06-15,Z01,24.9,1.9,43.9
2025-06-16,Z01,25.1,1.7,39.8
2025-06-17,Z01,22.0,0.1,48.0
2025-06-18,Z01,26.0,4.0,47.4
2025-06-19,Z01,23.1,0.1,43.0
2025-06-20,Z01,25.7,1.9,41.7
2025-06-21,Z01,24.6,0.5,42.3
2025-06-22,Z01,22.2,0.5,42.2
2025-06-23,Z01,24.2,0.0,42.2
2025-06-24,Z01,25.5,1.9,41.5
2025-06-25,Z01,26.0,0.7,43.6
2025-06-26,Z01,24.7,1.5,46.0
2025-06-27,Z01,27.7,8.9,35.9
2025-06-28,Z01,26.8,16.0,36.7
2025-06-29,Z01,24.6,5.6,33.1
2025-06-30,Z01,26.4,1.1,46.0
2025-07-01,Z01,28.6,3.8,42.8
2025-07-02,Z01,28.7,0.4,44.0
2025-07-03,Z01,23.0,0.5,34.2
2025-07-04,Z01,23.5,0.1,50.2
2025-07-05,Z01,27.9,0.0,38.1
2025-07-06,Z01,23.3,0.1,41.9
2025-07-07,Z01,22.8,2.4,45.2
2025-07-08,Z01,24.4,0.9,35.9
2025-07-09,Z01,26.0,0.2,38.0
2025-07-10,Z01,25.1,0.8,41.6
2025-07-11,Z01,24.1,0.1,54.9
2025-07-12,Z01,24.0,0.6,42.1
2025-07-13,Z01,24.0,3.1,48.5
2025-07-14,Z01,23.6,0.8,46.4
2025-07-15,Z01,29.3,2.3,42.2
2025-07-16,Z01,25.7,5.2,35.4
2025-07-17,Z01,26.8,0.7,45.6
2025-07-18,Z01,24.3,0.6,32.7
2025-07-19,Z01,24.8,0.1,48.2
2025-07-20,Z01,23.8,2.4,41.1
2025-07-21,Z01,20.3,0.2,26.9
2025-07-22,Z01,22.5,0.0,38.4
2025-07-23,Z01,21.7,0.5,43.3
2025-07-24,Z01,20.9,0.4,38.8
2025-07-25,Z01,22.7,0.2,43.6
2025-07-26,Z01,27.2,0.0,35.8
2025-07-27,Z01,24.7,2.1,33.5
2025-07-28,Z01,27.1,1.5,39.6
2025-07-29,Z01,25.4,2.2,40.2
2025-07-30,Z01,26.0,0.6,38.3
2025-07-31,Z01,22.9,0.2,46.2
2025-08-01,Z01,25.4,0.3,35.8
2025-08-02,Z01,25.7,0.0,41.6
2025-08-03,Z01,23.3,3.6,40.4
2025-08-04,Z01,25.3,0.5,32.3
2025-08-05,Z01,25.2,0.0,33.6
2025-08-06,Z01,23.1,0.1,40.2
2025-08-07,Z01,22.0,0.0,50.1
2025-08-08,Z01,21.8,0.1,43.2
2025-08-09,Z01,24.0,0.1,31.7
2025-08-10,Z01,24.3,0.3,24.8
2025-08-11,Z01,22.2,4.0,44.1
2025-08-12,Z01,23.6,1.4,40.0
2025-08-13,Z01,24.5,0.1,46.3
2025-08-14,Z01,24.4,0.2,36.3
2025-08-15,Z01,26.0,2.9,42.5
2025-08-16,Z01,25.4,0.8,45.0
2025-08-17,Z01,21.2,1.3,38.7
2025-08-18,Z01,25.9,0.1,38.9
2025-08-19,Z01,21.8,8.9,41.2
2025-08-20,Z01,24.5,0.5,43.9
2025-08-21,Z01,22.6,0.0,41.2
2025-08-22,Z01,21.7,0.1,46.3
2025-08-23,Z01,19.0,0.8,39.2
2025-08-24,Z01,21.8,0.0,35.0
2025-08-25,Z01,19.2,0.1,51.6
2025-08-26,Z01,23.6,2.1,38.8
2025-08-27,Z01,24.5,0.4,39.1
2025-08-28,Z01,20.2,3.7,41.8
2025-08-29,Z01,22.0,0.1,42.6
2025-08-30,Z01,20.0,0.1,40.5
2025-08-31,Z01,20.0,0.0,42.4
2025-09-01,Z01,22.4,0.5,42.5
2025-09-02,Z01,20.8,0.0,43.7
2025-09-03,Z01,23.8,5.7,31.2
2025-09-04,Z01,19.7,1.6,52.5
2025-09-05,Z01,22.2,0.6,42.6
2025-09-06,Z01,20.4,0.1,46.4
2025-09-07,Z01,21.5,1.1,36.7
2025-09-08,Z01,19.1,2.9,41.4
2025-09-09,Z01,19.7,0.3,40.6
2025-09-10,Z01,19.4,0.3,51.5
2025-09-11,Z01,17.9,2.3,41.4
2025-09-12,Z01,20.5,0.6,48.3
2025-09-13,Z01,20.3,0.1,41.4
2025-09-14,Z01,20.0,0.4,42.6
2025-09-15,Z01,21.5,0.0,43.8
2025-09-16,Z01,21.2,0.0,51.7
2025-09-17,Z01,17.7,2.7,36.0
2025-09-18,Z01,18.9,0.3,39.1
2025-09-19,Z01,16.9,0.0,36.1
2025-09-20,Z01,17.9,5.8,40.6
2025-09-21,Z01,16.6,1.3,42.2
2025-09-22,Z01,20.4,0.0,38.4
2025-09-23,Z01,18.0,0.4,43.0
2025-09-24,Z01,16.8,0.8,36.9
2025-09-25,Z01,19.1,5.6,42.1
2025-09-26,Z01,12.9,5.1,53.4
2025-09-27,Z01,13.0,2.8,49.6
2025-09-28,Z01,17.8,9.9,48.8
2025-09-29,Z01,16.3,1.9,43.0
2025-09-30,Z01,16.5,5.4,40.6
2025-10-01,Z01,13.5,4.5,42.8
2025-10-02,Z01,15.6,2.7,48.5
2025-10-03,Z01,19.1,10.7,53.3
2025-10-04,Z01,16.8,1.5,53.7
2025-10-05,Z01,15.4,0.1,52.6
2025-10-06,Z01,14.1,0.3,46.0
2025-10-07,Z01,14.0,4.3,50.1
2025-10-08,Z01,10.7,0.2,48.6
2025-10-09,Z01,14.8,6.2,49.4
2025-10-10,Z01,15.7,0.0,60.9
2025-10-11,Z01,11.1,0.3,42.1
2025-10-12,Z01,12.6,0.5,50.0
2025-10-13,Z01,11.5,0.0,57.5
2025-10-14,Z01,11.7,1.1,44.3
2025-10-15,Z01,13.3,1.1,48.7
2025-10-16,Z01,9.3,0.4,49.5
2025-10-17,Z01,13.9,11.6,51.3
2025-10-18,Z01,14.0,0.0,44.7
2025-10-19,Z01,12.0,0.0,55.9
2025-10-20,Z01,7.8,1.5,56.5
2025-10-21,Z01,10.3,2.7,56.0
2025-10-22,Z01,14.1,13.8,49.4
2025-10-23,Z01,6.7,3.0,54.4
2025-10-24,Z01,10.9,5.1,49.7
2025-10-25,Z01,9.2,3.4,52.8
2025-10-26,Z01,12.6,4.4,65.5
2025-10-27,Z01,9.8,0.0,55.5
2025-10-28,Z01,11.5,13.7,49.3
2025-10-29,Z01,11.6,1.7,56.4
2025-10-30,Z01,13.7,0.8,49.0
2025-10-31,Z01,9.9,0.3,50.0
2025-11-01,Z01,10.8,0.0,51.1
2025-11-02,Z01,7.2,2.0,54.3
2025-11-03,Z01,11.9,2.9,61.5
2025-11-04,Z01,8.2,1.1,60.0
2025-11-05,Z01,8.4,0.0,59.9
2025-11-06,Z01,9.2,0.0,52.1
2025-11-07,Z01,6.3,3.3,55.1
2025-11-08,Z01,9.3,15.7,59.4
2025-11-09,Z01,10.5,2.2,55.2
2025-11-10,Z01,9.1,2.2,57.2
2025-11-11,Z01,5.5,1.3,61.0
2025-11-12,Z01,8.0,1.3,57.3
2025-11-13,Z01,9.4,3.8,60.5
2025-11-14,Z01,4.6,5.6,67.5
2025-11-15,Z01,5.8,4.5,59.0
2025-11-16,Z01,9.2,0.5,66.0
2025-11-17,Z01,8.0,16.9,63.1
2025-11-18,Z01,8.1,1.7,53.2
2025-11-19,Z01,10.5,1.3,55.3
2025-11-20,Z01,7.9,0.6,56.9
2025-11-21,Z01,8.1,6.7,57.0
2025-11-22,Z01,11.6,4.0,61.0
2025-11-23,Z01,6.2,3.5,64.8
2025-11-24,Z01,5.0,23.5,68.2
2025-11-25,Z01,7.1,5.1,63.7
2025-11-26,Z01,7.0,0.4,60.2
2025-11-27,Z01,5.1,1.4,52.2
2025-11-28,Z01,4.1,1.1,63.2
2025-11-29,Z01,10.0,3.0,63.2
2025-11-30,Z01,6.3,7.5,64.2
2025-12-01,Z01,4.3,4.7,74.0
2025-12-02,Z01,7.1,4.2,69.9
2025-12-03,Z01,5.2,22.0,67.8
2025-12-04,Z01,4.8,3.3,59.3
2025-12-05,Z01,6.2,1.1,61.8
2025-12-06,Z01,2.7,0.1,64.1
2025-12-07,Z01,5.6,0.0,60.9
2025-12-08,Z01,8.3,0.0,67.4
2025-12-09,Z01,5.6,5.2,66.9
2025-12-10,Z01,4.0,5.1,59.9
2025-12-11,Z01,3.7,18.5,71.5
2025-12-12,Z01,3.7,0.2,66.2
2025-12-13,Z01,3.9,2.3,57.2
2025-12-14,Z01,3.6,18.1,65.8
2025-12-15,Z01,5.9,0.8,67.6
2025-12-16,Z01,1.0,0.2,71.2
2025-12-17,Z01,5.6,0.2,64.9
2025-12-18,Z01,3.3,5.1,70.8
2025-12-19,Z01,4.6,1.2,67.8
2025-12-20,Z01,1.8,8.7,60.4
2025-12-21,Z01,6.2,2.7,60.1
2025-12-22,Z01,6.0,2.3,72.9
2025-12-23,Z01,5.4,12.0,73.4
2025-12-24,Z01,0.9,1.4,69.2
2025-12-25,Z01,5.1,2.4,75.2
2025-12-26,Z01,4.3,4.4,73.2
2025-12-27,Z01,0.6,0.4,71.4
2025-12-28,Z01,3.4,1.1,63.6
2025-12-29,Z01,4.1,0.4,76.9
2025-12-30,Z01,4.4,2.7,71.1
2025-12-31,Z01,3.7,0.2,66.6
2023-01-01,Z02,3.8,1.2,68.7
2023-01-02,Z02,5.4,2.6,71.5
2023-01-03,Z02,1.9,4.5,70.8
2023-01-04,Z02,6.2,6.0,66.4
2023-01-05,Z02,3.2,0.6,70.5
2023-01-06,Z02,5.5,3.7,76.6
2023-01-07,Z02,3.9,0.2,70.2
2023-01-08,Z02,4.4,1.6,61.1
2023-01-09,Z02,3.5,0.2,70.4
2023-01-10,Z02,4.6,2.3,79.6
2023-01-11,Z02,8.3,0.3,63.0
2023-01-12,Z02,7.4,4.9,69.7
2023-01-13,Z02,5.5,1.4,68.5
2023-01-14,Z02,4.9,0.6,70.1
2023-01-15,Z02,6.5,2.7,70.7
2023-01-16,Z02,7.0,0.4,75.5
2023-01-17,Z02,3.5,1.9,70.2
2023-01-18,Z02,4.9,2.3,76.2
2023-01-19,Z02,1.8,2.0,69.3
2023-01-20,Z02,7.1,17.4,68.2
2023-01-21,Z02,8.8,9.7,66.6
2023-01-22,Z02,5.3,1.2,60.9
2023-01-23,Z02,1.4,1.7,71.4
2023-01-24,Z02,6.3,10.9,80.3
2023-01-25,Z02,3.7,4.2,72.3
2023-01-26,Z02,4.2,0.0,73.4
2023-01-27,Z02,6.5,0.3,67.9
2023-01-28,Z02,5.9,22.8,68.8
2023-01-29,Z02,4.7,3.8,74.9
2023-01-30,Z02,4.4,10.6,80.0
2023-01-31,Z02,5.9,1.8,77.4
2023-02-01,Z02,5.0,18.1,74.0
2023-02-02,Z02,3.8,4.4,70.1
2023-02-03,Z02,5.3,14.6,70.9
2023-02-04,Z02,6.6,0.0,66.1
2023-02-05,Z02,5.7,2.0,62.5
2023-02-06,Z02,3.6,0.1,64.1
2023-02-07,Z02,8.0,0.0,69.9
2023-02-08,Z02,1.4,2.0,68.2
2023-02-09,Z02,5.6,0.0,62.2
2023-02-10,Z02,5.4,0.4,69.3
2023-02-11,Z02,6.9,6.8,67.9
2023-02-12,Z02,7.7,7.4,63.5
2023-02-13,Z02,8.9,1.4,67.5
2023-02-14,Z02,5.7,10.7,67.6
2023-02-15,Z02,8.1,2.4,66.1
2023-02-16,Z02,7.5,1.0,73.7
2023-02-17,Z02,4.2,5.8,59.4
2023-02-18,Z02,10.8,16.9,58.9
2023-02-19,Z02,4.9,8.4,68.8
2023-02-20,Z02,8.4,4.2,69.1
2023-02-21,Z02,8.5,2.3,70.6
2023-02-22,Z02,8.4,0.2,65.7
2023-02-23,Z02,7.1,0.1,63.7
2023-02-24,Z02,9.7,11.0,68.2
2023-02-25,Z02,5.5,5.4,65.9
2023-02-26,Z02,8.3,10.8,75.7
2023-02-27,Z02,7.6,0.2,66.2
2023-02-28,Z02,7.5,2.3,67.4
2023-03-01,Z02,9.7,5.3,79.9
2023-03-02,Z02,11.0,1.3,66.4
2023-03-03,Z02,8.6,0.1,70.0
2023-03-04,Z02,10.7,0.3,70.3
2023-03-05,Z02,9.6,3.0,70.6
2023-03-06,Z02,8.0,0.6,68.2
2023-03-07,Z02,9.3,26.4,67.6
2023-03-08,Z02,9.4,1.9,67.0
2023-03-09,Z02,8.9,1.3,63.4
2023-03-10,Z02,11.0,1.0,67.7
2023-03-11,Z02,10.9,5.2,76.1
2023-03-12,Z02,7.7,15.3,71.8
2023-03-13,Z02,7.8,1.7,67.1
2023-03-14,Z02,11.7,3.7,69.7
2023-03-15,Z02,9.6,5.4,60.9
2023-03-16,Z02,11.8,4.6,63.7
2023-03-17,Z02,12.9,16.7,69.6
2023-03-18,Z02,9.3,1.6,72.1
2023-03-19,Z02,9.3,2.1,60.6
2023-03-20,Z02,15.0,20.6,61.8
2023-03-21,Z02,12.8,1.8,74.9
2023-03-22,Z02,11.6,3.6,64.3
2023-03-23,Z02,10.8,0.1,72.7
2023-03-24,Z02,11.8,1.0,64.4
2023-03-25,Z02,10.7,0.3,64.4
2023-03-26,Z02,14.6,4.6,61.4
2023-03-27,Z02,11.8,0.0,67.5
2023-03-28,Z02,15.4,0.3,69.3
2023-03-29,Z02,12.9,11.1,57.1
2023-03-30,Z02,11.9,1.6,60.3
2023-03-31,Z02,13.2,10.7,66.4
2023-04-01,Z02,9.4,5.5,61.0
2023-04-02,Z02,14.1,10.9,58.9
2023-04-03,Z02,14.2,0.1,66.2
2023-04-04,Z02,16.2,0.3,66.4
2023-04-05,Z02,11.5,0.1,58.4
2023-04-06,Z02,17.2,5.5,61.5
2023-04-07,Z02,16.8,0.2,54.1
2023-04-08,Z02,17.7,7.1,55.5
2023-04-09,Z02,15.6,4.5,60.3
2023-04-10,Z02,17.7,0.3,59.6
2023-04-11,Z02,13.4,5.2,54.4
2023-04-12,Z02,17.5,18.2,55.4
2023-04-13,Z02,15.0,0.2,53.4
2023-04-14,Z02,13.7,0.3,60.7
2023-04-15,Z02,14.8,3.7,48.4
2023-04-16,Z02,17.0,1.9,52.9
2023-04-17,Z02,15.7,5.6,48.4
2023-04-18,Z02,18.1,0.0,59.5
2023-04-19,Z02,14.3,1.0,48.2
2023-04-20,Z02,13.9,0.1,57.1
2023-04-21,Z02,20.4,1.2,64.9
2023-04-22,Z02,19.8,12.4,64.8
2023-04-23,Z02,16.4,0.9,47.1
2023-04-24,Z02,18.5,0.6,57.4
2023-04-25,Z02,20.5,2.1,50.7
2023-04-26,Z02,19.6,11.3,49.4
2023-04-27,Z02,19.3,5.9,54.6
2023-04-28,Z02,21.2,0.1,61.0
2023-04-29,Z02,18.1,1.3,57.6
2023-04-30,Z02,19.6,4.4,50.8
2023-05-01,Z02,19.7,0.5,57.6
2023-05-02,Z02,19.4,0.4,42.6
2023-05-03,Z02,19.4,4.0,49.8
2023-05-04,Z02,20.4,3.6,49.2
2023-05-05,Z02,20.5,3.3,53.5
2023-05-06,Z02,18.7,3.7,51.8
2023-05-07,Z02,22.2,0.4,51.9
2023-05-08,Z02,19.2,6.7,51.4
2023-05-09,Z02,20.7,3.6,52.2
2023-05-10,Z02,20.8,7.0,54.5
2023-05-11,Z02,22.1,2.0,52.3
2023-05-12,Z02,17.8,0.0,49.9
2023-05-13,Z02,23.4,0.9,53.1
2023-05-14,Z02,20.7,0.6,54.9
2023-05-15,Z02,24.3,1.1,47.8
2023-05-16,Z02,21.4,3.3,50.0
2023-05-17,Z02,22.3,7.5,55.9
2023-05-18,Z02,26.0,2.3,44.3
2023-05-19,Z02,22.2,0.1,58.6
2023-05-20,Z02,25.1,0.0,42.6
2023-05-21,Z02,23.1,1.0,47.4
2023-05-22,Z02,23.9,1.6,44.1
2023-05-23,Z02,23.4,0.5,59.6
2023-05-24,Z02,25.0,6.4,45.9
2023-05-25,Z02,22.3,0.0,45.7
2023-05-26,Z02,21.9,0.0,46.1
2023-05-27,Z02,22.7,1.4,48.2
2023-05-28,Z02,24.1,0.1,45.8
2023-05-29,Z02,23.7,3.0,46.6
2023-05-30,Z02,25.5,0.9,29.4
2023-05-31,Z02,26.7,1.9,47.1
2023-06-01,Z02,22.7,0.4,46.7
2023-06-02,Z02,23.2,0.2,51.6
2023-06-03,Z02,22.1,0.0,52.7
2023-06-04,Z02,28.4,0.0,45.0
2023-06-05,Z02,25.5,0.0,49.9
2023-06-06,Z02,25.9,0.1,40.1
2023-06-07,Z02,22.7,1.3,49.2
2023-06-08,Z02,25.2,2.5,42.3
2023-06-09,Z02,26.2,0.2,39.1
2023-06-10,Z02,25.0,1.0,43.9
2023-06-11,Z02,27.4,4.1,51.6
2023-06-12,Z02,29.8,1.1,45.3
2023-06-13,Z02,24.0,0.3,51.7
2023-06-14,Z02,23.9,0.2,40.3
2023-06-15,Z02,24.3,0.0,49.1
2023-06-16,Z02,28.8,0.5,40.4
2023-06-17,Z02,27.9,0.1,44.7
2023-06-18,Z02,25.8,0.2,44.5
2023-06-19,Z02,26.2,1.7,46.5
2023-06-20,Z02,24.7,0.8,44.3
2023-06-21,Z02,27.9,5.2,39.2
2023-06-22,Z02,25.6,0.9,47.2
2023-06-23,Z02,25.9,1.2,51.3
2023-06-24,Z02,27.5,1.2,39.5
2023-06-25,Z02,26.2,2.2,33.1
2023-06-26,Z02,26.1,9.1,44.7
2023-06-27,Z02,26.6,1.1,40.4
2023-06-28,Z02,28.1,0.1,41.3
2023-06-29,Z02,29.6,9.7,44.6
2023-06-30,Z02,27.8,0.7,39.4
2023-07-01,Z02,28.2,1.5,40.2
2023-07-02,Z02,26.4,2.6,40.9
2023-07-03,Z02,25.5,0.2,48.7
2023-07-04,Z02,28.0,0.0,41.4
2023-07-05,Z02,27.1,0.1,35.0
2023-07-06,Z02,24.3,0.0,35.1
2023-07-07,Z02,26.3,0.1,41.6
2023-07-08,Z02,26.7,0.0,35.2
2023-07-09,Z02,25.9,0.2,33.0
2023-07-10,Z02,29.5,0.0,43.9
2023-07-11,Z02,27.7,0.0,44.0
2023-07-12,Z02,29.3,3.1,38.7
2023-07-13,Z02,27.3,0.2,41.9
2023-07-14,Z02,27.0,4.6,41.4
2023-07-15,Z02,25.1,0.9,43.4
2023-07-16,Z02,26.8,1.4,43.3
2023-07-17,Z02,26.8,0.0,27.2
2023-07-18,Z02,24.3,0.8,39.0
2023-07-19,Z02,25.8,0.2,42.8
2023-07-20,Z02,26.1,1.4,38.1
2023-07-21,Z02,27.4,2.5,40.3
2023-07-22,Z02,27.5,0.3,43.8
2023-07-23,Z02,25.6,0.0,40.5
2023-07-24,Z02,27.4,0.0,47.6
2023-07-25,Z02,26.2,0.2,45.7
2023-07-26,Z02,21.3,0.7,39.4
2023-07-27,Z02,25.5,0.3,39.0
2023-07-28,Z02,28.3,7.3,25.7
2023-07-29,Z02,23.3,0.4,38.4
2023-07-30,Z02,26.4,3.6,33.2
2023-07-31,Z02,29.0,2.9,41.1
2023-08-01,Z02,24.7,1.5,40.8
2023-08-02,Z02,26.0,0.5,43.5
2023-08-03,Z02,23.6,2.8,47.1
2023-08-04,Z02,28.8,0.2,40.0
2023-08-05,Z02,25.7,0.5,51.6
2023-08-06,Z02,25.8,0.0,41.4
2023-08-07,Z02,28.1,0.5,33.7
2023-08-08,Z02,26.7,3.8,37.5
2023-08-09,Z02,23.9,2.6,38.5
2023-08-10,Z02,24.2,0.3,43.3
2023-08-11,Z02,26.2,3.9,35.7
2023-08-12,Z02,24.0,0.6,39.0
2023-08-13,Z02,21.3,0.0,39.8
2023-08-14,Z02,24.9,2.6,38.4
2023-08-15,Z02,22.2,0.2,44.8
2023-08-16,Z02,27.6,0.0,44.0
2023-08-17,Z02,24.9,0.8,46.7
2023-08-18,Z02,22.9,1.1,39.3
2023-08-19,Z02,23.1,0.0,47.1
2023-08-20,Z02,20.9,0.8,34.4
2023-08-21,Z02,22.2,0.1,34.3
2023-08-22,Z02,25.9,3.5,35.3
2023-08-23,Z02,27.9,1.2,41.6
2023-08-24,Z02,25.1,3.2,47.6
2023-08-25,Z02,23.5,3.2,38.7
2023-08-26,Z02,22.7,0.6,39.5
2023-08-27,Z02,21.6,0.4,40.9
2023-08-28,Z02,26.9,0.0,45.0
2023-08-29,Z02,22.7,0.2,39.9
2023-08-30,Z02,26.7,1.0,39.7
2023-08-31,Z02,25.3,0.9,35.8
2023-09-01,Z02,19.5,2.7,39.8
2023-09-02,Z02,21.3,1.1,48.7
2023-09-03,Z02,21.1,0.3,43.4
2023-09-04,Z02,22.0,0.0,39.4
2023-09-05,Z02,21.9,0.0,49.5
2023-09-06,Z02,27.3,0.9,40.5
2023-09-07,Z02,19.8,0.2,50.7
2023-09-08,Z02,22.0,6.1,50.8
2023-09-09,Z02,22.5,0.0,44.2
2023-09-10,Z02,21.2,5.2,36.7
2023-09-11,Z02,21.2,0.2,55.8
2023-09-12,Z02,19.0,1.3,46.4
2023-09-13,Z02,20.9,1.8,43.1
2023-09-14,Z02,21.5,1.6,49.7
2023-09-15,Z02,21.0,0.8,48.6
2023-09-16,Z02,21.2,0.6,51.8
2023-09-17,Z02,22.6,0.6,42.2
2023-09-18,Z02,21.5,1.1,47.3
2023-09-19,Z02,19.8,2.4,39.9
2023-09-20,Z02,17.4,0.6,49.4
2023-09-21,Z02,18.2,0.0,46.2
2023-09-22,Z02,18.7,2.5,47.9
2023-09-23,Z02,19.4,4.8,46.0
2023-09-24,Z02,17.9,0.4,45.7
2023-09-25,Z02,16.9,1.4,42.8
2023-09-26,Z02,16.3,1.3,51.3
2023-09-27,Z02,15.2,0.2,55.0
2023-09-28,Z02,17.6,0.1,45.0
2023-09-29,Z02,15.2,2.1,50.8
2023-09-30,Z02,15.9,0.6,50.4
2023-10-01,Z02,16.8,3.6,48.5
2023-10-02,Z02,14.9,12.3,41.1
2023-10-03,Z02,17.8,3.9,42.5
2023-10-04,Z02,18.2,0.4,45.3
2023-10-05,Z02,15.7,0.1,38.8
2023-10-06,Z02,15.7,0.2,56.7
2023-10-07,Z02,17.3,0.2,51.8
2023-10-08,Z02,14.9,17.3,50.0
2023-10-09,Z02,14.6,11.5,39.5
2023-10-10,Z02,17.9,0.0,41.6
2023-10-11,Z02,17.2,6.5,50.9
2023-10-12,Z02,16.5,3.6,61.0
2023-10-13,Z02,16.9,2.1,47.9
2023-10-14,Z02,11.5,20.3,56.0
2023-10-15,Z02,17.3,0.1,49.5
2023-10-16,Z02,15.3,2.3,52.5
2023-10-17,Z02,16.3,8.9,58.5
2023-10-18,Z02,15.0,0.6,51.0
2023-10-19,Z02,14.2,0.0,49.5
2023-10-20,Z02,13.4,1.0,60.3
2023-10-21,Z02,14.4,16.0,53.7
2023-10-22,Z02,13.0,3.4,59.2
2023-10-23,Z02,14.9,0.1,50.5
2023-10-24,Z02,10.3,0.3,61.3
2023-10-25,Z02,12.0,0.3,55.9
2023-10-26,Z02,16.5,0.3,56.9
2023-10-27,Z02,11.5,0.0,55.7
2023-10-28,Z02,12.0,1.7,52.7
2023-10-29,Z02,10.7,2.8,55.5
2023-10-30,Z02,12.7,3.2,53.6
2023-10-31,Z02,10.6,1.2,60.8
2023-11-01,Z02,11.4,0.3,55.3
2023-11-02,Z02,13.1,0.0,49.1
2023-11-03,Z02,10.1,0.0,48.4
2023-11-04,Z02,12.6,1.0,48.4
2023-11-05,Z02,12.5,15.5,60.4
2023-11-06,Z02,12.8,1.2,51.8
2023-11-07,Z02,10.9,2.6,59.3
2023-11-08,Z02,16.4,2.8,58.8
2023-11-09,Z02,12.3,0.0,58.0
2023-11-10,Z02,10.8,0.2,60.8
2023-11-11,Z02,8.5,2.6,59.6
2023-11-12,Z02,9.7,0.9,45.5
2023-11-13,Z02,12.3,3.9,57.7
2023-11-14,Z02,12.6,1.6,61.7
2023-11-15,Z02,12.1,5.0,68.0
2023-11-16,Z02,10.7,5.1,68.5
2023-11-17,Z02,6.8,3.6,53.5
2023-11-18,Z02,9.8,5.2,58.8
2023-11-19,Z02,6.6,0.9,53.0
2023-11-20,Z02,6.0,0.6,68.6
2023-11-21,Z02,8.9,5.4,66.3
2023-11-22,Z02,9.3,1.3,63.2
2023-11-23,Z02,9.9,0.8,62.6
2023-11-24,Z02,9.0,0.5,68.9
2023-11-25,Z02,8.9,0.7,68.2
2023-11-26,Z02,6.1,0.5,68.2
2023-11-27,Z02,7.5,2.6,64.9
2023-11-28,Z02,4.9,3.5,61.1
2023-11-29,Z02,3.9,14.1,66.9
2023-11-30,Z02,8.7,0.0,67.4
2023-12-01,Z02,5.9,4.8,62.5
2023-12-02,Z02,8.7,2.5,62.0
2023-12-03,Z02,9.0,1.2,69.6
2023-12-04,Z02,5.8,5.2,72.4
2023-12-05,Z02,7.8,5.0,60.6
2023-12-06,Z02,5.5,3.0,63.2
2023-12-07,Z02,3.2,0.1,66.5
2023-12-08,Z02,6.7,5.2,67.4
2023-12-09,Z02,5.5,0.7,62.5
2023-12-10,Z02,5.5,1.1,74.7
2023-12-11,Z02,9.7,1.1,67.6
2023-12-12,Z02,3.4,2.9,68.3
2023-12-13,Z02,6.7,0.1,74.6
2023-12-14,Z02,4.1,2.5,63.8
2023-12-15,Z02,7.5,3.2,65.8
2023-12-16,Z02,6.3,7.0,60.1
2023-12-17,Z02,6.4,0.5,65.7
2023-12-18,Z02,3.9,9.0,59.3
2023-12-19,Z02,4.2,7.6,70.6
2023-12-20,Z02,7.2,6.9,69.1
2023-12-21,Z02,8.6,3.8,65.8
2023-12-22,Z02,6.2,0.0,66.8
2023-12-23,Z02,3.7,0.6,71.3
2023-12-24,Z02,5.9,2.4,61.9
2023-12-25,Z02,9.6,10.3,68.8
2023-12-26,Z02,5.4,1.4,71.4
2023-12-27,Z02,7.8,6.3,59.1
2023-12-28,Z02,3.8,15.8,71.6
2023-12-29,Z02,5.0,2.6,59.9
2023-12-30,Z02,6.1,1.9,67.8
2023-12-31,Z02,5.7,5.7,62.7
2024-01-01,Z02,3.6,32.3,75.8
2024-01-02,Z02,3.5,0.0,62.9
2024-01-03,Z02,6.7,2.9,60.6
2024-01-04,Z02,7.0,2.6,69.6
2024-01-05,Z02,7.6,0.6,66.9
2024-01-06,Z02,8.1,0.5,61.6
2024-01-07,Z02,5.1,0.1,71.8
2024-01-08,Z02,4.3,3.9,59.3
2024-01-09,Z02,7.3,6.4,64.2
2024-01-10,Z02,6.2,20.1,66.5
2024-01-11,Z02,3.1,0.4,73.5
2024-01-12,Z02,3.0,0.5,76.0
2024-01-13,Z02,5.8,1.0,75.1
2024-01-14,Z02,4.6,0.8,68.9
2024-01-15,Z02,4.9,0.5,57.6
2024-01-16,Z02,6.9,1.4,71.7
2024-01-17,Z02,6.3,0.2,77.2
2024-01-18,Z02,7.4,1.6,76.0
2024-01-19,Z02,1.6,0.0,72.2
2024-01-20,Z02,5.5,0.0,64.0
2024-01-21,Z02,6.4,9.3,67.3
2024-01-22,Z02,2.4,25.3,79.6
2024-01-23,Z02,4.0,5.7,62.9
2024-01-24,Z02,3.7,0.5,64.2
2024-01-25,Z02,5.3,2.7,74.7
2024-01-26,Z02,8.3,28.2,67.8
2024-01-27,Z02,9.0,10.9,64.1
2024-01-28,Z02,4.0,0.4,77.6
2024-01-29,Z02,6.5,7.1,72.3
2024-01-30,Z02,6.6,0.7,68.1
2024-01-31,Z02,6.4,1.0,64.2
2024-02-01,Z02,6.5,3.2,80.2
2024-02-02,Z02,6.4,7.5,69.8
2024-02-03,Z02,8.9,0.7,76.9
2024-02-04,Z02,8.0,1.1,74.3
2024-02-05,Z02,4.1,0.0,67.2
2024-02-06,Z02,7.6,0.6,67.2
2024-02-07,Z02,7.8,0.0,76.9
2024-02-08,Z02,6.9,0.0,77.0
2024-02-09,Z02,8.5,3.1,60.2
2024-02-10,Z02,6.9,0.2,72.3
2024-02-11,Z02,7.0,3.3,68.8
2024-02-12,Z02,6.9,2.7,64.2
2024-02-13,Z02,3.2,15.6,70.6
2024-02-14,Z02,6.8,5.1,62.5
2024-02-15,Z02,5.9,4.4,66.8
2024-02-16,Z02,5.0,0.0,65.1
2024-02-17,Z02,9.9,12.7,66.5
2024-02-18,Z02,8.3,2.0,68.5
2024-02-19,Z02,7.5,0.9,63.7
2024-02-20,Z02,6.6,4.6,76.5
2024-02-21,Z02,8.3,1.7,71.0
2024-02-22,Z02,9.7,4.8,77.4
2024-02-23,Z02,6.6,0.5,67.5
2024-02-24,Z02,8.2,0.2,65.5
2024-02-25,Z02,9.9,5.5,76.9
2024-02-26,Z02,5.0,0.1,65.1
2024-02-27,Z02,8.5,5.8,66.9
2024-02-28,Z02,8.0,6.9,71.3
2024-02-29,Z02,8.6,3.4,61.4
2024-03-01,Z02,8.1,6.0,71.0
2024-03-02,Z02,9.4,6.2,70.2
2024-03-03,Z02,12.8,0.2,73.4
2024-03-04,Z02,8.9,1.8,71.4
2024-03-05,Z02,10.2,8.0,73.3
2024-03-06,Z02,13.4,1.5,66.1
2024-03-07,Z02,9.0,0.3,62.1
2024-03-08,Z02,13.4,0.0,76.8
2024-03-09,Z02,10.3,2.6,58.5
2024-03-10,Z02,13.6,4.0,58.8
2024-03-11,Z02,12.0,0.0,68.6
2024-03-12,Z02,11.3,32.8,73.7
2024-03-13,Z02,10.8,0.9,66.3
2024-03-14,Z02,10.0,1.6,70.2
2024-03-15,Z02,11.4,1.1,55.0
2024-03-16,Z02,13.1,1.4,62.3
2024-03-17,Z02,11.6,0.9,55.3
2024-03-18,Z02,11.2,3.9,68.3
2024-03-19,Z02,11.5,0.6,56.5
2024-03-20,Z02,13.9,2.0,57.6
2024-03-21,Z02,14.5,12.3,66.4
2024-03-22,Z02,11.3,4.5,68.9
2024-03-23,Z02,11.5,1.3,62.6
2024-03-24,Z02,13.6,0.0,66.0
2024-03-25,Z02,15.8,6.8,65.6
2024-03-26,Z02,15.3,3.0,61.7
2024-03-27,Z02,11.2,0.0,57.0
2024-03-28,Z02,13.1,0.3,65.1
2024-03-29,Z02,12.1,0.3,65.1
2024-03-30,Z02,13.5,0.1,66.3
2024-03-31,Z02,17.1,0.4,63.2
2024-04-01,Z02,11.8,1.1,55.5
2024-04-02,Z02,11.6,6.3,64.6
2024-04-03,Z02,13.2,3.1,60.9
2024-04-04,Z02,15.4,8.8,58.3
2024-04-05,Z02,16.2,0.6,59.0
2024-04-06,Z02,16.1,7.4,56.7
2024-04-07,Z02,17.6,0.3,64.4
2024-04-08,Z02,12.5,2.7,52.6
2024-04-09,Z02,18.0,1.9,54.5
2024-04-10,Z02,15.5,2.7,57.6
2024-04-11,Z02,17.6,0.0,67.0
2024-04-12,Z02,14.1,12.5,64.0
2024-04-13,Z02,16.6,0.0,50.3
2024-04-14,Z02,17.2,7.2,65.0
2024-04-15,Z02,19.1,0.0,64.7
2024-04-16,Z02,14.3,0.0,51.8
2024-04-17,Z02,17.4,2.8,44.8
2024-04-18,Z02,15.6,0.8,56.8
2024-04-19,Z02,18.7,0.4,62.5
2024-04-20,Z02,19.3,4.7,64.6
2024-04-21,Z02,20.4,3.0,52.1
2024-04-22,Z02,17.3,4.3,64.9
2024-04-23,Z02,20.2,0.0,44.8
2024-04-24,Z02,21.1,0.1,53.8
2024-04-25,Z02,15.9,11.6,53.3
2024-04-26,Z02,20.1,0.1,60.9
2024-04-27,Z02,20.9,0.2,61.4
2024-04-28,Z02,18.9,0.4,59.4
2024-04-29,Z02,17.4,0.1,47.6
2024-04-30,Z02,21.5,28.4,58.4
2024-05-01,Z02,17.8,0.0,56.4
2024-05-02,Z02,19.8,2.5,45.2
2024-05-03,Z02,20.2,2.7,43.0
2024-05-04,Z02,21.7,1.3,58.3
2024-05-05,Z02,19.5,4.7,51.9
2024-05-06,Z02,19.6,0.8,46.1
2024-05-07,Z02,21.1,0.4,51.3
2024-05-08,Z02,22.9,2.1,53.9
2024-05-09,Z02,25.4,0.2,51.4
2024-05-10,Z02,18.7,19.1,43.8
2024-05-11,Z02,22.2,0.5,60.7
2024-05-12,Z02,19.8,0.0,56.1
2024-05-13,Z02,23.8,11.0,49.1
2024-05-14,Z02,20.4,0.6,49.1
2024-05-15,Z02,21.0,0.9,52.1
2024-05-16,Z02,21.3,0.9,44.4
2024-05-17,Z02,22.4,7.3,51.4
2024-05-18,Z02,23.3,2.2,42.9
2024-05-19,Z02,23.7,8.0,49.0
2024-05-20,Z02,23.0,1.1,43.3
2024-05-21,Z02,20.8,7.8,43.3
2024-05-22,Z02,24.6,0.4,56.9
2024-05-23,Z02,23.3,1.0,48.7
2024-05-24,Z02,25.7,0.1,49.2
2024-05-25,Z02,22.4,0.1,37.9
2024-05-26,Z02,20.9,1.4,44.7
2024-05-27,Z02,23.9,0.6,49.8
2024-05-28,Z02,26.4,0.1,48.2
2024-05-29,Z02,24.5,1.9,36.3
2024-05-30,Z02,24.0,3.2,47.9
2024-05-31,Z02,22.9,4.1,48.4
2024-06-01,Z02,27.7,0.0,52.8
2024-06-02,Z02,22.8,3.3,42.9
2024-06-03,Z02,23.5,8.1,34.8
2024-06-04,Z02,25.9,4.3,40.8
2024-06-05,Z02,21.7,3.9,40.1
2024-06-06,Z02,27.4,0.1,49.1
2024-06-07,Z02,26.3,0.4,31.6
2024-06-08,Z02,26.9,0.5,42.7
2024-06-09,Z02,26.4,0.0,51.9
2024-06-10,Z02,25.2,3.0,44.6
2024-06-11,Z02,23.7,0.1,48.9
2024-06-12,Z02,25.4,0.2,36.0
2024-06-13,Z02,24.0,0.0,36.0
2024-06-14,Z02,26.7,2.3,51.1
2024-06-15,Z02,27.4,5.5,44.2
2024-06-16,Z02,28.7,0.3,44.1
2024-06-17,Z02,26.7,0.2,37.8
2024-06-18,Z02,27.8,0.8,43.7
2024-06-19,Z02,25.7,0.0,37.3
2024-06-20,Z02,25.4,1.0,48.8
2024-06-21,Z02,27.2,0.1,56.4
2024-06-22,Z02,25.7,2.0,45.0
2024-06-23,Z02,26.9,1.1,39.3
2024-06-24,Z02,24.6,3.3,29.7
2024-06-25,Z02,25.0,4.2,33.8
2024-06-26,Z02,27.7,0.0,49.8
2024-06-27,Z02,28.2,0.1,36.8
2024-06-28,Z02,24.9,0.7,39.9
2024-06-29,Z02,27.9,0.1,45.0
2024-06-30,Z02,25.8,1.0,49.0
2024-07-01,Z02,26.8,3.0,40.5
2024-07-02,Z02,29.3,1.7,39.3
2024-07-03,Z02,28.3,0.0,41.6
2024-07-04,Z02,28.3,0.0,38.0
2024-07-05,Z02,30.3,0.1,38.2
2024-07-06,Z02,25.6,3.9,43.0
2024-07-07,Z02,25.1,1.6,41.8
2024-07-08,Z02,25.6,0.0,51.4
2024-07-09,Z02,26.4,1.1,42.9
2024-07-10,Z02,22.6,0.6,46.4
2024-07-11,Z02,26.5,0.1,35.2
2024-07-12,Z02,25.9,0.4,43.1
2024-07-13,Z02,28.3,7.3,36.8
2024-07-14,Z02,27.5,1.6,42.3
2024-07-15,Z02,25.7,0.0,43.7
2024-07-16,Z02,27.9,0.6,40.5
2024-07-17,Z02,28.1,0.0,52.2
2024-07-18,Z02,25.4,0.1,47.3
2024-07-19,Z02,25.8,2.0,46.0
2024-07-20,Z02,22.7,0.1,43.9
2024-07-21,Z02,24.7,0.3,48.9
2024-07-22,Z02,25.3,0.4,32.9
2024-07-23,Z02,26.7,0.6,46.9
2024-07-24,Z02,24.8,0.4,35.1
2024-07-25,Z02,25.5,0.6,37.2
2024-07-26,Z02,24.2,0.7,42.8
2024-07-27,Z02,26.7,0.2,46.2
2024-07-28,Z02,27.1,0.2,34.2
2024-07-29,Z02,27.0,4.1,37.4
2024-07-30,Z02,26.2,0.3,40.5
2024-07-31,Z02,23.3,1.2,39.1
2024-08-01,Z02,24.9,0.6,44.3
2024-08-02,Z02,25.2,0.1,57.3
2024-08-03,Z02,25.2,0.7,42.2
2024-08-04,Z02,25.9,8.1,36.5
2024-08-05,Z02,28.3,1.0,33.7
2024-08-06,Z02,27.1,0.9,38.6
2024-08-07,Z02,23.8,0.0,35.6
2024-08-08,Z02,26.7,1.5,42.7
2024-08-09,Z02,26.5,3.4,42.6
2024-08-10,Z02,23.8,0.0,38.1
2024-08-11,Z02,26.7,0.5,50.4
2024-08-12,Z02,24.8,0.1,36.9
2024-08-13,Z02,22.4,2.1,40.1
2024-08-14,Z02,25.7,0.4,43.9
2024-08-15,Z02,25.1,0.0,45.3
2024-08-16,Z02,24.2,0.3,47.3
2024-08-17,Z02,24.4,0.7,43.1
2024-08-18,Z02,23.1,0.0,46.3
2024-08-19,Z02,25.4,7.0,37.9
2024-08-20,Z02,24.1,1.2,45.9
2024-08-21,Z02,24.3,0.8,45.9
2024-08-22,Z02,24.5,0.0,49.1
2024-08-23,Z02,21.7,4.2,33.3
2024-08-24,Z02,22.0,0.3,37.2
2024-08-25,Z02,19.5,1.5,46.0
2024-08-26,Z02,24.4,0.3,28.7
2024-08-27,Z02,21.0,3.6,44.6
2024-08-28,Z02,23.3,5.6,47.6
2024-08-29,Z02,23.6,0.0,39.5
2024-08-30,Z02,23.9,0.3,40.4
2024-08-31,Z02,20.5,0.0,37.3
2024-09-01,Z02,22.4,5.5,40.2
2024-09-02,Z02,25.3,1.4,40.5
2024-09-03,Z02,25.3,0.0,39.7
2024-09-04,Z02,23.8,0.0,39.6
2024-09-05,Z02,22.5,0.0,42.1
2024-09-06,Z02,19.9,0.2,42.2
2024-09-07,Z02,22.8,0.1,53.2
2024-09-08,Z02,21.1,0.1,42.0
2024-09-09,Z02,22.2,0.5,45.9
2024-09-10,Z02,19.9,3.5,41.4
2024-09-11,Z02,20.6,1.4,41.6
2024-09-12,Z02,21.0,0.3,36.2
2024-09-13,Z02,21.0,0.6,37.0
2024-09-14,Z02,21.3,1.0,39.0
2024-09-15,Z02,19.2,6.1,46.2
2024-09-16,Z02,17.6,3.1,50.8
2024-09-17,Z02,22.8,0.4,36.7
2024-09-18,Z02,24.2,3.0,43.1
2024-09-19,Z02,20.3,1.9,39.2
2024-09-20,Z02,16.9,0.6,45.0
2024-09-21,Z02,17.7,0.3,51.9
2024-09-22,Z02,19.9,2.6,44.5
2024-09-23,Z02,21.2,0.4,46.7
2024-09-24,Z02,16.4,0.0,54.4
2024-09-25,Z02,18.2,0.7,49.7
2024-09-26,Z02,18.6,11.2,43.8
2024-09-27,Z02,19.6,0.0,48.6
2024-09-28,Z02,17.2,1.1,43.9
2024-09-29,Z02,14.8,6.8,50.4
2024-09-30,Z02,18.6,1.1,51.1
2024-10-01,Z02,19.3,1.5,41.9
2024-10-02,Z02,16.9,0.0,49.9
2024-10-03,Z02,17.6,0.5,48.6
2024-10-04,Z02,15.9,2.6,52.2
2024-10-05,Z02,15.0,0.0,53.9
2024-10-06,Z02,18.2,0.5,52.3
2024-10-07,Z02,16.8,4.9,48.7
2024-10-08,Z02,16.8,0.2,55.1
2024-10-09,Z02,18.5,4.4,46.3
2024-10-10,Z02,13.7,0.1,44.3
2024-10-11,Z02,14.4,0.9,35.2
2024-10-12,Z02,15.5,2.4,51.1
2024-10-13,Z02,14.0,0.1,47.6
2024-10-14,Z02,16.2,4.2,53.9
2024-10-15,Z02,14.3,2.3,42.3
2024-10-16,Z02,12.7,12.5,49.2
2024-10-17,Z02,14.4,1.2,55.0
2024-10-18,Z02,14.4,0.4,47.8
2024-10-19,Z02,15.6,10.4,55.2
2024-10-20,Z02,14.4,52.2,50.7
2024-10-21,Z02,14.3,1.2,53.5
2024-10-22,Z02,13.9,0.0,56.9
2024-10-23,Z02,12.8,1.4,59.0
2024-10-24,Z02,11.7,0.8,54.9
2024-10-25,Z02,13.3,0.0,50.7
2024-10-26,Z02,12.0,1.0,52.7
2024-10-27,Z02,15.5,0.4,58.4
2024-10-28,Z02,14.7,0.6,50.4
2024-10-29,Z02,13.2,0.1,54.9
2024-10-30,Z02,12.6,0.2,54.1
2024-10-31,Z02,11.6,1.9,55.8
2024-11-01,Z02,9.3,1.2,51.5
2024-11-02,Z02,11.0,0.2,47.5
2024-11-03,Z02,11.4,0.9,59.7
2024-11-04,Z02,11.4,1.2,62.1
2024-11-05,Z02,11.7,1.2,48.6
2024-11-06,Z02,12.3,2.0,59.7
2024-11-07,Z02,9.3,5.3,63.5
2024-11-08,Z02,9.1,0.3,61.3
2024-11-09,Z02,12.8,0.0,56.5
2024-11-10,Z02,11.4,8.8,54.1
2024-11-11,Z02,9.2,0.1,59.5
2024-11-12,Z02,9.5,3.3,60.6
2024-11-13,Z02,9.4,0.8,60.1
2024-11-14,Z02,9.5,7.4,58.9
2024-11-15,Z02,10.1,4.9,54.6
2024-11-16,Z02,13.7,0.1,62.4
2024-11-17,Z02,9.3,1.9,62.9
2024-11-18,Z02,10.0,7.4,61.8
2024-11-19,Z02,5.6,6.4,61.6
2024-11-20,Z02,7.6,2.2,69.7
2024-11-21,Z02,10.6,0.6,58.4
2024-11-22,Z02,9.0,9.6,68.1
2024-11-23,Z02,0.2,13.3,58.3
2024-11-24,Z02,9.2,1.4,67.7
2024-11-25,Z02,11.3,0.1,68.6
2024-11-26,Z02,4.1,0.9,61.2
2024-11-27,Z02,10.3,1.0,71.2
2024-11-28,Z02,2.5,0.5,65.4
2024-11-29,Z02,9.0,5.2,58.9
2024-11-30,Z02,7.2,34.0,61.6
2024-12-01,Z02,2.9,0.0,69.4
2024-12-02,Z02,7.8,0.1,68.5
2024-12-03,Z02,9.0,4.4,58.8
2024-12-04,Z02,7.4,0.3,63.6
2024-12-05,Z02,7.7,0.3,65.5
2024-12-06,Z02,5.8,6.4,62.2
2024-12-07,Z02,3.1,2.1,76.7
2024-12-08,Z02,7.6,1.2,66.3
2024-12-09,Z02,9.4,4.7,65.0
2024-12-10,Z02,8.2,2.5,71.4
2024-12-11,Z02,2.5,5.2,63.8
2024-12-12,Z02,3.3,0.3,70.9
2024-12-13,Z02,4.4,3.7,57.7
2024-12-14,Z02,3.0,0.5,63.9
2024-12-15,Z02,5.9,1.3,71.6
2024-12-16,Z02,6.4,0.3,74.4
2024-12-17,Z02,3.1,1.1,62.8
2024-12-18,Z02,7.0,0.4,62.4
2024-12-19,Z02,6.6,7.4,69.9
2024-12-20,Z02,4.4,0.2,64.1
2024-12-21,Z02,5.1,2.8,66.0
2024-12-22,Z02,1.8,2.8,71.8
2024-12-23,Z02,4.7,34.5,64.9
2024-12-24,Z02,5.2,4.1,57.9
2024-12-25,Z02,5.5,0.9,61.4
2024-12-26,Z02,5.8,8.0,68.1
2024-12-27,Z02,5.5,8.6,58.8
2024-12-28,Z02,4.6,31.8,66.8
2024-12-29,Z02,5.5,0.1,61.4
2024-12-30,Z02,6.8,3.5,76.7
2024-12-31,Z02,4.8,0.6,79.4
2025-01-01,Z02,5.5,6.4,63.3
2025-01-02,Z02,4.6,13.3,70.0
2025-01-03,Z02,3.8,0.0,64.0
2025-01-04,Z02,5.8,0.1,67.4
2025-01-05,Z02,3.9,0.4,78.0
2025-01-06,Z02,5.6,2.8,66.8
2025-01-07,Z02,4.9,3.3,67.8
2025-01-08,Z02,4.3,0.6,64.6
2025-01-09,Z02,4.3,0.4,75.1
2025-01-10,Z02,4.0,10.9,53.1
2025-01-11,Z02,1.9,0.2,67.3
2025-01-12,Z02,5.6,6.7,69.3
2025-01-13,Z02,5.3,0.0,66.3
2025-01-14,Z02,6.4,3.4,74.0
2025-01-15,Z02,4.0,0.0,75.7
2025-01-16,Z02,8.4,0.7,62.7
2025-01-17,Z02,4.3,4.4,80.3
2025-01-18,Z02,3.4,35.1,62.7
2025-01-19,Z02,3.3,1.0,76.3
2025-01-20,Z02,2.0,0.0,70.7
2025-01-21,Z02,7.9,0.9,67.4
2025-01-22,Z02,7.6,5.6,67.9
2025-01-23,Z02,6.3,2.8,69.8
2025-01-24,Z02,3.6,0.1,71.0
2025-01-25,Z02,8.6,1.4,65.4
2025-01-26,Z02,4.7,3.4,68.8
2025-01-27,Z02,4.9,1.2,66.1
2025-01-28,Z02,8.1,24.7,63.9
2025-01-29,Z02,6.7,3.9,65.9
2025-01-30,Z02,9.6,2.5,64.2
2025-01-31,Z02,6.1,1.6,67.8
2025-02-01,Z02,5.0,16.4,72.1
2025-02-02,Z02,4.7,14.6,70.5
2025-02-03,Z02,2.6,21.0,79.7
2025-02-04,Z02,5.5,4.4,58.8
2025-02-05,Z02,8.1,9.4,72.1
2025-02-06,Z02,7.2,11.3,69.8
2025-02-07,Z02,6.3,0.3,73.8
2025-02-08,Z02,4.5,0.0,73.2
2025-02-09,Z02,6.8,0.8,68.8
2025-02-10,Z02,8.3,0.0,70.4
2025-02-11,Z02,7.4,3.9,65.7
2025-02-12,Z02,7.0,0.4,72.4
2025-02-13,Z02,5.4,0.4,59.9
2025-02-14,Z02,8.5,0.3,73.1
2025-02-15,Z02,1.4,5.1,69.0
2025-02-16,Z02,7.9,3.5,66.6
2025-02-17,Z02,11.9,21.1,67.8
2025-02-18,Z02,4.7,0.8,68.1
2025-02-19,Z02,7.1,4.4,75.3
2025-02-20,Z02,7.6,10.5,84.8
2025-02-21,Z02,6.9,1.2,74.6
2025-02-22,Z02,9.8,0.1,65.6
2025-02-23,Z02,8.9,0.2,71.5
2025-02-24,Z02,8.4,5.0,71.6
2025-02-25,Z02,9.7,0.2,63.4
2025-02-26,Z02,8.5,2.4,61.6
2025-02-27,Z02,14.3,0.1,67.5
2025-02-28,Z02,9.0,3.9,71.7
2025-03-01,Z02,9.2,7.5,59.5
2025-03-02,Z02,5.9,10.2,63.8
2025-03-03,Z02,8.2,15.6,70.1
2025-03-04,Z02,11.4,1.4,67.3
2025-03-05,Z02,7.1,18.9,74.0
2025-03-06,Z02,5.8,6.9,59.7
2025-03-07,Z02,9.8,22.6,78.4
2025-03-08,Z02,12.4,4.3,58.8
2025-03-09,Z02,10.2,2.8,56.1
2025-03-10,Z02,9.7,0.1,65.8
2025-03-11,Z02,7.1,0.0,60.3
2025-03-12,Z02,11.4,0.2,65.6
2025-03-13,Z02,12.0,0.5,65.2
2025-03-14,Z02,7.7,2.7,64.4
2025-03-15,Z02,13.1,6.9,61.0
2025-03-16,Z02,12.7,2.5,67.2
2025-03-17,Z02,13.5,9.6,63.2
2025-03-18,Z02,12.7,28.2,70.1
2025-03-19,Z02,13.0,4.3,63.5
2025-03-20,Z02,12.9,0.0,59.4
2025-03-21,Z02,13.7,6.3,55.6
2025-03-22,Z02,9.1,0.9,63.0
2025-03-23,Z02,9.8,0.3,57.3
2025-03-24,Z02,11.4,21.2,56.6
2025-03-25,Z02,12.6,0.5,65.8
2025-03-26,Z02,13.8,1.2,54.1
2025-03-27,Z02,13.8,25.2,69.8
2025-03-28,Z02,15.4,2.8,63.3
2025-03-29,Z02,15.7,2.5,62.1
2025-03-30,Z02,12.2,0.0,56.9
2025-03-31,Z02,14.4,1.4,65.7
2025-04-01,Z02,12.6,0.1,61.6
2025-04-02,Z02,14.0,0.2,57.9
2025-04-03,Z02,15.1,8.6,62.1
2025-04-04,Z02,8.6,4.5,52.5
2025-04-05,Z02,19.3,4.1,52.5
2025-04-06,Z02,16.1,5.3,54.8
2025-04-07,Z02,14.2,4.2,61.9
2025-04-08,Z02,19.0,2.6,59.9
2025-04-09,Z02,15.1,0.7,64.9
2025-04-10,Z02,16.1,10.6,54.9
2025-04-11,Z02,15.2,0.4,62.1
2025-04-12,Z02,19.2,5.1,58.4
2025-04-13,Z02,16.2,0.2,54.0
2025-04-14,Z02,16.9,1.2,60.4
2025-04-15,Z02,19.0,1.9,57.9
2025-04-16,Z02,18.1,1.4,54.8
2025-04-17,Z02,17.1,0.0,57.9
2025-04-18,Z02,19.4,28.3,56.8
2025-04-19,Z02,22.1,0.3,56.4
2025-04-20,Z02,18.3,0.0,54.9
2025-04-21,Z02,18.1,0.1,50.2
2025-04-22,Z02,18.4,15.4,56.8
2025-04-23,Z02,20.7,0.4,52.1
2025-04-24,Z02,17.4,8.0,50.8
2025-04-25,Z02,18.2,1.7,54.4
2025-04-26,Z02,16.1,13.6,59.1
2025-04-27,Z02,16.9,0.2,56.1
2025-04-28,Z02,18.3,3.8,52.2
2025-04-29,Z02,19.3,0.0,51.8
2025-04-30,Z02,22.8,6.7,57.5
2025-05-01,Z02,20.7,2.2,42.1
2025-05-02,Z02,18.3,0.4,57.8
2025-05-03,Z02,18.8,13.4,44.2
2025-05-04,Z02,22.8,0.6,46.2
2025-05-05,Z02,22.5,3.5,50.5
2025-05-06,Z02,20.7,1.9,63.7
2025-05-07,Z02,20.0,0.2,60.9
2025-05-08,Z02,23.0,0.7,55.8
2025-05-09,Z02,19.3,3.0,53.8
2025-05-10,Z02,22.0,1.0,42.5
2025-05-11,Z02,25.6,9.0,52.3
2025-05-12,Z02,22.0,5.3,48.5
2025-05-13,Z02,20.4,0.9,47.0
2025-05-14,Z02,22.7,0.0,51.6
2025-05-15,Z02,21.3,0.5,48.2
2025-05-16,Z02,19.7,0.3,54.6
2025-05-17,Z02,23.7,0.6,40.4
2025-05-18,Z02,24.6,1.7,50.2
2025-05-19,Z02,22.2,0.2,45.2
2025-05-20,Z02,22.2,0.0,47.3
2025-05-21,Z02,21.3,1.2,50.6
2025-05-22,Z02,22.9,6.9,43.3
2025-05-23,Z02,22.3,0.2,49.4
2025-05-24,Z02,21.6,0.5,47.3
2025-05-25,Z02,27.0,1.3,44.9
2025-05-26,Z02,24.5,0.2,45.6
2025-05-27,Z02,24.9,2.1,46.9
2025-05-28,Z02,25.5,0.6,43.6
2025-05-29,Z02,25.5,2.3,47.3
2025-05-30,Z02,23.5,6.6,45.6
2025-05-31,Z02,24.8,0.6,43.8
2025-06-01,Z02,24.0,2.9,54.6
2025-06-02,Z02,25.4,0.0,48.5
2025-06-03,Z02,25.3,8.4,44.3
2025-06-04,Z02,24.1,0.7,46.7
2025-06-05,Z02,22.5,3.5,40.6
2025-06-06,Z02,25.3,4.5,43.4
2025-06-07,Z02,24.7,7.7,43.8
2025-06-08,Z02,21.8,1.0,38.9
2025-06-09,Z02,26.2,0.2,46.9
2025-06-10,Z02,27.1,0.1,42.3
2025-06-11,Z02,30.1,1.3,42.8
2025-06-12,Z02,24.9,0.5,41.6
2025-06-13,Z02,24.7,0.4,59.0
2025-06-14,Z02,23.8,10.6,40.7
2025-06-15,Z02,26.2,0.0,33.5
2025-06-16,Z02,26.3,1.1,35.7
2025-06-17,Z02,24.5,3.2,47.3
2025-06-18,Z02,25.8,2.7,50.1
2025-06-19,Z02,22.6,6.4,39.8
2025-06-20,Z02,27.9,0.1,49.5
2025-06-21,Z02,24.9,0.1,46.6
2025-06-22,Z02,26.3,0.1,41.8
2025-06-23,Z02,23.8,1.2,41.3
2025-06-24,Z02,25.4,0.0,43.4
2025-06-25,Z02,26.0,0.8,46.7
2025-06-26,Z02,26.5,0.4,44.2
2025-06-27,Z02,27.4,8.7,38.7
2025-06-28,Z02,29.2,0.1,41.1
2025-06-29,Z02,28.0,0.4,51.7
2025-06-30,Z02,28.4,1.8,42.9
2025-07-01,Z02,29.3,1.5,45.9
2025-07-02,Z02,27.8,2.1,44.1
2025-07-03,Z02,26.7,2.0,42.7
2025-07-04,Z02,28.6,0.4,41.8
2025-07-05,Z02,28.8,2.8,45.6
2025-07-06,Z02,28.0,1.3,44.6
2025-07-07,Z02,24.2,6.0,42.3
2025-07-08,Z02,25.3,1.7,37.4
2025-07-09,Z02,26.4,0.6,42.7
2025-07-10,Z02,28.3,10.2,40.4
2025-07-11,Z02,26.8,0.2,39.1
2025-07-12,Z02,28.9,0.5,53.9
2025-07-13,Z02,29.2,5.3,32.8
2025-07-14,Z02,29.0,0.6,45.2
2025-07-15,Z02,29.0,0.4,36.0
2025-07-16,Z02,24.9,0.0,41.0
2025-07-17,Z02,27.7,0.4,53.1
2025-07-18,Z02,25.7,0.3,35.4
2025-07-19,Z02,23.8,1.7,36.6
2025-07-20,Z02,26.2,1.3,40.0
2025-07-21,Z02,29.1,1.2,35.9
2025-07-22,Z02,27.5,0.0,44.5
2025-07-23,Z02,30.2,1.4,37.4
2025-07-24,Z02,26.9,0.1,43.3
2025-07-25,Z02,30.9,1.7,33.4
2025-07-26,Z02,26.8,1.3,31.0
2025-07-27,Z02,26.5,0.3,38.9
2025-07-28,Z02,24.1,3.9,32.2
2025-07-29,Z02,28.3,0.0,47.6
2025-07-30,Z02,25.3,0.1,32.4
2025-07-31,Z02,25.0,4.8,34.8
2025-08-01,Z02,28.4,0.2,42.1
2025-08-02,Z02,28.1,0.0,37.1
2025-08-03,Z02,28.0,0.0,32.5
2025-08-04,Z02,25.2,3.3,50.3
2025-08-05,Z02,25.7,1.4,35.1
2025-08-06,Z02,25.6,2.3,39.2
2025-08-07,Z02,27.0,0.1,39.2
2025-08-08,Z02,28.3,0.0,43.8
2025-08-09,Z02,26.1,0.1,42.6
2025-08-10,Z02,28.9,2.7,36.3
2025-08-11,Z02,26.9,0.4,38.8
2025-08-12,Z02,24.7,0.1,39.4
2025-08-13,Z02,26.6,1.3,44.3
2025-08-14,Z02,28.0,2.8,34.8
2025-08-15,Z02,28.4,1.1,50.8
2025-08-16,Z02,26.9,0.0,37.0
2025-08-17,Z02,24.7,4.6,40.9
2025-08-18,Z02,24.1,2.5,35.2
2025-08-19,Z02,25.4,0.7,34.6
2025-08-20,Z02,27.3,1.4,36.8
2025-08-21,Z02,24.9,0.1,36.4
2025-08-22,Z02,24.8,0.6,39.3
2025-08-23,Z02,24.0,0.9,36.6
2025-08-24,Z02,23.2,0.0,45.1
2025-08-25,Z02,23.3,0.5,37.8
2025-08-26,Z02,23.7,0.1,37.4
2025-08-27,Z02,26.4,1.8,40.0
2025-08-28,Z02,22.8,0.5,47.1
2025-08-29,Z02,23.2,0.7,43.3
2025-08-30,Z02,21.4,0.0,41.9
2025-08-31,Z02,24.1,0.1,35.4
2025-09-01,Z02,25.1,0.6,37.0
2025-09-02,Z02,25.4,1.5,36.4
2025-09-03,Z02,22.7,0.0,49.5
2025-09-04,Z02,23.2,1.0,45.8
2025-09-05,Z02,21.7,15.2,39.0
2025-09-06,Z02,22.8,1.2,40.6
2025-09-07,Z02,22.3,7.4,39.5
2025-09-08,Z02,21.6,0.1,39.4
2025-09-09,Z02,21.6,4.9,46.3
2025-09-10,Z02,22.0,1.8,42.7
2025-09-11,Z02,20.5,1.5,54.7
2025-09-12,Z02,20.4,0.0,50.8
2025-09-13,Z02,23.8,8.9,51.2
2025-09-14,Z02,25.4,0.3,48.2
2025-09-15,Z02,18.2,1.7,43.0
2025-09-16,Z02,17.9,0.4,48.3
2025-09-17,Z02,18.3,3.2,43.7
2025-09-18,Z02,19.7,0.0,53.8
2025-09-19,Z02,21.3,5.7,47.9
2025-09-20,Z02,20.6,2.9,47.4
2025-09-21,Z02,19.6,0.7,46.9
2025-09-22,Z02,20.1,9.4,55.2
2025-09-23,Z02,17.7,3.1,39.5
2025-09-24,Z02,18.3,0.4,56.1
2025-09-25,Z02,18.5,0.8,46.2
2025-09-26,Z02,15.5,0.1,40.3
2025-09-27,Z02,16.1,0.1,43.8
2025-09-28,Z02,16.0,0.2,39.6
2025-09-29,Z02,19.2,12.1,51.3
2025-09-30,Z02,18.1,2.1,43.1
2025-10-01,Z02,18.6,8.9,49.4
2025-10-02,Z02,14.0,2.1,54.4
2025-10-03,Z02,14.4,2.1,45.6
2025-10-04,Z02,18.1,0.7,47.9
2025-10-05,Z02,11.7,0.9,42.9
2025-10-06,Z02,18.7,0.4,47.8
2025-10-07,Z02,13.1,4.2,62.8
2025-10-08,Z02,17.7,0.4,54.1
2025-10-09,Z02,14.4,0.0,49.1
2025-10-10,Z02,17.7,5.3,47.6
2025-10-11,Z02,21.4,4.0,50.7
2025-10-12,Z02,11.3,4.6,51.8
2025-10-13,Z02,16.5,0.2,49.3
2025-10-14,Z02,11.8,0.8,54.3
2025-10-15,Z02,15.6,2.0,47.2
2025-10-16,Z02,14.3,0.1,47.4
2025-10-17,Z02,14.7,0.0,54.3
2025-10-18,Z02,12.6,0.1,46.8
2025-10-19,Z02,15.5,2.9,56.6
2025-10-20,Z02,11.3,1.8,53.1
2025-10-21,Z02,15.9,14.7,44.3
2025-10-22,Z02,12.8,0.5,54.3
2025-10-23,Z02,10.8,1.4,45.5
2025-10-24,Z02,16.0,0.9,57.7
2025-10-25,Z02,12.8,12.8,53.2
2025-10-26,Z02,16.2,1.8,64.0
2025-10-27,Z02,14.8,2.4,60.4
2025-10-28,Z02,11.0,0.1,50.0
2025-10-29,Z02,12.1,6.3,45.4
2025-10-30,Z02,12.3,4.4,52.0
2025-10-31,Z02,14.6,0.2,49.9
2025-11-01,Z02,12.5,4.3,65.4
2025-11-02,Z02,11.9,0.1,56.5
2025-11-03,Z02,11.0,0.1,61.5
2025-11-04,Z02,11.1,0.2,55.6
2025-11-05,Z02,13.4,0.6,56.4
2025-11-06,Z02,10.9,0.8,57.4
2025-11-07,Z02,10.0,4.7,63.4
2025-11-08,Z02,9.5,4.7,59.6
2025-11-09,Z02,9.4,2.6,53.0
2025-11-10,Z02,7.7,6.3,66.7
2025-11-11,Z02,8.7,6.1,57.4
2025-11-12,Z02,12.6,3.6,56.8
2025-11-13,Z02,9.3,0.6,45.2
2025-11-14,Z02,10.8,0.7,62.7
2025-11-15,Z02,4.9,9.7,60.3
2025-11-16,Z02,10.3,1.2,60.6
2025-11-17,Z02,8.8,12.2,58.3
2025-11-18,Z02,8.1,4.1,57.7
2025-11-19,Z02,9.1,3.1,58.9
2025-11-20,Z02,7.8,6.9,63.3
2025-11-21,Z02,4.7,20.7,64.5
2025-11-22,Z02,10.0,0.0,60.3
2025-11-23,Z02,8.7,3.1,66.5
2025-11-24,Z02,7.5,2.7,61.6
2025-11-25,Z02,6.2,9.3,59.7
2025-11-26,Z02,5.2,0.2,63.4
2025-11-27,Z02,8.1,1.9,55.8
2025-11-28,Z02,10.5,6.3,64.0
2025-11-29,Z02,7.8,3.6,55.4
2025-11-30,Z02,4.9,1.3,58.1
2025-12-01,Z02,7.6,0.0,53.4
2025-12-02,Z02,7.0,1.4,62.8
2025-12-03,Z02,8.6,5.7,72.0
2025-12-04,Z02,8.0,0.2,63.5
2025-12-05,Z02,1.4,5.4,67.5
2025-12-06,Z02,7.7,0.0,76.3
2025-12-07,Z02,4.8,3.6,66.7
2025-12-08,Z02,3.9,4.5,61.1
2025-12-09,Z02,6.0,5.4,62.0
2025-12-10,Z02,7.0,3.2,65.3
2025-12-11,Z02,3.2,4.4,62.3
2025-12-12,Z02,7.4,0.0,62.9
2025-12-13,Z02,7.4,11.4,70.8
2025-12-14,Z02,6.0,3.8,71.2
2025-12-15,Z02,4.3,2.0,58.0
2025-12-16,Z02,4.0,1.3,62.3
2025-12-17,Z02,7.5,0.0,64.2
2025-12-18,Z02,2.9,0.9,69.7
2025-12-19,Z02,7.5,1.3,72.6
2025-12-20,Z02,5.2,0.5,80.5
2025-12-21,Z02,5.3,4.0,64.8
2025-12-22,Z02,2.3,24.1,65.2
2025-12-23,Z02,5.1,0.1,70.4
2025-12-24,Z02,6.4,0.4,64.2
2025-12-25,Z02,2.8,2.2,67.0
2025-12-26,Z02,6.1,1.6,65.8
2025-12-27,Z02,5.3,0.7,54.9
2025-12-28,Z02,3.9,4.3,68.8
2025-12-29,Z02,6.6,5.0,67.3
2025-12-30,Z02,1.1,14.5,74.7
2025-12-31,Z02,5.6,1.1,68.5
2023-01-01,Z03,3.5,20.7,67.4
2023-01-02,Z03,5.2,1.7,78.1
2023-01-03,Z03,1.9,8.7,68.5
2023-01-04,Z03,3.5,2.6,63.2
2023-01-05,Z03,6.8,5.8,73.6
2023-01-06,Z03,5.2,0.8,66.7
2023-01-07,Z03,7.3,3.0,70.6
2023-01-08,Z03,2.1,15.6,66.2
2023-01-09,Z03,5.2,0.6,75.7
2023-01-10,Z03,4.8,6.0,66.5
2023-01-11,Z03,7.3,3.8,76.5
2023-01-12,Z03,6.8,18.8,64.3
2023-01-13,Z03,6.8,20.8,68.1
2023-01-14,Z03,8.4,2.0,76.7
2023-01-15,Z03,5.0,29.5,70.6
2023-01-16,Z03,8.1,9.7,81.1
2023-01-17,Z03,3.8,0.4,68.5
2023-01-18,Z03,3.8,22.9,71.1
2023-01-19,Z03,7.1,3.0,79.4
2023-01-20,Z03,3.1,0.3,62.3
2023-01-21,Z03,6.9,0.2,61.8
2023-01-22,Z03,6.1,24.4,66.0
2023-01-23,Z03,7.9,1.6,74.0
2023-01-24,Z03,5.9,14.8,61.9
2023-01-25,Z03,6.1,1.5,73.0
2023-01-26,Z03,7.0,0.7,72.6
2023-01-27,Z03,5.0,0.5,80.1
2023-01-28,Z03,4.9,3.3,75.2
2023-01-29,Z03,7.1,0.7,71.8
2023-01-30,Z03,6.3,0.2,76.8
2023-01-31,Z03,5.7,0.5,72.6
2023-02-01,Z03,6.3,15.8,67.6
2023-02-02,Z03,9.4,5.8,64.2
2023-02-03,Z03,5.8,0.3,67.0
2023-02-04,Z03,5.9,10.2,69.6
2023-02-05,Z03,3.7,7.3,70.7
2023-02-06,Z03,6.8,17.4,59.1
2023-02-07,Z03,8.2,0.0,68.6
2023-02-08,Z03,8.6,33.7,69.8
2023-02-09,Z03,7.4,0.1,72.3
2023-02-10,Z03,9.0,4.3,77.7
2023-02-11,Z03,8.7,14.3,70.4
2023-02-12,Z03,9.5,11.7,64.8
2023-02-13,Z03,9.4,0.8,60.2
2023-02-14,Z03,10.5,3.1,72.7
2023-02-15,Z03,7.5,5.0,64.8
2023-02-16,Z03,5.5,21.6,73.4
2023-02-17,Z03,9.2,7.3,75.9
2023-02-18,Z03,9.6,9.9,61.1
2023-02-19,Z03,11.1,21.9,71.5
2023-02-20,Z03,10.7,0.6,75.1
2023-02-21,Z03,12.0,12.2,73.6
2023-02-22,Z03,9.8,2.5,58.0
2023-02-23,Z03,9.2,2.8,64.1
2023-02-24,Z03,6.4,6.2,61.8
2023-02-25,Z03,9.6,3.6,70.7
2023-02-26,Z03,8.2,14.0,70.0
2023-02-27,Z03,9.7,1.2,54.3
2023-02-28,Z03,9.6,0.2,66.2
2023-03-01,Z03,10.5,12.6,71.5
2023-03-02,Z03,9.6,0.9,68.1
2023-03-03,Z03,11.6,0.4,68.0
2023-03-04,Z03,5.2,1.5,65.3
2023-03-05,Z03,10.6,0.5,61.6
2023-03-06,Z03,12.5,0.4,66.7
2023-03-07,Z03,13.9,14.8,66.9
2023-03-08,Z03,12.0,1.5,69.5
2023-03-09,Z03,13.9,12.1,69.8
2023-03-10,Z03,11.3,0.1,66.5
2023-03-11,Z03,11.2,0.4,71.4
2023-03-12,Z03,12.3,4.1,63.9
2023-03-13,Z03,11.5,0.3,58.4
2023-03-14,Z03,10.3,0.8,67.8
2023-03-15,Z03,10.9,11.4,65.8
2023-03-16,Z03,10.0,2.6,67.5
2023-03-17,Z03,13.2,4.3,58.5
2023-03-18,Z03,12.4,0.0,73.6
2023-03-19,Z03,11.9,0.0,68.0
2023-03-20,Z03,11.7,0.2,62.8
2023-03-21,Z03,13.8,10.5,59.3
2023-03-22,Z03,14.5,4.0,69.2
2023-03-23,Z03,11.2,10.9,58.1
2023-03-24,Z03,11.1,7.3,74.7
2023-03-25,Z03,15.3,1.5,60.1
2023-03-26,Z03,11.3,1.2,71.6
2023-03-27,Z03,15.0,0.1,61.8
2023-03-28,Z03,17.1,3.6,70.4
2023-03-29,Z03,17.3,0.2,58.6
2023-03-30,Z03,15.9,1.5,62.2
2023-03-31,Z03,16.0,13.1,65.9
2023-04-01,Z03,19.0,3.9,64.9
2023-04-02,Z03,10.9,21.7,66.9
2023-04-03,Z03,14.5,0.9,58.7
2023-04-04,Z03,17.0,0.1,61.3
2023-04-05,Z03,15.1,0.4,66.9
2023-04-06,Z03,18.1,0.2,56.9
2023-04-07,Z03,16.0,6.0,63.0
2023-04-08,Z03,16.5,9.4,58.8
2023-04-09,Z03,15.9,1.6,60.7
2023-04-10,Z03,15.7,0.8,59.9
2023-04-11,Z03,15.8,4.3,55.3
2023-04-12,Z03,17.5,0.1,57.7
2023-04-13,Z03,15.8,0.1,59.4
2023-04-14,Z03,19.1,0.1,57.9
2023-04-15,Z03,18.7,0.1,66.1
2023-04-16,Z03,19.7,0.4,63.0
2023-04-17,Z03,15.9,0.3,59.1
2023-04-18,Z03,15.1,11.7,53.6
2023-04-19,Z03,18.3,0.2,53.1
2023-04-20,Z03,23.7,0.2,66.8
2023-04-21,Z03,21.0,0.4,51.6
2023-04-22,Z03,17.9,6.8,57.0
2023-04-23,Z03,19.8,0.0,58.0
2023-04-24,Z03,20.6,4.0,54.3
2023-04-25,Z03,17.0,0.0,50.6
2023-04-26,Z03,22.1,5.7,51.5
2023-04-27,Z03,19.5,2.1,52.4
2023-04-28,Z03,19.8,1.1,51.3
2023-04-29,Z03,20.2,11.9,61.3
2023-04-30,Z03,22.4,2.4,54.3
2023-05-01,Z03,19.1,0.0,51.5
2023-05-02,Z03,17.6,13.9,54.4
2023-05-03,Z03,21.4,0.3,56.9
2023-05-04,Z03,17.4,2.7,51.6
2023-05-05,Z03,20.7,2.5,57.6
2023-05-06,Z03,23.5,0.0,46.5
2023-05-07,Z03,22.6,0.1,58.4
2023-05-08,Z03,23.6,3.6,52.3
2023-05-09,Z03,23.0,2.6,51.8
2023-05-10,Z03,26.4,0.1,48.3
2023-05-11,Z03,21.2,1.3,45.4
2023-05-12,Z03,23.1,5.0,43.0
2023-05-13,Z03,21.7,2.0,47.2
2023-05-14,Z03,24.4,0.5,53.7
2023-05-15,Z03,22.7,0.1,45.7
2023-05-16,Z03,26.1,7.5,42.6
2023-05-17,Z03,22.2,1.3,45.5
2023-05-18,Z03,25.8,0.7,47.9
2023-05-19,Z03,24.5,0.0,47.8
2023-05-20,Z03,23.6,0.0,48.7
2023-05-21,Z03,24.7,0.4,54.3
2023-05-22,Z03,24.4,2.3,55.1
2023-05-23,Z03,24.7,0.0,58.7
2023-05-24,Z03,23.8,4.7,40.3
2023-05-25,Z03,23.0,1.6,43.9
2023-05-26,Z03,23.8,3.2,51.4
2023-05-27,Z03,21.5,0.1,45.4
2023-05-28,Z03,26.2,0.0,51.8
2023-05-29,Z03,22.6,1.9,48.3
2023-05-30,Z03,24.6,0.9,54.9
2023-05-31,Z03,26.2,1.0,52.0
2023-06-01,Z03,26.7,1.1,51.9
2023-06-02,Z03,22.1,3.3,44.3
2023-06-03,Z03,25.3,0.2,45.7
2023-06-04,Z03,26.4,0.0,44.4
2023-06-05,Z03,25.7,0.5,38.2
2023-06-06,Z03,28.2,0.3,52.9
2023-06-07,Z03,24.4,5.4,49.1
2023-06-08,Z03,22.3,0.3,43.4
2023-06-09,Z03,27.5,0.1,51.5
2023-06-10,Z03,25.2,1.9,41.6
2023-06-11,Z03,23.1,0.1,35.4
2023-06-12,Z03,26.1,0.4,49.5
2023-06-13,Z03,28.6,0.0,37.8
2023-06-14,Z03,24.2,0.1,43.1
2023-06-15,Z03,30.8,0.6,44.9
2023-06-16,Z03,25.2,0.0,45.6
2023-06-17,Z03,26.9,4.3,47.8
2023-06-18,Z03,24.6,10.2,46.3
2023-06-19,Z03,27.0,0.6,46.0
2023-06-20,Z03,26.7,3.5,39.1
2023-06-21,Z03,24.3,0.1,44.4
2023-06-22,Z03,32.2,0.7,35.2
2023-06-23,Z03,26.2,2.0,50.4
2023-06-24,Z03,26.3,2.0,35.4
2023-06-25,Z03,29.0,0.7,40.6
2023-06-26,Z03,30.6,9.0,35.6
2023-06-27,Z03,29.4,2.3,38.4
2023-06-28,Z03,25.2,0.2,42.0
2023-06-29,Z03,27.8,0.0,39.2
2023-06-30,Z03,24.1,0.5,47.4
2023-07-01,Z03,29.1,0.9,42.7
2023-07-02,Z03,24.6,0.0,39.1
2023-07-03,Z03,26.1,1.5,40.7
2023-07-04,Z03,27.5,0.3,47.3
2023-07-05,Z03,28.4,0.7,45.7
2023-07-06,Z03,27.1,0.1,35.3
2023-07-07,Z03,30.3,1.4,37.5
2023-07-08,Z03,28.9,2.8,43.2
2023-07-09,Z03,28.8,1.0,42.5
2023-07-10,Z03,25.4,0.4,35.4
2023-07-11,Z03,30.7,0.0,44.4
2023-07-12,Z03,26.2,0.2,36.1
2023-07-13,Z03,30.7,0.6,47.0
2023-07-14,Z03,31.2,1.0,43.1
2023-07-15,Z03,28.5,0.3,34.7
2023-07-16,Z03,29.4,1.4,37.7
2023-07-17,Z03,22.0,1.7,37.5
2023-07-18,Z03,27.2,0.4,41.0
2023-07-19,Z03,29.5,0.0,39.1
2023-07-20,Z03,29.1,0.0,34.4
2023-07-21,Z03,25.2,0.5,33.1
2023-07-22,Z03,26.9,0.7,42.8
2023-07-23,Z03,22.8,0.1,41.5
2023-07-24,Z03,28.1,2.5,40.6
2023-07-25,Z03,23.9,3.6,41.4
2023-07-26,Z03,29.3,1.0,36.9
2023-07-27,Z03,29.3,0.1,40.9
2023-07-28,Z03,26.3,1.0,52.7
2023-07-29,Z03,28.0,0.1,45.9
2023-07-30,Z03,26.6,0.0,38.6
2023-07-31,Z03,27.4,0.0,37.4
2023-08-01,Z03,24.8,4.0,25.7
2023-08-02,Z03,27.9,0.9,45.4
2023-08-03,Z03,23.8,1.1,44.0
2023-08-04,Z03,23.3,0.5,37.4
2023-08-05,Z03,26.3,0.3,33.0
2023-08-06,Z03,26.1,0.0,34.4
2023-08-07,Z03,26.9,0.1,42.5
2023-08-08,Z03,25.1,0.3,39.8
2023-08-09,Z03,29.6,1.4,43.8
2023-08-10,Z03,26.4,3.5,40.8
2023-08-11,Z03,26.4,2.8,45.3
2023-08-12,Z03,26.3,0.1,42.4
2023-08-13,Z03,27.6,2.2,44.7
2023-08-14,Z03,26.7,0.1,30.2
2023-08-15,Z03,26.4,1.0,34.6
2023-08-16,Z03,26.8,1.3,39.0
2023-08-17,Z03,22.1,0.7,46.3
2023-08-18,Z03,22.0,0.1,50.4
2023-08-19,Z03,25.0,2.7,40.3
2023-08-20,Z03,24.7,7.1,38.1
2023-08-21,Z03,25.9,2.1,31.5
2023-08-22,Z03,24.8,2.7,45.7
2023-08-23,Z03,25.7,1.7,38.8
2023-08-24,Z03,22.3,0.0,56.4
2023-08-25,Z03,24.4,3.1,38.0
2023-08-26,Z03,21.8,0.0,52.4
2023-08-27,Z03,24.8,0.1,45.7
2023-08-28,Z03,20.6,1.8,37.0
2023-08-29,Z03,24.5,0.8,43.4
2023-08-30,Z03,21.0,0.3,46.2
2023-08-31,Z03,22.8,2.2,41.4
2023-09-01,Z03,25.0,0.3,46.9
2023-09-02,Z03,23.6,0.2,46.9
2023-09-03,Z03,20.1,0.2,46.0
2023-09-04,Z03,21.7,2.7,43.1
2023-09-05,Z03,20.1,1.7,37.4
2023-09-06,Z03,19.6,3.6,43.1
2023-09-07,Z03,22.7,0.4,44.5
2023-09-08,Z03,23.3,2.4,34.4
2023-09-09,Z03,22.9,0.2,44.8
2023-09-10,Z03,23.1,0.8,43.7
2023-09-11,Z03,21.8,1.6,37.8
2023-09-12,Z03,21.1,4.9,42.8
2023-09-13,Z03,19.5,0.7,43.1
2023-09-14,Z03,20.5,3.6,54.5
2023-09-15,Z03,18.7,0.6,46.2
2023-09-16,Z03,19.4,0.0,50.5
2023-09-17,Z03,20.9,0.0,44.9
2023-09-18,Z03,20.4,0.1,36.3
2023-09-19,Z03,25.9,3.5,49.2
2023-09-20,Z03,17.8,1.6,42.8
2023-09-21,Z03,19.8,0.1,44.6
2023-09-22,Z03,17.3,0.3,41.2
2023-09-23,Z03,19.0,11.6,47.1
2023-09-24,Z03,18.9,0.2,52.3
2023-09-25,Z03,20.9,0.0,51.8
2023-09-26,Z03,18.3,0.0,55.3
2023-09-27,Z03,18.6,2.4,56.2
2023-09-28,Z03,18.0,0.0,37.6
2023-09-29,Z03,16.1,1.2,42.1
2023-09-30,Z03,17.2,1.0,39.2
2023-10-01,Z03,17.5,6.8,51.7
2023-10-02,Z03,18.2,5.8,45.3
2023-10-03,Z03,18.9,0.3,46.5
2023-10-04,Z03,17.2,0.3,48.1
2023-10-05,Z03,17.0,0.2,51.4
2023-10-06,Z03,14.2,6.1,42.3
2023-10-07,Z03,18.1,8.1,43.6
2023-10-08,Z03,15.7,0.0,50.2
2023-10-09,Z03,18.1,3.9,56.4
2023-10-10,Z03,18.9,0.0,50.5
2023-10-11,Z03,16.0,0.1,47.0
2023-10-12,Z03,14.3,1.3,40.4
2023-10-13,Z03,15.9,4.5,56.2
2023-10-14,Z03,16.4,6.0,48.0
2023-10-15,Z03,15.0,1.0,46.2
2023-10-16,Z03,14.4,0.7,43.6
2023-10-17,Z03,16.2,1.9,45.2
2023-10-18,Z03,15.9,0.4,47.9
2023-10-19,Z03,14.2,0.1,51.7
2023-10-20,Z03,11.7,1.9,47.2
2023-10-21,Z03,15.3,3.3,54.4
2023-10-22,Z03,12.9,0.2,52.5
2023-10-23,Z03,14.5,3.6,65.1
2023-10-24,Z03,14.2,7.0,45.7
2023-10-25,Z03,10.3,0.1,55.3
2023-10-26,Z03,13.7,1.2,55.6
2023-10-27,Z03,14.3,1.2,49.8
2023-10-28,Z03,14.3,6.6,55.7
2023-10-29,Z03,13.2,10.6,59.4
2023-10-30,Z03,9.3,0.0,56.3
2023-10-31,Z03,14.9,0.3,63.0
2023-11-01,Z03,13.2,2.0,45.4
2023-11-02,Z03,10.1,4.9,52.3
2023-11-03,Z03,10.7,0.9,64.2
2023-11-04,Z03,12.4,24.6,61.6
2023-11-05,Z03,13.0,0.3,60.0
2023-11-06,Z03,10.7,0.3,63.7
2023-11-07,Z03,12.9,0.4,48.2
2023-11-08,Z03,8.0,3.4,62.1
2023-11-09,Z03,9.2,0.5,63.7
2023-11-10,Z03,7.2,1.6,55.3
2023-11-11,Z03,9.2,0.1,72.0
2023-11-12,Z03,13.3,0.1,60.1
2023-11-13,Z03,14.2,0.1,48.4
2023-11-14,Z03,10.7,0.0,61.5
2023-11-15,Z03,9.0,2.0,56.2
2023-11-16,Z03,9.6,5.9,65.9
2023-11-17,Z03,10.7,0.2,63.0
2023-11-18,Z03,6.9,0.2,57.6
2023-11-19,Z03,8.5,0.4,68.3
2023-11-20,Z03,12.0,0.9,65.7
2023-11-21,Z03,7.4,3.8,57.1
2023-11-22,Z03,7.8,0.7,60.7
2023-11-23,Z03,9.0,3.8,64.3
2023-11-24,Z03,9.4,2.0,60.1
2023-11-25,Z03,7.6,0.2,60.5
2023-11-26,Z03,8.7,2.0,62.6
2023-11-27,Z03,9.6,4.7,57.3
2023-11-28,Z03,11.9,29.1,51.7
2023-11-29,Z03,8.0,0.0,64.3
2023-11-30,Z03,8.0,3.1,53.3
2023-12-01,Z03,10.7,0.3,58.5
2023-12-02,Z03,6.9,1.0,54.9
2023-12-03,Z03,5.4,9.0,55.7
2023-12-04,Z03,8.1,2.3,66.3
2023-12-05,Z03,9.5,2.7,63.2
2023-12-06,Z03,8.1,3.9,63.2
2023-12-07,Z03,7.1,61.7,58.1
2023-12-08,Z03,4.6,1.5,61.6
2023-12-09,Z03,7.0,1.3,67.0
2023-12-10,Z03,9.2,13.3,65.0
2023-12-11,Z03,4.7,4.3,69.6
2023-12-12,Z03,6.4,3.7,70.5
2023-12-13,Z03,6.1,0.4,64.6
2023-12-14,Z03,5.4,22.3,56.8
2023-12-15,Z03,7.0,1.2,62.4
2023-12-16,Z03,7.3,1.8,65.9
2023-12-17,Z03,7.2,10.1,62.7
2023-12-18,Z03,4.6,0.6,61.4
2023-12-19,Z03,3.4,4.2,67.2
2023-12-20,Z03,6.7,6.3,79.2
2023-12-21,Z03,5.3,0.6,64.7
2023-12-22,Z03,9.4,10.6,67.3
2023-12-23,Z03,9.5,2.5,60.9
2023-12-24,Z03,9.6,8.9,73.8
2023-12-25,Z03,4.3,7.6,72.1
2023-12-26,Z03,7.0,1.7,71.9
2023-12-27,Z03,7.5,0.1,74.8
2023-12-28,Z03,7.2,4.2,66.0
2023-12-29,Z03,5.2,0.0,66.7
2023-12-30,Z03,8.1,1.1,76.9
2023-12-31,Z03,5.7,12.7,71.7
2024-01-01,Z03,5.9,5.8,57.5
2024-01-02,Z03,2.9,2.8,71.0
2024-01-03,Z03,6.8,0.9,65.9
2024-01-04,Z03,5.2,0.0,73.4
2024-01-05,Z03,6.5,5.2,71.0
2024-01-06,Z03,6.1,0.3,60.4
2024-01-07,Z03,5.9,1.3,70.5
2024-01-08,Z03,5.5,0.1,70.3
2024-01-09,Z03,7.0,17.2,71.2
2024-01-10,Z03,5.3,9.1,72.3
2024-01-11,Z03,3.0,5.7,77.0
2024-01-12,Z03,6.7,1.7,71.6
2024-01-13,Z03,4.2,1.6,69.7
2024-01-14,Z03,3.3,0.9,75.4
2024-01-15,Z03,3.8,12.3,80.9
2024-01-16,Z03,6.2,3.9,74.3
2024-01-17,Z03,5.6,4.8,70.8
2024-01-18,Z03,1.9,0.9,72.0
2024-01-19,Z03,5.1,1.8,71.2
2024-01-20,Z03,7.9,0.0,70.0
2024-01-21,Z03,5.1,3.4,80.8
2024-01-22,Z03,5.6,0.0,66.2
2024-01-23,Z03,7.8,1.4,75.8
2024-01-24,Z03,7.4,1.1,69.4
2024-01-25,Z03,7.9,0.0,62.6
2024-01-26,Z03,1.1,1.3,69.1
2024-01-27,Z03,9.3,0.0,67.3
2024-01-28,Z03,7.4,3.3,72.9
2024-01-29,Z03,10.7,4.1,70.4
2024-01-30,Z03,4.9,7.7,64.9
2024-01-31,Z03,3.2,5.9,77.3
2024-02-01,Z03,6.5,4.8,75.4
2024-02-02,Z03,6.1,0.3,77.8
2024-02-03,Z03,7.8,7.3,71.1
2024-02-04,Z03,8.7,5.5,69.7
2024-02-05,Z03,6.6,4.9,73.3
2024-02-06,Z03,6.5,3.7,66.9
2024-02-07,Z03,7.9,0.4,70.3
2024-02-08,Z03,6.6,0.5,68.8
2024-02-09,Z03,6.6,2.0,62.3
2024-02-10,Z03,9.1,1.0,70.2
2024-02-11,Z03,9.6,4.4,67.2
2024-02-12,Z03,9.4,0.8,68.2
2024-02-13,Z03,7.3,0.3,71.1
2024-02-14,Z03,3.8,0.1,75.6
2024-02-15,Z03,7.5,0.4,64.9
2024-02-16,Z03,6.6,1.8,67.4
2024-02-17,Z03,7.8,12.2,65.1
2024-02-18,Z03,6.9,19.2,64.7
2024-02-19,Z03,8.2,0.0,65.8
2024-02-20,Z03,6.5,2.7,67.7
2024-02-21,Z03,6.2,2.2,71.5
2024-02-22,Z03,10.9,2.4,70.0
2024-02-23,Z03,7.0,0.0,63.0
2024-02-24,Z03,8.9,0.6,74.7
2024-02-25,Z03,10.8,14.7,72.8
2024-02-26,Z03,10.8,0.9,63.4
2024-02-27,Z03,10.8,2.7,73.9
2024-02-28,Z03,10.0,2.6,69.3
2024-02-29,Z03,10.9,8.5,66.8
2024-03-01,Z03,12.2,7.6,69.2
2024-03-02,Z03,10.7,0.4,67.1
2024-03-03,Z03,6.8,3.5,69.8
2024-03-04,Z03,9.3,0.0,67.9
2024-03-05,Z03,11.6,1.3,65.1
2024-03-06,Z03,9.4,0.0,56.5
2024-03-07,Z03,13.6,3.6,69.1
2024-03-08,Z03,10.7,9.5,64.4
2024-03-09,Z03,11.2,23.5,70.0
2024-03-10,Z03,13.2,1.4,68.4
2024-03-11,Z03,11.0,0.1,64.0
2024-03-12,Z03,11.8,0.0,70.7
2024-03-13,Z03,13.3,0.2,66.4
2024-03-14,Z03,9.2,7.7,66.0
2024-03-15,Z03,11.5,0.2,64.3
2024-03-16,Z03,13.7,0.5,73.2
2024-03-17,Z03,12.5,1.5,61.1
2024-03-18,Z03,15.2,0.6,62.8
2024-03-19,Z03,9.9,5.0,58.0
2024-03-20,Z03,9.9,8.0,67.7
2024-03-21,Z03,14.5,3.1,60.9
2024-03-22,Z03,14.8,9.9,61.3
2024-03-23,Z03,13.1,0.6,60.8
2024-03-24,Z03,14.3,8.0,63.5
2024-03-25,Z03,15.2,3.9,56.7
2024-03-26,Z03,12.5,1.5,51.5
2024-03-27,Z03,12.9,4.4,64.8
2024-03-28,Z03,14.7,5.6,51.7
2024-03-29,Z03,16.2,0.9,66.3
2024-03-30,Z03,12.6,5.4,69.6
2024-03-31,Z03,14.6,8.4,60.8
2024-04-01,Z03,14.7,2.8,67.9
2024-04-02,Z03,16.0,3.2,61.0
2024-04-03,Z03,15.5,3.3,68.9
2024-04-04,Z03,14.7,4.7,58.4
2024-04-05,Z03,18.1,0.4,48.6
2024-04-06,Z03,15.1,3.1,59.8
2024-04-07,Z03,15.7,1.3,68.5
2024-04-08,Z03,13.6,1.4,62.4
2024-04-09,Z03,15.3,1.4,56.9
2024-04-10,Z03,17.7,46.7,60.8
2024-04-11,Z03,17.6,3.3,63.8
2024-04-12,Z03,18.3,0.1,58.3
2024-04-13,Z03,18.4,0.3,71.6
2024-04-14,Z03,21.3,0.2,55.6
2024-04-15,Z03,16.4,0.4,63.0
2024-04-16,Z03,15.0,0.1,61.5
2024-04-17,Z03,16.2,0.6,53.9
2024-04-18,Z03,17.0,0.7,55.1
2024-04-19,Z03,16.7,0.3,62.0
2024-04-20,Z03,18.9,0.1,57.4
2024-04-21,Z03,21.1,0.0,58.1
2024-04-22,Z03,21.8,0.4,48.0
2024-04-23,Z03,20.2,1.7,59.2
2024-04-24,Z03,23.3,1.3,57.1
2024-04-25,Z03,19.0,0.2,55.1
2024-04-26,Z03,16.9,0.1,56.9
2024-04-27,Z03,21.9,14.2,52.8
2024-04-28,Z03,16.8,12.0,51.7
2024-04-29,Z03,19.0,7.4,53.1
2024-04-30,Z03,21.4,0.1,51.8
2024-05-01,Z03,20.5,0.0,64.7
2024-05-02,Z03,20.5,5.8,58.1
2024-05-03,Z03,18.9,1.5,48.5
2024-05-04,Z03,21.2,0.0,63.3
2024-05-05,Z03,23.2,0.4,50.6
2024-05-06,Z03,21.6,9.8,52.7
2024-05-07,Z03,20.2,1.1,56.8
2024-05-08,Z03,19.6,0.0,42.2
2024-05-09,Z03,20.6,0.0,50.6
2024-05-10,Z03,22.9,0.0,48.7
2024-05-11,Z03,23.0,0.2,52.3
2024-05-12,Z03,21.1,1.0,52.9
2024-05-13,Z03,18.7,0.0,50.4
2024-05-14,Z03,23.6,1.9,49.9
2024-05-15,Z03,21.4,1.1,55.6
2024-05-16,Z03,24.4,1.3,51.6
2024-05-17,Z03,22.0,2.0,50.0
2024-05-18,Z03,21.7,0.1,50.3
2024-05-19,Z03,23.9,6.3,58.5
2024-05-20,Z03,28.0,1.3,50.0
2024-05-21,Z03,25.2,4.2,46.3
2024-05-22,Z03,24.3,0.0,39.1
2024-05-23,Z03,24.8,2.5,41.2
2024-05-24,Z03,21.2,0.6,45.8
2024-05-25,Z03,22.4,2.5,47.4
2024-05-26,Z03,20.1,0.1,44.9
2024-05-27,Z03,27.8,0.8,49.2
2024-05-28,Z03,27.6,1.3,44.4
2024-05-29,Z03,25.7,7.5,42.5
2024-05-30,Z03,25.3,2.7,49.9
2024-05-31,Z03,22.4,3.6,53.5
2024-06-01,Z03,24.9,1.8,40.9
2024-06-02,Z03,28.7,0.1,47.4
2024-06-03,Z03,25.8,0.0,36.5
2024-06-04,Z03,24.6,0.6,38.4
2024-06-05,Z03,22.6,5.4,42.6
2024-06-06,Z03,28.4,1.9,51.0
2024-06-07,Z03,25.8,2.8,41.3
2024-06-08,Z03,22.9,0.1,40.9
2024-06-09,Z03,24.5,1.4,45.0
2024-06-10,Z03,24.0,0.2,44.8
2024-06-11,Z03,26.1,0.5,40.5
2024-06-12,Z03,26.8,0.5,54.2
2024-06-13,Z03,25.6,0.0,42.7
2024-06-14,Z03,28.0,0.6,44.4
2024-06-15,Z03,26.8,1.2,41.7
2024-06-16,Z03,28.7,1.5,45.7
2024-06-17,Z03,26.2,0.0,49.6
2024-06-18,Z03,32.4,0.0,51.5
2024-06-19,Z03,25.9,0.6,39.2
2024-06-20,Z03,25.4,0.1,48.4
2024-06-21,Z03,25.2,0.3,45.5
2024-06-22,Z03,26.8,1.9,47.5
2024-06-23,Z03,24.1,0.4,42.0
2024-06-24,Z03,27.8,1.8,41.4
2024-06-25,Z03,23.9,1.4,46.9
2024-06-26,Z03,27.6,4.0,46.8
2024-06-27,Z03,24.9,0.1,49.8
2024-06-28,Z03,26.7,2.6,42.8
2024-06-29,Z03,28.5,0.8,41.1
2024-06-30,Z03,31.6,2.0,29.3
2024-07-01,Z03,25.6,2.1,33.4
2024-07-02,Z03,27.3,1.2,39.4
2024-07-03,Z03,26.3,0.1,35.7
2024-07-04,Z03,26.0,0.0,45.2
2024-07-05,Z03,26.3,2.1,34.5
2024-07-06,Z03,29.1,4.4,38.4
2024-07-07,Z03,26.7,0.7,38.5
2024-07-08,Z03,31.7,0.0,46.8
2024-07-09,Z03,28.4,1.6,37.7
2024-07-10,Z03,25.8,1.6,42.9
2024-07-11,Z03,27.0,0.0,41.5
2024-07-12,Z03,26.2,1.0,45.0
2024-07-13,Z03,29.0,0.8,44.7
2024-07-14,Z03,24.6,0.3,40.2
2024-07-15,Z03,25.2,3.9,31.8
2024-07-16,Z03,26.5,0.4,39.1
2024-07-17,Z03,28.8,2.4,40.1
2024-07-18,Z03,29.7,1.0,41.6
2024-07-19,Z03,29.9,0.1,36.4
2024-07-20,Z03,28.4,0.0,45.8
2024-07-21,Z03,27.2,0.0,40.1
2024-07-22,Z03,28.8,0.4,35.4
2024-07-23,Z03,25.3,0.1,37.7
2024-07-24,Z03,23.9,0.2,49.7
2024-07-25,Z03,28.0,1.8,43.3
2024-07-26,Z03,25.4,1.7,45.2
2024-07-27,Z03,27.0,4.3,34.8
2024-07-28,Z03,27.3,1.0,36.6
2024-07-29,Z03,27.4,0.3,36.6
2024-07-30,Z03,28.6,0.1,40.9
2024-07-31,Z03,28.4,0.0,39.2
2024-08-01,Z03,27.1,3.2,37.6
2024-08-02,Z03,25.9,0.0,38.3
2024-08-03,Z03,26.8,0.3,36.1
2024-08-04,Z03,25.5,1.3,39.3
2024-08-05,Z03,26.1,0.7,45.8
2024-08-06,Z03,31.1,0.6,32.7
2024-08-07,Z03,26.6,1.0,42.0
2024-08-08,Z03,27.0,5.2,47.2
2024-08-09,Z03,24.8,0.0,39.5
2024-08-10,Z03,27.9,4.4,37.8
2024-08-11,Z03,27.3,0.2,45.1
2024-08-12,Z03,27.2,2.0,35.7
2024-08-13,Z03,26.1,0.1,40.5
2024-08-14,Z03,27.5,2.7,35.5
2024-08-15,Z03,27.8,0.8,31.5
2024-08-16,Z03,25.9,1.5,40.1
2024-08-17,Z03,25.1,0.0,34.7
2024-08-18,Z03,26.8,0.0,41.0
2024-08-19,Z03,23.4,4.7,46.8
2024-08-20,Z03,23.6,0.0,50.6
2024-08-21,Z03,24.7,2.1,41.9
2024-08-22,Z03,21.5,0.6,46.6
2024-08-23,Z03,26.0,0.1,43.6
2024-08-24,Z03,22.6,0.0,39.8
2024-08-25,Z03,23.4,0.1,32.2
2024-08-26,Z03,23.7,0.1,50.1
2024-08-27,Z03,24.0,0.1,36.9
2024-08-28,Z03,23.2,0.1,49.2
2024-08-29,Z03,23.6,0.6,45.1
2024-08-30,Z03,23.4,1.5,37.7
2024-08-31,Z03,22.6,8.4,44.2
2024-09-01,Z03,21.8,0.2,53.5
2024-09-02,Z03,25.0,0.1,50.7
2024-09-03,Z03,19.1,2.5,40.6
2024-09-04,Z03,22.4,0.4,39.7
2024-09-05,Z03,21.8,2.0,44.0
2024-09-06,Z03,23.2,1.4,42.8
2024-09-07,Z03,19.7,2.5,49.8
2024-09-08,Z03,21.2,0.1,47.7
2024-09-09,Z03,21.8,0.7,35.7
2024-09-10,Z03,23.7,0.4,46.6
2024-09-11,Z03,22.2,1.6,43.6
2024-09-12,Z03,19.3,6.7,44.9
2024-09-13,Z03,20.4,0.1,46.1
2024-09-14,Z03,22.7,4.2,51.1
2024-09-15,Z03,18.8,0.8,50.2
2024-09-16,Z03,20.6,0.8,41.7
2024-09-17,Z03,20.6,0.0,45.4
2024-09-18,Z03,19.7,0.6,43.6
2024-09-19,Z03,25.1,0.2,37.7
2024-09-20,Z03,19.3,0.3,45.7
2024-09-21,Z03,20.7,2.2,55.7
2024-09-22,Z03,18.3,0.0,38.2
2024-09-23,Z03,20.5,0.0,46.8
2024-09-24,Z03,20.9,2.6,46.9
2024-09-25,Z03,18.1,0.8,48.8
2024-09-26,Z03,18.9,0.0,42.8
2024-09-27,Z03,17.2,3.9,40.7
2024-09-28,Z03,16.5,0.1,41.2
2024-09-29,Z03,20.3,6.2,54.9
2024-09-30,Z03,17.2,0.2,43.6
2024-10-01,Z03,13.7,10.8,46.2
2024-10-02,Z03,21.0,9.3,59.5
2024-10-03,Z03,16.2,1.3,45.5
2024-10-04,Z03,17.0,1.9,51.2
2024-10-05,Z03,20.2,7.9,55.0
2024-10-06,Z03,16.8,0.2,55.0
2024-10-07,Z03,16.6,0.3,43.5
2024-10-08,Z03,14.5,0.2,46.9
2024-10-09,Z03,13.6,0.0,52.2
2024-10-10,Z03,16.0,0.2,60.6
2024-10-11,Z03,16.8,6.9,47.4
2024-10-12,Z03,16.5,0.3,49.0
2024-10-13,Z03,14.9,0.9,53.8
2024-10-14,Z03,15.6,0.5,55.0
2024-10-15,Z03,12.1,0.8,55.6
2024-10-16,Z03,16.0,1.9,48.2
2024-10-17,Z03,15.3,4.0,50.0
2024-10-18,Z03,18.4,1.5,54.0
2024-10-19,Z03,14.7,0.0,59.5
2024-10-20,Z03,12.8,0.8,52.3
2024-10-21,Z03,14.2,2.9,53.6
2024-10-22,Z03,13.5,2.7,48.8
2024-10-23,Z03,14.7,13.4,63.5
2024-10-24,Z03,13.8,2.7,55.3
2024-10-25,Z03,11.3,3.2,60.1
2024-10-26,Z03,10.4,11.5,55.1
2024-10-27,Z03,13.6,2.6,55.7
2024-10-28,Z03,15.5,2.7,48.0
2024-10-29,Z03,13.0,0.5,45.0
2024-10-30,Z03,14.1,2.9,62.3
2024-10-31,Z03,14.3,0.4,56.7
2024-11-01,Z03,12.8,0.1,57.6
2024-11-02,Z03,10.6,3.9,50.6
2024-11-03,Z03,12.3,0.1,52.5
2024-11-04,Z03,13.9,2.0,62.6
2024-11-05,Z03,12.6,7.7,66.3
2024-11-06,Z03,12.8,1.2,54.7
2024-11-07,Z03,10.4,3.3,61.4
2024-11-08,Z03,10.7,6.6,59.3
2024-11-09,Z03,10.7,0.5,58.0
2024-11-10,Z03,10.7,3.8,68.1
2024-11-11,Z03,12.7,2.0,56.8
2024-11-12,Z03,6.2,0.4,65.5
2024-11-13,Z03,10.4,6.4,61.5
2024-11-14,Z03,10.0,6.9,59.7
2024-11-15,Z03,7.5,0.1,66.9
2024-11-16,Z03,11.1,8.5,61.8
2024-11-17,Z03,8.4,0.6,60.1
2024-11-18,Z03,8.9,0.5,67.7
2024-11-19,Z03,12.7,4.9,67.3
2024-11-20,Z03,11.1,2.8,67.3
2024-11-21,Z03,10.2,3.5,42.1
2024-11-22,Z03,9.7,25.9,63.9
2024-11-23,Z03,8.6,9.9,63.0
2024-11-24,Z03,12.3,0.1,62.0
2024-11-25,Z03,10.0,2.7,65.5
2024-11-26,Z03,7.1,0.3,63.9
2024-11-27,Z03,5.8,11.7,66.2
2024-11-28,Z03,9.2,0.0,61.7
2024-11-29,Z03,8.0,1.9,70.8
2024-11-30,Z03,5.4,3.6,67.4
2024-12-01,Z03,8.6,1.7,66.4
2024-12-02,Z03,7.3,0.4,66.4
2024-12-03,Z03,8.6,5.5,69.9
2024-12-04,Z03,8.3,0.5,69.4
2024-12-05,Z03,6.3,4.8,64.0
2024-12-06,Z03,8.5,10.4,69.7
2024-12-07,Z03,6.3,0.0,65.8
2024-12-08,Z03,6.3,0.6,74.7
2024-12-09,Z03,6.1,2.2,70.8
2024-12-10,Z03,9.0,2.2,62.4
2024-12-11,Z03,6.3,0.1,77.3
2024-12-12,Z03,9.2,1.4,55.3
2024-12-13,Z03,9.9,20.7,69.2
2024-12-14,Z03,5.3,4.3,62.7
2024-12-15,Z03,1.3,0.3,75.8
2024-12-16,Z03,8.3,1.2,67.8
2024-12-17,Z03,5.8,0.8,62.7
2024-12-18,Z03,4.8,0.7,65.5
2024-12-19,Z03,5.2,11.1,63.5
2024-12-20,Z03,5.4,0.9,65.6
2024-12-21,Z03,8.5,0.1,65.7
2024-12-22,Z03,6.4,1.7,63.7
2024-12-23,Z03,8.3,10.8,69.0
2024-12-24,Z03,6.9,0.1,69.7
2024-12-25,Z03,5.4,2.6,62.9
2024-12-26,Z03,5.2,3.8,59.7
2024-12-27,Z03,6.9,21.5,69.7
2024-12-28,Z03,7.3,0.1,70.9
2024-12-29,Z03,7.6,0.7,72.0
2024-12-30,Z03,5.3,6.5,71.3
2024-12-31,Z03,6.0,1.1,76.5
2025-01-01,Z03,6.8,1.6,73.6
2025-01-02,Z03,5.0,4.8,82.1
2025-01-03,Z03,3.6,3.9,84.3
2025-01-04,Z03,4.2,3.6,60.1
2025-01-05,Z03,5.2,1.7,58.0
2025-01-06,Z03,6.8,0.7,69.1
2025-01-07,Z03,7.9,0.2,71.7
2025-01-08,Z03,3.2,3.6,68.9
2025-01-09,Z03,4.5,4.1,72.9
2025-01-10,Z03,5.0,0.0,68.1
2025-01-11,Z03,7.1,2.4,66.0
2025-01-12,Z03,4.7,4.2,66.8
2025-01-13,Z03,4.9,8.0,68.6
2025-01-14,Z03,3.1,4.1,73.9
2025-01-15,Z03,6.6,28.4,67.3
2025-01-16,Z03,5.4,4.4,68.3
2025-01-17,Z03,4.6,6.5,72.7
2025-01-18,Z03,5.3,19.1,68.9
2025-01-19,Z03,7.8,0.4,75.5
2025-01-20,Z03,4.0,4.1,65.3
2025-01-21,Z03,4.3,0.9,64.3
2025-01-22,Z03,8.2,5.1,71.5
2025-01-23,Z03,6.1,0.2,72.0
2025-01-24,Z03,7.2,0.2,65.7
2025-01-25,Z03,6.8,3.0,76.7
2025-01-26,Z03,6.0,0.7,79.6
2025-01-27,Z03,5.5,7.5,66.9
2025-01-28,Z03,7.7,23.3,77.4
2025-01-29,Z03,8.4,2.6,58.1
2025-01-30,Z03,8.3,0.8,75.3
2025-01-31,Z03,4.3,1.1,65.7
2025-02-01,Z03,8.8,27.0,74.8
2025-02-02,Z03,5.9,0.1,65.1
2025-02-03,Z03,5.3,0.0,69.5
2025-02-04,Z03,6.4,2.6,65.8
2025-02-05,Z03,8.3,3.2,68.7
2025-02-06,Z03,7.9,1.0,78.9
2025-02-07,Z03,6.5,1.6,69.2
2025-02-08,Z03,8.6,0.2,80.2
2025-02-09,Z03,7.4,0.4,67.7
2025-02-10,Z03,6.2,0.2,77.0
2025-02-11,Z03,6.1,0.1,61.3
2025-02-12,Z03,8.2,0.7,67.9
2025-02-13,Z03,7.4,0.4,66.6
2025-02-14,Z03,5.2,26.7,76.9
2025-02-15,Z03,9.3,3.0,70.1
2025-02-16,Z03,7.1,0.4,58.6
2025-02-17,Z03,10.9,0.0,62.4
2025-02-18,Z03,5.6,1.6,63.8
2025-02-19,Z03,8.0,0.7,73.4
2025-02-20,Z03,7.1,0.2,72.7
2025-02-21,Z03,6.8,0.1,67.0
2025-02-22,Z03,7.8,0.5,65.7
2025-02-23,Z03,12.0,0.0,71.9
2025-02-24,Z03,9.2,0.1,62.6
2025-02-25,Z03,7.6,6.4,70.4
2025-02-26,Z03,5.9,0.2,69.8
2025-02-27,Z03,6.2,0.8,66.4
2025-02-28,Z03,8.5,20.6,69.7
2025-03-01,Z03,8.5,2.4,68.0
2025-03-02,Z03,9.4,4.9,69.9
2025-03-03,Z03,5.8,7.1,60.6
2025-03-04,Z03,9.9,2.6,70.2
2025-03-05,Z03,12.1,5.0,72.1
2025-03-06,Z03,13.3,1.3,68.4
2025-03-07,Z03,7.1,0.5,69.6
2025-03-08,Z03,9.3,1.0,65.9
2025-03-09,Z03,9.3,4.2,70.7
2025-03-10,Z03,11.3,4.1,66.4
2025-03-11,Z03,9.0,0.2,60.2
2025-03-12,Z03,14.4,2.3,69.9
2025-03-13,Z03,11.6,0.7,57.4
2025-03-14,Z03,11.5,0.0,66.8
2025-03-15,Z03,14.7,0.1,63.3
2025-03-16,Z03,12.0,11.6,62.8
2025-03-17,Z03,12.9,1.6,65.7
2025-03-18,Z03,11.0,0.5,61.1
2025-03-19,Z03,10.1,6.9,67.0
2025-03-20,Z03,11.6,5.0,64.5
2025-03-21,Z03,16.8,0.2,60.9
2025-03-22,Z03,14.2,2.8,70.5
2025-03-23,Z03,13.8,0.1,64.6
2025-03-24,Z03,11.7,0.9,66.5
2025-03-25,Z03,15.3,0.9,70.3
2025-03-26,Z03,11.4,0.1,70.0
2025-03-27,Z03,11.2,0.2,65.6
2025-03-28,Z03,13.2,7.1,61.0
2025-03-29,Z03,17.9,0.7,55.1
2025-03-30,Z03,18.0,1.3,63.1
2025-03-31,Z03,13.9,2.5,67.3
2025-04-01,Z03,13.7,4.7,63.4
2025-04-02,Z03,12.2,0.1,44.2
2025-04-03,Z03,15.4,0.8,65.5
2025-04-04,Z03,15.8,0.1,65.6
2025-04-05,Z03,17.1,0.5,59.2
2025-04-06,Z03,17.5,0.0,65.4
2025-04-07,Z03,15.7,1.6,63.3
2025-04-08,Z03,17.2,0.1,56.5
2025-04-09,Z03,15.2,2.5,66.1
2025-04-10,Z03,17.6,2.6,53.1
2025-04-11,Z03,15.9,4.2,58.9
2025-04-12,Z03,17.8,5.7,58.2
2025-04-13,Z03,17.9,3.2,54.6
2025-04-14,Z03,17.5,0.3,60.0
2025-04-15,Z03,19.0,9.6,64.8
2025-04-16,Z03,14.9,2.1,64.2
2025-04-17,Z03,16.0,15.0,61.3
2025-04-18,Z03,17.6,0.1,49.0
2025-04-19,Z03,15.7,2.8,50.5
2025-04-20,Z03,17.8,14.0,57.8
2025-04-21,Z03,18.0,17.2,56.5
2025-04-22,Z03,21.2,3.9,53.9
2025-04-23,Z03,19.3,0.0,65.7
2025-04-24,Z03,21.1,0.3,56.4
2025-04-25,Z03,20.0,17.4,58.4
2025-04-26,Z03,18.6,0.5,60.3
2025-04-27,Z03,20.0,0.2,55.4
2025-04-28,Z03,21.3,0.0,67.8
2025-04-29,Z03,22.3,2.8,49.9
2025-04-30,Z03,20.1,8.1,51.3
2025-05-01,Z03,17.5,4.0,49.4
2025-05-02,Z03,17.6,0.8,61.7
2025-05-03,Z03,20.3,0.0,57.6
2025-05-04,Z03,16.8,0.4,50.6
2025-05-05,Z03,24.4,12.7,48.7
2025-05-06,Z03,22.5,1.4,59.7
2025-05-07,Z03,20.4,11.9,54.4
2025-05-08,Z03,19.7,0.2,59.4
2025-05-09,Z03,23.7,1.0,51.7
2025-05-10,Z03,20.0,0.0,54.4
2025-05-11,Z03,20.4,3.1,53.0
2025-05-12,Z03,21.0,0.1,48.2
2025-05-13,Z03,22.7,11.4,50.3
2025-05-14,Z03,23.8,0.0,44.9
2025-05-15,Z03,25.0,4.2,53.0
2025-05-16,Z03,24.9,1.6,54.1
2025-05-17,Z03,23.2,0.3,55.0
2025-05-18,Z03,25.1,1.9,53.1
2025-05-19,Z03,22.3,0.3,48.9
2025-05-20,Z03,20.3,0.1,57.1
2025-05-21,Z03,22.5,7.9,53.6
2025-05-22,Z03,22.4,0.0,55.8
2025-05-23,Z03,22.9,0.6,55.9
2025-05-24,Z03,22.4,4.0,47.8
2025-05-25,Z03,23.5,2.0,50.1
2025-05-26,Z03,25.6,0.0,51.8
2025-05-27,Z03,27.7,0.4,42.0
2025-05-28,Z03,21.6,8.3,41.8
2025-05-29,Z03,22.5,6.7,40.8
2025-05-30,Z03,23.5,2.4,46.5
2025-05-31,Z03,26.5,0.3,45.2
2025-06-01,Z03,24.8,1.7,39.4
2025-06-02,Z03,24.0,0.3,47.1
2025-06-03,Z03,26.7,3.4,45.7
2025-06-04,Z03,27.3,0.2,51.9
2025-06-05,Z03,25.6,3.2,55.8
2025-06-06,Z03,24.3,5.9,47.9
2025-06-07,Z03,26.4,2.1,41.9
2025-06-08,Z03,25.5,0.0,48.4
2025-06-09,Z03,25.6,0.3,45.0
2025-06-10,Z03,25.2,8.1,43.6
2025-06-11,Z03,27.9,4.0,40.3
2025-06-12,Z03,26.8,1.5,42.1
2025-06-13,Z03,28.3,7.1,43.3
2025-06-14,Z03,28.9,0.1,48.1
2025-06-15,Z03,27.4,0.0,46.4
2025-06-16,Z03,25.8,0.0,52.8
2025-06-17,Z03,28.6,1.2,46.9
2025-06-18,Z03,27.7,1.1,45.5
2025-06-19,Z03,31.6,2.2,41.7
2025-06-20,Z03,27.5,0.3,37.9
2025-06-21,Z03,28.3,2.4,40.1
2025-06-22,Z03,27.6,1.6,39.3
2025-06-23,Z03,27.0,1.2,29.8
2025-06-24,Z03,26.7,0.8,37.4
2025-06-25,Z03,27.8,0.2,50.3
2025-06-26,Z03,28.2,0.2,44.0
2025-06-27,Z03,29.4,0.4,40.2
2025-06-28,Z03,27.9,0.2,43.9
2025-06-29,Z03,26.6,5.5,32.0
2025-06-30,Z03,26.9,0.2,43.1
2025-07-01,Z03,25.1,9.7,47.9
2025-07-02,Z03,30.5,0.1,40.8
2025-07-03,Z03,26.6,2.4,32.5
2025-07-04,Z03,29.3,0.6,39.2
2025-07-05,Z03,28.1,0.0,47.5
2025-07-06,Z03,28.1,0.0,42.3
2025-07-07,Z03,27.4,2.8,33.9
2025-07-08,Z03,26.2,0.0,52.7
2025-07-09,Z03,25.9,1.3,34.5
2025-07-10,Z03,30.7,0.1,39.5
2025-07-11,Z03,27.8,0.1,35.4
2025-07-12,Z03,29.6,1.8,35.4
2025-07-13,Z03,30.1,0.4,38.2
2025-07-14,Z03,26.9,0.6,43.6
2025-07-15,Z03,28.3,0.4,46.8
2025-07-16,Z03,27.6,2.3,38.4
2025-07-17,Z03,25.5,3.8,35.2
2025-07-18,Z03,27.2,2.8,42.6
2025-07-19,Z03,28.6,0.4,42.7
2025-07-20,Z03,26.6,2.1,41.3
2025-07-21,Z03,26.8,0.4,41.5
2025-07-22,Z03,27.1,0.9,39.5
2025-07-23,Z03,31.2,1.8,40.5
2025-07-24,Z03,24.0,0.5,39.1
2025-07-25,Z03,28.2,0.1,45.4
2025-07-26,Z03,26.8,1.3,51.1
2025-07-27,Z03,26.0,0.4,40.9
2025-07-28,Z03,26.6,3.8,40.0
2025-07-29,Z03,28.3,0.9,41.3
2025-07-30,Z03,28.3,0.0,36.7
2025-07-31,Z03,27.3,0.3,43.8
2025-08-01,Z03,28.8,0.1,42.2
2025-08-02,Z03,29.1,0.0,38.0
2025-08-03,Z03,28.2,0.0,44.6
2025-08-04,Z03,25.7,0.0,40.2
2025-08-05,Z03,27.4,5.4,35.3
2025-08-06,Z03,27.4,0.0,41.9
2025-08-07,Z03,24.9,9.9,41.4
2025-08-08,Z03,23.5,0.0,45.1
2025-08-09,Z03,22.6,7.9,44.5
2025-08-10,Z03,26.2,1.0,39.8
2025-08-11,Z03,26.6,0.1,38.1
2025-08-12,Z03,23.8,0.1,40.5
2025-08-13,Z03,27.7,0.2,42.4
2025-08-14,Z03,26.0,0.0,43.1
2025-08-15,Z03,28.0,0.4,42.2
2025-08-16,Z03,26.2,0.2,40.4
2025-08-17,Z03,23.5,0.9,45.9
2025-08-18,Z03,26.1,2.2,37.6
2025-08-19,Z03,26.3,0.0,53.5
2025-08-20,Z03,24.0,1.3,45.0
2025-08-21,Z03,22.3,0.0,35.7
2025-08-22,Z03,25.0,0.7,42.3
2025-08-23,Z03,22.8,1.7,45.4
2025-08-24,Z03,26.5,0.5,39.9
2025-08-25,Z03,23.6,1.2,34.3
2025-08-26,Z03,27.3,1.8,36.7
2025-08-27,Z03,20.3,0.0,44.7
2025-08-28,Z03,24.2,3.1,33.3
2025-08-29,Z03,26.4,1.6,35.0
2025-08-30,Z03,22.1,2.2,45.1
2025-08-31,Z03,23.2,0.1,41.4
2025-09-01,Z03,22.7,0.1,39.2
2025-09-02,Z03,22.0,1.9,40.4
2025-09-03,Z03,23.5,2.2,35.6
2025-09-04,Z03,20.6,0.4,45.6
2025-09-05,Z03,22.6,0.1,39.3
2025-09-06,Z03,23.5,0.0,40.8
2025-09-07,Z03,22.1,0.0,45.4
2025-09-08,Z03,20.5,3.7,42.5
2025-09-09,Z03,24.0,8.9,40.4
2025-09-10,Z03,23.3,1.4,34.2
2025-09-11,Z03,19.9,1.0,46.2
2025-09-12,Z03,19.3,7.8,44.9
2025-09-13,Z03,19.8,0.1,42.1
2025-09-14,Z03,22.3,1.6,39.7
2025-09-15,Z03,21.6,0.1,45.1
2025-09-16,Z03,22.4,3.3,47.7
2025-09-17,Z03,20.2,8.2,46.0
2025-09-18,Z03,18.9,0.2,53.9
2025-09-19,Z03,22.1,4.0,49.4
2025-09-20,Z03,19.2,0.0,45.5
2025-09-21,Z03,20.4,2.8,50.0
2025-09-22,Z03,17.1,0.0,46.7
2025-09-23,Z03,18.7,0.1,46.9
2025-09-24,Z03,21.3,0.3,53.4
2025-09-25,Z03,18.0,3.4,42.7
2025-09-26,Z03,20.6,2.0,47.5
2025-09-27,Z03,14.8,4.2,53.5
2025-09-28,Z03,17.8,0.8,49.4
2025-09-29,Z03,18.3,0.0,46.2
2025-09-30,Z03,21.5,0.2,39.7
2025-10-01,Z03,16.1,0.1,37.2
2025-10-02,Z03,19.2,1.9,59.1
2025-10-03,Z03,19.7,0.4,50.5
2025-10-04,Z03,16.4,0.2,46.3
2025-10-05,Z03,16.8,0.1,51.2
2025-10-06,Z03,17.5,0.1,45.0
2025-10-07,Z03,14.4,0.6,48.3
2025-10-08,Z03,16.1,14.8,45.5
2025-10-09,Z03,19.0,0.2,43.4
2025-10-10,Z03,17.5,0.4,40.1
2025-10-11,Z03,16.1,0.0,42.9
2025-10-12,Z03,16.3,3.7,56.3
2025-10-13,Z03,17.0,0.6,46.5
2025-10-14,Z03,17.2,1.3,54.3
2025-10-15,Z03,14.6,5.8,56.7
2025-10-16,Z03,18.2,0.9,52.3
2025-10-17,Z03,17.6,0.0,50.9
2025-10-18,Z03,16.2,0.4,53.4
2025-10-19,Z03,13.3,1.0,50.9
2025-10-20,Z03,12.8,8.9,59.2
2025-10-21,Z03,13.9,9.9,62.8
2025-10-22,Z03,14.4,0.7,61.0
2025-10-23,Z03,10.9,0.9,43.2
2025-10-24,Z03,14.8,0.2,52.0
2025-10-25,Z03,16.0,2.0,54.5
2025-10-26,Z03,14.6,1.6,57.1
2025-10-27,Z03,12.1,3.0,46.4
2025-10-28,Z03,11.7,0.3,46.5
2025-10-29,Z03,13.5,0.8,62.1
2025-10-30,Z03,12.5,4.1,53.0
2025-10-31,Z03,13.4,1.9,48.6
2025-11-01,Z03,13.5,2.9,50.8
2025-11-02,Z03,14.3,3.2,58.5
2025-11-03,Z03,10.1,0.1,52.7
2025-11-04,Z03,12.3,0.6,58.3
2025-11-05,Z03,11.1,0.2,52.4
2025-11-06,Z03,11.4,13.4,48.8
2025-11-07,Z03,13.0,0.3,64.9
2025-11-08,Z03,13.0,0.1,60.1
2025-11-09,Z03,13.6,0.0,56.7
2025-11-10,Z03,11.7,0.4,56.0
2025-11-11,Z03,10.6,0.0,66.2
2025-11-12,Z03,10.2,3.9,62.0
2025-11-13,Z03,7.3,11.7,65.1
2025-11-14,Z03,12.7,0.2,56.7
2025-11-15,Z03,9.6,1.9,60.1
2025-11-16,Z03,10.9,1.4,62.1
2025-11-17,Z03,11.1,6.1,57.6
2025-11-18,Z03,7.5,3.0,60.1
2025-11-19,Z03,7.9,0.4,57.9
2025-11-20,Z03,12.2,2.4,63.0
2025-11-21,Z03,9.8,0.0,54.7
2025-11-22,Z03,8.1,29.1,64.4
2025-11-23,Z03,8.8,13.4,63.3
2025-11-24,Z03,10.8,3.6,60.9
2025-11-25,Z03,10.4,0.0,64.4
2025-11-26,Z03,6.0,1.5,60.6
2025-11-27,Z03,11.4,2.1,59.3
2025-11-28,Z03,10.1,3.7,65.6
2025-11-29,Z03,7.9,3.2,66.0
2025-11-30,Z03,5.9,0.2,60.8
2025-12-01,Z03,9.9,2.7,60.5
2025-12-02,Z03,8.7,0.0,62.8
2025-12-03,Z03,5.1,0.2,61.2
2025-12-04,Z03,7.2,6.2,71.8
2025-12-05,Z03,13.2,6.8,65.9
2025-12-06,Z03,7.5,4.0,64.6
2025-12-07,Z03,6.0,0.0,60.1
2025-12-08,Z03,5.4,0.6,68.6
2025-12-09,Z03,10.3,1.8,62.1
2025-12-10,Z03,8.6,2.0,62.0
2025-12-11,Z03,9.5,0.1,69.4
2025-12-12,Z03,7.3,4.9,67.6
2025-12-13,Z03,9.0,0.1,53.3
2025-12-14,Z03,5.2,0.0,65.2
2025-12-15,Z03,6.9,0.2,66.8
2025-12-16,Z03,7.0,9.3,64.7
2025-12-17,Z03,8.9,3.5,67.3
2025-12-18,Z03,7.0,6.0,57.7
2025-12-19,Z03,5.2,5.8,52.7
2025-12-20,Z03,6.4,8.3,62.1
2025-12-21,Z03,3.2,0.4,68.6
2025-12-22,Z03,2.0,1.6,51.2
2025-12-23,Z03,7.6,0.3,63.2
2025-12-24,Z03,5.3,0.8,58.0
2025-12-25,Z03,5.5,1.3,66.5
2025-12-26,Z03,7.4,1.5,77.7
2025-12-27,Z03,8.4,4.6,66.9
2025-12-28,Z03,6.8,0.0,67.6
2025-12-29,Z03,9.3,0.0,72.5
2025-12-30,Z03,6.7,21.5,68.5
2025-12-31,Z03,6.3,0.4,67.4
2023-01-01,Z04,5.3,0.6,66.6
2023-01-02,Z04,4.4,1.6,67.8
2023-01-03,Z04,4.1,0.0,67.2
2023-01-04,Z04,3.3,0.2,60.2
2023-01-05,Z04,2.9,7.9,69.3
2023-01-06,Z04,5.2,0.3,71.7
2023-01-07,Z04,2.9,7.0,69.5
2023-01-08,Z04,5.7,1.0,78.1
2023-01-09,Z04,1.6,3.6,64.3
2023-01-10,Z04,6.1,7.9,66.1
2023-01-11,Z04,4.4,7.6,70.2
2023-01-12,Z04,1.8,3.3,70.8
2023-01-13,Z04,4.5,4.2,60.1
2023-01-14,Z04,2.4,8.7,72.7
2023-01-15,Z04,3.6,1.1,71.0
2023-01-16,Z04,2.7,0.0,59.2
2023-01-17,Z04,3.4,0.3,69.2
2023-01-18,Z04,5.3,0.0,65.8
2023-01-19,Z04,4.6,6.3,67.6
2023-01-20,Z04,1.7,8.9,63.2
2023-01-21,Z04,1.8,0.8,72.0
2023-01-22,Z04,4.3,0.9,78.8
2023-01-23,Z04,4.5,0.2,71.3
2023-01-24,Z04,2.7,8.3,59.2
2023-01-25,Z04,6.8,7.1,71.4
2023-01-26,Z04,5.5,3.9,69.0
2023-01-27,Z04,2.9,17.7,64.5
2023-01-28,Z04,2.8,0.9,71.8
2023-01-29,Z04,3.8,4.1,74.4
2023-01-30,Z04,3.6,3.6,66.6
2023-01-31,Z04,6.6,0.0,61.7
2023-02-01,Z04,6.1,1.8,59.9
2023-02-02,Z04,4.5,3.6,66.6
2023-02-03,Z04,5.8,0.1,69.1
2023-02-04,Z04,6.1,2.2,67.3
2023-02-05,Z04,4.8,12.3,66.4
2023-02-06,Z04,5.5,25.0,72.6
2023-02-07,Z04,5.9,1.0,72.0
2023-02-08,Z04,5.8,20.1,70.6
2023-02-09,Z04,3.7,2.8,73.7
2023-02-10,Z04,3.9,5.3,66.2
2023-02-11,Z04,4.7,8.6,64.0
2023-02-12,Z04,4.1,2.3,66.8
2023-02-13,Z04,2.8,2.7,66.3
2023-02-14,Z04,6.8,3.7,59.0
2023-02-15,Z04,6.3,0.3,66.4
2023-02-16,Z04,3.4,5.2,74.6
2023-02-17,Z04,5.5,8.0,73.0
2023-02-18,Z04,5.7,2.7,71.5
2023-02-19,Z04,6.5,0.7,69.4
2023-02-20,Z04,4.3,0.0,75.9
2023-02-21,Z04,4.0,0.7,63.2
2023-02-22,Z04,7.5,11.5,63.6
2023-02-23,Z04,3.9,5.7,73.9
2023-02-24,Z04,6.4,0.0,68.3
2023-02-25,Z04,6.4,0.1,64.7
2023-02-26,Z04,6.9,10.8,70.7
2023-02-27,Z04,7.7,3.2,65.6
2023-02-28,Z04,10.3,0.4,63.5
2023-03-01,Z04,4.6,0.0,63.2
2023-03-02,Z04,9.2,7.6,69.0
2023-03-03,Z04,3.3,14.0,68.3
2023-03-04,Z04,10.5,0.3,74.7
2023-03-05,Z04,4.4,16.9,65.5
2023-03-06,Z04,12.7,2.9,65.2
2023-03-07,Z04,7.7,8.4,73.8
2023-03-08,Z04,10.9,0.0,71.4
2023-03-09,Z04,10.7,0.3,67.0
2023-03-10,Z04,8.1,3.6,58.3
2023-03-11,Z04,8.4,7.0,61.9
2023-03-12,Z04,7.7,5.5,60.5
2023-03-13,Z04,10.8,0.9,65.8
2023-03-14,Z04,8.8,3.3,62.9
2023-03-15,Z04,8.3,3.4,73.2
2023-03-16,Z04,10.9,12.2,57.2
2023-03-17,Z04,8.5,0.1,59.0
2023-03-18,Z04,9.7,0.9,65.9
2023-03-19,Z04,10.6,5.5,67.0
2023-03-20,Z04,9.5,11.9,51.3
2023-03-21,Z04,9.9,4.6,55.3
2023-03-22,Z04,13.7,3.1,62.5
2023-03-23,Z04,10.8,0.1,70.4
2023-03-24,Z04,10.7,0.9,72.8
2023-03-25,Z04,11.2,0.3,61.1
2023-03-26,Z04,12.5,1.0,62.1
2023-03-27,Z04,10.0,7.4,58.6
2023-03-28,Z04,12.8,27.3,65.7
2023-03-29,Z04,12.7,5.8,69.9
2023-03-30,Z04,9.2,4.4,68.3
2023-03-31,Z04,15.9,11.4,61.7
2023-04-01,Z04,15.4,0.1,57.4
2023-04-02,Z04,11.6,0.0,61.4
2023-04-03,Z04,11.2,14.4,68.0
2023-04-04,Z04,13.8,3.6,58.9
2023-04-05,Z04,11.0,3.4,51.6
2023-04-06,Z04,16.2,46.0,58.6
2023-04-07,Z04,13.1,6.1,58.8
2023-04-08,Z04,17.0,1.3,50.8
2023-04-09,Z04,12.8,7.5,60.9
2023-04-10,Z04,14.3,2.8,62.0
2023-04-11,Z04,17.0,0.1,68.5
2023-04-12,Z04,14.3,0.1,52.3
2023-04-13,Z04,15.6,2.9,62.4
2023-04-14,Z04,17.2,3.6,63.3
2023-04-15,Z04,14.5,7.3,60.8
2023-04-16,Z04,13.4,0.2,52.9
2023-04-17,Z04,13.2,1.6,52.4
2023-04-18,Z04,17.1,0.7,57.9
2023-04-19,Z04,16.9,17.5,57.6
2023-04-20,Z04,18.3,0.0,54.1
2023-04-21,Z04,16.1,0.2,63.1
2023-04-22,Z04,14.2,1.2,54.4
2023-04-23,Z04,12.7,2.7,46.7
2023-04-24,Z04,22.3,2.8,54.8
2023-04-25,Z04,18.3,0.0,58.0
2023-04-26,Z04,17.7,0.3,57.1
2023-04-27,Z04,18.2,4.1,56.8
2023-04-28,Z04,15.3,2.4,62.3
2023-04-29,Z04,16.6,7.8,49.0
2023-04-30,Z04,21.4,3.1,52.2
2023-05-01,Z04,19.6,0.2,61.8
2023-05-02,Z04,17.2,0.0,44.0
2023-05-03,Z04,16.5,1.9,53.3
2023-05-04,Z04,18.0,0.1,59.5
2023-05-05,Z04,18.5,2.5,59.1
2023-05-06,Z04,23.0,3.1,56.1
2023-05-07,Z04,19.1,0.4,56.0
2023-05-08,Z04,17.5,4.1,47.1
2023-05-09,Z04,19.7,0.2,58.9
2023-05-10,Z04,20.4,0.3,45.8
2023-05-11,Z04,17.8,8.1,45.8
2023-05-12,Z04,21.0,2.4,53.2
2023-05-13,Z04,22.6,0.1,48.6
2023-05-14,Z04,20.8,1.6,51.8
2023-05-15,Z04,19.3,4.5,52.7
2023-05-16,Z04,19.9,0.3,59.2
2023-05-17,Z04,18.1,1.9,52.2
2023-05-18,Z04,21.0,2.7,46.7
2023-05-19,Z04,21.9,1.0,53.0
2023-05-20,Z04,19.9,1.9,45.2
2023-05-21,Z04,25.1,6.6,53.7
2023-05-22,Z04,23.2,0.2,49.2
2023-05-23,Z04,18.7,0.0,50.6
2023-05-24,Z04,18.9,0.1,39.5
2023-05-25,Z04,20.4,1.5,36.9
2023-05-26,Z04,25.2,0.9,40.4
2023-05-27,Z04,24.1,1.6,56.4
2023-05-28,Z04,25.5,1.4,41.7
2023-05-29,Z04,22.7,0.5,50.9
2023-05-30,Z04,22.5,0.8,43.8
2023-05-31,Z04,20.7,0.5,45.6
2023-06-01,Z04,23.7,0.0,46.4
2023-06-02,Z04,22.9,12.1,54.6
2023-06-03,Z04,22.9,0.2,49.1
2023-06-04,Z04,26.3,2.3,47.9
2023-06-05,Z04,23.3,0.7,52.3
2023-06-06,Z04,26.0,0.2,42.4
2023-06-07,Z04,20.9,2.0,50.7
2023-06-08,Z04,28.7,2.5,49.7
2023-06-09,Z04,23.3,1.6,49.4
2023-06-10,Z04,25.3,0.9,44.0
2023-06-11,Z04,25.7,3.8,42.4
2023-06-12,Z04,23.3,0.3,40.1
2023-06-13,Z04,25.8,4.3,40.2
2023-06-14,Z04,26.0,0.3,39.5
2023-06-15,Z04,23.2,0.0,45.7
2023-06-16,Z04,23.3,0.2,42.6
2023-06-17,Z04,24.7,1.4,45.7
2023-06-18,Z04,24.5,0.4,45.8
2023-06-19,Z04,27.3,2.5,37.9
2023-06-20,Z04,26.1,0.6,37.6
2023-06-21,Z04,24.8,9.7,41.8
2023-06-22,Z04,26.1,2.1,38.9
2023-06-23,Z04,21.3,0.5,38.2
2023-06-24,Z04,24.0,0.1,50.9
2023-06-25,Z04,25.6,0.4,34.7
2023-06-26,Z04,27.2,7.8,52.3
2023-06-27,Z04,25.6,3.1,43.5
2023-06-28,Z04,27.9,0.0,46.9
2023-06-29,Z04,26.9,0.5,46.1
2023-06-30,Z04,24.5,0.3,44.8
2023-07-01,Z04,25.1,0.3,49.9
2023-07-02,Z04,26.1,0.0,36.0
2023-07-03,Z04,24.6,1.6,40.6
2023-07-04,Z04,28.2,3.5,37.0
2023-07-05,Z04,23.5,0.8,32.7
2023-07-06,Z04,26.0,0.0,37.7
2023-07-07,Z04,26.8,0.2,50.3
2023-07-08,Z04,24.9,0.0,40.0
2023-07-09,Z04,24.5,0.2,50.7
2023-07-10,Z04,25.4,0.0,51.1
2023-07-11,Z04,27.0,9.6,55.6
2023-07-12,Z04,24.6,0.3,50.1
2023-07-13,Z04,23.6,0.2,52.3
2023-07-14,Z04,27.6,1.4,42.0
2023-07-15,Z04,26.2,4.3,41.5
2023-07-16,Z04,27.3,0.7,41.8
2023-07-17,Z04,26.8,2.3,40.3
2023-07-18,Z04,29.3,0.1,41.0
2023-07-19,Z04,27.4,2.2,43.9
2023-07-20,Z04,24.1,0.2,37.8
2023-07-21,Z04,26.2,3.2,33.2
2023-07-22,Z04,24.3,0.1,41.9
2023-07-23,Z04,24.4,1.4,36.6
2023-07-24,Z04,22.7,0.1,37.1
2023-07-25,Z04,24.6,6.1,39.3
2023-07-26,Z04,26.1,0.3,38.1
2023-07-27,Z04,24.9,0.1,45.6
2023-07-28,Z04,23.0,0.1,39.2
2023-07-29,Z04,22.2,0.0,45.8
2023-07-30,Z04,28.7,0.0,41.0
2023-07-31,Z04,25.4,0.6,39.6
2023-08-01,Z04,23.3,2.6,40.8
2023-08-02,Z04,25.5,3.7,33.6
2023-08-03,Z04,28.5,0.1,41.8
2023-08-04,Z04,25.6,0.0,44.4
2023-08-05,Z04,19.4,0.0,45.1
2023-08-06,Z04,29.1,2.3,33.4
2023-08-07,Z04,20.9,5.6,32.6
2023-08-08,Z04,23.8,0.0,37.6
2023-08-09,Z04,22.1,0.0,47.3
2023-08-10,Z04,22.7,1.7,41.5
2023-08-11,Z04,24.4,1.3,36.6
2023-08-12,Z04,20.1,5.7,33.2
2023-08-13,Z04,23.5,1.7,37.2
2023-08-14,Z04,25.7,0.0,36.9
2023-08-15,Z04,22.0,0.0,45.4
2023-08-16,Z04,20.9,2.4,45.9
2023-08-17,Z04,23.0,0.1,35.7
2023-08-18,Z04,22.5,0.0,44.8
2023-08-19,Z04,22.0,2.2,44.3
2023-08-20,Z04,20.8,0.9,35.3
2023-08-21,Z04,23.7,0.2,40.9
2023-08-22,Z04,23.7,0.2,43.1
2023-08-23,Z04,20.6,0.9,42.3
2023-08-24,Z04,20.7,1.8,33.1
2023-08-25,Z04,22.5,0.8,42.4
2023-08-26,Z04,20.4,0.3,45.0
2023-08-27,Z04,22.3,0.0,49.9
2023-08-28,Z04,24.5,0.7,38.8
2023-08-29,Z04,21.6,0.0,39.5
2023-08-30,Z04,19.4,1.4,41.3
2023-08-31,Z04,22.1,0.6,44.0
2023-09-01,Z04,21.0,1.0,43.2
2023-09-02,Z04,20.9,0.8,45.8
2023-09-03,Z04,21.8,3.2,37.4
2023-09-04,Z04,22.1,0.6,45.1
2023-09-05,Z04,20.7,5.2,39.6
2023-09-06,Z04,20.4,6.0,42.7
2023-09-07,Z04,24.1,4.1,52.2
2023-09-08,Z04,22.3,0.6,36.8
2023-09-09,Z04,21.5,3.8,42.6
2023-09-10,Z04,20.1,0.0,37.8
2023-09-11,Z04,17.9,1.0,45.1
2023-09-12,Z04,21.6,0.2,49.7
2023-09-13,Z04,19.6,0.5,45.5
2023-09-14,Z04,18.1,0.1,44.3
2023-09-15,Z04,18.6,0.8,51.7
2023-09-16,Z04,17.1,0.1,46.9
2023-09-17,Z04,20.6,1.5,49.6
2023-09-18,Z04,19.7,3.9,49.2
2023-09-19,Z04,18.6,0.0,31.5
2023-09-20,Z04,18.1,1.9,45.7
2023-09-21,Z04,16.7,3.9,40.9
2023-09-22,Z04,13.9,1.9,42.4
2023-09-23,Z04,15.0,0.1,54.1
2023-09-24,Z04,16.1,9.5,45.1
2023-09-25,Z04,15.6,0.0,56.6
2023-09-26,Z04,17.6,4.0,40.3
2023-09-27,Z04,18.3,0.9,42.2
2023-09-28,Z04,16.4,2.2,51.6
2023-09-29,Z04,19.0,1.1,46.3
2023-09-30,Z04,14.9,1.1,49.8
2023-10-01,Z04,15.9,0.4,47.9
2023-10-02,Z04,15.8,2.1,48.0
2023-10-03,Z04,17.7,0.8,47.5
2023-10-04,Z04,15.7,2.7,50.1
2023-10-05,Z04,15.6,0.8,52.7
2023-10-06,Z04,12.2,3.5,57.8
2023-10-07,Z04,13.4,1.1,48.9
2023-10-08,Z04,16.8,14.3,48.2
2023-10-09,Z04,10.9,3.7,47.8
2023-10-10,Z04,16.8,1.8,58.0
2023-10-11,Z04,15.1,0.6,54.4
2023-10-12,Z04,12.7,2.4,41.7
2023-10-13,Z04,12.3,2.0,41.7
2023-10-14,Z04,17.1,1.3,47.5
2023-10-15,Z04,16.0,2.3,53.1
2023-10-16,Z04,13.1,0.0,52.0
2023-10-17,Z04,13.3,2.1,55.0
2023-10-18,Z04,11.7,4.5,51.8
2023-10-19,Z04,13.0,8.8,59.9
2023-10-20,Z04,11.3,0.1,57.1
2023-10-21,Z04,12.2,2.9,53.8
2023-10-22,Z04,15.4,0.0,59.4
2023-10-23,Z04,11.8,0.0,45.7
2023-10-24,Z04,9.9,6.1,53.8
2023-10-25,Z04,9.1,9.5,55.2
2023-10-26,Z04,11.7,1.0,57.8
2023-10-27,Z04,9.9,0.7,46.4
2023-10-28,Z04,11.5,12.5,54.0
2023-10-29,Z04,8.0,0.6,57.5
2023-10-30,Z04,11.9,1.3,58.2
2023-10-31,Z04,8.6,0.0,62.0
2023-11-01,Z04,10.4,1.6,60.1
2023-11-02,Z04,9.6,0.5,56.2
2023-11-03,Z04,13.1,2.9,60.2
2023-11-04,Z04,10.1,3.0,56.1
2023-11-05,Z04,13.2,6.6,58.0
2023-11-06,Z04,10.5,0.6,61.5
2023-11-07,Z04,11.9,0.8,57.6
2023-11-08,Z04,8.8,0.0,59.9
2023-11-09,Z04,9.6,0.8,63.1
2023-11-10,Z04,11.0,1.0,62.1
2023-11-11,Z04,10.3,1.7,65.0
2023-11-12,Z04,9.5,12.3,70.7
2023-11-13,Z04,7.8,0.5,62.8
2023-11-14,Z04,7.9,2.3,57.3
2023-11-15,Z04,10.1,0.6,62.4
2023-11-16,Z04,10.3,0.6,62.4
2023-11-17,Z04,6.7,1.1,63.4
2023-11-18,Z04,6.3,1.7,68.0
2023-11-19,Z04,5.8,5.5,52.4
2023-11-20,Z04,8.8,20.1,68.6
2023-11-21,Z04,5.5,3.5,70.5
2023-11-22,Z04,8.5,4.0,64.3
2023-11-23,Z04,7.9,0.1,64.7
2023-11-24,Z04,5.8,1.8,60.7
2023-11-25,Z04,9.4,0.1,62.2
2023-11-26,Z04,3.9,0.1,65.9
2023-11-27,Z04,9.3,0.0,65.8
2023-11-28,Z04,6.8,0.4,66.5
2023-11-29,Z04,2.4,14.0,66.2
2023-11-30,Z04,8.9,4.7,67.8
2023-12-01,Z04,7.6,16.0,67.4
2023-12-02,Z04,5.0,1.2,58.6
2023-12-03,Z04,3.9,14.3,68.1
2023-12-04,Z04,2.7,8.7,73.4
2023-12-05,Z04,9.8,3.7,64.2
2023-12-06,Z04,3.7,0.1,72.0
2023-12-07,Z04,2.9,0.7,60.1
2023-12-08,Z04,5.6,5.4,64.8
2023-12-09,Z04,2.1,5.2,61.9
2023-12-10,Z04,3.2,13.7,72.2
2023-12-11,Z04,6.6,1.0,73.7
2023-12-12,Z04,5.6,14.2,65.2
2023-12-13,Z04,4.0,0.0,71.7
2023-12-14,Z04,4.6,6.5,74.3
2023-12-15,Z04,3.7,0.7,66.0
2023-12-16,Z04,4.3,7.3,67.0
2023-12-17,Z04,3.0,23.3,70.2
2023-12-18,Z04,3.2,7.4,62.5
2023-12-19,Z04,3.1,2.0,67.4
2023-12-20,Z04,2.8,1.2,77.7
2023-12-21,Z04,6.0,9.3,64.7
2023-12-22,Z04,5.4,0.4,71.6
2023-12-23,Z04,2.3,23.7,70.1
2023-12-24,Z04,1.8,1.3,66.8
2023-12-25,Z04,3.6,0.0,68.9
2023-12-26,Z04,7.7,4.5,76.6
2023-12-27,Z04,1.9,0.6,70.8
2023-12-28,Z04,3.4,8.1,71.7
2023-12-29,Z04,3.9,10.6,76.3
2023-12-30,Z04,3.5,0.2,66.9
2023-12-31,Z04,2.8,1.8,63.3
2024-01-01,Z04,5.7,0.7,77.4
2024-01-02,Z04,4.4,2.8,69.4
2024-01-03,Z04,5.1,0.7,73.3
2024-01-04,Z04,4.6,1.0,65.1
2024-01-05,Z04,5.1,0.1,71.0
2024-01-06,Z04,6.4,3.3,63.6
2024-01-07,Z04,5.9,2.2,69.5
2024-01-08,Z04,7.7,11.6,66.0
2024-01-09,Z04,5.7,9.3,65.0
2024-01-10,Z04,2.3,2.2,67.9
2024-01-11,Z04,5.0,0.4,58.0
2024-01-12,Z04,4.8,0.1,63.8
2024-01-13,Z04,7.0,9.1,73.5
2024-01-14,Z04,1.8,0.8,71.4
2024-01-15,Z04,4.6,1.6,64.3
2024-01-16,Z04,2.4,1.5,72.5
2024-01-17,Z04,4.5,1.1,65.4
2024-01-18,Z04,3.3,20.5,73.5
2024-01-19,Z04,4.5,0.9,69.3
2024-01-20,Z04,1.2,0.5,68.3
2024-01-21,Z04,5.2,0.5,69.5
2024-01-22,Z04,4.2,7.2,82.8
2024-01-23,Z04,4.1,11.1,66.2
2024-01-24,Z04,7.4,0.4,71.1
2024-01-25,Z04,3.2,7.0,73.9
2024-01-26,Z04,4.6,0.0,65.2
2024-01-27,Z04,4.2,0.2,62.0
2024-01-28,Z04,4.5,4.2,67.0
2024-01-29,Z04,8.2,5.6,73.8
2024-01-30,Z04,4.4,17.3,68.3
2024-01-31,Z04,3.3,0.0,68.8
2024-02-01,Z04,7.7,7.9,74.5
2024-02-02,Z04,3.9,0.0,65.9
2024-02-03,Z04,1.6,6.1,69.4
2024-02-04,Z04,3.3,14.6,62.3
2024-02-05,Z04,2.5,0.8,71.4
2024-02-06,Z04,1.5,2.5,70.9
2024-02-07,Z04,4.2,1.0,73.7
2024-02-08,Z04,4.8,11.2,63.9
2024-02-09,Z04,7.2,1.0,68.6
2024-02-10,Z04,6.3,0.2,63.1
2024-02-11,Z04,6.3,3.9,68.2
2024-02-12,Z04,3.8,29.5,76.8
2024-02-13,Z04,7.1,0.0,67.7
2024-02-14,Z04,8.1,1.3,62.4
2024-02-15,Z04,6.4,0.1,65.7
2024-02-16,Z04,6.6,1.2,61.0
2024-02-17,Z04,3.6,4.0,62.5
2024-02-18,Z04,7.9,3.8,72.2
2024-02-19,Z04,9.4,5.2,61.5
2024-02-20,Z04,6.9,5.0,70.2
2024-02-21,Z04,5.3,0.0,68.7
2024-02-22,Z04,6.3,0.6,65.8
2024-02-23,Z04,5.9,0.1,69.5
2024-02-24,Z04,6.2,0.0,63.5
2024-02-25,Z04,8.1,0.0,72.3
2024-02-26,Z04,7.6,2.9,64.5
2024-02-27,Z04,9.0,41.1,65.9
2024-02-28,Z04,8.0,0.2,65.2
2024-02-29,Z04,6.0,1.7,71.0
2024-03-01,Z04,6.8,2.2,70.1
2024-03-02,Z04,6.8,4.0,54.1
2024-03-03,Z04,7.6,5.2,68.4
2024-03-04,Z04,11.4,9.9,58.2
2024-03-05,Z04,11.8,0.8,65.1
2024-03-06,Z04,9.9,8.7,66.1
2024-03-07,Z04,8.8,0.1,64.7
2024-03-08,Z04,6.3,3.6,68.8
2024-03-09,Z04,9.3,0.1,69.7
2024-03-10,Z04,7.7,0.5,62.1
2024-03-11,Z04,12.2,4.3,61.7
2024-03-12,Z04,6.5,5.8,65.4
2024-03-13,Z04,10.3,2.1,57.7
2024-03-14,Z04,8.2,24.5,62.8
2024-03-15,Z04,9.9,0.1,71.8
2024-03-16,Z04,11.3,2.2,57.3
2024-03-17,Z04,12.1,8.3,62.9
2024-03-18,Z04,10.3,12.7,61.5
2024-03-19,Z04,12.0,0.6,74.3
2024-03-20,Z04,9.6,1.0,61.3
2024-03-21,Z04,11.4,1.4,61.4
2024-03-22,Z04,13.0,2.1,58.5
2024-03-23,Z04,11.9,0.2,63.4
2024-03-24,Z04,10.6,10.8,64.5
2024-03-25,Z04,11.2,0.2,58.5
2024-03-26,Z04,13.7,6.7,67.7
2024-03-27,Z04,10.1,0.1,63.9
2024-03-28,Z04,10.6,1.1,66.6
2024-03-29,Z04,13.5,0.9,60.4
2024-03-30,Z04,11.8,3.4,63.1
2024-03-31,Z04,10.2,0.2,60.5
2024-04-01,Z04,15.4,0.1,68.7
2024-04-02,Z04,11.2,2.1,61.7
2024-04-03,Z04,13.0,3.1,60.9
2024-04-04,Z04,12.4,0.4,58.4
2024-04-05,Z04,13.2,1.1,57.8
2024-04-06,Z04,12.3,7.0,61.4
2024-04-07,Z04,15.4,13.8,64.0
2024-04-08,Z04,14.5,10.2,56.3
2024-04-09,Z04,16.3,0.1,60.1
2024-04-10,Z04,13.6,3.3,60.1
2024-04-11,Z04,18.7,1.1,60.7
2024-04-12,Z04,11.6,3.9,50.2
2024-04-13,Z04,12.4,8.1,53.8
2024-04-14,Z04,18.6,4.3,51.4
2024-04-15,Z04,16.5,10.4,58.1
2024-04-16,Z04,16.4,0.0,53.2
2024-04-17,Z04,16.8,0.1,55.0
2024-04-18,Z04,17.2,3.0,51.2
2024-04-19,Z04,16.9,0.3,54.9
2024-04-20,Z04,14.8,0.8,51.1
2024-04-21,Z04,18.2,2.4,60.2
2024-04-22,Z04,18.1,0.4,58.6
2024-04-23,Z04,19.7,1.3,56.7
2024-04-24,Z04,20.5,10.0,54.1
2024-04-25,Z04,18.1,12.8,45.2
2024-04-26,Z04,15.5,3.2,52.8
2024-04-27,Z04,21.1,0.1,51.1
2024-04-28,Z04,16.2,9.7,55.8
2024-04-29,Z04,18.8,1.1,57.5
2024-04-30,Z04,17.9,0.0,55.7
2024-05-01,Z04,17.8,7.4,60.2
2024-05-02,Z04,20.1,0.1,50.7
2024-05-03,Z04,19.4,1.8,50.3
2024-05-04,Z04,20.0,0.0,58.3
2024-05-05,Z04,17.8,0.3,53.6
2024-05-06,Z04,19.1,1.9,51.3
2024-05-07,Z04,18.2,1.8,61.5
2024-05-08,Z04,19.4,1.3,54.9
2024-05-09,Z04,19.7,3.3,50.8
2024-05-10,Z04,23.4,9.4,48.1
2024-05-11,Z04,19.8,0.0,57.9
2024-05-12,Z04,16.6,0.7,52.1
2024-05-13,Z04,23.1,11.7,50.9
2024-05-14,Z04,21.6,1.6,53.9
2024-05-15,Z04,20.7,2.2,54.7
2024-05-16,Z04,20.3,0.1,52.8
2024-05-17,Z04,19.5,2.3,54.2
2024-05-18,Z04,24.8,1.4,51.8
2024-05-19,Z04,21.6,0.0,52.1
2024-05-20,Z04,18.5,2.1,45.4
2024-05-21,Z04,22.4,4.7,57.9
2024-05-22,Z04,24.1,1.1,42.5
2024-05-23,Z04,22.3,0.7,49.9
2024-05-24,Z04,20.6,6.1,41.5
2024-05-25,Z04,20.6,0.7,47.4
2024-05-26,Z04,20.8,2.0,44.8
2024-05-27,Z04,25.3,0.1,48.2
2024-05-28,Z04,22.6,0.0,49.0
2024-05-29,Z04,19.8,0.7,42.3
2024-05-30,Z04,23.7,1.7,46.7
2024-05-31,Z04,23.3,0.6,53.6
2024-06-01,Z04,22.4,3.0,39.8
2024-06-02,Z04,21.5,3.9,41.9
2024-06-03,Z04,21.5,6.0,50.3
2024-06-04,Z04,25.5,0.0,46.2
2024-06-05,Z04,24.1,0.8,46.3
2024-06-06,Z04,24.6,1.7,50.5
2024-06-07,Z04,24.3,1.9,41.2
2024-06-08,Z04,24.5,11.3,42.4
2024-06-09,Z04,23.2,0.0,41.6
2024-06-10,Z04,23.8,0.0,42.9
2024-06-11,Z04,26.3,0.0,51.1
2024-06-12,Z04,26.9,0.3,35.7
2024-06-13,Z04,22.2,0.2,38.1
2024-06-14,Z04,24.1,2.9,37.1
2024-06-15,Z04,26.1,0.4,50.7
2024-06-16,Z04,28.0,0.1,40.5
2024-06-17,Z04,27.9,2.5,41.7
2024-06-18,Z04,23.3,0.0,35.1
2024-06-19,Z04,27.1,4.1,41.7
2024-06-20,Z04,25.0,0.1,47.2
2024-06-21,Z04,26.8,5.0,44.0
2024-06-22,Z04,26.4,1.9,42.1
2024-06-23,Z04,22.8,0.4,34.6
2024-06-24,Z04,26.1,2.3,40.7
2024-06-25,Z04,27.0,0.5,42.9
2024-06-26,Z04,25.2,0.0,37.1
2024-06-27,Z04,24.8,1.6,45.2
2024-06-28,Z04,22.5,1.9,46.2
2024-06-29,Z04,26.6,0.2,39.0
2024-06-30,Z04,25.7,0.1,45.2
2024-07-01,Z04,23.7,0.0,40.9
2024-07-02,Z04,24.8,0.8,47.1
2024-07-03,Z04,25.7,1.0,51.4
2024-07-04,Z04,24.5,0.9,35.7
2024-07-05,Z04,25.5,0.0,44.9
2024-07-06,Z04,22.3,0.9,47.5
2024-07-07,Z04,27.9,11.0,36.0
2024-07-08,Z04,25.5,3.1,37.9
2024-07-09,Z04,23.5,0.4,37.8
2024-07-10,Z04,21.1,0.1,40.0
2024-07-11,Z04,27.4,2.7,38.8
2024-07-12,Z04,26.5,0.1,39.5
2024-07-13,Z04,25.9,0.6,44.6
2024-07-14,Z04,27.0,0.1,30.9
2024-07-15,Z04,27.0,1.3,35.4
2024-07-16,Z04,25.8,3.8,43.6
2024-07-17,Z04,25.0,1.6,43.0
2024-07-18,Z04,24.6,0.7,34.9
2024-07-19,Z04,26.1,8.7,42.9
2024-07-20,Z04,27.8,0.0,46.7
2024-07-21,Z04,25.1,0.1,39.8
2024-07-22,Z04,27.9,1.7,35.0
2024-07-23,Z04,25.9,6.5,44.4
2024-07-24,Z04,25.8,0.1,48.6
2024-07-25,Z04,29.4,0.0,35.6
2024-07-26,Z04,28.0,0.5,40.2
2024-07-27,Z04,28.0,1.5,45.5
2024-07-28,Z04,23.5,0.2,40.6
2024-07-29,Z04,28.8,1.3,31.3
2024-07-30,Z04,24.7,0.0,42.2
2024-07-31,Z04,24.3,1.8,35.1
2024-08-01,Z04,20.8,0.8,33.7
2024-08-02,Z04,25.2,0.0,31.4
2024-08-03,Z04,22.6,7.2,46.1
2024-08-04,Z04,25.2,0.1,36.0
2024-08-05,Z04,22.3,0.5,41.9
2024-08-06,Z04,27.5,0.2,43.1
2024-08-07,Z04,25.2,0.1,41.1
2024-08-08,Z04,28.2,1.0,41.8
2024-08-09,Z04,22.2,0.0,42.3
2024-08-10,Z04,26.7,0.6,41.1
2024-08-11,Z04,20.6,0.3,36.7
2024-08-12,Z04,24.1,0.0,36.3
2024-08-13,Z04,22.5,2.3,40.1
2024-08-14,Z04,22.7,0.0,40.1
2024-08-15,Z04,22.4,0.2,43.0
2024-08-16,Z04,21.6,3.0,46.4
2024-08-17,Z04,20.9,0.8,42.7
2024-08-18,Z04,22.2,0.3,37.0
2024-08-19,Z04,23.1,0.1,30.3
2024-08-20,Z04,24.9,0.6,37.4
2024-08-21,Z04,23.2,0.1,34.7
2024-08-22,Z04,24.6,1.6,37.9
2024-08-23,Z04,19.7,3.7,42.8
2024-08-24,Z04,21.5,0.0,42.2
2024-08-25,Z04,23.4,0.2,51.2
2024-08-26,Z04,22.6,0.2,44.4
2024-08-27,Z04,20.3,0.1,51.7
2024-08-28,Z04,23.4,0.6,45.8
2024-08-29,Z04,20.6,2.9,47.8
2024-08-30,Z04,20.0,4.5,40.7
2024-08-31,Z04,22.2,0.3,37.3
2024-09-01,Z04,21.1,0.0,40.6
2024-09-02,Z04,20.0,0.0,42.9
2024-09-03,Z04,19.8,0.5,40.0
2024-09-04,Z04,18.7,0.0,38.3
2024-09-05,Z04,19.8,3.4,45.5
2024-09-06,Z04,22.3,3.0,38.6
2024-09-07,Z04,20.6,0.6,36.1
2024-09-08,Z04,21.7,5.4,38.4
2024-09-09,Z04,20.8,0.8,43.0
2024-09-10,Z04,18.6,0.0,39.4
2024-09-11,Z04,16.6,4.8,43.4
2024-09-12,Z04,17.7,0.3,47.7
2024-09-13,Z04,18.0,4.6,47.8
2024-09-14,Z04,17.7,1.7,41.8
2024-09-15,Z04,20.6,0.9,38.8
2024-09-16,Z04,20.4,0.0,42.6
2024-09-17,Z04,22.5,1.3,48.9
2024-09-18,Z04,16.9,2.5,50.3
2024-09-19,Z04,21.0,3.3,47.8
2024-09-20,Z04,20.8,4.1,52.3
2024-09-21,Z04,17.4,0.0,55.1
2024-09-22,Z04,18.4,3.3,44.3
2024-09-23,Z04,19.6,0.3,54.4
2024-09-24,Z04,17.1,2.4,45.8
2024-09-25,Z04,16.8,0.0,52.5
2024-09-26,Z04,15.7,0.1,51.1
2024-09-27,Z04,12.4,0.0,37.9
2024-09-28,Z04,16.6,0.2,43.2
2024-09-29,Z04,15.0,0.1,42.2
2024-09-30,Z04,14.2,0.0,39.6
2024-10-01,Z04,16.7,0.0,53.1
2024-10-02,Z04,13.1,10.6,59.3
2024-10-03,Z04,17.0,0.6,47.9
2024-10-04,Z04,16.2,0.1,53.7
2024-10-05,Z04,14.5,0.0,57.1
2024-10-06,Z04,14.9,0.6,51.0
2024-10-07,Z04,12.6,9.5,50.1
2024-10-08,Z04,16.0,1.7,49.2
2024-10-09,Z04,14.8,2.1,53.4
2024-10-10,Z04,14.7,0.0,55.3
2024-10-11,Z04,14.9,2.9,53.5
2024-10-12,Z04,12.7,0.3,53.6
2024-10-13,Z04,10.9,0.1,51.4
2024-10-14,Z04,15.2,3.3,44.0
2024-10-15,Z04,14.5,0.4,56.7
2024-10-16,Z04,12.1,0.7,46.0
2024-10-17,Z04,13.6,3.8,55.8
2024-10-18,Z04,15.0,0.0,56.7
2024-10-19,Z04,14.6,0.5,47.5
2024-10-20,Z04,11.3,0.0,50.4
2024-10-21,Z04,9.5,1.7,64.3
2024-10-22,Z04,9.6,0.1,53.6
2024-10-23,Z04,11.2,1.5,48.1
2024-10-24,Z04,14.2,0.5,58.5
2024-10-25,Z04,10.1,8.1,50.9
2024-10-26,Z04,10.2,0.4,45.4
2024-10-27,Z04,10.0,10.9,57.9
2024-10-28,Z04,9.9,0.0,50.9
2024-10-29,Z04,10.7,0.1,57.4
2024-10-30,Z04,8.2,8.3,52.0
2024-10-31,Z04,12.3,0.0,59.8
2024-11-01,Z04,9.9,4.1,57.5
2024-11-02,Z04,14.5,5.7,43.9
2024-11-03,Z04,7.7,1.7,59.0
2024-11-04,Z04,12.5,6.8,55.9
2024-11-05,Z04,12.0,1.2,64.7
2024-11-06,Z04,8.6,0.5,59.8
2024-11-07,Z04,8.4,0.6,61.9
2024-11-08,Z04,7.3,2.0,54.8
2024-11-09,Z04,7.2,6.1,54.6
2024-11-10,Z04,8.7,10.4,58.7
2024-11-11,Z04,8.5,4.9,57.3
2024-11-12,Z04,5.5,0.0,66.0
2024-11-13,Z04,12.3,1.9,58.8
2024-11-14,Z04,7.6,0.0,53.7
2024-11-15,Z04,8.0,3.4,55.9
2024-11-16,Z04,6.6,0.7,65.1
2024-11-17,Z04,7.1,0.1,59.7
2024-11-18,Z04,6.8,7.3,59.7
2024-11-19,Z04,7.3,10.1,66.3
2024-11-20,Z04,7.1,4.2,56.7
2024-11-21,Z04,8.5,1.8,50.3
2024-11-22,Z04,7.3,0.9,57.5
2024-11-23,Z04,8.0,3.1,63.2
2024-11-24,Z04,6.6,0.1,60.9
2024-11-25,Z04,6.9,5.3,54.6
2024-11-26,Z04,5.9,0.0,67.7
2024-11-27,Z04,8.0,6.5,63.7
2024-11-28,Z04,6.7,0.0,65.0
2024-11-29,Z04,5.7,1.5,65.4
2024-11-30,Z04,5.5,0.1,57.0
2024-12-01,Z04,5.6,21.3,65.2
2024-12-02,Z04,5.7,0.0,68.5
2024-12-03,Z04,5.4,14.0,69.8
2024-12-04,Z04,4.4,2.6,67.9
2024-12-05,Z04,6.7,1.1,67.1
2024-12-06,Z04,6.7,3.5,56.0
2024-12-07,Z04,8.3,0.0,64.8
2024-12-08,Z04,3.9,1.6,60.3
2024-12-09,Z04,6.1,0.6,71.7
2024-12-10,Z04,1.4,12.5,71.1
2024-12-11,Z04,6.2,0.9,60.9
2024-12-12,Z04,2.0,11.5,65.6
2024-12-13,Z04,2.8,5.1,67.3
2024-12-14,Z04,5.1,0.3,70.7
2024-12-15,Z04,3.3,2.2,58.0
2024-12-16,Z04,3.0,5.5,55.5
2024-12-17,Z04,3.4,1.3,66.9
2024-12-18,Z04,5.5,0.0,54.2
2024-12-19,Z04,2.5,0.7,67.8
2024-12-20,Z04,4.0,10.4,70.1
2024-12-21,Z04,3.3,0.0,73.5
2024-12-22,Z04,5.4,1.3,64.4
2024-12-23,Z04,5.4,0.4,68.4
2024-12-24,Z04,0.6,0.0,71.0
2024-12-25,Z04,5.7,18.5,62.0
2024-12-26,Z04,2.7,3.8,72.6
2024-12-27,Z04,4.2,3.0,69.5
2024-12-28,Z04,2.0,0.5,65.2
2024-12-29,Z04,4.3,0.0,69.1
2024-12-30,Z04,8.2,4.4,67.8
2024-12-31,Z04,3.8,0.7,72.5
2025-01-01,Z04,2.8,2.7,66.8
2025-01-02,Z04,3.2,3.7,69.8
2025-01-03,Z04,0.9,3.8,65.7
2025-01-04,Z04,6.2,0.4,64.2
2025-01-05,Z04,4.1,7.5,69.9
2025-01-06,Z04,1.6,3.5,64.6
2025-01-07,Z04,1.7,2.1,73.2
2025-01-08,Z04,3.5,6.7,72.2
2025-01-09,Z04,5.2,1.7,65.5
2025-01-10,Z04,1.4,20.0,70.5
2025-01-11,Z04,5.5,6.4,65.6
2025-01-12,Z04,3.4,16.2,61.5
2025-01-13,Z04,1.9,21.0,66.6
2025-01-14,Z04,2.7,0.2,69.4
2025-01-15,Z04,6.7,6.5,72.3
2025-01-16,Z04,1.1,3.6,70.5
2025-01-17,Z04,2.3,2.9,74.3
2025-01-18,Z04,5.4,3.3,64.9
2025-01-19,Z04,4.1,0.0,68.0
2025-01-20,Z04,2.3,8.9,78.1
2025-01-21,Z04,5.5,11.4,60.3
2025-01-22,Z04,5.6,2.3,67.7
2025-01-23,Z04,4.4,0.8,64.6
2025-01-24,Z04,2.8,0.6,69.0
2025-01-25,Z04,3.1,21.3,67.8
2025-01-26,Z04,4.5,6.4,73.0
2025-01-27,Z04,1.7,0.0,71.3
2025-01-28,Z04,6.5,4.6,63.5
2025-01-29,Z04,7.2,0.1,67.0
2025-01-30,Z04,3.8,0.0,70.0
2025-01-31,Z04,4.9,15.0,73.6
2025-02-01,Z04,6.5,0.3,82.1
2025-02-02,Z04,8.0,0.3,73.4
2025-02-03,Z04,7.3,0.8,64.8
2025-02-04,Z04,1.5,2.3,69.4
2025-02-05,Z04,4.1,0.2,70.7
2025-02-06,Z04,5.7,0.0,67.1
2025-02-07,Z04,4.0,3.9,72.0
2025-02-08,Z04,8.2,8.8,58.3
2025-02-09,Z04,8.0,1.1,72.3
2025-02-10,Z04,3.7,3.1,67.1
2025-02-11,Z04,5.0,0.7,68.9
2025-02-12,Z04,4.0,6.3,76.7
2025-02-13,Z04,5.1,4.5,63.0
2025-02-14,Z04,5.2,9.0,70.6
2025-02-15,Z04,7.4,27.7,73.1
2025-02-16,Z04,4.2,3.9,69.9
2025-02-17,Z04,1.2,0.2,60.9
2025-02-18,Z04,3.2,7.8,75.6
2025-02-19,Z04,4.3,30.1,67.7
2025-02-20,Z04,5.1,3.9,66.0
2025-02-21,Z04,6.8,2.1,67.0
2025-02-22,Z04,4.6,6.4,66.5
2025-02-23,Z04,4.5,2.9,62.4
2025-02-24,Z04,5.1,0.2,69.0
2025-02-25,Z04,4.9,2.7,65.1
2025-02-26,Z04,6.1,2.9,71.3
2025-02-27,Z04,6.2,6.1,70.4
2025-02-28,Z04,8.6,7.5,75.8
2025-03-01,Z04,5.7,2.3,66.5
2025-03-02,Z04,7.0,18.2,63.4
2025-03-03,Z04,6.8,0.1,59.9
2025-03-04,Z04,9.4,1.8,78.1
2025-03-05,Z04,7.8,0.1,70.3
2025-03-06,Z04,10.2,1.0,63.3
2025-03-07,Z04,6.4,4.0,75.1
2025-03-08,Z04,8.5,7.5,73.2
2025-03-09,Z04,7.7,8.8,59.5
2025-03-10,Z04,6.7,3.1,62.4
2025-03-11,Z04,9.0,3.4,65.3
2025-03-12,Z04,12.4,1.2,60.4
2025-03-13,Z04,7.9,1.8,65.1
2025-03-14,Z04,9.3,3.5,69.0
2025-03-15,Z04,7.4,11.4,58.3
2025-03-16,Z04,7.3,21.0,66.5
2025-03-17,Z04,8.7,4.3,70.7
2025-03-18,Z04,9.5,0.3,66.6
2025-03-19,Z04,9.7,0.2,64.1
2025-03-20,Z04,10.2,5.0,60.9
2025-03-21,Z04,7.8,2.4,68.2
2025-03-22,Z04,9.8,0.8,57.9
2025-03-23,Z04,12.1,3.3,64.8
2025-03-24,Z04,8.9,0.3,63.5
2025-03-25,Z04,10.9,2.4,68.8
2025-03-26,Z04,12.2,1.2,60.0
2025-03-27,Z04,10.5,1.0,60.3
2025-03-28,Z04,12.7,0.1,56.3
2025-03-29,Z04,9.5,11.5,64.5
2025-03-30,Z04,14.0,0.0,59.9
2025-03-31,Z04,13.3,0.1,57.5
2025-04-01,Z04,12.9,11.1,57.8
2025-04-02,Z04,15.0,3.0,64.1
2025-04-03,Z04,12.6,0.5,55.6
2025-04-04,Z04,12.3,0.1,55.8
2025-04-05,Z04,16.0,1.6,65.1
2025-04-06,Z04,17.1,2.6,59.6
2025-04-07,Z04,12.7,2.6,65.0
2025-04-08,Z04,13.9,8.6,58.1
2025-04-09,Z04,16.2,2.9,59.7
2025-04-10,Z04,14.4,0.3,60.2
2025-04-11,Z04,15.8,1.1,66.1
2025-04-12,Z04,16.3,0.2,65.5
2025-04-13,Z04,14.1,2.2,64.5
2025-04-14,Z04,16.0,4.2,55.3
2025-04-15,Z04,15.4,0.1,53.3
2025-04-16,Z04,13.5,12.4,61.8
2025-04-17,Z04,14.0,0.0,64.6
2025-04-18,Z04,14.8,0.1,63.3
2025-04-19,Z04,17.9,2.0,57.3
2025-04-20,Z04,18.1,0.2,60.6
2025-04-21,Z04,17.9,0.0,60.4
2025-04-22,Z04,17.6,7.3,57.2
2025-04-23,Z04,17.7,3.6,57.1
2025-04-24,Z04,17.6,0.0,56.4
2025-04-25,Z04,18.1,0.4,51.7
2025-04-26,Z04,18.4,0.7,52.0
2025-04-27,Z04,15.2,11.9,51.6
2025-04-28,Z04,16.4,0.0,46.9
2025-04-29,Z04,16.2,5.9,55.3
2025-04-30,Z04,20.2,21.6,54.2
2025-05-01,Z04,21.4,1.0,57.9
2025-05-02,Z04,14.7,17.3,60.1
2025-05-03,Z04,21.6,1.8,60.2
2025-05-04,Z04,19.1,0.2,60.4
2025-05-05,Z04,20.9,0.2,49.3
2025-05-06,Z04,20.2,16.9,45.7
2025-05-07,Z04,22.0,3.9,57.2
2025-05-08,Z04,20.0,0.1,59.2
2025-05-09,Z04,17.3,1.4,59.8
2025-05-10,Z04,19.7,1.0,54.2
2025-05-11,Z04,21.0,0.0,41.6
2025-05-12,Z04,19.9,0.0,53.1
2025-05-13,Z04,21.6,0.2,53.8
2025-05-14,Z04,20.5,1.8,57.1
2025-05-15,Z04,19.7,0.6,57.7
2025-05-16,Z04,18.9,0.1,54.9
2025-05-17,Z04,20.3,0.2,47.1
2025-05-18,Z04,21.6,0.6,44.7
2025-05-19,Z04,17.8,1.2,52.2
2025-05-20,Z04,20.1,1.7,45.4
2025-05-21,Z04,18.0,0.7,56.5
2025-05-22,Z04,20.7,2.7,40.3
2025-05-23,Z04,24.1,5.4,51.5
2025-05-24,Z04,19.9,1.9,50.0
2025-05-25,Z04,23.5,9.5,47.1
2025-05-26,Z04,27.5,0.8,43.3
2025-05-27,Z04,25.1,1.6,37.4
2025-05-28,Z04,22.8,0.3,44.8
2025-05-29,Z04,24.3,3.8,44.7
2025-05-30,Z04,20.4,0.0,52.6
2025-05-31,Z04,20.1,1.0,42.9
2025-06-01,Z04,23.1,0.5,48.9
2025-06-02,Z04,23.9,2.5,39.9
2025-06-03,Z04,25.3,3.1,48.6
2025-06-04,Z04,22.4,3.9,34.8
2025-06-05,Z04,23.9,4.4,56.2
2025-06-06,Z04,23.9,10.6,44.9
2025-06-07,Z04,23.5,15.2,31.4
2025-06-08,Z04,23.7,1.5,41.6
2025-06-09,Z04,22.4,0.9,40.6
2025-06-10,Z04,24.6,0.2,41.5
2025-06-11,Z04,24.5,0.3,42.8
2025-06-12,Z04,23.4,0.2,41.1
2025-06-13,Z04,25.5,0.6,40.2
2025-06-14,Z04,26.3,2.8,38.3
2025-06-15,Z04,25.7,7.5,48.0
2025-06-16,Z04,22.7,0.7,49.7
2025-06-17,Z04,24.8,0.1,42.3
2025-06-18,Z04,23.1,0.1,43.3
2025-06-19,Z04,25.0,0.7,37.6
2025-06-20,Z04,23.2,6.4,43.4
2025-06-21,Z04,27.2,0.9,44.1
2025-06-22,Z04,26.4,0.7,41.7
2025-06-23,Z04,27.1,0.5,44.6
2025-06-24,Z04,27.0,0.4,44.0
2025-06-25,Z04,24.6,1.2,37.1
2025-06-26,Z04,24.4,6.6,48.2
2025-06-27,Z04,28.4,0.1,41.0
2025-06-28,Z04,25.0,0.4,50.3
2025-06-29,Z04,22.9,0.2,43.9
2025-06-30,Z04,27.2,5.1,51.5
2025-07-01,Z04,25.6,1.3,47.4
2025-07-02,Z04,28.1,2.5,42.6
2025-07-03,Z04,25.9,0.9,37.7
2025-07-04,Z04,25.4,0.0,37.7
2025-07-05,Z04,28.2,0.1,43.8
2025-07-06,Z04,22.7,0.2,41.8
2025-07-07,Z04,24.4,0.4,38.0
2025-07-08,Z04,23.9,2.9,45.0
2025-07-09,Z04,21.6,3.6,41.0
2025-07-10,Z04,27.1,0.2,44.9
2025-07-11,Z04,24.5,1.4,35.7
2025-07-12,Z04,27.1,0.0,45.5
2025-07-13,Z04,26.2,0.9,43.0
2025-07-14,Z04,26.6,0.5,46.4
2025-07-15,Z04,24.7,0.1,45.2
2025-07-16,Z04,24.1,0.1,39.9
2025-07-17,Z04,25.6,3.2,39.4
2025-07-18,Z04,27.1,2.7,49.1
2025-07-19,Z04,25.3,1.0,38.7
2025-07-20,Z04,24.1,0.5,43.9
2025-07-21,Z04,23.2,1.2,38.2
2025-07-22,Z04,25.7,0.4,30.8
2025-07-23,Z04,24.2,0.7,33.9
2025-07-24,Z04,25.1,0.1,42.1
2025-07-25,Z04,24.7,0.6,43.5
2025-07-26,Z04,24.3,1.3,42.1
2025-07-27,Z04,25.6,1.0,45.7
2025-07-28,Z04,26.0,0.0,42.0
2025-07-29,Z04,28.5,0.6,36.1
2025-07-30,Z04,26.2,0.0,43.0
2025-07-31,Z04,27.7,2.0,40.9
2025-08-01,Z04,23.3,1.7,37.2
2025-08-02,Z04,21.8,0.0,42.4
2025-08-03,Z04,24.6,0.5,40.5
2025-08-04,Z04,26.1,0.1,37.1
2025-08-05,Z04,25.7,1.7,39.3
2025-08-06,Z04,26.5,1.6,47.3
2025-08-07,Z04,19.7,0.0,47.1
2025-08-08,Z04,26.4,3.6,41.2
2025-08-09,Z04,24.7,0.0,40.6
2025-08-10,Z04,21.2,4.7,33.2
2025-08-11,Z04,25.2,0.2,49.0
2025-08-12,Z04,24.1,1.3,45.7
2025-08-13,Z04,24.4,4.8,44.3
2025-08-14,Z04,25.4,0.3,29.3
2025-08-15,Z04,24.3,0.0,40.9
2025-08-16,Z04,20.7,0.0,40.2
2025-08-17,Z04,23.0,0.1,44.3
2025-08-18,Z04,20.2,0.5,38.7
2025-08-19,Z04,24.2,0.4,39.9
2025-08-20,Z04,25.4,2.5,44.3
2025-08-21,Z04,20.6,3.3,37.4
2025-08-22,Z04,21.5,0.1,38.5
2025-08-23,Z04,20.9,0.1,42.5
2025-08-24,Z04,21.6,7.6,48.3
2025-08-25,Z04,23.0,2.2,45.8
2025-08-26,Z04,21.3,0.7,47.2
2025-08-27,Z04,23.2,10.2,42.3
2025-08-28,Z04,23.8,2.3,49.6
2025-08-29,Z04,23.7,1.2,33.5
2025-08-30,Z04,19.6,2.2,52.5
2025-08-31,Z04,23.9,2.2,53.3
2025-09-01,Z04,23.9,0.2,45.0
2025-09-02,Z04,23.9,0.5,47.0
2025-09-03,Z04,20.7,0.5,42.8
2025-09-04,Z04,19.5,0.4,42.1
2025-09-05,Z04,18.9,6.9,40.2
2025-09-06,Z04,18.5,0.8,43.2
2025-09-07,Z04,20.4,0.6,46.4
2025-09-08,Z04,21.7,6.5,45.9
2025-09-09,Z04,22.4,2.6,53.9
2025-09-10,Z04,19.0,1.5,44.6
2025-09-11,Z04,19.6,2.7,36.9
2025-09-12,Z04,19.3,0.2,52.7
2025-09-13,Z04,18.2,3.8,38.6
2025-09-14,Z04,20.5,5.3,42.1
2025-09-15,Z04,19.7,2.6,46.4
2025-09-16,Z04,19.1,0.7,47.4
2025-09-17,Z04,19.3,0.2,38.2
2025-09-18,Z04,19.6,9.0,41.9
2025-09-19,Z04,19.4,1.5,38.5
2025-09-20,Z04,16.6,8.4,49.2
2025-09-21,Z04,19.6,6.7,52.2
2025-09-22,Z04,18.2,2.9,40.4
2025-09-23,Z04,16.8,1.2,51.7
2025-09-24,Z04,17.8,0.0,51.6
2025-09-25,Z04,17.8,1.7,43.9
2025-09-26,Z04,19.0,6.0,37.5
2025-09-27,Z04,15.0,6.5,42.2
2025-09-28,Z04,19.1,0.0,44.8
2025-09-29,Z04,16.5,1.3,55.8
2025-09-30,Z04,15.4,3.3,47.7
2025-10-01,Z04,15.1,0.3,43.5
2025-10-02,Z04,14.1,0.2,49.5
2025-10-03,Z04,12.6,0.4,42.5
2025-10-04,Z04,16.8,0.0,51.8
2025-10-05,Z04,18.9,1.7,44.6
2025-10-06,Z04,12.3,4.3,45.5
2025-10-07,Z04,13.3,6.4,51.8
2025-10-08,Z04,16.1,9.0,58.9
2025-10-09,Z04,14.5,0.1,61.4
2025-10-10,Z04,15.9,3.8,45.5
2025-10-11,Z04,14.0,0.0,47.9
2025-10-12,Z04,13.0,10.1,53.7
2025-10-13,Z04,13.4,2.4,57.3
2025-10-14,Z04,9.4,8.2,40.9
2025-10-15,Z04,11.4,0.2,52.4
2025-10-16,Z04,15.0,6.4,49.7
2025-10-17,Z04,15.2,1.9,42.8
2025-10-18,Z04,15.4,1.7,46.0
2025-10-19,Z04,13.5,0.4,50.1
2025-10-20,Z04,8.5,0.3,53.5
2025-10-21,Z04,11.2,1.7,58.5
2025-10-22,Z04,14.5,7.8,55.5
2025-10-23,Z04,14.9,0.1,58.7
2025-10-24,Z04,14.2,1.9,54.4
2025-10-25,Z04,11.2,9.9,51.0
2025-10-26,Z04,9.1,0.1,53.8
2025-10-27,Z04,11.2,2.5,58.5
2025-10-28,Z04,11.1,0.1,60.4
2025-10-29,Z04,13.7,0.0,54.8
2025-10-30,Z04,11.1,8.3,51.1
2025-10-31,Z04,10.6,4.4,57.7
2025-11-01,Z04,10.5,8.5,58.7
2025-11-02,Z04,10.9,4.2,62.7
2025-11-03,Z04,11.1,0.2,53.4
2025-11-04,Z04,8.5,4.0,53.7
2025-11-05,Z04,7.8,1.3,61.1
2025-11-06,Z04,12.0,1.3,55.5
2025-11-07,Z04,6.4,0.3,55.6
2025-11-08,Z04,12.1,10.8,64.3
2025-11-09,Z04,5.6,21.3,51.5
2025-11-10,Z04,7.8,0.3,68.9
2025-11-11,Z04,10.4,1.2,55.8
2025-11-12,Z04,8.5,5.1,63.4
2025-11-13,Z04,6.0,0.8,58.8
2025-11-14,Z04,9.0,1.2,60.9
2025-11-15,Z04,8.2,0.4,58.5
2025-11-16,Z04,7.5,6.0,64.3
2025-11-17,Z04,6.6,1.1,58.6
2025-11-18,Z04,7.5,0.2,57.7
2025-11-19,Z04,6.4,0.3,69.9
2025-11-20,Z04,11.7,0.1,61.2
2025-11-21,Z04,6.7,2.8,57.9
2025-11-22,Z04,6.3,4.8,54.0
2025-11-23,Z04,5.9,4.0,71.1
2025-11-24,Z04,9.9,0.4,59.2
2025-11-25,Z04,3.7,0.6,72.5
2025-11-26,Z04,7.1,1.1,64.4
2025-11-27,Z04,5.9,4.3,63.3
2025-11-28,Z04,3.7,2.0,63.7
2025-11-29,Z04,4.6,2.0,74.1
2025-11-30,Z04,6.6,0.7,52.3
2025-12-01,Z04,4.3,0.3,64.6
2025-12-02,Z04,6.2,0.7,62.4
2025-12-03,Z04,8.7,1.9,62.9
2025-12-04,Z04,5.8,3.5,64.9
2025-12-05,Z04,2.8,7.2,63.0
2025-12-06,Z04,3.8,7.9,65.5
2025-12-07,Z04,4.7,10.1,64.6
2025-12-08,Z04,4.5,5.2,58.4
2025-12-09,Z04,5.3,0.0,67.0
2025-12-10,Z04,5.5,2.1,68.9
2025-12-11,Z04,7.9,5.9,62.8
2025-12-12,Z04,4.7,32.2,75.0
2025-12-13,Z04,2.6,7.3,72.5
2025-12-14,Z04,6.6,8.5,70.3
2025-12-15,Z04,6.8,5.8,70.4
2025-12-16,Z04,4.8,19.1,66.5
2025-12-17,Z04,3.9,0.0,72.2
2025-12-18,Z04,5.4,9.8,74.6
2025-12-19,Z04,3.8,1.4,70.9
2025-12-20,Z04,0.4,2.3,64.2
2025-12-21,Z04,5.1,3.9,67.0
2025-12-22,Z04,5.6,1.2,70.2
2025-12-23,Z04,6.6,0.5,71.7
2025-12-24,Z04,2.6,0.8,67.2
2025-12-25,Z04,4.3,0.0,64.9
2025-12-26,Z04,4.3,10.3,75.8
2025-12-27,Z04,3.9,9.5,62.7
2025-12-28,Z04,3.9,0.9,63.4
2025-12-29,Z04,3.8,0.0,61.6
2025-12-30,Z04,4.0,10.3,63.7
2025-12-31,Z04,5.0,0.0,74.7
2023-01-01,Z05,9.6,1.6,69.4
2023-01-02,Z05,7.1,0.4,64.8
2023-01-03,Z05,8.1,1.2,66.7
2023-01-04,Z05,7.2,5.2,66.8
2023-01-05,Z05,5.0,7.1,70.5
2023-01-06,Z05,11.2,12.3,69.1
2023-01-07,Z05,9.6,3.1,71.7
2023-01-08,Z05,7.8,1.6,68.7
2023-01-09,Z05,5.6,5.5,66.4
2023-01-10,Z05,6.8,0.5,70.4
2023-01-11,Z05,5.9,0.0,64.9
2023-01-12,Z05,7.4,33.6,72.4
2023-01-13,Z05,7.8,17.9,68.2
2023-01-14,Z05,6.6,6.6,70.7
2023-01-15,Z05,4.6,2.3,70.8
2023-01-16,Z05,11.1,0.1,77.8
2023-01-17,Z05,7.7,8.9,71.7
2023-01-18,Z05,8.1,3.2,70.2
2023-01-19,Z05,6.6,0.3,66.4
2023-01-20,Z05,4.6,1.3,73.9
2023-01-21,Z05,7.3,0.6,68.6
2023-01-22,Z05,6.9,15.9,62.3
2023-01-23,Z05,8.8,0.4,69.0
2023-01-24,Z05,9.2,0.1,70.9
2023-01-25,Z05,9.0,7.8,65.9
2023-01-26,Z05,9.4,0.2,69.4
2023-01-27,Z05,11.0,11.0,69.6
2023-01-28,Z05,8.5,3.9,69.7
2023-01-29,Z05,9.8,12.7,76.2
2023-01-30,Z05,8.8,0.2,63.4
2023-01-31,Z05,4.5,32.0,80.1
2023-02-01,Z05,7.8,2.2,69.8
2023-02-02,Z05,6.6,1.5,72.8
2023-02-03,Z05,8.6,0.8,70.5
2023-02-04,Z05,6.8,1.0,61.2
2023-02-05,Z05,9.4,1.9,64.5
2023-02-06,Z05,10.2,2.1,67.1
2023-02-07,Z05,10.7,0.0,74.7
2023-02-08,Z05,11.5,2.3,62.7
2023-02-09,Z05,5.7,2.2,65.3
2023-02-10,Z05,6.7,6.5,70.3
2023-02-11,Z05,14.2,1.0,71.8
2023-02-12,Z05,10.8,10.1,71.6
2023-02-13,Z05,9.5,0.2,64.4
2023-02-14,Z05,9.3,3.3,61.2
2023-02-15,Z05,9.2,23.1,71.8
2023-02-16,Z05,6.0,0.1,76.2
2023-02-17,Z05,8.2,8.1,67.2
2023-02-18,Z05,9.5,0.0,63.1
2023-02-19,Z05,8.5,4.9,66.6
2023-02-20,Z05,8.9,1.3,70.6
2023-02-21,Z05,14.7,0.1,67.4
2023-02-22,Z05,9.8,0.2,75.5
2023-02-23,Z05,10.8,0.0,72.9
2023-02-24,Z05,10.9,1.2,69.1
2023-02-25,Z05,11.7,3.1,58.3
2023-02-26,Z05,9.9,2.1,64.5
2023-02-27,Z05,13.1,2.8,65.1
2023-02-28,Z05,11.8,15.5,63.9
2023-03-01,Z05,8.9,3.5,68.5
2023-03-02,Z05,11.1,23.1,68.5
2023-03-03,Z05,11.2,12.6,58.9
2023-03-04,Z05,11.2,0.7,71.1
2023-03-05,Z05,12.7,0.5,67.0
2023-03-06,Z05,13.1,20.7,68.6
2023-03-07,Z05,13.0,2.2,70.3
2023-03-08,Z05,12.9,3.4,62.6
2023-03-09,Z05,12.6,4.6,72.6
2023-03-10,Z05,8.7,0.0,65.4
2023-03-11,Z05,14.1,33.6,73.5
2023-03-12,Z05,13.8,2.5,61.3
2023-03-13,Z05,11.3,15.6,72.8
2023-03-14,Z05,13.7,4.7,60.9
2023-03-15,Z05,14.6,0.1,78.0
2023-03-16,Z05,15.7,2.4,60.3
2023-03-17,Z05,14.7,2.4,70.1
2023-03-18,Z05,14.5,0.0,62.8
2023-03-19,Z05,15.8,6.2,68.0
2023-03-20,Z05,13.7,0.0,64.0
2023-03-21,Z05,15.2,1.1,58.6
2023-03-22,Z05,13.5,3.6,49.8
2023-03-23,Z05,16.8,1.9,76.1
2023-03-24,Z05,12.1,0.8,63.8
2023-03-25,Z05,16.6,4.1,48.5
2023-03-26,Z05,15.4,0.8,64.5
2023-03-27,Z05,17.3,0.5,66.2
2023-03-28,Z05,14.3,9.3,58.9
2023-03-29,Z05,16.1,1.1,58.8
2023-03-30,Z05,16.2,0.0,62.0
2023-03-31,Z05,17.1,2.2,67.9
2023-04-01,Z05,14.6,14.5,62.1
2023-04-02,Z05,17.8,2.8,68.7
2023-04-03,Z05,13.5,2.7,66.8
2023-04-04,Z05,15.8,2.0,59.8
2023-04-05,Z05,14.4,0.0,52.8
2023-04-06,Z05,18.9,3.0,59.3
2023-04-07,Z05,18.3,0.6,62.8
2023-04-08,Z05,18.6,3.5,60.2
2023-04-09,Z05,20.6,1.1,62.9
2023-04-10,Z05,17.6,16.3,63.8
2023-04-11,Z05,19.5,15.3,61.9
2023-04-12,Z05,18.7,2.1,57.6
2023-04-13,Z05,18.6,3.3,61.3
2023-04-14,Z05,21.3,17.1,69.6
2023-04-15,Z05,22.9,9.3,50.8
2023-04-16,Z05,18.5,1.5,60.4
2023-04-17,Z05,21.0,5.4,66.9
2023-04-18,Z05,20.3,1.1,51.6
2023-04-19,Z05,20.5,0.5,62.2
2023-04-20,Z05,20.5,0.3,62.6
2023-04-21,Z05,19.6,1.9,49.3
2023-04-22,Z05,14.0,1.1,60.0
2023-04-23,Z05,23.4,32.5,54.8
2023-04-24,Z05,19.5,5.7,55.6
2023-04-25,Z05,20.5,6.7,54.0
2023-04-26,Z05,20.8,1.2,62.0
2023-04-27,Z05,19.9,0.6,54.6
2023-04-28,Z05,22.0,0.1,52.6
2023-04-29,Z05,21.6,0.2,52.4
2023-04-30,Z05,20.6,4.4,52.6
2023-05-01,Z05,22.3,2.4,48.7
2023-05-02,Z05,22.2,0.6,51.5
2023-05-03,Z05,24.1,1.7,54.2
2023-05-04,Z05,20.2,0.0,55.3
2023-05-05,Z05,21.3,9.2,59.1
2023-05-06,Z05,24.2,9.8,54.0
2023-05-07,Z05,21.9,0.1,50.2
2023-05-08,Z05,21.6,5.0,47.2
2023-05-09,Z05,22.4,0.4,53.5
2023-05-10,Z05,23.4,9.5,51.2
2023-05-11,Z05,23.6,8.2,51.1
2023-05-12,Z05,23.5,4.2,52.6
2023-05-13,Z05,22.2,4.3,53.6
2023-05-14,Z05,25.6,1.7,52.1
2023-05-15,Z05,26.8,2.0,49.7
2023-05-16,Z05,21.1,0.3,46.3
2023-05-17,Z05,21.9,2.5,47.0
2023-05-18,Z05,26.7,7.5,54.1
2023-05-19,Z05,27.8,0.0,47.5
2023-05-20,Z05,21.3,2.8,42.6
2023-05-21,Z05,26.8,1.2,54.9
2023-05-22,Z05,28.4,0.0,44.1
2023-05-23,Z05,24.0,0.2,48.8
2023-05-24,Z05,28.6,1.9,50.8
2023-05-25,Z05,25.5,0.0,48.2
2023-05-26,Z05,26.6,2.2,35.5
2023-05-27,Z05,24.8,0.1,49.7
2023-05-28,Z05,28.1,1.5,54.1
2023-05-29,Z05,27.9,2.1,51.2
2023-05-30,Z05,29.6,1.1,36.4
2023-05-31,Z05,29.2,2.4,57.5
2023-06-01,Z05,26.7,0.9,40.0
2023-06-02,Z05,32.5,3.3,41.0
2023-06-03,Z05,29.4,0.5,50.1
2023-06-04,Z05,28.1,0.5,48.2
2023-06-05,Z05,25.4,0.1,46.2
2023-06-06,Z05,24.6,0.0,42.7
2023-06-07,Z05,24.8,3.3,52.0
2023-06-08,Z05,25.8,5.9,45.0
2023-06-09,Z05,30.1,0.2,37.1
2023-06-10,Z05,28.6,0.6,50.9
2023-06-11,Z05,26.7,1.7,45.7
2023-06-12,Z05,27.6,0.1,50.0
2023-06-13,Z05,27.5,0.5,47.1
2023-06-14,Z05,29.5,1.8,56.0
2023-06-15,Z05,26.6,1.7,42.3
2023-06-16,Z05,28.9,0.0,43.8
2023-06-17,Z05,28.8,0.1,47.1
2023-06-18,Z05,26.8,0.3,41.9
2023-06-19,Z05,31.3,0.0,47.2
2023-06-20,Z05,28.0,0.0,28.3
2023-06-21,Z05,26.8,0.2,42.5
2023-06-22,Z05,30.2,0.1,42.2
2023-06-23,Z05,28.8,0.2,41.9
2023-06-24,Z05,29.5,0.5,38.1
2023-06-25,Z05,26.7,6.4,46.9
2023-06-26,Z05,30.3,0.1,39.7
2023-06-27,Z05,32.8,0.3,43.1
2023-06-28,Z05,26.7,0.0,41.7
2023-06-29,Z05,29.6,0.3,44.3
2023-06-30,Z05,27.6,0.3,48.8
2023-07-01,Z05,33.9,1.4,42.5
2023-07-02,Z05,31.3,3.5,45.7
2023-07-03,Z05,29.6,1.1,42.1
2023-07-04,Z05,26.9,1.1,38.7
2023-07-05,Z05,27.3,0.0,40.4
2023-07-06,Z05,30.5,1.9,39.6
2023-07-07,Z05,26.7,0.0,43.8
2023-07-08,Z05,26.8,3.5,41.4
2023-07-09,Z05,29.2,1.6,36.8
2023-07-10,Z05,29.4,2.3,39.6
2023-07-11,Z05,29.9,0.3,33.0
2023-07-12,Z05,28.4,0.0,39.6
2023-07-13,Z05,30.8,0.4,40.5
2023-07-14,Z05,27.6,0.0,49.5
2023-07-15,Z05,30.3,0.4,47.1
2023-07-16,Z05,29.5,4.4,35.1
2023-07-17,Z05,30.2,0.8,41.3
2023-07-18,Z05,31.2,0.0,41.3
2023-07-19,Z05,28.2,3.7,39.0
2023-07-20,Z05,27.8,1.1,39.3
2023-07-21,Z05,25.9,0.2,38.3
2023-07-22,Z05,25.3,0.9,49.4
2023-07-23,Z05,28.6,1.9,38.0
2023-07-24,Z05,28.7,0.7,41.7
2023-07-25,Z05,26.9,1.8,27.4
2023-07-26,Z05,27.2,0.0,44.1
2023-07-27,Z05,31.5,4.7,45.9
2023-07-28,Z05,30.2,0.0,34.7
2023-07-29,Z05,26.3,4.1,37.4
2023-07-30,Z05,27.7,3.5,42.3
2023-07-31,Z05,29.2,0.2,40.1
2023-08-01,Z05,27.3,0.0,42.4
2023-08-02,Z05,26.9,1.0,38.6
2023-08-03,Z05,27.7,0.5,49.4
2023-08-04,Z05,30.1,0.0,36.8
2023-08-05,Z05,30.2,0.4,53.6
2023-08-06,Z05,26.7,0.9,46.4
2023-08-07,Z05,28.8,2.2,44.4
2023-08-08,Z05,27.8,1.1,35.1
2023-08-09,Z05,25.9,0.1,44.9
2023-08-10,Z05,27.1,0.0,43.4
2023-08-11,Z05,25.3,3.7,29.9
2023-08-12,Z05,29.6,2.5,33.5
2023-08-13,Z05,30.2,1.2,42.4
2023-08-14,Z05,26.5,2.1,40.0
2023-08-15,Z05,26.0,1.7,38.2
2023-08-16,Z05,28.9,2.3,46.2
2023-08-17,Z05,29.1,0.1,36.5
2023-08-18,Z05,24.8,6.6,38.7
2023-08-19,Z05,26.4,1.9,37.9
2023-08-20,Z05,26.5,5.6,43.7
2023-08-21,Z05,25.1,0.2,32.7
2023-08-22,Z05,27.0,0.2,38.9
2023-08-23,Z05,24.9,3.4,32.9
2023-08-24,Z05,25.1,0.2,40.1
2023-08-25,Z05,25.7,1.6,45.4
2023-08-26,Z05,23.1,0.5,45.6
2023-08-27,Z05,22.0,0.9,38.4
2023-08-28,Z05,27.2,2.0,44.8
2023-08-29,Z05,24.0,2.9,41.3
2023-08-30,Z05,29.1,2.5,49.2
2023-08-31,Z05,28.6,0.0,41.9
2023-09-01,Z05,24.0,2.2,27.8
2023-09-02,Z05,29.0,0.6,47.3
2023-09-03,Z05,26.3,0.5,40.7
2023-09-04,Z05,23.3,0.1,41.8
2023-09-05,Z05,19.7,0.1,45.0
2023-09-06,Z05,25.4,0.2,36.3
2023-09-07,Z05,24.1,0.4,44.0
2023-09-08,Z05,24.6,0.3,46.5
2023-09-09,Z05,23.3,0.0,45.8
2023-09-10,Z05,21.5,1.1,41.2
2023-09-11,Z05,22.6,0.1,49.3
2023-09-12,Z05,24.5,1.5,39.5
2023-09-13,Z05,22.4,0.0,41.6
2023-09-14,Z05,22.2,3.6,44.2
2023-09-15,Z05,19.9,0.1,46.6
2023-09-16,Z05,22.7,0.0,43.6
2023-09-17,Z05,20.3,2.4,51.6
2023-09-18,Z05,23.8,5.2,47.1
2023-09-19,Z05,20.6,0.5,46.3
2023-09-20,Z05,21.3,0.3,47.4
2023-09-21,Z05,25.5,0.7,50.0
2023-09-22,Z05,20.9,2.6,47.7
2023-09-23,Z05,20.5,0.0,37.7
2023-09-24,Z05,22.1,0.8,52.4
2023-09-25,Z05,17.7,1.9,47.7
2023-09-26,Z05,23.0,0.1,50.8
2023-09-27,Z05,22.3,0.0,45.6
2023-09-28,Z05,21.3,0.9,38.7
2023-09-29,Z05,14.1,1.5,36.7
2023-09-30,Z05,19.5,1.8,43.6
2023-10-01,Z05,17.5,0.2,51.1
2023-10-02,Z05,21.6,0.4,55.2
2023-10-03,Z05,21.3,3.6,50.5
2023-10-04,Z05,19.9,0.3,44.0
2023-10-05,Z05,16.9,1.1,45.5
2023-10-06,Z05,21.5,5.5,56.5
2023-10-07,Z05,18.2,1.3,43.4
2023-10-08,Z05,21.7,0.0,60.7
2023-10-09,Z05,18.7,0.9,59.8
2023-10-10,Z05,19.0,1.9,61.3
2023-10-11,Z05,17.1,1.4,52.8
2023-10-12,Z05,20.2,10.3,49.5
2023-10-13,Z05,18.6,13.5,53.2
2023-10-14,Z05,19.9,0.9,56.2
2023-10-15,Z05,17.4,0.0,48.7
2023-10-16,Z05,16.9,0.7,46.7
2023-10-17,Z05,17.8,0.0,51.0
2023-10-18,Z05,19.2,0.3,48.8
2023-10-19,Z05,18.2,0.2,59.1
2023-10-20,Z05,16.4,11.5,50.1
2023-10-21,Z05,12.7,0.3,53.9
2023-10-22,Z05,17.3,0.1,58.6
2023-10-23,Z05,13.0,0.3,60.4
2023-10-24,Z05,15.5,1.1,55.3
2023-10-25,Z05,15.1,0.2,56.4
2023-10-26,Z05,12.5,0.0,49.7
2023-10-27,Z05,15.6,0.1,60.1
2023-10-28,Z05,18.6,0.0,61.6
2023-10-29,Z05,14.0,4.9,46.2
2023-10-30,Z05,15.7,1.8,64.6
2023-10-31,Z05,18.4,4.7,52.5
2023-11-01,Z05,15.6,1.4,59.3
2023-11-02,Z05,12.7,12.4,56.9
2023-11-03,Z05,14.1,0.7,56.5
2023-11-04,Z05,14.4,0.3,56.0
2023-11-05,Z05,15.9,0.4,52.4
2023-11-06,Z05,15.3,2.6,60.2
2023-11-07,Z05,8.0,5.8,56.4
2023-11-08,Z05,11.3,15.0,51.5
2023-11-09,Z05,12.5,0.3,53.2
2023-11-10,Z05,10.7,3.8,52.1
2023-11-11,Z05,5.7,2.9,56.2
2023-11-12,Z05,10.9,0.4,61.5
2023-11-13,Z05,12.0,5.3,55.8
2023-11-14,Z05,10.9,0.0,64.5
2023-11-15,Z05,9.9,0.2,59.2
2023-11-16,Z05,11.6,7.3,58.6
2023-11-17,Z05,12.0,1.9,60.4
2023-11-18,Z05,10.4,0.0,67.5
2023-11-19,Z05,13.6,0.1,53.9
2023-11-20,Z05,11.1,0.8,69.3
2023-11-21,Z05,9.2,1.0,66.1
2023-11-22,Z05,8.7,1.3,61.4
2023-11-23,Z05,10.2,0.0,67.6
2023-11-24,Z05,12.4,0.3,60.3
2023-11-25,Z05,8.8,2.3,63.6
2023-11-26,Z05,11.2,32.9,59.7
2023-11-27,Z05,10.2,0.5,67.5
2023-11-28,Z05,13.5,0.4,59.3
2023-11-29,Z05,10.5,9.4,62.8
2023-11-30,Z05,8.4,2.5,66.7
2023-12-01,Z05,10.9,0.0,68.7
2023-12-02,Z05,10.8,0.3,59.6
2023-12-03,Z05,8.6,2.1,67.7
2023-12-04,Z05,7.1,0.1,59.2
2023-12-05,Z05,10.0,2.0,53.6
2023-12-06,Z05,9.1,7.5,60.8
2023-12-07,Z05,6.1,20.4,68.9
2023-12-08,Z05,9.2,0.9,64.9
2023-12-09,Z05,7.5,9.7,62.4
2023-12-10,Z05,5.9,1.3,65.6
2023-12-11,Z05,7.9,0.1,65.6
2023-12-12,Z05,10.7,2.4,68.8
2023-12-13,Z05,10.5,2.8,57.8
2023-12-14,Z05,9.9,7.2,65.5
2023-12-15,Z05,8.6,5.7,66.8
2023-12-16,Z05,9.1,0.6,59.5
2023-12-17,Z05,8.2,12.9,59.6
2023-12-18,Z05,5.9,0.0,64.9
2023-12-19,Z05,6.2,3.8,66.9
2023-12-20,Z05,6.7,1.4,67.1
2023-12-21,Z05,10.3,5.5,64.4
2023-12-22,Z05,9.6,0.0,64.3
2023-12-23,Z05,5.7,2.6,65.5
2023-12-24,Z05,7.7,3.3,69.1
2023-12-25,Z05,6.8,9.9,74.0
2023-12-26,Z05,7.2,16.7,56.8
2023-12-27,Z05,6.5,12.1,71.1
2023-12-28,Z05,9.9,11.1,67.6
2023-12-29,Z05,7.3,1.0,70.9
2023-12-30,Z05,7.7,4.1,74.3
2023-12-31,Z05,7.7,7.7,64.7
2024-01-01,Z05,5.4,4.2,73.3
2024-01-02,Z05,7.4,1.7,62.4
2024-01-03,Z05,9.1,3.6,69.5
2024-01-04,Z05,9.9,6.5,67.7
2024-01-05,Z05,5.1,40.3,69.2
2024-01-06,Z05,4.4,13.9,64.2
2024-01-07,Z05,7.3,2.5,71.4
2024-01-08,Z05,9.2,9.6,77.2
2024-01-09,Z05,7.8,11.5,64.5
2024-01-10,Z05,8.4,13.8,70.4
2024-01-11,Z05,4.7,11.1,73.8
2024-01-12,Z05,6.2,3.7,68.1
2024-01-13,Z05,3.2,1.7,76.4
2024-01-14,Z05,7.0,0.1,67.5
2024-01-15,Z05,3.3,3.7,69.1
2024-01-16,Z05,9.7,0.0,64.8
2024-01-17,Z05,10.1,15.7,70.4
2024-01-18,Z05,7.6,0.1,69.9
2024-01-19,Z05,4.6,0.3,73.1
2024-01-20,Z05,8.0,6.1,66.7
2024-01-21,Z05,10.8,4.2,66.5
2024-01-22,Z05,8.3,1.1,72.3
2024-01-23,Z05,9.6,1.7,77.0
2024-01-24,Z05,6.7,3.0,73.1
2024-01-25,Z05,6.0,9.3,79.2
2024-01-26,Z05,7.5,1.6,72.8
2024-01-27,Z05,4.2,2.0,72.6
2024-01-28,Z05,11.8,6.1,73.4
2024-01-29,Z05,8.1,0.6,77.4
2024-01-30,Z05,9.5,1.3,76.2
2024-01-31,Z05,7.1,9.2,64.5
2024-02-01,Z05,5.3,10.7,73.9
2024-02-02,Z05,10.7,0.9,71.2
2024-02-03,Z05,6.2,0.3,68.9
2024-02-04,Z05,8.9,1.4,61.0
2024-02-05,Z05,9.2,0.1,62.1
2024-02-06,Z05,8.6,3.1,67.9
2024-02-07,Z05,7.1,2.7,62.4
2024-02-08,Z05,8.4,0.0,67.9
2024-02-09,Z05,7.0,2.5,73.2
2024-02-10,Z05,10.3,1.6,66.6
2024-02-11,Z05,9.9,44.3,69.9
2024-02-12,Z05,9.0,7.5,64.0
2024-02-13,Z05,8.1,15.8,70.8
2024-02-14,Z05,13.0,4.5,71.8
2024-02-15,Z05,7.0,1.6,62.0
2024-02-16,Z05,6.7,0.5,65.3
2024-02-17,Z05,9.4,1.0,62.6
2024-02-18,Z05,9.2,0.1,71.4
2024-02-19,Z05,11.8,6.1,69.6
2024-02-20,Z05,11.1,0.1,68.4
2024-02-21,Z05,10.1,1.4,67.9
2024-02-22,Z05,11.1,0.6,70.1
2024-02-23,Z05,11.2,0.0,70.0
2024-02-24,Z05,14.3,0.0,65.7
2024-02-25,Z05,11.1,6.1,64.9
2024-02-26,Z05,9.5,0.2,67.7
2024-02-27,Z05,11.2,7.6,66.9
2024-02-28,Z05,6.3,3.5,78.0
2024-02-29,Z05,11.1,19.7,65.6
2024-03-01,Z05,13.3,5.7,68.8
2024-03-02,Z05,12.6,5.0,69.6
2024-03-03,Z05,12.2,0.1,74.1
2024-03-04,Z05,12.9,0.4,62.9
2024-03-05,Z05,13.9,10.6,73.5
2024-03-06,Z05,14.7,0.1,65.9
2024-03-07,Z05,13.1,4.0,79.0
2024-03-08,Z05,11.8,0.5,68.1
2024-03-09,Z05,8.4,0.2,60.0
2024-03-10,Z05,14.5,0.1,65.0
2024-03-11,Z05,13.8,7.0,72.4
2024-03-12,Z05,13.3,0.6,66.0
2024-03-13,Z05,12.0,3.6,65.1
2024-03-14,Z05,15.1,2.9,68.8
2024-03-15,Z05,13.1,17.5,63.3
2024-03-16,Z05,13.7,2.7,63.8
2024-03-17,Z05,13.8,15.7,59.9
2024-03-18,Z05,14.9,0.5,73.1
2024-03-19,Z05,12.2,0.9,58.1
2024-03-20,Z05,15.5,2.2,64.9
2024-03-21,Z05,13.3,1.4,66.2
2024-03-22,Z05,13.6,6.9,63.5
2024-03-23,Z05,16.6,0.1,57.1
2024-03-24,Z05,13.4,3.4,58.2
2024-03-25,Z05,16.9,11.6,65.6
2024-03-26,Z05,15.7,2.2,58.8
2024-03-27,Z05,12.8,0.5,52.2
2024-03-28,Z05,18.4,2.3,64.2
2024-03-29,Z05,16.7,6.2,57.7
2024-03-30,Z05,17.0,11.7,65.0
2024-03-31,Z05,18.3,3.5,60.6
2024-04-01,Z05,19.4,8.7,60.1
2024-04-02,Z05,17.2,2.6,61.4
2024-04-03,Z05,18.1,3.3,55.2
2024-04-04,Z05,17.9,1.5,56.5
2024-04-05,Z05,16.8,0.8,59.1
2024-04-06,Z05,14.7,0.0,54.5
2024-04-07,Z05,18.2,0.0,63.5
2024-04-08,Z05,20.5,0.0,58.2
2024-04-09,Z05,19.2,2.3,52.2
2024-04-10,Z05,16.4,2.0,56.4
2024-04-11,Z05,20.5,4.0,59.5
2024-04-12,Z05,18.2,2.9,56.5
2024-04-13,Z05,15.2,0.1,60.5
2024-04-14,Z05,20.9,2.7,61.1
2024-04-15,Z05,17.6,7.0,70.0
2024-04-16,Z05,22.7,0.7,63.4
2024-04-17,Z05,21.7,2.6,49.3
2024-04-18,Z05,19.5,3.5,55.4
2024-04-19,Z05,20.9,9.2,55.6
2024-04-20,Z05,24.6,1.0,59.6
2024-04-21,Z05,22.2,0.4,51.8
2024-04-22,Z05,21.0,0.5,53.5
2024-04-23,Z05,26.0,4.2,49.7
2024-04-24,Z05,21.2,0.0,52.6
2024-04-25,Z05,22.2,6.0,52.6
2024-04-26,Z05,19.7,0.8,53.6
2024-04-27,Z05,18.5,0.0,48.9
2024-04-28,Z05,21.2,1.7,59.5
2024-04-29,Z05,21.9,1.6,56.7
2024-04-30,Z05,22.7,0.7,46.9
2024-05-01,Z05,19.7,1.0,54.0
2024-05-02,Z05,23.6,8.6,45.8
2024-05-03,Z05,21.1,0.9,60.0
2024-05-04,Z05,23.9,0.7,61.1
2024-05-05,Z05,24.6,5.0,52.5
2024-05-06,Z05,22.4,12.4,48.3
2024-05-07,Z05,21.5,0.2,49.0
2024-05-08,Z05,26.2,0.2,49.8
2024-05-09,Z05,25.2,1.2,51.3
2024-05-10,Z05,24.0,0.6,58.4
2024-05-11,Z05,26.6,0.1,56.1
2024-05-12,Z05,24.2,11.7,55.9
2024-05-13,Z05,23.1,0.8,51.6
2024-05-14,Z05,22.6,6.0,44.8
2024-05-15,Z05,24.4,0.1,46.5
2024-05-16,Z05,26.1,0.1,50.4
2024-05-17,Z05,27.4,1.8,43.8
2024-05-18,Z05,25.1,0.1,51.1
2024-05-19,Z05,27.3,3.2,53.4
2024-05-20,Z05,24.9,1.3,51.8
2024-05-21,Z05,24.0,0.4,51.4
2024-05-22,Z05,23.2,1.1,39.3
2024-05-23,Z05,24.8,0.0,55.1
2024-05-24,Z05,23.6,6.1,40.3
2024-05-25,Z05,29.6,1.0,47.2
2024-05-26,Z05,26.9,5.1,50.8
2024-05-27,Z05,26.1,0.3,49.3
2024-05-28,Z05,29.5,0.9,40.9
2024-05-29,Z05,24.2,4.3,41.5
2024-05-30,Z05,26.4,1.5,48.3
2024-05-31,Z05,30.3,0.1,49.2
2024-06-01,Z05,26.6,2.5,40.9
2024-06-02,Z05,31.4,0.7,48.1
2024-06-03,Z05,28.5,0.1,38.4
2024-06-04,Z05,29.6,5.2,48.9
2024-06-05,Z05,29.7,0.0,41.1
2024-06-06,Z05,27.4,0.9,45.8
2024-06-07,Z05,26.6,3.8,44.7
2024-06-08,Z05,27.4,4.4,50.8
2024-06-09,Z05,25.9,12.9,46.0
2024-06-10,Z05,27.7,2.3,41.6
2024-06-11,Z05,27.9,0.9,46.2
2024-06-12,Z05,31.0,4.4,54.9
2024-06-13,Z05,29.1,2.2,47.8
2024-06-14,Z05,32.4,0.2,43.6
2024-06-15,Z05,24.3,0.6,39.5
2024-06-16,Z05,26.1,2.5,40.5
2024-06-17,Z05,27.7,0.9,46.8
2024-06-18,Z05,31.1,0.2,38.8
2024-06-19,Z05,28.3,3.8,43.1
2024-06-20,Z05,25.9,3.0,50.1
2024-06-21,Z05,28.2,3.0,43.5
2024-06-22,Z05,26.5,0.4,37.2
2024-06-23,Z05,26.2,0.7,53.4
2024-06-24,Z05,32.4,0.5,51.1
2024-06-25,Z05,28.2,0.7,44.7
2024-06-26,Z05,29.2,0.0,48.4
2024-06-27,Z05,28.8,8.2,40.6
2024-06-28,Z05,28.5,0.5,45.4
2024-06-29,Z05,27.5,3.1,39.6
2024-06-30,Z05,28.5,0.0,34.8
2024-07-01,Z05,29.7,0.0,54.4
2024-07-02,Z05,31.6,7.3,34.3
2024-07-03,Z05,30.8,2.4,42.7
2024-07-04,Z05,26.9,5.5,42.6
2024-07-05,Z05,30.9,2.3,43.6
2024-07-06,Z05,30.0,0.7,40.5
2024-07-07,Z05,28.0,0.6,40.5
2024-07-08,Z05,29.5,0.0,41.5
2024-07-09,Z05,30.2,4.8,43.1
2024-07-10,Z05,29.3,2.5,40.6
2024-07-11,Z05,30.0,0.0,40.2
2024-07-12,Z05,27.6,0.4,33.9
2024-07-13,Z05,32.7,0.3,50.5
2024-07-14,Z05,25.7,0.8,43.0
2024-07-15,Z05,30.2,0.3,41.4
2024-07-16,Z05,29.8,0.1,37.1
2024-07-17,Z05,30.2,0.5,35.2
2024-07-18,Z05,27.8,0.5,44.5
2024-07-19,Z05,31.1,2.0,39.3
2024-07-20,Z05,28.8,2.7,43.2
2024-07-21,Z05,26.8,0.5,33.3
2024-07-22,Z05,26.9,6.0,47.8
2024-07-23,Z05,29.1,0.6,44.5
2024-07-24,Z05,25.9,0.1,39.6
2024-07-25,Z05,32.0,1.4,42.3
2024-07-26,Z05,30.6,0.3,43.7
2024-07-27,Z05,31.9,1.6,33.3
2024-07-28,Z05,31.7,0.1,48.4
2024-07-29,Z05,27.9,1.7,42.4
2024-07-30,Z05,26.9,0.6,36.5
2024-07-31,Z05,23.6,0.3,34.6
2024-08-01,Z05,27.6,0.0,45.0
2024-08-02,Z05,31.4,1.1,41.1
2024-08-03,Z05,26.7,3.4,42.5
2024-08-04,Z05,27.7,2.2,40.3
2024-08-05,Z05,27.0,0.4,35.2
2024-08-06,Z05,28.6,0.1,42.8
2024-08-07,Z05,30.2,0.0,39.3
2024-08-08,Z05,25.0,6.0,40.2
2024-08-09,Z05,25.2,0.2,52.3
2024-08-10,Z05,30.2,0.6,44.8
2024-08-11,Z05,28.8,3.2,45.1
2024-08-12,Z05,26.9,11.0,54.2
2024-08-13,Z05,30.3,1.3,42.6
2024-08-14,Z05,24.7,1.9,41.3
2024-08-15,Z05,28.7,0.0,37.4
2024-08-16,Z05,26.8,0.2,38.6
2024-08-17,Z05,27.9,1.7,30.8
2024-08-18,Z05,22.4,0.5,45.0
2024-08-19,Z05,26.1,2.9,34.9
2024-08-20,Z05,27.8,0.1,45.8
2024-08-21,Z05,26.2,7.7,41.2
2024-08-22,Z05,28.5,3.8,42.1
2024-08-23,Z05,28.3,0.1,41.4
2024-08-24,Z05,24.2,0.1,48.7
2024-08-25,Z05,27.3,2.1,47.9
2024-08-26,Z05,23.9,0.7,41.8
2024-08-27,Z05,25.6,6.7,37.6
2024-08-28,Z05,26.6,2.6,46.9
2024-08-29,Z05,23.7,5.2,37.5
2024-08-30,Z05,26.5,0.1,34.8
2024-08-31,Z05,24.0,1.9,45.2
2024-09-01,Z05,23.7,0.4,48.9
2024-09-02,Z05,25.9,3.3,41.0
2024-09-03,Z05,23.0,0.1,45.2
2024-09-04,Z05,22.7,1.3,41.2
2024-09-05,Z05,26.0,4.7,47.1
2024-09-06,Z05,24.2,3.2,49.1
2024-09-07,Z05,21.2,0.0,42.5
2024-09-08,Z05,25.2,2.8,38.8
2024-09-09,Z05,22.8,7.0,36.9
2024-09-10,Z05,20.8,3.2,49.0
2024-09-11,Z05,18.7,0.1,38.8
2024-09-12,Z05,24.6,6.7,46.6
2024-09-13,Z05,21.3,0.8,48.8
2024-09-14,Z05,20.4,0.8,42.6
2024-09-15,Z05,23.6,0.0,44.4
2024-09-16,Z05,23.8,1.6,50.5
2024-09-17,Z05,20.7,6.2,41.6
2024-09-18,Z05,23.6,0.0,41.3
2024-09-19,Z05,25.5,1.1,44.9
2024-09-20,Z05,24.0,0.3,52.7
2024-09-21,Z05,23.6,8.1,54.6
2024-09-22,Z05,21.8,0.0,46.2
2024-09-23,Z05,20.3,0.2,43.4
2024-09-24,Z05,20.8,2.2,52.5
2024-09-25,Z05,21.5,1.2,39.0
2024-09-26,Z05,18.3,0.3,48.8
2024-09-27,Z05,18.9,4.0,47.6
2024-09-28,Z05,17.6,0.1,54.5
2024-09-29,Z05,20.4,1.4,55.3
2024-09-30,Z05,19.9,1.3,43.8
2024-10-01,Z05,18.4,1.3,49.6
2024-10-02,Z05,20.9,4.8,46.1
2024-10-03,Z05,17.3,1.4,47.7
2024-10-04,Z05,17.8,4.1,52.5
2024-10-05,Z05,20.2,0.5,48.0
2024-10-06,Z05,20.3,0.2,50.9
2024-10-07,Z05,17.0,1.5,55.0
2024-10-08,Z05,18.7,1.8,58.0
2024-10-09,Z05,16.7,3.1,52.1
2024-10-10,Z05,17.5,13.4,51.5
2024-10-11,Z05,18.0,0.0,45.6
2024-10-12,Z05,18.5,0.2,59.3
2024-10-13,Z05,17.9,0.3,54.1
2024-10-14,Z05,17.6,0.2,52.6
2024-10-15,Z05,15.0,0.1,52.6
2024-10-16,Z05,17.4,0.2,54.2
2024-10-17,Z05,17.6,3.5,56.5
2024-10-18,Z05,17.6,0.0,57.4
2024-10-19,Z05,14.9,0.3,61.3
2024-10-20,Z05,17.7,0.9,54.7
2024-10-21,Z05,13.4,5.0,62.5
2024-10-22,Z05,14.9,0.1,59.3
2024-10-23,Z05,15.0,0.1,53.9
2024-10-24,Z05,13.0,0.0,46.1
2024-10-25,Z05,14.6,0.1,55.2
2024-10-26,Z05,15.3,0.0,62.8
2024-10-27,Z05,11.4,0.9,51.4
2024-10-28,Z05,13.8,1.4,55.9
2024-10-29,Z05,11.2,1.1,56.6
2024-10-30,Z05,17.9,0.7,60.7
2024-10-31,Z05,14.4,0.0,54.4
2024-11-01,Z05,14.1,2.6,52.2
2024-11-02,Z05,14.1,15.8,59.7
2024-11-03,Z05,14.6,9.7,53.3
2024-11-04,Z05,15.1,1.5,48.1
2024-11-05,Z05,10.3,0.4,66.8
2024-11-06,Z05,15.3,0.0,62.5
2024-11-07,Z05,15.1,20.0,67.5
2024-11-08,Z05,12.5,0.2,62.7
2024-11-09,Z05,12.3,0.6,62.0
2024-11-10,Z05,6.7,2.0,60.7
2024-11-11,Z05,9.9,0.9,58.1
2024-11-12,Z05,12.9,1.3,61.9
2024-11-13,Z05,14.0,1.7,56.8
2024-11-14,Z05,13.0,11.7,54.5
2024-11-15,Z05,11.4,15.9,58.4
2024-11-16,Z05,14.9,0.8,66.8
2024-11-17,Z05,13.1,0.0,54.4
2024-11-18,Z05,10.4,0.0,54.7
2024-11-19,Z05,14.9,0.5,64.0
2024-11-20,Z05,8.8,16.9,59.2
2024-11-21,Z05,8.0,0.8,63.9
2024-11-22,Z05,9.8,0.5,66.7
2024-11-23,Z05,9.0,0.1,64.3
2024-11-24,Z05,9.6,7.6,59.0
2024-11-25,Z05,11.6,6.3,68.8
2024-11-26,Z05,10.0,0.7,66.3
2024-11-27,Z05,9.9,0.3,63.0
2024-11-28,Z05,9.9,1.8,63.0
2024-11-29,Z05,5.5,11.6,65.2
2024-11-30,Z05,6.8,0.4,61.9
2024-12-01,Z05,8.7,0.1,55.6
2024-12-02,Z05,7.8,5.5,67.7
2024-12-03,Z05,8.8,1.8,67.6
2024-12-04,Z05,11.6,3.2,52.8
2024-12-05,Z05,8.8,5.2,67.1
2024-12-06,Z05,6.5,9.1,73.5
2024-12-07,Z05,7.3,1.5,59.3
2024-12-08,Z05,11.8,0.3,64.8
2024-12-09,Z05,11.3,3.9,64.4
2024-12-10,Z05,9.6,8.8,73.8
2024-12-11,Z05,5.6,7.3,71.3
2024-12-12,Z05,8.9,0.7,61.5
2024-12-13,Z05,8.9,9.9,67.7
2024-12-14,Z05,8.2,18.9,77.7
2024-12-15,Z05,7.0,0.2,63.3
2024-12-16,Z05,7.3,8.0,66.5
2024-12-17,Z05,6.8,2.0,69.3
2024-12-18,Z05,5.8,0.0,63.8
2024-12-19,Z05,10.3,4.5,75.8
2024-12-20,Z05,9.3,1.8,64.8
2024-12-21,Z05,7.2,9.5,60.4
2024-12-22,Z05,8.3,3.1,64.8
2024-12-23,Z05,8.3,11.9,70.9
2024-12-24,Z05,11.7,2.0,63.8
2024-12-25,Z05,9.0,0.1,69.4
2024-12-26,Z05,8.9,3.6,70.8
2024-12-27,Z05,7.5,17.2,62.1
2024-12-28,Z05,6.6,1.6,65.4
2024-12-29,Z05,9.8,0.3,70.1
2024-12-30,Z05,8.5,6.8,72.0
2024-12-31,Z05,5.8,2.7,65.9
2025-01-01,Z05,8.1,21.7,69.4
2025-01-02,Z05,8.7,8.7,67.3
2025-01-03,Z05,3.4,2.7,72.5
2025-01-04,Z05,5.5,10.6,71.5
2025-01-05,Z05,7.8,0.8,67.1
2025-01-06,Z05,3.7,0.0,71.5
2025-01-07,Z05,4.0,0.1,67.1
2025-01-08,Z05,6.7,0.2,71.6
2025-01-09,Z05,8.1,0.2,71.7
2025-01-10,Z05,8.1,0.8,81.3
2025-01-11,Z05,10.0,4.2,67.8
2025-01-12,Z05,7.3,24.8,68.8
2025-01-13,Z05,6.5,0.0,66.4
2025-01-14,Z05,4.9,8.9,64.5
2025-01-15,Z05,6.5,0.3,67.4
2025-01-16,Z05,8.5,28.6,73.1
2025-01-17,Z05,8.6,6.3,73.5
2025-01-18,Z05,7.8,0.8,71.3
2025-01-19,Z05,8.3,0.5,68.4
2025-01-20,Z05,9.7,5.0,67.4
2025-01-21,Z05,7.5,0.0,65.4
2025-01-22,Z05,9.9,0.0,67.2
2025-01-23,Z05,6.2,0.1,63.5
2025-01-24,Z05,7.4,9.3,76.8
2025-01-25,Z05,6.7,0.2,79.2
2025-01-26,Z05,9.1,0.1,60.3
2025-01-27,Z05,5.9,1.6,71.4
2025-01-28,Z05,7.2,0.0,71.4
2025-01-29,Z05,4.5,0.5,71.0
2025-01-30,Z05,9.0,0.3,67.0
2025-01-31,Z05,10.2,0.2,75.1
2025-02-01,Z05,9.7,7.9,72.0
2025-02-02,Z05,9.6,0.6,75.1
2025-02-03,Z05,9.7,0.8,66.2
2025-02-04,Z05,9.5,0.0,62.9
2025-02-05,Z05,9.5,0.8,72.0
2025-02-06,Z05,9.7,0.3,64.9
2025-02-07,Z05,7.4,0.0,75.0
2025-02-08,Z05,8.3,7.1,59.0
2025-02-09,Z05,8.8,12.2,67.2
2025-02-10,Z05,8.2,3.1,66.4
2025-02-11,Z05,6.1,4.6,67.8
2025-02-12,Z05,6.8,2.6,70.7
2025-02-13,Z05,9.5,1.9,71.3
2025-02-14,Z05,10.9,0.2,72.4
2025-02-15,Z05,9.4,9.3,72.9
2025-02-16,Z05,14.4,0.1,68.2
2025-02-17,Z05,7.9,21.6,79.5
2025-02-18,Z05,10.5,3.2,75.8
2025-02-19,Z05,12.2,4.5,67.2
2025-02-20,Z05,11.9,4.4,68.0
2025-02-21,Z05,11.3,3.8,66.9
2025-02-22,Z05,12.1,0.0,70.3
2025-02-23,Z05,10.4,2.4,63.5
2025-02-24,Z05,13.5,6.9,64.3
2025-02-25,Z05,12.9,4.5,57.2
2025-02-26,Z05,9.2,6.1,66.0
2025-02-27,Z05,11.5,2.3,73.1
2025-02-28,Z05,8.2,0.2,66.9
2025-03-01,Z05,13.9,0.7,67.1
2025-03-02,Z05,11.7,0.4,68.8
2025-03-03,Z05,13.9,1.1,62.2
2025-03-04,Z05,11.4,0.0,67.2
2025-03-05,Z05,8.4,6.8,71.4
2025-03-06,Z05,16.7,2.4,68.3
2025-03-07,Z05,12.3,1.1,71.5
2025-03-08,Z05,10.4,6.3,72.8
2025-03-09,Z05,14.5,0.0,69.6
2025-03-10,Z05,16.2,0.1,62.6
2025-03-11,Z05,12.4,0.3,64.2
2025-03-12,Z05,12.7,0.7,75.4
2025-03-13,Z05,13.5,9.1,67.2
2025-03-14,Z05,11.2,0.4,66.3
2025-03-15,Z05,12.2,9.5,60.9
2025-03-16,Z05,16.8,0.1,64.6
2025-03-17,Z05,13.5,7.3,68.4
2025-03-18,Z05,12.4,0.0,64.7
2025-03-19,Z05,13.3,3.8,61.8
2025-03-20,Z05,16.2,18.7,62.8
2025-03-21,Z05,10.9,7.1,70.0
2025-03-22,Z05,15.1,0.4,67.2
2025-03-23,Z05,19.2,4.3,66.3
2025-03-24,Z05,18.6,3.3,65.6
2025-03-25,Z05,16.2,0.6,57.3
2025-03-26,Z05,17.7,0.0,64.3
2025-03-27,Z05,17.9,11.2,68.1
2025-03-28,Z05,15.5,1.7,61.2
2025-03-29,Z05,17.6,0.8,67.2
2025-03-30,Z05,19.3,2.3,64.8
2025-03-31,Z05,14.0,1.3,66.0
2025-04-01,Z05,17.5,0.8,61.9
2025-04-02,Z05,17.3,1.4,65.8
2025-04-03,Z05,17.0,12.9,53.8
2025-04-04,Z05,17.1,8.4,61.1
2025-04-05,Z05,17.6,9.1,64.2
2025-04-06,Z05,18.0,14.8,61.9
2025-04-07,Z05,19.6,4.2,65.7
2025-04-08,Z05,18.6,2.2,59.2
2025-04-09,Z05,17.7,10.9,57.0
2025-04-10,Z05,16.7,0.7,51.3
2025-04-11,Z05,17.5,0.8,57.8
2025-04-12,Z05,19.0,2.8,61.5
2025-04-13,Z05,17.5,10.0,62.5
2025-04-14,Z05,20.6,6.2,51.5
2025-04-15,Z05,19.9,0.5,64.1
2025-04-16,Z05,21.4,0.0,53.1
2025-04-17,Z05,18.3,10.3,57.1
2025-04-18,Z05,18.2,0.1,54.6
2025-04-19,Z05,21.9,0.5,59.3
2025-04-20,Z05,20.3,2.8,57.4
2025-04-21,Z05,19.9,7.5,60.1
2025-04-22,Z05,21.7,2.5,65.6
2025-04-23,Z05,21.8,0.4,58.2
2025-04-24,Z05,18.5,3.9,53.0
2025-04-25,Z05,23.5,0.0,58.0
2025-04-26,Z05,20.4,2.6,65.1
2025-04-27,Z05,24.4,6.5,58.4
2025-04-28,Z05,19.1,8.5,59.6
2025-04-29,Z05,22.3,0.1,46.6
2025-04-30,Z05,21.5,0.1,56.3
2025-05-01,Z05,18.5,5.5,52.8
2025-05-02,Z05,23.4,0.4,50.4
2025-05-03,Z05,18.9,1.6,53.5
2025-05-04,Z05,22.1,2.4,53.9
2025-05-05,Z05,24.7,4.1,49.9
2025-05-06,Z05,22.0,3.1,53.8
2025-05-07,Z05,21.5,5.4,51.7
2025-05-08,Z05,24.7,7.2,55.8
2025-05-09,Z05,23.0,3.8,53.2
2025-05-10,Z05,22.9,0.1,53.7
2025-05-11,Z05,26.1,0.9,56.4
2025-05-12,Z05,21.8,1.4,54.1
2025-05-13,Z05,23.3,6.4,51.0
2025-05-14,Z05,25.8,7.6,40.4
2025-05-15,Z05,22.2,5.5,53.1
2025-05-16,Z05,27.8,6.0,45.7
2025-05-17,Z05,24.3,2.6,49.6
2025-05-18,Z05,26.4,0.4,51.7
2025-05-19,Z05,26.6,0.1,56.2
2025-05-20,Z05,24.9,0.8,58.5
2025-05-21,Z05,24.4,6.8,44.5
2025-05-22,Z05,25.4,5.3,42.3
2025-05-23,Z05,26.9,0.2,50.3
2025-05-24,Z05,23.9,5.5,49.6
2025-05-25,Z05,23.7,2.5,42.2
2025-05-26,Z05,28.7,5.5,47.8
2025-05-27,Z05,24.8,1.9,50.7
2025-05-28,Z05,26.9,5.7,41.3
2025-05-29,Z05,26.0,3.7,42.3
2025-05-30,Z05,26.2,0.0,43.8
2025-05-31,Z05,29.2,1.2,45.8
2025-06-01,Z05,26.6,0.3,50.1
2025-06-02,Z05,26.2,0.1,44.8
2025-06-03,Z05,26.5,1.0,46.5
2025-06-04,Z05,26.2,0.9,57.2
2025-06-05,Z05,26.0,0.9,41.0
2025-06-06,Z05,26.4,0.6,42.3
2025-06-07,Z05,30.4,4.1,48.8
2025-06-08,Z05,28.8,0.2,50.1
2025-06-09,Z05,27.0,1.3,47.1
2025-06-10,Z05,29.5,0.0,53.8
2025-06-11,Z05,24.9,1.3,46.2
2025-06-12,Z05,30.4,1.8,34.5
2025-06-13,Z05,30.3,0.4,44.7
2025-06-14,Z05,32.1,0.1,41.2
2025-06-15,Z05,30.0,2.2,50.8
2025-06-16,Z05,29.0,2.4,48.5
2025-06-17,Z05,30.6,3.1,35.6
2025-06-18,Z05,27.2,2.5,50.1
2025-06-19,Z05,27.7,2.8,47.9
2025-06-20,Z05,28.4,1.3,41.4
2025-06-21,Z05,31.0,0.2,42.5
2025-06-22,Z05,27.1,0.1,49.7
2025-06-23,Z05,27.0,0.1,32.7
2025-06-24,Z05,29.2,1.1,44.7
2025-06-25,Z05,30.1,0.1,47.8
2025-06-26,Z05,27.6,2.1,41.7
2025-06-27,Z05,30.1,0.0,45.3
2025-06-28,Z05,31.4,0.6,42.4
2025-06-29,Z05,31.1,0.2,37.9
2025-06-30,Z05,29.6,2.4,37.6
2025-07-01,Z05,28.9,0.2,45.1
2025-07-02,Z05,32.2,1.8,38.3
2025-07-03,Z05,29.1,0.0,33.7
2025-07-04,Z05,30.8,1.0,41.8
2025-07-05,Z05,32.6,1.0,38.6
2025-07-06,Z05,30.6,2.1,35.0
2025-07-07,Z05,27.4,0.3,41.3
2025-07-08,Z05,26.9,6.6,44.7
2025-07-09,Z05,28.6,0.0,40.9
2025-07-10,Z05,30.4,0.0,35.4
2025-07-11,Z05,30.0,0.1,43.0
2025-07-12,Z05,33.1,0.3,45.7
2025-07-13,Z05,29.9,0.4,51.5
2025-07-14,Z05,28.6,0.3,47.6
2025-07-15,Z05,27.1,1.0,35.3
2025-07-16,Z05,31.2,2.5,44.6
2025-07-17,Z05,29.1,2.6,41.5
2025-07-18,Z05,26.4,3.4,34.5
2025-07-19,Z05,29.1,0.0,41.6
2025-07-20,Z05,27.2,2.6,49.7
2025-07-21,Z05,28.2,0.3,46.1
2025-07-22,Z05,29.0,0.0,35.0
2025-07-23,Z05,27.3,0.0,40.1
2025-07-24,Z05,28.0,0.4,42.5
2025-07-25,Z05,27.5,0.0,31.4
2025-07-26,Z05,27.5,0.8,31.5
2025-07-27,Z05,26.9,2.0,40.8
2025-07-28,Z05,27.8,0.4,40.8
2025-07-29,Z05,27.0,0.2,30.8
2025-07-30,Z05,29.6,0.1,42.0
2025-07-31,Z05,28.8,0.6,45.5
2025-08-01,Z05,30.6,1.1,38.9
2025-08-02,Z05,31.7,0.5,40.4
2025-08-03,Z05,29.5,1.9,42.9
2025-08-04,Z05,29.0,0.5,42.3
2025-08-05,Z05,29.4,0.0,31.8
2025-08-06,Z05,28.9,0.4,35.7
2025-08-07,Z05,28.0,0.5,38.3
2025-08-08,Z05,27.8,0.7,36.0
2025-08-09,Z05,25.9,0.2,47.7
2025-08-10,Z05,29.2,0.7,43.6
2025-08-11,Z05,27.5,0.3,34.9
2025-08-12,Z05,30.1,0.4,39.4
2025-08-13,Z05,29.0,3.1,46.2
2025-08-14,Z05,26.1,0.5,37.4
2025-08-15,Z05,29.4,0.7,45.0
2025-08-16,Z05,22.4,0.2,47.7
2025-08-17,Z05,30.4,0.1,47.0
2025-08-18,Z05,24.4,0.2,41.9
2025-08-19,Z05,27.6,0.8,47.3
2025-08-20,Z05,27.3,1.9,38.6
2025-08-21,Z05,28.5,0.3,53.7
2025-08-22,Z05,25.7,2.6,42.6
2025-08-23,Z05,22.3,0.8,47.2
2025-08-24,Z05,25.5,3.9,39.8
2025-08-25,Z05,25.5,2.7,44.2
2025-08-26,Z05,22.1,1.0,44.6
2025-08-27,Z05,25.7,0.5,37.3
2025-08-28,Z05,23.6,2.0,37.3
2025-08-29,Z05,26.5,0.3,41.2
2025-08-30,Z05,24.8,0.6,47.9
2025-08-31,Z05,28.6,1.6,33.4
2025-09-01,Z05,24.5,0.5,40.9
2025-09-02,Z05,25.6,0.1,49.4
2025-09-03,Z05,24.2,4.5,36.8
2025-09-04,Z05,21.6,2.1,49.4
2025-09-05,Z05,24.0,1.7,37.7
2025-09-06,Z05,25.5,0.0,38.9
2025-09-07,Z05,25.1,0.8,42.9
2025-09-08,Z05,23.3,0.0,53.2
2025-09-09,Z05,21.1,6.2,40.8
2025-09-10,Z05,24.7,0.5,35.5
2025-09-11,Z05,24.1,1.5,37.3
2025-09-12,Z05,24.7,7.1,49.2
2025-09-13,Z05,22.5,0.3,37.9
2025-09-14,Z05,19.8,0.3,50.8
2025-09-15,Z05,23.6,0.5,45.4
2025-09-16,Z05,22.5,1.2,45.1
2025-09-17,Z05,24.8,0.9,47.0
2025-09-18,Z05,22.2,2.2,41.7
2025-09-19,Z05,21.9,0.9,46.6
2025-09-20,Z05,22.5,0.2,40.1
2025-09-21,Z05,20.5,0.2,53.0
2025-09-22,Z05,20.3,0.0,41.4
2025-09-23,Z05,21.1,0.1,48.9
2025-09-24,Z05,19.4,13.7,41.8
2025-09-25,Z05,20.5,0.0,44.5
2025-09-26,Z05,24.2,1.2,45.5
2025-09-27,Z05,22.4,8.6,62.5
2025-09-28,Z05,20.9,9.0,47.7
2025-09-29,Z05,22.9,0.9,43.9
2025-09-30,Z05,18.5,0.6,46.1
2025-10-01,Z05,24.3,5.0,41.0
2025-10-02,Z05,18.8,0.5,47.9
2025-10-03,Z05,23.0,0.2,58.2
2025-10-04,Z05,22.8,0.6,50.9
2025-10-05,Z05,15.9,1.3,54.0
2025-10-06,Z05,21.5,3.4,45.1
2025-10-07,Z05,18.1,4.8,48.9
2025-10-08,Z05,17.4,0.6,51.2
2025-10-09,Z05,19.2,4.9,46.8
2025-10-10,Z05,16.3,1.0,52.7
2025-10-11,Z05,18.8,0.4,54.0
2025-10-12,Z05,16.0,0.3,53.9
2025-10-13,Z05,17.8,2.7,50.7
2025-10-14,Z05,19.7,0.1,57.1
2025-10-15,Z05,17.8,0.6,50.6
2025-10-16,Z05,16.3,0.7,50.4
2025-10-17,Z05,17.7,3.4,59.6
2025-10-18,Z05,14.0,0.1,47.2
2025-10-19,Z05,14.9,0.3,44.4
2025-10-20,Z05,15.4,0.3,48.9
2025-10-21,Z05,17.4,0.7,55.4
2025-10-22,Z05,16.5,0.2,60.1
2025-10-23,Z05,16.6,12.9,50.7
2025-10-24,Z05,15.4,0.5,63.3
2025-10-25,Z05,13.8,8.9,54.6
2025-10-26,Z05,17.8,2.6,54.2
2025-10-27,Z05,13.6,12.1,50.8
2025-10-28,Z05,15.5,0.2,65.0
2025-10-29,Z05,14.3,4.0,54.8
2025-10-30,Z05,15.4,0.6,49.1
2025-10-31,Z05,13.1,1.3,68.3
2025-11-01,Z05,15.9,0.8,58.3
2025-11-02,Z05,16.3,5.6,60.5
2025-11-03,Z05,15.4,0.0,65.2
2025-11-04,Z05,13.8,20.6,60.1
2025-11-05,Z05,12.5,11.5,62.2
2025-11-06,Z05,18.2,0.0,57.8
2025-11-07,Z05,11.2,0.4,61.5
2025-11-08,Z05,14.4,3.4,57.9
2025-11-09,Z05,13.3,3.5,58.2
2025-11-10,Z05,12.4,4.8,59.2
2025-11-11,Z05,12.7,7.7,56.8
2025-11-12,Z05,11.3,0.9,61.6
2025-11-13,Z05,12.8,1.4,61.8
2025-11-14,Z05,12.4,1.2,63.7
2025-11-15,Z05,16.5,0.1,63.0
2025-11-16,Z05,13.5,5.3,70.1
2025-11-17,Z05,12.3,1.0,65.6
2025-11-18,Z05,12.3,4.5,59.5
2025-11-19,Z05,14.4,3.8,63.1
2025-11-20,Z05,9.2,19.9,68.1
2025-11-21,Z05,10.5,13.2,56.5
2025-11-22,Z05,7.2,0.9,71.6
2025-11-23,Z05,11.5,0.1,57.9
2025-11-24,Z05,11.9,1.6,66.5
2025-11-25,Z05,8.5,1.0,62.2
2025-11-26,Z05,12.7,0.0,62.2
2025-11-27,Z05,8.7,0.3,56.1
2025-11-28,Z05,9.3,7.8,67.4
2025-11-29,Z05,10.0,2.0,56.6
2025-11-30,Z05,12.5,1.6,56.1
2025-12-01,Z05,8.0,0.8,69.3
2025-12-02,Z05,9.9,0.1,72.7
2025-12-03,Z05,10.7,0.2,60.6
2025-12-04,Z05,10.2,0.2,69.1
2025-12-05,Z05,10.2,1.7,68.3
2025-12-06,Z05,10.3,2.9,64.1
2025-12-07,Z05,7.9,0.7,71.4
2025-12-08,Z05,11.8,2.4,64.1
2025-12-09,Z05,8.5,0.2,67.7
2025-12-10,Z05,8.1,5.6,59.0
2025-12-11,Z05,10.9,15.2,59.4
2025-12-12,Z05,7.3,0.1,71.5
2025-12-13,Z05,8.9,7.4,68.6
2025-12-14,Z05,6.9,2.3,65.3
2025-12-15,Z05,12.7,0.1,75.7
2025-12-16,Z05,12.2,1.4,75.9
2025-12-17,Z05,7.8,0.0,68.7
2025-12-18,Z05,8.9,4.9,59.4
2025-12-19,Z05,7.9,2.2,66.3
2025-12-20,Z05,7.2,4.8,62.9
2025-12-21,Z05,8.0,0.0,67.6
2025-12-22,Z05,7.6,0.4,62.6
2025-12-23,Z05,4.9,4.7,61.5
2025-12-24,Z05,8.0,1.5,56.3
2025-12-25,Z05,7.4,3.3,68.6
2025-12-26,Z05,8.0,9.2,56.4
2025-12-27,Z05,7.3,10.7,66.4
2025-12-28,Z05,6.7,2.9,71.6
2025-12-29,Z05,8.9,1.2,64.7
2025-12-30,Z05,8.3,1.2,63.0
2025-12-31,Z05,9.8,2.4,68.2
2023-01-01,Z06,1.9,9.2,68.2
2023-01-02,Z06,3.7,1.0,65.4
2023-01-03,Z06,1.5,0.4,63.2
2023-01-04,Z06,3.1,0.1,56.7
2023-01-05,Z06,2.7,5.7,69.9
2023-01-06,Z06,3.3,6.1,67.2
2023-01-07,Z06,6.2,1.4,67.5
2023-01-08,Z06,3.6,18.4,74.4
2023-01-09,Z06,4.2,0.1,68.8
2023-01-10,Z06,2.1,1.5,78.9
2023-01-11,Z06,3.7,0.1,66.6
2023-01-12,Z06,2.8,3.6,64.7
2023-01-13,Z06,3.3,0.5,63.3
2023-01-14,Z06,4.5,2.7,73.3
2023-01-15,Z06,2.4,0.9,75.5
2023-01-16,Z06,2.6,12.3,66.8
2023-01-17,Z06,2.5,1.2,64.5
2023-01-18,Z06,2.5,12.8,77.5
2023-01-19,Z06,3.7,17.4,62.6
2023-01-20,Z06,2.8,3.0,75.0
2023-01-21,Z06,6.2,0.6,67.1
2023-01-22,Z06,8.4,6.3,71.9
2023-01-23,Z06,2.6,3.1,75.4
2023-01-24,Z06,4.2,13.3,72.4
2023-01-25,Z06,5.6,0.4,68.5
2023-01-26,Z06,3.3,0.2,77.0
2023-01-27,Z06,2.0,7.9,71.4
2023-01-28,Z06,7.0,0.0,88.4
2023-01-29,Z06,5.2,14.3,61.5
2023-01-30,Z06,4.6,0.0,61.4
2023-01-31,Z06,6.7,0.0,74.9
2023-02-01,Z06,5.5,4.7,69.8
2023-02-02,Z06,4.1,1.6,73.9
2023-02-03,Z06,2.5,37.1,64.4
2023-02-04,Z06,3.5,6.0,70.1
2023-02-05,Z06,6.6,8.0,72.1
2023-02-06,Z06,5.8,0.2,67.0
2023-02-07,Z06,4.3,10.3,70.9
2023-02-08,Z06,7.9,19.4,62.8
2023-02-09,Z06,4.5,0.1,71.6
2023-02-10,Z06,6.7,3.3,76.7
2023-02-11,Z06,5.4,9.4,63.3
2023-02-12,Z06,8.6,8.8,62.9
2023-02-13,Z06,6.6,3.8,75.3
2023-02-14,Z06,5.4,0.0,62.6
2023-02-15,Z06,5.1,2.3,73.3
2023-02-16,Z06,5.5,3.1,69.3
2023-02-17,Z06,4.4,0.0,66.9
2023-02-18,Z06,3.3,7.0,76.2
2023-02-19,Z06,6.5,5.4,73.4
2023-02-20,Z06,5.1,30.3,70.1
2023-02-21,Z06,5.2,4.2,57.8
2023-02-22,Z06,6.1,0.0,72.0
2023-02-23,Z06,6.5,1.7,63.0
2023-02-24,Z06,6.6,0.4,67.1
2023-02-25,Z06,9.8,0.0,68.1
2023-02-26,Z06,8.0,15.8,77.4
2023-02-27,Z06,10.8,0.0,66.5
2023-02-28,Z06,6.3,4.2,60.6
2023-03-01,Z06,8.7,5.3,74.9
2023-03-02,Z06,6.7,2.4,71.0
2023-03-03,Z06,6.6,1.7,71.1
2023-03-04,Z06,11.6,7.2,74.5
2023-03-05,Z06,6.5,16.7,75.6
2023-03-06,Z06,4.0,1.1,62.3
2023-03-07,Z06,6.9,0.4,59.7
2023-03-08,Z06,4.7,0.0,70.7
2023-03-09,Z06,6.8,23.9,65.0
2023-03-10,Z06,7.1,9.0,65.3
2023-03-11,Z06,8.9,0.1,60.3
2023-03-12,Z06,5.3,1.0,68.7
2023-03-13,Z06,11.3,1.9,67.6
2023-03-14,Z06,6.0,0.1,64.6
2023-03-15,Z06,9.3,1.7,58.3
2023-03-16,Z06,9.1,1.6,71.1
2023-03-17,Z06,11.3,3.7,66.1
2023-03-18,Z06,10.7,6.4,70.2
2023-03-19,Z06,12.3,29.9,53.9
2023-03-20,Z06,9.7,0.0,64.5
2023-03-21,Z06,9.7,0.4,60.4
2023-03-22,Z06,11.5,1.9,64.0
2023-03-23,Z06,12.8,0.4,68.3
2023-03-24,Z06,12.6,0.0,65.2
2023-03-25,Z06,11.8,4.1,63.3
2023-03-26,Z06,11.9,3.3,63.0
2023-03-27,Z06,11.6,4.1,54.9
2023-03-28,Z06,12.6,5.4,58.0
2023-03-29,Z06,15.7,0.1,67.9
2023-03-30,Z06,11.8,1.4,59.5
2023-03-31,Z06,11.7,1.2,67.5
2023-04-01,Z06,11.8,1.2,65.7
2023-04-02,Z06,13.5,1.0,65.8
2023-04-03,Z06,9.1,3.0,62.8
2023-04-04,Z06,12.9,7.1,58.7
2023-04-05,Z06,14.9,5.5,59.9
2023-04-06,Z06,12.6,1.4,63.6
2023-04-07,Z06,14.0,10.4,49.6
2023-04-08,Z06,17.7,8.0,66.2
2023-04-09,Z06,14.7,1.2,57.2
2023-04-10,Z06,10.2,0.7,59.0
2023-04-11,Z06,11.9,1.8,58.8
2023-04-12,Z06,14.2,0.2,58.8
2023-04-13,Z06,13.4,3.0,52.1
2023-04-14,Z06,15.2,0.0,59.2
2023-04-15,Z06,14.7,0.9,61.2
2023-04-16,Z06,17.5,0.5,47.7
2023-04-17,Z06,13.6,4.7,51.2
2023-04-18,Z06,15.4,0.1,61.9
2023-04-19,Z06,16.3,0.0,60.7
2023-04-20,Z06,16.8,0.0,58.4
2023-04-21,Z06,16.6,2.3,53.3
2023-04-22,Z06,12.2,1.9,60.0
2023-04-23,Z06,16.9,7.1,50.1
2023-04-24,Z06,16.6,0.5,55.2
2023-04-25,Z06,18.6,0.0,49.1
2023-04-26,Z06,18.6,1.2,54.6
2023-04-27,Z06,17.9,0.0,50.0
2023-04-28,Z06,18.2,6.0,58.6
2023-04-29,Z06,20.2,1.9,56.8
2023-04-30,Z06,20.0,3.8,51.5
2023-05-01,Z06,18.6,0.5,59.5
2023-05-02,Z06,22.2,5.0,49.1
2023-05-03,Z06,17.4,1.3,53.4
2023-05-04,Z06,16.5,0.4,50.3
2023-05-05,Z06,18.8,0.1,56.8
2023-05-06,Z06,18.3,0.1,56.0
2023-05-07,Z06,14.8,1.5,59.1
2023-05-08,Z06,18.2,0.0,52.7
2023-05-09,Z06,20.1,0.0,37.3
2023-05-10,Z06,19.6,0.2,49.6
2023-05-11,Z06,18.5,0.0,59.4
2023-05-12,Z06,20.1,1.7,49.7
2023-05-13,Z06,20.4,2.6,41.5
2023-05-14,Z06,21.6,0.0,53.0
2023-05-15,Z06,19.3,4.5,53.2
2023-05-16,Z06,22.2,5.7,46.7
2023-05-17,Z06,18.8,6.9,48.8
2023-05-18,Z06,20.0,0.1,45.6
2023-05-19,Z06,24.2,9.1,52.2
2023-05-20,Z06,19.4,0.7,49.6
2023-05-21,Z06,20.2,1.0,43.3
2023-05-22,Z06,19.3,0.5,48.8
2023-05-23,Z06,20.2,0.4,45.0
2023-05-24,Z06,22.1,0.1,55.7
2023-05-25,Z06,23.2,3.2,52.6
2023-05-26,Z06,22.1,0.0,47.3
2023-05-27,Z06,21.6,0.2,48.1
2023-05-28,Z06,20.1,0.0,52.6
2023-05-29,Z06,21.2,2.6,46.4
2023-05-30,Z06,19.8,0.6,50.8
2023-05-31,Z06,24.0,0.4,54.2
2023-06-01,Z06,24.3,5.3,44.2
2023-06-02,Z06,22.9,3.5,54.6
2023-06-03,Z06,23.9,0.1,53.0
2023-06-04,Z06,24.8,2.0,47.2
2023-06-05,Z06,23.5,3.0,43.6
2023-06-06,Z06,25.9,0.2,46.7
2023-06-07,Z06,21.7,0.0,44.1
2023-06-08,Z06,23.0,1.2,41.2
2023-06-09,Z06,22.9,2.1,47.6
2023-06-10,Z06,25.0,0.0,39.7
2023-06-11,Z06,21.3,0.2,42.9
2023-06-12,Z06,26.6,0.4,42.8
2023-06-13,Z06,25.1,0.3,37.4
2023-06-14,Z06,27.3,0.2,47.3
2023-06-15,Z06,24.2,0.2,42.7
2023-06-16,Z06,23.3,4.0,50.2
2023-06-17,Z06,25.6,0.1,42.3
2023-06-18,Z06,26.3,1.5,41.3
2023-06-19,Z06,23.2,4.6,38.7
2023-06-20,Z06,21.0,0.1,43.3
2023-06-21,Z06,21.4,0.0,43.1
2023-06-22,Z06,25.2,4.4,46.5
2023-06-23,Z06,27.6,0.1,42.9
2023-06-24,Z06,22.5,0.9,52.9
2023-06-25,Z06,24.4,0.7,44.6
2023-06-26,Z06,24.3,0.0,37.3
2023-06-27,Z06,28.4,4.3,36.7
2023-06-28,Z06,29.1,3.3,44.6
2023-06-29,Z06,25.8,0.0,36.7
2023-06-30,Z06,26.7,2.2,44.7
2023-07-01,Z06,26.7,0.5,46.0
2023-07-02,Z06,22.8,0.6,46.0
2023-07-03,Z06,26.4,1.3,37.0
2023-07-04,Z06,23.4,1.4,45.8
2023-07-05,Z06,24.9,0.1,42.7
2023-07-06,Z06,27.3,0.0,38.0
2023-07-07,Z06,25.4,2.4,40.1
2023-07-08,Z06,27.2,3.4,43.2
2023-07-09,Z06,27.6,2.5,37.4
2023-07-10,Z06,22.1,3.7,42.2
2023-07-11,Z06,21.3,0.7,47.8
2023-07-12,Z06,27.3,1.0,45.4
2023-07-13,Z06,27.4,0.7,40.9
2023-07-14,Z06,25.7,0.9,41.6
2023-07-15,Z06,25.9,0.3,37.7
2023-07-16,Z06,26.8,0.4,37.8
2023-07-17,Z06,26.8,2.2,32.6
2023-07-18,Z06,24.6,0.2,41.5
2023-07-19,Z06,26.9,2.0,43.6
2023-07-20,Z06,24.5,0.4,39.8
2023-07-21,Z06,25.5,1.9,35.7
2023-07-22,Z06,25.4,2.0,40.4
2023-07-23,Z06,23.4,2.8,46.8
2023-07-24,Z06,23.6,0.5,44.5
2023-07-25,Z06,28.9,1.4,39.9
2023-07-26,Z06,23.3,0.6,50.2
2023-07-27,Z06,25.5,0.6,53.5
2023-07-28,Z06,25.8,1.2,37.6
2023-07-29,Z06,24.6,0.3,38.8
2023-07-30,Z06,25.8,0.0,43.5
2023-07-31,Z06,25.2,0.4,35.5
2023-08-01,Z06,22.9,2.9,44.3
2023-08-02,Z06,25.4,0.3,40.6
2023-08-03,Z06,23.4,3.4,41.9
2023-08-04,Z06,27.4,0.1,37.2
2023-08-05,Z06,25.0,1.6,36.2
2023-08-06,Z06,22.9,1.7,30.3
2023-08-07,Z06,24.6,0.0,47.7
2023-08-08,Z06,22.3,0.2,45.0
2023-08-09,Z06,24.3,0.0,43.7
2023-08-10,Z06,23.3,2.9,42.1
2023-08-11,Z06,22.2,0.0,28.9
2023-08-12,Z06,22.0,1.7,36.8
2023-08-13,Z06,27.8,0.1,39.3
2023-08-14,Z06,23.5,1.9,35.2
2023-08-15,Z06,22.5,2.8,32.3
2023-08-16,Z06,22.0,1.2,35.9
2023-08-17,Z06,23.9,0.0,41.1
2023-08-18,Z06,21.8,0.7,41.2
2023-08-19,Z06,20.8,3.2,45.6
2023-08-20,Z06,22.6,2.4,51.5
2023-08-21,Z06,22.5,0.0,44.7
2023-08-22,Z06,21.7,4.8,40.5
2023-08-23,Z06,20.7,0.0,50.5
2023-08-24,Z06,21.5,0.0,33.7
2023-08-25,Z06,21.2,0.6,31.3
2023-08-26,Z06,20.8,2.4,37.4
2023-08-27,Z06,22.2,6.0,46.0
2023-08-28,Z06,25.6,0.2,43.0
2023-08-29,Z06,23.9,0.5,36.6
2023-08-30,Z06,24.8,3.4,38.8
2023-08-31,Z06,20.2,13.9,36.3
2023-09-01,Z06,24.0,0.0,36.5
2023-09-02,Z06,21.3,0.2,50.6
2023-09-03,Z06,22.5,0.2,42.3
2023-09-04,Z06,21.4,0.3,52.0
2023-09-05,Z06,19.8,0.2,38.8
2023-09-06,Z06,21.6,3.0,45.9
2023-09-07,Z06,21.0,0.0,44.8
2023-09-08,Z06,16.8,1.7,48.2
2023-09-09,Z06,19.6,0.2,45.2
2023-09-10,Z06,21.2,6.6,49.1
2023-09-11,Z06,19.9,0.0,47.1
2023-09-12,Z06,20.1,1.5,39.1
2023-09-13,Z06,17.8,0.0,48.4
2023-09-14,Z06,19.4,1.7,44.4
2023-09-15,Z06,18.6,3.0,41.2
2023-09-16,Z06,18.2,0.0,48.7
2023-09-17,Z06,17.2,2.8,50.1
2023-09-18,Z06,19.9,0.5,43.3
2023-09-19,Z06,18.7,1.9,44.1
2023-09-20,Z06,18.3,6.0,39.1
2023-09-21,Z06,21.4,0.3,37.3
2023-09-22,Z06,18.4,1.0,45.3
2023-09-23,Z06,19.5,0.0,50.7
2023-09-24,Z06,17.7,3.6,44.1
2023-09-25,Z06,16.3,0.1,54.3
2023-09-26,Z06,14.9,3.3,46.3
2023-09-27,Z06,17.0,1.3,46.6
2023-09-28,Z06,11.6,0.7,46.4
2023-09-29,Z06,16.7,6.5,53.0
2023-09-30,Z06,16.6,0.1,43.5
2023-10-01,Z06,15.5,2.9,47.9
2023-10-02,Z06,15.5,2.5,46.0
2023-10-03,Z06,13.2,2.7,46.2
2023-10-04,Z06,17.8,0.3,49.4
2023-10-05,Z06,14.5,2.4,48.9
2023-10-06,Z06,13.2,1.3,55.0
2023-10-07,Z06,15.7,0.6,49.9
2023-10-08,Z06,14.7,3.4,53.0
2023-10-09,Z06,13.7,0.5,51.3
2023-10-10,Z06,13.3,0.5,57.7
2023-10-11,Z06,14.0,4.8,49.4
2023-10-12,Z06,16.2,11.4,49.7
2023-10-13,Z06,14.4,0.4,55.1
2023-10-14,Z06,13.3,4.9,50.1
2023-10-15,Z06,14.8,0.0,54.4
2023-10-16,Z06,13.1,0.0,63.9
2023-10-17,Z06,13.6,2.5,47.5
2023-10-18,Z06,12.9,3.3,60.3
2023-10-19,Z06,13.5,1.0,50.5
2023-10-20,Z06,11.5,10.7,59.9
2023-10-21,Z06,10.0,8.8,56.9
2023-10-22,Z06,13.5,2.1,56.7
2023-10-23,Z06,14.4,0.1,53.2
2023-10-24,Z06,9.6,11.3,53.0
2023-10-25,Z06,11.7,0.4,50.9
2023-10-26,Z06,10.4,2.3,54.8
2023-10-27,Z06,12.6,5.1,54.1
2023-10-28,Z06,11.3,0.0,56.2
2023-10-29,Z06,16.6,5.7,48.5
2023-10-30,Z06,9.9,0.7,55.9
2023-10-31,Z06,13.0,0.1,62.3
2023-11-01,Z06,13.0,12.9,61.0
2023-11-02,Z06,10.9,13.3,56.7
2023-11-03,Z06,9.8,4.2,69.6
2023-11-04,Z06,9.8,0.7,54.2
2023-11-05,Z06,9.4,0.1,56.9
2023-11-06,Z06,11.3,2.0,50.3
2023-11-07,Z06,7.5,4.5,55.8
2023-11-08,Z06,8.6,1.4,67.0
2023-11-09,Z06,8.2,0.1,56.5
2023-11-10,Z06,5.5,0.2,50.9
2023-11-11,Z06,10.0,5.5,63.2
2023-11-12,Z06,10.2,3.3,61.0
2023-11-13,Z06,7.0,2.2,63.5
2023-11-14,Z06,9.8,10.0,58.1
2023-11-15,Z06,4.9,2.4,54.8
2023-11-16,Z06,7.7,5.0,59.1
2023-11-17,Z06,7.3,3.5,63.1
2023-11-18,Z06,7.5,0.1,60.2
2023-11-19,Z06,7.3,0.1,62.7
2023-11-20,Z06,6.9,1.4,58.3
2023-11-21,Z06,6.2,14.3,63.4
2023-11-22,Z06,6.6,1.2,61.5
2023-11-23,Z06,9.1,8.1,58.2
2023-11-24,Z06,5.5,3.3,62.7
2023-11-25,Z06,10.4,0.7,60.2
2023-11-26,Z06,5.1,4.1,65.5
2023-11-27,Z06,6.5,0.8,67.0
2023-11-28,Z06,7.0,0.2,65.4
2023-11-29,Z06,5.3,1.6,54.9
2023-11-30,Z06,8.2,6.4,58.5
2023-12-01,Z06,6.6,0.7,60.3
2023-12-02,Z06,5.1,3.8,59.7
2023-12-03,Z06,7.9,0.0,61.2
2023-12-04,Z06,3.5,0.7,68.8
2023-12-05,Z06,4.2,15.3,67.8
2023-12-06,Z06,6.1,5.0,62.4
2023-12-07,Z06,6.4,12.2,67.7
2023-12-08,Z06,5.4,0.6,66.6
2023-12-09,Z06,4.5,0.6,65.0
2023-12-10,Z06,4.2,0.4,71.0
2023-12-11,Z06,6.6,0.1,62.2
2023-12-12,Z06,4.9,28.8,65.9
2023-12-13,Z06,2.8,7.6,60.6
2023-12-14,Z06,2.6,12.8,61.0
2023-12-15,Z06,7.0,0.4,59.4
2023-12-16,Z06,2.9,2.2,61.4
2023-12-17,Z06,4.6,1.4,67.0
2023-12-18,Z06,6.5,6.8,65.2
2023-12-19,Z06,4.9,1.7,65.5
2023-12-20,Z06,2.5,4.9,65.5
2023-12-21,Z06,2.0,0.5,76.0
2023-12-22,Z06,7.1,0.1,61.6
2023-12-23,Z06,1.8,20.8,61.2
2023-12-24,Z06,2.7,2.4,63.4
2023-12-25,Z06,4.3,6.9,67.4
2023-12-26,Z06,3.2,10.4,70.5
2023-12-27,Z06,4.6,2.0,71.1
2023-12-28,Z06,0.8,1.2,72.9
2023-12-29,Z06,3.1,5.0,67.7
2023-12-30,Z06,4.6,0.0,66.4
2023-12-31,Z06,4.6,0.1,76.7
2024-01-01,Z06,2.3,2.5,54.7
2024-01-02,Z06,1.5,5.6,69.0
2024-01-03,Z06,3.7,1.0,71.0
2024-01-04,Z06,0.9,1.0,78.3
2024-01-05,Z06,5.6,0.7,60.7
2024-01-06,Z06,3.6,19.7,67.0
2024-01-07,Z06,2.0,9.0,62.4
2024-01-08,Z06,1.4,2.2,60.3
2024-01-09,Z06,2.1,1.9,68.3
2024-01-10,Z06,0.5,0.1,73.6
2024-01-11,Z06,4.2,0.0,75.5
2024-01-12,Z06,1.8,0.4,66.9
2024-01-13,Z06,4.0,2.2,72.9
2024-01-14,Z06,4.3,1.2,68.7
2024-01-15,Z06,5.1,1.1,72.5
2024-01-16,Z06,3.8,0.4,75.5
2024-01-17,Z06,5.4,9.3,68.8
2024-01-18,Z06,5.9,9.8,75.2
2024-01-19,Z06,3.9,3.1,63.8
2024-01-20,Z06,4.0,1.3,73.2
2024-01-21,Z06,2.5,1.0,75.1
2024-01-22,Z06,1.8,0.0,74.6
2024-01-23,Z06,5.9,4.4,64.1
2024-01-24,Z06,4.7,0.6,69.0
2024-01-25,Z06,4.9,0.8,71.5
2024-01-26,Z06,2.7,0.4,72.2
2024-01-27,Z06,6.7,2.6,70.6
2024-01-28,Z06,3.4,12.0,77.1
2024-01-29,Z06,2.5,1.0,63.5
2024-01-30,Z06,3.0,3.6,68.8
2024-01-31,Z06,6.9,0.7,61.5
2024-02-01,Z06,2.1,0.1,73.0
2024-02-02,Z06,2.9,13.6,72.7
2024-02-03,Z06,9.5,1.9,86.6
2024-02-04,Z06,6.1,13.8,75.0
2024-02-05,Z06,3.1,0.3,71.4
2024-02-06,Z06,2.6,0.4,71.0
2024-02-07,Z06,1.6,4.8,68.1
2024-02-08,Z06,4.9,0.9,70.3
2024-02-09,Z06,6.1,0.7,71.0
2024-02-10,Z06,7.6,2.1,59.7
2024-02-11,Z06,1.6,1.2,70.4
2024-02-12,Z06,2.7,6.1,69.9
2024-02-13,Z06,5.0,0.0,78.1
2024-02-14,Z06,10.4,0.3,68.6
2024-02-15,Z06,7.0,1.9,65.3
2024-02-16,Z06,6.2,1.0,70.4
2024-02-17,Z06,3.5,2.9,69.3
2024-02-18,Z06,2.0,0.1,68.2
2024-02-19,Z06,6.0,0.0,62.4
2024-02-20,Z06,5.9,0.1,67.9
2024-02-21,Z06,5.7,5.6,65.7
2024-02-22,Z06,5.6,0.8,67.4
2024-02-23,Z06,5.1,2.4,72.0
2024-02-24,Z06,4.8,2.8,64.8
2024-02-25,Z06,9.2,0.0,67.0
2024-02-26,Z06,5.2,1.3,70.7
2024-02-27,Z06,6.5,0.1,66.5
2024-02-28,Z06,7.1,4.7,80.7
2024-02-29,Z06,8.5,22.1,68.8
2024-03-01,Z06,5.9,11.1,61.2
2024-03-02,Z06,9.3,1.2,63.1
2024-03-03,Z06,6.7,25.1,62.4
2024-03-04,Z06,7.6,5.3,62.8
2024-03-05,Z06,11.0,9.6,69.5
2024-03-06,Z06,6.4,3.6,61.1
2024-03-07,Z06,9.6,2.3,64.8
2024-03-08,Z06,10.3,4.9,72.0
2024-03-09,Z06,9.2,1.0,63.5
2024-03-10,Z06,8.6,1.8,69.3
2024-03-11,Z06,12.8,6.4,57.4
2024-03-12,Z06,9.1,8.8,63.7
2024-03-13,Z06,9.7,9.8,61.0
2024-03-14,Z06,8.9,3.6,66.7
2024-03-15,Z06,9.9,7.9,59.8
2024-03-16,Z06,11.6,1.5,75.2
2024-03-17,Z06,9.5,1.9,56.4
2024-03-18,Z06,6.4,4.5,70.1
2024-03-19,Z06,11.3,6.6,68.6
2024-03-20,Z06,8.6,3.0,65.6
2024-03-21,Z06,12.1,1.5,64.1
2024-03-22,Z06,10.9,17.1,72.9
2024-03-23,Z06,12.8,4.6,75.7
2024-03-24,Z06,9.6,1.6,62.1
2024-03-25,Z06,10.5,4.5,63.7
2024-03-26,Z06,11.0,0.0,60.0
2024-03-27,Z06,9.2,1.3,56.7
2024-03-28,Z06,14.0,2.4,64.6
2024-03-29,Z06,9.3,2.8,63.3
2024-03-30,Z06,14.4,16.6,53.8
2024-03-31,Z06,13.3,4.0,63.9
2024-04-01,Z06,12.4,0.7,62.8
2024-04-02,Z06,13.6,0.1,58.1
2024-04-03,Z06,13.7,0.1,57.6
2024-04-04,Z06,12.6,2.1,62.8
2024-04-05,Z06,14.0,0.4,68.5
2024-04-06,Z06,15.0,0.0,62.2
2024-04-07,Z06,12.2,3.3,63.8
2024-04-08,Z06,14.7,1.2,55.5
2024-04-09,Z06,9.5,29.9,57.4
2024-04-10,Z06,11.0,1.8,62.2
2024-04-11,Z06,15.7,0.2,52.2
2024-04-12,Z06,14.1,1.4,59.7
2024-04-13,Z06,13.5,13.5,60.9
2024-04-14,Z06,15.1,12.2,58.0
2024-04-15,Z06,14.7,0.9,59.5
2024-04-16,Z06,13.8,0.1,58.0
2024-04-17,Z06,12.8,0.0,54.3
2024-04-18,Z06,12.4,3.8,51.3
2024-04-19,Z06,17.5,0.1,56.5
2024-04-20,Z06,15.6,0.6,63.2
2024-04-21,Z06,18.3,0.2,61.5
2024-04-22,Z06,15.9,0.4,54.4
2024-04-23,Z06,17.5,0.4,54.1
2024-04-24,Z06,16.8,3.8,53.4
2024-04-25,Z06,17.3,1.0,53.2
2024-04-26,Z06,17.6,0.0,56.6
2024-04-27,Z06,16.8,0.0,60.2
2024-04-28,Z06,15.6,2.3,65.9
2024-04-29,Z06,19.4,1.9,50.2
2024-04-30,Z06,21.0,3.7,57.4
2024-05-01,Z06,21.3,3.3,56.6
2024-05-02,Z06,17.5,0.1,51.9
2024-05-03,Z06,17.4,0.0,48.2
2024-05-04,Z06,17.9,3.8,54.4
2024-05-05,Z06,18.7,0.2,63.4
2024-05-06,Z06,19.1,0.5,53.9
2024-05-07,Z06,17.6,0.0,48.4
2024-05-08,Z06,16.9,1.1,51.3
2024-05-09,Z06,19.8,1.2,46.1
2024-05-10,Z06,13.5,1.2,51.6
2024-05-11,Z06,19.8,12.5,54.7
2024-05-12,Z06,18.5,0.7,47.6
2024-05-13,Z06,21.7,1.3,34.5
2024-05-14,Z06,22.4,1.3,51.9
2024-05-15,Z06,22.6,9.7,47.8
2024-05-16,Z06,20.2,2.1,46.3
2024-05-17,Z06,18.9,7.4,46.0
2024-05-18,Z06,19.6,0.2,51.6
2024-05-19,Z06,21.8,0.0,47.3
2024-05-20,Z06,18.4,0.4,53.7
2024-05-21,Z06,24.0,6.3,53.6
2024-05-22,Z06,21.1,0.6,47.3
2024-05-23,Z06,22.7,0.4,45.8
2024-05-24,Z06,18.7,4.5,48.8
2024-05-25,Z06,20.4,1.0,47.2
2024-05-26,Z06,18.8,0.8,38.9
2024-05-27,Z06,24.2,0.5,57.1
2024-05-28,Z06,22.2,0.1,50.8
2024-05-29,Z06,23.6,0.0,44.7
2024-05-30,Z06,22.8,7.2,37.2
2024-05-31,Z06,23.7,0.4,45.7
2024-06-01,Z06,22.4,1.8,43.5
2024-06-02,Z06,22.7,0.2,45.9
2024-06-03,Z06,23.0,7.9,35.2
2024-06-04,Z06,24.0,5.0,43.4
2024-06-05,Z06,24.2,12.6,43.5
2024-06-06,Z06,28.6,10.0,44.4
2024-06-07,Z06,26.6,4.2,44.0
2024-06-08,Z06,20.5,1.0,45.2
2024-06-09,Z06,23.5,1.1,52.4
2024-06-10,Z06,23.2,0.6,42.0
2024-06-11,Z06,26.3,5.0,39.9
2024-06-12,Z06,23.5,0.7,35.6
2024-06-13,Z06,25.0,2.8,41.5
2024-06-14,Z06,20.0,1.1,36.9
2024-06-15,Z06,21.6,1.8,48.5
2024-06-16,Z06,28.2,0.3,43.1
2024-06-17,Z06,24.6,7.6,48.1
2024-06-18,Z06,22.7,6.0,50.5
2024-06-19,Z06,25.0,0.1,38.7
2024-06-20,Z06,22.8,0.0,41.2
2024-06-21,Z06,24.2,7.5,49.4
2024-06-22,Z06,22.2,0.2,43.6
2024-06-23,Z06,23.4,1.0,45.1
2024-06-24,Z06,24.1,0.4,47.5
2024-06-25,Z06,26.9,0.9,46.7
2024-06-26,Z06,25.8,5.9,44.1
2024-06-27,Z06,26.2,4.1,48.9
2024-06-28,Z06,25.0,0.0,41.5
2024-06-29,Z06,26.6,4.9,44.3
2024-06-30,Z06,23.5,0.1,40.7
2024-07-01,Z06,23.8,2.7,46.6
2024-07-02,Z06,25.9,0.4,37.8
2024-07-03,Z06,24.7,9.0,32.8
2024-07-04,Z06,25.2,0.6,44.4
2024-07-05,Z06,24.9,0.8,35.9
2024-07-06,Z06,27.5,0.1,35.4
2024-07-07,Z06,27.6,0.5,47.2
2024-07-08,Z06,24.1,2.9,45.6
2024-07-09,Z06,22.1,0.2,39.0
2024-07-10,Z06,24.0,0.7,25.4
2024-07-11,Z06,23.6,0.1,43.2
2024-07-12,Z06,26.7,1.9,43.8
2024-07-13,Z06,26.9,0.0,43.0
2024-07-14,Z06,23.4,0.0,42.7
2024-07-15,Z06,23.8,0.2,39.4
2024-07-16,Z06,22.5,0.8,38.2
2024-07-17,Z06,25.4,1.2,34.7
2024-07-18,Z06,25.1,1.8,36.7
2024-07-19,Z06,26.5,0.5,41.7
2024-07-20,Z06,26.0,3.4,41.8
2024-07-21,Z06,26.1,1.6,44.0
2024-07-22,Z06,22.2,0.2,33.0
2024-07-23,Z06,23.8,0.0,31.7
2024-07-24,Z06,26.6,0.1,38.1
2024-07-25,Z06,23.9,6.6,34.9
2024-07-26,Z06,21.9,2.9,40.9
2024-07-27,Z06,26.2,2.3,33.5
2024-07-28,Z06,23.7,1.1,45.9
2024-07-29,Z06,26.5,1.3,35.9
2024-07-30,Z06,24.5,1.0,48.0
2024-07-31,Z06,24.0,1.8,42.7
2024-08-01,Z06,26.9,0.3,34.8
2024-08-02,Z06,22.0,4.4,50.6
2024-08-03,Z06,26.9,3.2,41.4
2024-08-04,Z06,23.0,1.6,41.0
2024-08-05,Z06,24.4,2.0,39.9
2024-08-06,Z06,24.3,0.0,42.6
2024-08-07,Z06,23.2,0.1,42.9
2024-08-08,Z06,22.5,0.2,36.0
2024-08-09,Z06,23.1,0.2,39.3
2024-08-10,Z06,21.8,0.4,41.0
2024-08-11,Z06,27.1,0.0,43.4
2024-08-12,Z06,22.6,1.4,43.6
2024-08-13,Z06,25.4,0.1,41.5
2024-08-14,Z06,25.1,3.6,38.0
2024-08-15,Z06,23.8,0.2,37.8
2024-08-16,Z06,22.8,0.5,34.9
2024-08-17,Z06,23.3,1.6,44.0
2024-08-18,Z06,23.8,2.7,38.0
2024-08-19,Z06,22.8,1.1,40.2
2024-08-20,Z06,19.7,0.5,42.5
2024-08-21,Z06,19.1,0.8,41.4
2024-08-22,Z06,25.0,2.3,41.5
2024-08-23,Z06,17.4,1.7,37.1
2024-08-24,Z06,22.4,0.2,43.1
2024-08-25,Z06,21.5,1.4,40.3
2024-08-26,Z06,22.0,0.0,41.6
2024-08-27,Z06,19.6,0.1,47.9
2024-08-28,Z06,22.1,0.1,44.8
2024-08-29,Z06,21.7,0.3,39.5
2024-08-30,Z06,26.1,2.9,41.8
2024-08-31,Z06,21.3,2.0,50.7
2024-09-01,Z06,23.3,2.7,41.3
2024-09-02,Z06,18.0,0.0,43.2
2024-09-03,Z06,22.4,3.4,46.5
2024-09-04,Z06,20.8,0.1,44.4
2024-09-05,Z06,20.7,5.2,41.6
2024-09-06,Z06,20.6,0.1,39.9
2024-09-07,Z06,23.0,2.1,43.7
2024-09-08,Z06,20.2,0.7,47.3
2024-09-09,Z06,18.2,0.4,50.7
2024-09-10,Z06,18.3,1.9,37.0
2024-09-11,Z06,20.7,0.0,53.3
2024-09-12,Z06,19.9,0.2,43.3
2024-09-13,Z06,16.2,0.9,49.5
2024-09-14,Z06,19.7,0.2,41.4
2024-09-15,Z06,16.6,0.1,37.2
2024-09-16,Z06,19.2,0.7,38.9
2024-09-17,Z06,16.8,1.7,44.0
2024-09-18,Z06,17.6,1.4,48.5
2024-09-19,Z06,16.9,4.0,46.2
2024-09-20,Z06,20.4,0.1,45.0
2024-09-21,Z06,18.2,0.3,52.1
2024-09-22,Z06,19.6,6.3,46.7
2024-09-23,Z06,22.4,0.2,48.3
2024-09-24,Z06,17.1,12.5,62.7
2024-09-25,Z06,19.5,0.4,47.3
2024-09-26,Z06,15.3,0.8,44.1
2024-09-27,Z06,18.7,3.6,50.2
2024-09-28,Z06,14.8,0.8,51.7
2024-09-29,Z06,16.0,2.6,49.8
2024-09-30,Z06,16.8,3.3,49.3
2024-10-01,Z06,16.9,0.3,56.2
2024-10-02,Z06,13.2,0.5,55.8
2024-10-03,Z06,13.7,5.0,48.6
2024-10-04,Z06,16.2,6.9,46.2
2024-10-05,Z06,14.3,14.9,51.8
2024-10-06,Z06,12.2,0.8,46.7
2024-10-07,Z06,14.4,0.5,54.6
2024-10-08,Z06,14.1,0.6,52.5
2024-10-09,Z06,14.5,0.0,64.0
2024-10-10,Z06,14.9,0.1,58.3
2024-10-11,Z06,14.6,1.8,45.8
2024-10-12,Z06,12.2,8.3,48.8
2024-10-13,Z06,12.7,4.5,42.1
2024-10-14,Z06,14.9,0.1,41.2
2024-10-15,Z06,12.1,0.1,52.7
2024-10-16,Z06,12.1,13.5,46.5
2024-10-17,Z06,9.9,4.1,60.9
2024-10-18,Z06,12.4,0.5,58.7
2024-10-19,Z06,12.9,2.5,51.8
2024-10-20,Z06,8.5,3.3,51.8
2024-10-21,Z06,10.0,0.4,61.1
2024-10-22,Z06,9.2,4.4,62.5
2024-10-23,Z06,13.0,1.7,49.6
2024-10-24,Z06,7.9,5.9,49.2
2024-10-25,Z06,11.0,0.2,53.2
2024-10-26,Z06,12.3,0.8,57.2
2024-10-27,Z06,11.2,1.7,52.7
2024-10-28,Z06,9.8,4.3,57.8
2024-10-29,Z06,11.1,5.8,65.5
2024-10-30,Z06,12.1,5.4,49.0
2024-10-31,Z06,9.9,0.3,54.1
2024-11-01,Z06,5.9,0.0,49.6
2024-11-02,Z06,11.8,6.5,52.6
2024-11-03,Z06,10.3,0.0,55.6
2024-11-04,Z06,9.4,0.2,53.7
2024-11-05,Z06,5.7,0.9,60.2
2024-11-06,Z06,8.5,1.3,58.6
2024-11-07,Z06,7.3,1.2,59.6
2024-11-08,Z06,6.6,0.5,56.8
2024-11-09,Z06,8.3,4.1,57.5
2024-11-10,Z06,7.5,3.5,57.1
2024-11-11,Z06,7.4,1.7,57.8
2024-11-12,Z06,9.4,0.0,61.4
2024-11-13,Z06,8.4,3.4,50.0
2024-11-14,Z06,6.9,1.1,61.3
2024-11-15,Z06,6.5,0.0,55.7
2024-11-16,Z06,6.7,7.4,58.6
2024-11-17,Z06,6.9,2.6,52.7
2024-11-18,Z06,8.2,0.1,59.0
2024-11-19,Z06,5.2,0.4,62.4
2024-11-20,Z06,9.5,6.1,63.5
2024-11-21,Z06,7.8,3.3,55.6
2024-11-22,Z06,1.7,0.2,63.8
2024-11-23,Z06,6.7,3.8,67.7
2024-11-24,Z06,8.2,0.5,59.7
2024-11-25,Z06,6.9,2.0,62.4
2024-11-26,Z06,5.4,0.5,52.3
2024-11-27,Z06,5.9,1.7,58.4
2024-11-28,Z06,6.2,2.1,64.4
2024-11-29,Z06,7.1,1.0,68.1
2024-11-30,Z06,3.1,1.3,60.5
2024-12-01,Z06,4.4,0.0,77.1
2024-12-02,Z06,8.3,0.1,65.5
2024-12-03,Z06,5.3,3.3,57.8
2024-12-04,Z06,7.9,2.5,70.8
2024-12-05,Z06,10.4,0.6,58.3
2024-12-06,Z06,4.1,0.1,66.4
2024-12-07,Z06,2.7,0.0,60.3
2024-12-08,Z06,4.3,1.8,58.3
2024-12-09,Z06,6.6,1.1,70.1
2024-12-10,Z06,6.8,5.5,64.2
2024-12-11,Z06,8.6,0.0,74.3
2024-12-12,Z06,4.3,12.8,60.8
2024-12-13,Z06,5.2,0.5,58.2
2024-12-14,Z06,3.0,0.5,63.8
2024-12-15,Z06,-0.3,1.2,80.8
2024-12-16,Z06,4.0,8.4,70.7
2024-12-17,Z06,1.9,0.1,69.5
2024-12-18,Z06,5.1,3.8,69.8
2024-12-19,Z06,0.5,0.0,64.6
2024-12-20,Z06,2.5,12.5,80.8
2024-12-21,Z06,4.3,1.4,69.6
2024-12-22,Z06,4.4,1.6,69.3
2024-12-23,Z06,3.6,9.8,72.5
2024-12-24,Z06,7.0,1.4,61.4
2024-12-25,Z06,6.4,1.1,63.5
2024-12-26,Z06,2.3,0.1,66.8
2024-12-27,Z06,6.4,0.5,73.1
2024-12-28,Z06,6.6,0.5,61.8
2024-12-29,Z06,3.2,5.5,68.0
2024-12-30,Z06,3.5,11.8,67.5
2024-12-31,Z06,3.3,2.9,60.7
2025-01-01,Z06,2.2,5.0,66.1
2025-01-02,Z06,2.4,3.5,71.4
2025-01-03,Z06,5.7,4.8,61.4
2025-01-04,Z06,4.1,2.9,76.0
2025-01-05,Z06,2.3,6.7,71.3
2025-01-06,Z06,1.6,1.0,70.8
2025-01-07,Z06,1.9,0.0,69.2
2025-01-08,Z06,3.0,0.6,63.8
2025-01-09,Z06,4.9,8.6,66.1
2025-01-10,Z06,1.7,13.0,71.2
2025-01-11,Z06,4.9,8.6,66.2
2025-01-12,Z06,3.6,5.7,70.5
2025-01-13,Z06,3.5,0.0,65.1
2025-01-14,Z06,5.2,5.4,71.9
2025-01-15,Z06,4.8,4.0,72.4
2025-01-16,Z06,0.8,0.0,61.6
2025-01-17,Z06,1.4,10.7,70.1
2025-01-18,Z06,3.0,0.3,62.2
2025-01-19,Z06,4.1,6.3,60.6
2025-01-20,Z06,5.9,0.1,66.9
2025-01-21,Z06,3.6,10.9,83.9
2025-01-22,Z06,6.6,0.5,73.8
2025-01-23,Z06,2.3,0.4,76.9
2025-01-24,Z06,2.7,3.2,73.0
2025-01-25,Z06,3.1,11.3,71.0
2025-01-26,Z06,2.3,3.3,74.5
2025-01-27,Z06,5.9,0.0,66.8
2025-01-28,Z06,-1.1,6.1,72.3
2025-01-29,Z06,3.0,0.1,75.9
2025-01-30,Z06,6.1,5.2,73.5
2025-01-31,Z06,3.5,5.0,76.2
2025-02-01,Z06,6.1,6.2,70.8
2025-02-02,Z06,8.2,0.4,78.4
2025-02-03,Z06,4.4,1.7,68.8
2025-02-04,Z06,6.5,10.4,80.4
2025-02-05,Z06,8.8,3.6,72.7
2025-02-06,Z06,5.3,2.2,67.8
2025-02-07,Z06,4.5,0.7,63.8
2025-02-08,Z06,6.3,0.0,65.6
2025-02-09,Z06,6.9,4.5,64.8
2025-02-10,Z06,4.8,3.4,69.1
2025-02-11,Z06,4.1,9.7,63.1
2025-02-12,Z06,8.2,1.1,75.8
2025-02-13,Z06,4.7,3.8,69.9
2025-02-14,Z06,7.5,1.5,69.6
2025-02-15,Z06,5.9,2.0,63.3
2025-02-16,Z06,8.8,7.3,65.2
2025-02-17,Z06,4.1,0.5,57.9
2025-02-18,Z06,4.3,10.0,77.0
2025-02-19,Z06,7.5,2.2,61.7
2025-02-20,Z06,4.0,0.0,61.9
2025-02-21,Z06,6.4,0.2,75.6
2025-02-22,Z06,9.1,0.0,70.4
2025-02-23,Z06,3.2,12.5,68.9
2025-02-24,Z06,7.3,1.3,69.9
2025-02-25,Z06,8.9,4.4,72.8
2025-02-26,Z06,6.8,0.3,68.4
2025-02-27,Z06,5.3,4.3,60.1
2025-02-28,Z06,6.7,0.1,71.3
2025-03-01,Z06,5.8,2.5,69.7
2025-03-02,Z06,7.5,0.6,73.3
2025-03-03,Z06,7.1,4.4,61.0
2025-03-04,Z06,6.8,3.3,63.5
2025-03-05,Z06,8.7,1.7,68.9
2025-03-06,Z06,10.9,6.1,62.1
2025-03-07,Z06,8.8,19.0,54.9
2025-03-08,Z06,10.8,10.7,67.4
2025-03-09,Z06,11.3,1.5,70.8
2025-03-10,Z06,7.6,14.9,65.5
2025-03-11,Z06,9.3,13.7,68.7
2025-03-12,Z06,8.2,6.0,67.8
2025-03-13,Z06,6.5,2.5,65.6
2025-03-14,Z06,10.0,6.8,66.1
2025-03-15,Z06,7.6,2.2,72.0
2025-03-16,Z06,10.5,5.0,60.2
2025-03-17,Z06,7.0,0.5,68.7
2025-03-18,Z06,10.3,1.2,58.7
2025-03-19,Z06,7.4,4.5,60.5
2025-03-20,Z06,11.6,1.5,70.2
2025-03-21,Z06,9.8,2.9,58.0
2025-03-22,Z06,9.8,0.4,62.6
2025-03-23,Z06,12.9,0.0,75.4
2025-03-24,Z06,10.5,7.3,68.5
2025-03-25,Z06,11.5,7.1,59.5
2025-03-26,Z06,11.1,1.1,60.1
2025-03-27,Z06,12.5,11.4,61.9
2025-03-28,Z06,13.7,6.2,69.1
2025-03-29,Z06,13.5,0.9,57.3
2025-03-30,Z06,11.3,14.4,56.8
2025-03-31,Z06,14.6,5.3,65.4
2025-04-01,Z06,10.9,0.8,53.2
2025-04-02,Z06,11.4,0.7,56.8
2025-04-03,Z06,12.7,12.9,60.7
2025-04-04,Z06,15.0,0.0,60.7
2025-04-05,Z06,11.2,4.2,53.8
2025-04-06,Z06,15.1,1.7,62.2
2025-04-07,Z06,13.6,16.4,63.0
2025-04-08,Z06,13.1,0.2,56.6
2025-04-09,Z06,16.0,7.4,68.0
2025-04-10,Z06,12.8,0.4,61.1
2025-04-11,Z06,18.6,2.5,54.2
2025-04-12,Z06,14.3,8.4,67.1
2025-04-13,Z06,15.1,9.1,56.1
2025-04-14,Z06,17.8,0.6,59.3
2025-04-15,Z06,15.5,4.6,55.8
2025-04-16,Z06,17.5,0.4,61.1
2025-04-17,Z06,12.1,3.4,55.3
2025-04-18,Z06,15.0,0.6,55.3
2025-04-19,Z06,16.7,4.0,56.4
2025-04-20,Z06,18.1,0.5,54.4
2025-04-21,Z06,17.7,4.4,62.0
2025-04-22,Z06,17.7,9.0,50.1
2025-04-23,Z06,18.6,7.2,56.0
2025-04-24,Z06,17.7,4.2,56.4
2025-04-25,Z06,13.2,3.0,55.0
2025-04-26,Z06,19.8,0.1,60.2
2025-04-27,Z06,15.9,1.6,47.6
2025-04-28,Z06,18.2,0.0,57.7
2025-04-29,Z06,18.1,1.1,48.4
2025-04-30,Z06,18.1,0.9,51.8
2025-05-01,Z06,16.2,1.8,47.4
2025-05-02,Z06,14.8,2.4,52.2
2025-05-03,Z06,16.7,5.3,50.7
2025-05-04,Z06,20.2,0.5,61.5
2025-05-05,Z06,16.2,7.7,54.3
2025-05-06,Z06,17.4,0.2,55.0
2025-05-07,Z06,19.9,1.0,47.0
2025-05-08,Z06,17.5,0.1,56.0
2025-05-09,Z06,18.5,2.7,60.2
2025-05-10,Z06,19.8,0.0,56.1
2025-05-11,Z06,20.4,7.0,45.0
2025-05-12,Z06,18.1,1.2,49.0
2025-05-13,Z06,20.4,0.0,51.6
2025-05-14,Z06,21.1,0.7,47.9
2025-05-15,Z06,18.2,0.1,63.2
2025-05-16,Z06,21.0,2.2,47.9
2025-05-17,Z06,19.5,8.3,49.8
2025-05-18,Z06,21.2,6.0,46.8
2025-05-19,Z06,22.4,1.5,50.7
2025-05-20,Z06,20.9,2.9,56.2
2025-05-21,Z06,23.0,0.2,49.7
2025-05-22,Z06,23.0,7.8,47.8
2025-05-23,Z06,23.3,1.4,43.3
2025-05-24,Z06,22.5,0.2,54.4
2025-05-25,Z06,23.9,3.5,47.4
2025-05-26,Z06,22.8,0.4,47.0
2025-05-27,Z06,19.2,0.0,36.0
2025-05-28,Z06,20.9,0.7,46.8
2025-05-29,Z06,22.1,0.9,45.3
2025-05-30,Z06,22.4,0.7,37.9
2025-05-31,Z06,23.4,2.6,51.8
2025-06-01,Z06,21.4,0.4,43.9
2025-06-02,Z06,26.6,2.3,55.9
2025-06-03,Z06,22.9,1.8,53.3
2025-06-04,Z06,23.2,1.5,42.4
2025-06-05,Z06,22.1,0.0,52.6
2025-06-06,Z06,21.6,0.2,53.6
2025-06-07,Z06,23.3,0.2,42.6
2025-06-08,Z06,23.7,0.3,40.0
2025-06-09,Z06,23.5,2.2,34.2
2025-06-10,Z06,26.8,0.0,46.7
2025-06-11,Z06,23.7,0.3,39.7
2025-06-12,Z06,23.8,0.1,46.5
2025-06-13,Z06,25.5,0.1,41.4
2025-06-14,Z06,23.8,1.8,40.2
2025-06-15,Z06,25.2,1.8,41.1
2025-06-16,Z06,22.0,3.3,37.2
2025-06-17,Z06,22.1,2.2,40.7
2025-06-18,Z06,24.7,0.5,39.7
2025-06-19,Z06,24.1,9.3,43.1
2025-06-20,Z06,23.1,0.3,43.6
2025-06-21,Z06,24.9,0.1,37.5
2025-06-22,Z06,25.1,0.5,48.3
2025-06-23,Z06,23.5,0.0,41.8
2025-06-24,Z06,23.9,0.0,50.0
2025-06-25,Z06,25.3,0.1,43.5
2025-06-26,Z06,23.1,0.1,42.5
2025-06-27,Z06,23.9,0.1,39.6
2025-06-28,Z06,26.0,0.1,45.0
2025-06-29,Z06,25.0,1.3,42.0
2025-06-30,Z06,24.2,1.6,46.0
2025-07-01,Z06,23.5,0.1,49.6
2025-07-02,Z06,23.3,0.8,37.8
2025-07-03,Z06,24.9,0.7,44.4
2025-07-04,Z06,28.8,0.0,44.2
2025-07-05,Z06,26.2,0.5,43.4
2025-07-06,Z06,22.8,0.5,38.9
2025-07-07,Z06,26.5,0.9,38.9
2025-07-08,Z06,23.9,0.0,37.9
2025-07-09,Z06,25.2,1.9,37.8
2025-07-10,Z06,24.2,1.2,36.5
2025-07-11,Z06,28.9,1.1,40.1
2025-07-12,Z06,23.2,0.0,36.8
2025-07-13,Z06,25.8,0.0,42.7
2025-07-14,Z06,24.0,0.0,40.7
2025-07-15,Z06,26.6,6.6,41.2
2025-07-16,Z06,25.7,0.1,38.9
2025-07-17,Z06,27.4,3.9,40.6
2025-07-18,Z06,26.5,0.2,39.0
2025-07-19,Z06,23.9,0.8,44.1
2025-07-20,Z06,30.4,1.0,37.9
2025-07-21,Z06,26.1,0.8,42.0
2025-07-22,Z06,24.0,0.8,33.5
2025-07-23,Z06,25.4,6.2,43.6
2025-07-24,Z06,26.1,0.4,37.2
2025-07-25,Z06,26.0,0.8,35.5
2025-07-26,Z06,25.8,0.0,34.3
2025-07-27,Z06,26.5,1.6,33.9
2025-07-28,Z06,26.3,4.1,37.6
2025-07-29,Z06,23.2,2.4,47.5
2025-07-30,Z06,28.4,0.6,36.8
2025-07-31,Z06,28.1,5.6,29.0
2025-08-01,Z06,25.9,0.1,41.9
2025-08-02,Z06,24.5,0.5,34.5
2025-08-03,Z06,24.5,0.6,44.2
2025-08-04,Z06,23.7,1.9,38.0
2025-08-05,Z06,23.8,0.0,38.8
2025-08-06,Z06,20.2,0.3,46.2
2025-08-07,Z06,26.8,3.3,43.3
2025-08-08,Z06,26.1,0.9,34.0
2025-08-09,Z06,20.8,3.4,34.8
2025-08-10,Z06,25.4,9.4,31.5
2025-08-11,Z06,23.6,0.0,53.5
2025-08-12,Z06,23.2,2.1,36.2
2025-08-13,Z06,24.3,0.0,46.4
2025-08-14,Z06,20.2,0.9,38.0
2025-08-15,Z06,23.2,1.6,35.3
2025-08-16,Z06,23.3,3.3,40.9
2025-08-17,Z06,23.2,4.3,39.3
2025-08-18,Z06,20.4,0.0,45.0
2025-08-19,Z06,23.6,0.5,45.2
2025-08-20,Z06,24.6,2.4,38.2
2025-08-21,Z06,23.3,0.0,34.1
2025-08-22,Z06,22.0,3.5,35.4
2025-08-23,Z06,27.1,0.9,30.1
2025-08-24,Z06,20.5,1.5,40.2
2025-08-25,Z06,23.4,0.1,41.7
2025-08-26,Z06,22.3,0.3,36.1
2025-08-27,Z06,25.4,7.1,35.7
2025-08-28,Z06,22.3,7.1,42.0
2025-08-29,Z06,22.5,0.7,39.1
2025-08-30,Z06,22.2,0.1,41.3
2025-08-31,Z06,19.3,0.2,40.7
2025-09-01,Z06,19.5,0.4,43.9
2025-09-02,Z06,20.4,0.3,40.0
2025-09-03,Z06,22.4,0.0,40.5
2025-09-04,Z06,21.0,2.7,33.7
2025-09-05,Z06,20.0,0.5,43.0
2025-09-06,Z06,22.7,0.7,43.9
2025-09-07,Z06,16.5,0.5,42.7
2025-09-08,Z06,17.6,0.2,53.4
2025-09-09,Z06,15.3,1.2,44.8
2025-09-10,Z06,21.8,0.1,43.4
2025-09-11,Z06,19.3,5.6,46.8
2025-09-12,Z06,21.0,0.2,55.1
2025-09-13,Z06,18.9,2.0,46.0
2025-09-14,Z06,20.8,1.8,33.8
2025-09-15,Z06,18.5,0.1,47.2
2025-09-16,Z06,19.3,5.1,40.9
2025-09-17,Z06,18.9,4.3,35.9
2025-09-18,Z06,18.8,1.0,54.2
2025-09-19,Z06,21.1,0.0,53.3
2025-09-20,Z06,15.0,2.5,41.6
2025-09-21,Z06,17.6,0.0,41.8
2025-09-22,Z06,17.9,0.9,47.3
2025-09-23,Z06,17.4,0.1,42.3
2025-09-24,Z06,16.4,2.6,46.3
2025-09-25,Z06,16.0,0.8,43.6
2025-09-26,Z06,19.5,0.1,45.4
2025-09-27,Z06,16.5,0.1,40.6
2025-09-28,Z06,20.8,8.0,52.0
2025-09-29,Z06,17.2,0.0,54.1
2025-09-30,Z06,15.5,0.4,47.8
2025-10-01,Z06,16.9,3.1,48.3
2025-10-02,Z06,15.9,0.1,51.9
2025-10-03,Z06,17.9,4.4,49.0
2025-10-04,Z06,13.2,0.8,57.9
2025-10-05,Z06,11.9,1.7,42.9
2025-10-06,Z06,15.6,0.2,54.0
2025-10-07,Z06,16.2,2.5,49.4
2025-10-08,Z06,15.1,1.0,44.6
2025-10-09,Z06,15.6,1.8,61.7
2025-10-10,Z06,15.1,3.0,62.6
2025-10-11,Z06,11.3,9.4,49.9
2025-10-12,Z06,14.3,9.3,53.4
2025-10-13,Z06,16.0,0.8,49.1
2025-10-14,Z06,13.7,11.5,50.1
2025-10-15,Z06,10.9,1.4,46.3
2025-10-16,Z06,12.4,0.0,45.8
2025-10-17,Z06,13.8,24.7,61.7
2025-10-18,Z06,15.9,1.5,52.5
2025-10-19,Z06,8.9,0.0,53.2
2025-10-20,Z06,12.9,3.3,49.1
2025-10-21,Z06,10.4,2.5,54.4
2025-10-22,Z06,12.8,0.3,46.2
2025-10-23,Z06,12.8,6.0,50.1
2025-10-24,Z06,11.1,2.3,48.2
2025-10-25,Z06,12.5,0.0,60.9
2025-10-26,Z06,13.2,1.1,46.5
2025-10-27,Z06,10.7,0.0,49.1
2025-10-28,Z06,8.4,1.8,45.0
2025-10-29,Z06,13.2,0.6,51.1
2025-10-30,Z06,11.9,0.3,53.5
2025-10-31,Z06,11.3,3.4,60.9
2025-11-01,Z06,8.9,0.5,55.2
2025-11-02,Z06,11.7,2.5,54.5
2025-11-03,Z06,13.4,1.1,58.3
2025-11-04,Z06,9.4,0.7,54.8
2025-11-05,Z06,9.6,7.0,69.4
2025-11-06,Z06,7.3,0.7,54.6
2025-11-07,Z06,7.8,2.0,59.9
2025-11-08,Z06,7.0,1.0,62.2
2025-11-09,Z06,9.0,2.6,55.2
2025-11-10,Z06,8.0,0.2,59.4
2025-11-11,Z06,9.1,4.6,56.3
2025-11-12,Z06,6.7,0.4,60.4
2025-11-13,Z06,7.8,1.4,59.8
2025-11-14,Z06,6.2,1.2,58.9
2025-11-15,Z06,8.1,0.3,54.0
2025-11-16,Z06,4.7,2.7,69.4
2025-11-17,Z06,7.8,0.4,63.2
2025-11-18,Z06,6.8,0.1,52.6
2025-11-19,Z06,7.5,0.9,58.7
2025-11-20,Z06,4.1,0.1,53.2
2025-11-21,Z06,8.1,7.9,65.1
2025-11-22,Z06,6.2,4.8,61.4
2025-11-23,Z06,7.0,0.0,61.7
2025-11-24,Z06,3.1,1.1,57.7
2025-11-25,Z06,4.1,4.5,60.6
2025-11-26,Z06,5.5,0.3,66.3
2025-11-27,Z06,8.6,0.2,67.9
2025-11-28,Z06,6.9,2.8,67.1
2025-11-29,Z06,6.1,0.8,55.3
2025-11-30,Z06,4.1,2.9,62.4
2025-12-01,Z06,3.6,0.8,64.8
2025-12-02,Z06,6.0,0.3,60.0
2025-12-03,Z06,6.6,2.3,55.6
2025-12-04,Z06,5.7,1.8,57.7
2025-12-05,Z06,8.2,8.1,71.8
2025-12-06,Z06,3.8,3.3,58.6
2025-12-07,Z06,5.3,24.8,65.0
2025-12-08,Z06,1.8,1.0,64.1
2025-12-09,Z06,5.1,4.0,64.3
2025-12-10,Z06,7.3,4.5,63.7
2025-12-11,Z06,2.7,1.5,69.4
2025-12-12,Z06,6.0,10.7,65.9
2025-12-13,Z06,7.0,9.0,62.7
2025-12-14,Z06,3.1,1.1,66.3
2025-12-15,Z06,5.1,3.6,59.8
2025-12-16,Z06,7.0,1.3,68.8
2025-12-17,Z06,4.5,1.4,63.1
2025-12-18,Z06,5.4,21.7,63.6
2025-12-19,Z06,0.8,0.1,69.4
2025-12-20,Z06,5.0,1.8,65.0
2025-12-21,Z06,4.8,7.2,65.4
2025-12-22,Z06,1.4,1.2,73.2
2025-12-23,Z06,2.0,1.9,62.6
2025-12-24,Z06,4.7,15.3,70.1
2025-12-25,Z06,3.1,17.5,72.5
2025-12-26,Z06,5.6,1.4,73.7
2025-12-27,Z06,4.1,10.3,78.9
2025-12-28,Z06,3.6,0.7,64.9
2025-12-29,Z06,3.1,5.6,63.9
2025-12-30,Z06,3.9,0.5,72.5
2025-12-31,Z06,4.8,11.2,73.2
2023-01-01,Z07,6.3,16.4,72.9
2023-01-02,Z07,8.6,1.3,65.3
2023-01-03,Z07,12.6,0.0,64.4
2023-01-04,Z07,7.8,0.6,67.7
2023-01-05,Z07,9.3,0.9,63.1
2023-01-06,Z07,10.5,1.4,68.9
2023-01-07,Z07,12.1,2.3,69.7
2023-01-08,Z07,8.1,0.4,68.9
2023-01-09,Z07,9.9,2.6,67.5
2023-01-10,Z07,6.2,0.3,77.7
2023-01-11,Z07,7.7,0.1,74.2
2023-01-12,Z07,6.8,0.6,69.1
2023-01-13,Z07,4.3,0.1,70.1
2023-01-14,Z07,4.8,2.1,76.5
2023-01-15,Z07,8.5,0.2,66.8
2023-01-16,Z07,8.5,4.2,64.9
2023-01-17,Z07,5.9,0.5,70.9
2023-01-18,Z07,10.6,1.1,71.9
2023-01-19,Z07,5.8,24.4,72.3
2023-01-20,Z07,8.3,2.9,74.1
2023-01-21,Z07,7.1,1.2,66.3
2023-01-22,Z07,8.1,0.1,62.9
2023-01-23,Z07,9.6,0.3,67.1
2023-01-24,Z07,9.4,1.2,72.9
2023-01-25,Z07,9.3,6.8,65.4
2023-01-26,Z07,9.1,11.3,60.3
2023-01-27,Z07,5.9,3.3,70.7
2023-01-28,Z07,10.3,0.6,67.2
2023-01-29,Z07,6.4,2.8,61.3
2023-01-30,Z07,8.2,4.5,70.3
2023-01-31,Z07,7.8,0.3,68.0
2023-02-01,Z07,9.1,0.1,78.3
2023-02-02,Z07,7.7,1.1,70.3
2023-02-03,Z07,8.4,17.6,72.8
2023-02-04,Z07,11.6,5.7,69.7
2023-02-05,Z07,6.5,0.1,66.8
2023-02-06,Z07,8.9,2.3,67.3
2023-02-07,Z07,7.0,7.7,75.1
2023-02-08,Z07,10.3,4.0,73.4
2023-02-09,Z07,7.9,0.5,62.1
2023-02-10,Z07,9.3,12.4,63.3
2023-02-11,Z07,7.0,10.3,63.5
2023-02-12,Z07,11.8,7.4,74.7
2023-02-13,Z07,9.7,0.6,60.6
2023-02-14,Z07,9.9,4.2,73.2
2023-02-15,Z07,11.3,0.9,71.1
2023-02-16,Z07,7.7,14.0,69.8
2023-02-17,Z07,8.9,0.9,66.6
2023-02-18,Z07,10.5,0.0,74.8
2023-02-19,Z07,7.1,10.6,69.3
2023-02-20,Z07,7.4,0.0,61.4
2023-02-21,Z07,9.1,0.1,62.5
2023-02-22,Z07,8.6,12.7,60.2
2023-02-23,Z07,10.2,0.3,74.3
2023-02-24,Z07,11.9,0.3,75.3
2023-02-25,Z07,12.4,5.8,73.5
2023-02-26,Z07,14.5,0.0,67.2
2023-02-27,Z07,11.3,3.8,60.7
2023-02-28,Z07,11.8,2.6,62.4
2023-03-01,Z07,11.6,4.9,62.6
2023-03-02,Z07,12.4,1.9,67.2
2023-03-03,Z07,12.6,10.0,74.2
2023-03-04,Z07,13.7,5.0,74.0
2023-03-05,Z07,13.9,5.5,64.5
2023-03-06,Z07,13.3,12.6,55.6
2023-03-07,Z07,15.3,0.8,60.8
2023-03-08,Z07,12.8,18.6,72.4
2023-03-09,Z07,11.8,32.2,67.4
2023-03-10,Z07,12.2,3.1,64.3
2023-03-11,Z07,13.0,0.0,63.8
2023-03-12,Z07,11.4,0.2,62.0
2023-03-13,Z07,12.4,22.8,59.6
2023-03-14,Z07,11.6,13.6,75.8
2023-03-15,Z07,14.5,0.3,73.8
2023-03-16,Z07,14.7,11.0,60.9
2023-03-17,Z07,11.0,5.1,56.1
2023-03-18,Z07,13.2,0.8,65.5
2023-03-19,Z07,17.8,5.9,63.7
2023-03-20,Z07,15.9,1.1,67.4
2023-03-21,Z07,15.7,1.4,68.3
2023-03-22,Z07,13.9,4.2,58.0
2023-03-23,Z07,15.8,22.0,70.0
2023-03-24,Z07,15.4,25.6,61.6
2023-03-25,Z07,14.2,12.7,66.2
2023-03-26,Z07,14.9,3.0,61.7
2023-03-27,Z07,15.2,0.4,67.4
2023-03-28,Z07,13.5,5.5,50.7
2023-03-29,Z07,14.0,2.7,66.0
2023-03-30,Z07,16.2,0.0,57.9
2023-03-31,Z07,15.2,10.7,62.2
2023-04-01,Z07,16.4,1.6,67.8
2023-04-02,Z07,14.2,0.0,57.4
2023-04-03,Z07,18.7,3.5,56.3
2023-04-04,Z07,21.2,12.7,59.0
2023-04-05,Z07,19.5,0.8,58.5
2023-04-06,Z07,19.9,0.6,55.2
2023-04-07,Z07,19.2,0.3,60.7
2023-04-08,Z07,18.7,1.2,60.7
2023-04-09,Z07,18.6,1.0,62.0
2023-04-10,Z07,17.0,23.0,55.4
2023-04-11,Z07,20.1,0.1,54.5
2023-04-12,Z07,20.1,7.9,58.4
2023-04-13,Z07,18.4,5.8,57.5
2023-04-14,Z07,20.3,0.3,57.3
2023-04-15,Z07,18.3,1.5,54.7
2023-04-16,Z07,18.6,0.2,59.6
2023-04-17,Z07,21.3,4.5,53.0
2023-04-18,Z07,20.9,1.2,56.8
2023-04-19,Z07,19.9,4.3,55.7
2023-04-20,Z07,19.9,0.7,56.8
2023-04-21,Z07,21.0,1.9,62.6
2023-04-22,Z07,17.6,3.0,49.8
2023-04-23,Z07,19.7,0.0,44.2
2023-04-24,Z07,19.0,0.7,52.9
2023-04-25,Z07,21.5,5.4,49.9
2023-04-26,Z07,23.6,2.3,40.3
2023-04-27,Z07,22.7,2.3,63.9
2023-04-28,Z07,21.1,1.2,57.7
2023-04-29,Z07,20.9,1.9,57.9
2023-04-30,Z07,21.0,1.6,52.9
2023-05-01,Z07,26.1,0.1,56.2
2023-05-02,Z07,22.8,0.0,51.7
2023-05-03,Z07,23.2,4.8,57.7
2023-05-04,Z07,19.2,0.1,54.3
2023-05-05,Z07,21.1,1.4,52.9
2023-05-06,Z07,23.3,1.6,53.0
2023-05-07,Z07,22.7,1.0,59.9
2023-05-08,Z07,24.0,13.0,53.1
2023-05-09,Z07,24.1,0.0,46.9
2023-05-10,Z07,25.1,4.7,53.5
2023-05-11,Z07,20.9,1.2,54.0
2023-05-12,Z07,22.4,0.3,50.6
2023-05-13,Z07,24.4,0.1,50.8
2023-05-14,Z07,23.5,6.1,45.5
2023-05-15,Z07,24.3,1.9,51.0
2023-05-16,Z07,25.2,5.9,44.2
2023-05-17,Z07,23.8,1.4,48.8
2023-05-18,Z07,25.7,1.3,46.5
2023-05-19,Z07,26.4,0.5,54.5
2023-05-20,Z07,25.7,0.8,57.1
2023-05-21,Z07,27.1,1.4,43.4
2023-05-22,Z07,22.0,0.0,48.8
2023-05-23,Z07,25.0,0.2,47.1
2023-05-24,Z07,27.8,0.0,50.7
2023-05-25,Z07,24.8,1.1,48.6
2023-05-26,Z07,24.7,0.8,46.0
2023-05-27,Z07,26.4,1.1,48.2
2023-05-28,Z07,26.7,4.0,46.4
2023-05-29,Z07,25.9,13.2,55.2
2023-05-30,Z07,30.3,1.3,43.1
2023-05-31,Z07,27.6,7.8,48.1
2023-06-01,Z07,25.6,0.1,49.2
2023-06-02,Z07,24.7,0.4,48.6
2023-06-03,Z07,28.2,1.0,44.7
2023-06-04,Z07,25.9,0.0,52.8
2023-06-05,Z07,31.5,0.1,35.3
2023-06-06,Z07,28.5,9.8,40.1
2023-06-07,Z07,28.9,1.0,48.7
2023-06-08,Z07,28.4,0.0,40.8
2023-06-09,Z07,30.1,0.1,40.3
2023-06-10,Z07,23.9,2.1,42.5
2023-06-11,Z07,26.1,0.6,40.7
2023-06-12,Z07,30.2,0.3,47.6
2023-06-13,Z07,31.1,0.5,48.8
2023-06-14,Z07,26.3,0.8,44.5
2023-06-15,Z07,25.3,4.2,49.2
2023-06-16,Z07,29.0,2.6,36.8
2023-06-17,Z07,29.6,5.6,43.9
2023-06-18,Z07,29.1,0.4,50.1
2023-06-19,Z07,28.8,3.1,48.1
2023-06-20,Z07,25.6,2.7,50.2
2023-06-21,Z07,28.4,0.5,40.0
2023-06-22,Z07,28.7,0.1,47.3
2023-06-23,Z07,28.2,0.7,40.5
2023-06-24,Z07,25.7,0.1,45.4
2023-06-25,Z07,30.3,0.5,48.9
2023-06-26,Z07,30.9,2.1,38.2
2023-06-27,Z07,27.9,1.0,32.8
2023-06-28,Z07,29.0,4.5,51.2
2023-06-29,Z07,28.5,1.6,44.2
2023-06-30,Z07,28.6,0.5,41.1
2023-07-01,Z07,30.4,0.1,40.8
2023-07-02,Z07,30.4,1.4,31.0
2023-07-03,Z07,31.5,0.0,42.4
2023-07-04,Z07,31.5,0.1,38.6
2023-07-05,Z07,29.3,4.2,41.4
2023-07-06,Z07,34.7,5.5,41.2
2023-07-07,Z07,32.4,5.5,24.1
2023-07-08,Z07,28.4,0.6,43.3
2023-07-09,Z07,29.8,0.1,41.7
2023-07-10,Z07,26.0,0.0,42.3
2023-07-11,Z07,29.7,0.0,39.7
2023-07-12,Z07,32.6,0.9,40.8
2023-07-13,Z07,34.6,2.3,41.3
2023-07-14,Z07,29.4,1.5,41.8
2023-07-15,Z07,30.2,0.0,42.7
2023-07-16,Z07,30.7,2.9,41.7
2023-07-17,Z07,33.1,0.1,49.5
2023-07-18,Z07,27.8,0.1,36.6
2023-07-19,Z07,34.3,0.4,38.3
2023-07-20,Z07,28.9,0.0,48.6
2023-07-21,Z07,27.3,0.1,39.3
2023-07-22,Z07,28.8,2.9,44.7
2023-07-23,Z07,27.9,0.1,40.7
2023-07-24,Z07,30.1,0.1,38.9
2023-07-25,Z07,26.3,0.6,44.9
2023-07-26,Z07,29.5,0.3,42.6
2023-07-27,Z07,30.4,0.9,32.3
2023-07-28,Z07,31.8,0.5,40.9
2023-07-29,Z07,30.3,0.4,35.0
2023-07-30,Z07,31.6,0.2,46.4
2023-07-31,Z07,27.8,6.2,48.8
2023-08-01,Z07,29.6,1.8,49.4
2023-08-02,Z07,24.8,4.8,41.8
2023-08-03,Z07,28.5,1.0,37.8
2023-08-04,Z07,29.3,0.1,41.7
2023-08-05,Z07,29.4,0.6,35.5
2023-08-06,Z07,25.6,0.2,51.9
2023-08-07,Z07,27.7,0.1,46.2
2023-08-08,Z07,27.9,2.6,41.8
2023-08-09,Z07,27.4,0.4,45.3
2023-08-10,Z07,29.4,1.0,37.9
2023-08-11,Z07,27.6,2.7,34.9
2023-08-12,Z07,28.1,0.0,29.4
2023-08-13,Z07,26.9,6.0,41.0
2023-08-14,Z07,29.6,0.1,39.6
2023-08-15,Z07,29.7,0.9,43.3
2023-08-16,Z07,26.9,0.0,40.9
2023-08-17,Z07,32.5,1.6,43.3
2023-08-18,Z07,25.9,0.2,45.0
2023-08-19,Z07,29.0,1.3,33.8
2023-08-20,Z07,25.3,0.3,45.5
2023-08-21,Z07,28.3,12.1,39.3
2023-08-22,Z07,28.0,0.4,44.0
2023-08-23,Z07,24.8,1.7,46.6
2023-08-24,Z07,26.3,0.6,46.8
2023-08-25,Z07,29.7,2.3,42.4
2023-08-26,Z07,24.8,0.4,42.8
2023-08-27,Z07,26.8,0.1,46.4
2023-08-28,Z07,26.6,0.2,34.6
2023-08-29,Z07,25.8,0.0,37.5
2023-08-30,Z07,22.6,0.1,41.0
2023-08-31,Z07,27.0,1.7,35.9
2023-09-01,Z07,25.4,0.5,41.3
2023-09-02,Z07,27.2,4.7,41.2
2023-09-03,Z07,25.5,1.5,43.4
2023-09-04,Z07,25.1,2.0,42.9
2023-09-05,Z07,25.5,3.1,48.6
2023-09-06,Z07,22.8,0.8,46.3
2023-09-07,Z07,27.3,4.4,43.3
2023-09-08,Z07,23.6,0.1,42.1
2023-09-09,Z07,23.5,1.3,43.7
2023-09-10,Z07,26.3,0.0,44.0
2023-09-11,Z07,24.3,0.0,56.9
2023-09-12,Z07,23.2,11.6,37.2
2023-09-13,Z07,24.2,0.8,40.1
2023-09-14,Z07,24.4,1.1,39.5
2023-09-15,Z07,22.9,1.5,46.4
2023-09-16,Z07,24.6,1.6,46.4
2023-09-17,Z07,20.5,0.8,42.6
2023-09-18,Z07,23.1,1.2,50.1
2023-09-19,Z07,23.9,0.7,47.7
2023-09-20,Z07,23.4,0.9,50.8
2023-09-21,Z07,18.0,0.1,52.3
2023-09-22,Z07,21.7,2.4,35.8
2023-09-23,Z07,19.5,1.2,50.1
2023-09-24,Z07,23.8,0.6,40.5
2023-09-25,Z07,20.6,9.3,48.4
2023-09-26,Z07,23.3,0.3,47.0
2023-09-27,Z07,18.8,4.3,47.4
2023-09-28,Z07,21.5,0.5,41.8
2023-09-29,Z07,20.6,2.8,53.2
2023-09-30,Z07,25.4,0.3,41.8
2023-10-01,Z07,22.3,0.9,52.3
2023-10-02,Z07,22.0,1.2,41.6
2023-10-03,Z07,23.5,1.8,48.9
2023-10-04,Z07,20.2,0.7,58.2
2023-10-05,Z07,19.3,6.7,61.3
2023-10-06,Z07,18.9,0.6,41.6
2023-10-07,Z07,19.7,0.0,46.4
2023-10-08,Z07,13.9,0.0,47.6
2023-10-09,Z07,18.7,0.1,61.7
2023-10-10,Z07,18.9,10.8,50.3
2023-10-11,Z07,18.1,4.1,56.3
2023-10-12,Z07,15.4,0.2,52.7
2023-10-13,Z07,17.7,2.1,45.4
2023-10-14,Z07,15.0,2.6,42.4
2023-10-15,Z07,20.8,0.0,48.9
2023-10-16,Z07,16.9,3.7,63.8
2023-10-17,Z07,13.5,1.0,53.7
2023-10-18,Z07,16.6,0.1,58.0
2023-10-19,Z07,18.4,0.3,45.8
2023-10-20,Z07,17.0,0.3,51.6
2023-10-21,Z07,14.8,0.7,57.3
2023-10-22,Z07,15.1,1.7,48.3
2023-10-23,Z07,15.6,2.4,53.6
2023-10-24,Z07,15.1,3.0,49.8
2023-10-25,Z07,13.5,30.3,58.6
2023-10-26,Z07,15.4,0.8,56.7
2023-10-27,Z07,13.0,1.0,58.4
2023-10-28,Z07,16.9,0.0,59.6
2023-10-29,Z07,16.9,0.0,54.4
2023-10-30,Z07,13.0,5.4,60.8
2023-10-31,Z07,13.4,11.8,53.1
2023-11-01,Z07,13.7,2.7,59.4
2023-11-02,Z07,14.2,0.7,46.7
2023-11-03,Z07,14.6,4.2,53.1
2023-11-04,Z07,14.8,0.6,68.6
2023-11-05,Z07,14.6,7.4,60.4
2023-11-06,Z07,16.4,0.1,60.6
2023-11-07,Z07,13.6,0.0,53.7
2023-11-08,Z07,10.9,0.4,52.6
2023-11-09,Z07,10.2,2.7,57.0
2023-11-10,Z07,15.9,4.5,58.2
2023-11-11,Z07,13.7,0.1,68.4
2023-11-12,Z07,13.0,2.4,64.2
2023-11-13,Z07,13.3,0.3,59.9
2023-11-14,Z07,12.6,0.0,59.9
2023-11-15,Z07,12.9,3.3,63.6
2023-11-16,Z07,11.3,18.2,53.5
2023-11-17,Z07,13.8,1.6,50.7
2023-11-18,Z07,10.8,0.6,64.3
2023-11-19,Z07,9.9,2.6,61.1
2023-11-20,Z07,8.4,0.5,54.5
2023-11-21,Z07,10.8,5.4,50.8
2023-11-22,Z07,13.4,17.7,66.0
2023-11-23,Z07,10.2,7.7,59.1
2023-11-24,Z07,8.4,0.2,64.0
2023-11-25,Z07,11.2,0.3,60.9
2023-11-26,Z07,9.4,7.5,62.2
2023-11-27,Z07,13.3,15.6,59.7
2023-11-28,Z07,12.3,5.1,62.5
2023-11-29,Z07,7.9,0.8,66.0
2023-11-30,Z07,9.8,0.9,61.9
2023-12-01,Z07,8.6,2.0,61.8
2023-12-02,Z07,7.8,0.0,66.7
2023-12-03,Z07,9.7,5.5,67.3
2023-12-04,Z07,11.1,7.3,58.4
2023-12-05,Z07,9.4,0.0,64.2
2023-12-06,Z07,8.5,5.4,61.9
2023-12-07,Z07,5.4,1.9,64.8
2023-12-08,Z07,8.0,1.3,72.1
2023-12-09,Z07,10.1,1.7,66.9
2023-12-10,Z07,6.6,0.7,76.1
2023-12-11,Z07,11.3,3.2,66.6
2023-12-12,Z07,7.8,4.3,64.8
2023-12-13,Z07,9.1,0.1,65.8
2023-12-14,Z07,8.0,0.1,66.7
2023-12-15,Z07,6.5,1.2,67.8
2023-12-16,Z07,9.3,17.5,61.4
2023-12-17,Z07,7.4,1.6,65.4
2023-12-18,Z07,6.9,2.2,63.1
2023-12-19,Z07,4.0,0.1,72.0
2023-12-20,Z07,10.6,1.1,57.4
2023-12-21,Z07,8.2,12.9,68.0
2023-12-22,Z07,10.1,7.1,59.7
2023-12-23,Z07,9.2,0.0,69.6
2023-12-24,Z07,10.0,0.4,65.6
2023-12-25,Z07,7.0,0.3,58.7
2023-12-26,Z07,5.5,6.6,72.6
2023-12-27,Z07,9.3,3.2,55.4
2023-12-28,Z07,8.1,8.7,68.0
2023-12-29,Z07,7.0,0.0,71.7
2023-12-30,Z07,9.1,2.0,75.3
2023-12-31,Z07,8.3,9.8,60.4
2024-01-01,Z07,8.9,11.8,66.0
2024-01-02,Z07,5.9,3.9,74.1
2024-01-03,Z07,9.4,1.6,74.6
2024-01-04,Z07,7.7,0.0,75.3
2024-01-05,Z07,9.6,3.1,81.8
2024-01-06,Z07,9.4,11.8,66.6
2024-01-07,Z07,8.9,7.6,71.0
2024-01-08,Z07,7.4,2.2,67.5
2024-01-09,Z07,8.9,8.1,59.5
2024-01-10,Z07,9.6,9.7,69.0
2024-01-11,Z07,8.7,2.9,59.5
2024-01-12,Z07,8.0,3.0,66.9
2024-01-13,Z07,8.9,2.2,62.3
2024-01-14,Z07,6.7,1.0,71.9
2024-01-15,Z07,10.4,12.5,65.8
2024-01-16,Z07,4.7,6.3,60.8
2024-01-17,Z07,7.8,6.9,74.1
2024-01-18,Z07,7.0,22.0,66.8
2024-01-19,Z07,6.6,0.2,67.7
2024-01-20,Z07,8.4,5.3,65.0
2024-01-21,Z07,5.8,5.5,75.7
2024-01-22,Z07,11.8,0.1,71.3
2024-01-23,Z07,5.5,0.0,66.9
2024-01-24,Z07,6.3,0.7,60.4
2024-01-25,Z07,6.2,0.0,82.5
2024-01-26,Z07,8.5,0.3,79.9
2024-01-27,Z07,10.0,4.4,77.2
2024-01-28,Z07,9.2,1.2,66.5
2024-01-29,Z07,10.9,1.9,67.5
2024-01-30,Z07,6.9,7.5,72.0
2024-01-31,Z07,9.6,3.5,65.5
2024-02-01,Z07,7.9,2.3,65.0
2024-02-02,Z07,9.0,6.7,77.2
2024-02-03,Z07,10.6,0.5,69.6
2024-02-04,Z07,5.7,2.2,64.2
2024-02-05,Z07,12.4,5.1,74.6
2024-02-06,Z07,8.6,1.7,66.9
2024-02-07,Z07,6.1,1.4,59.8
2024-02-08,Z07,7.8,4.5,64.0
2024-02-09,Z07,9.4,2.6,67.0
2024-02-10,Z07,8.0,0.4,70.6
2024-02-11,Z07,5.7,13.3,70.3
2024-02-12,Z07,9.7,0.4,75.5
2024-02-13,Z07,8.3,3.2,68.1
2024-02-14,Z07,10.9,0.0,66.9
2024-02-15,Z07,7.9,6.0,75.4
2024-02-16,Z07,14.0,0.0,73.9
2024-02-17,Z07,11.0,0.2,67.9
2024-02-18,Z07,10.5,0.7,70.3
2024-02-19,Z07,11.4,0.8,66.4
2024-02-20,Z07,7.1,6.6,62.8
2024-02-21,Z07,9.6,8.1,79.5
2024-02-22,Z07,13.9,0.0,65.7
2024-02-23,Z07,10.2,0.6,69.8
2024-02-24,Z07,10.8,1.2,60.6
2024-02-25,Z07,10.2,0.0,71.8
2024-02-26,Z07,13.8,0.0,61.9
2024-02-27,Z07,10.9,4.2,76.2
2024-02-28,Z07,9.2,0.7,76.7
2024-02-29,Z07,16.3,2.8,70.4
2024-03-01,Z07,9.3,6.2,68.0
2024-03-02,Z07,11.8,1.6,66.3
2024-03-03,Z07,10.6,3.9,66.9
2024-03-04,Z07,11.0,0.7,69.0
2024-03-05,Z07,10.5,0.1,67.2
2024-03-06,Z07,11.6,1.3,71.5
2024-03-07,Z07,14.5,0.3,61.9
2024-03-08,Z07,9.4,0.0,73.9
2024-03-09,Z07,15.3,0.7,64.0
2024-03-10,Z07,15.2,2.4,62.2
2024-03-11,Z07,14.3,10.5,67.6
2024-03-12,Z07,13.8,11.8,67.7
2024-03-13,Z07,14.2,0.8,56.7
2024-03-14,Z07,16.4,2.5,62.8
2024-03-15,Z07,10.9,4.4,54.2
2024-03-16,Z07,15.5,0.2,61.4
2024-03-17,Z07,13.0,3.5,61.5
2024-03-18,Z07,16.0,4.6,65.9
2024-03-19,Z07,13.6,0.0,60.3
2024-03-20,Z07,16.2,1.1,61.3
2024-03-21,Z07,12.3,4.1,70.3
2024-03-22,Z07,12.2,2.1,73.9
2024-03-23,Z07,15.2,2.0,58.8
2024-03-24,Z07,18.2,0.0,68.3
2024-03-25,Z07,16.8,5.0,64.9
2024-03-26,Z07,17.0,0.0,54.0
2024-03-27,Z07,17.7,0.1,58.6
2024-03-28,Z07,15.7,3.2,47.2
2024-03-29,Z07,17.7,5.4,63.7
2024-03-30,Z07,15.7,0.3,56.5
2024-03-31,Z07,16.4,1.7,62.3
2024-04-01,Z07,16.8,1.7,74.2
2024-04-02,Z07,16.3,6.3,69.1
2024-04-03,Z07,17.4,3.7,57.1
2024-04-04,Z07,17.2,2.3,55.6
2024-04-05,Z07,16.6,5.8,66.9
2024-04-06,Z07,17.8,5.2,55.2
2024-04-07,Z07,18.5,1.6,64.9
2024-04-08,Z07,16.5,0.2,73.4
2024-04-09,Z07,19.4,0.0,62.8
2024-04-10,Z07,17.9,1.0,65.1
2024-04-11,Z07,19.4,0.2,64.3
2024-04-12,Z07,18.0,3.4,55.9
2024-04-13,Z07,21.3,3.3,59.9
2024-04-14,Z07,21.3,1.9,53.4
2024-04-15,Z07,17.9,6.9,64.4
2024-04-16,Z07,20.9,0.2,52.3
2024-04-17,Z07,22.7,0.2,60.9
2024-04-18,Z07,18.6,0.0,62.8
2024-04-19,Z07,18.9,5.5,54.5
2024-04-20,Z07,22.0,6.0,53.1
2024-04-21,Z07,18.5,0.1,55.6
2024-04-22,Z07,19.7,1.4,51.7
2024-04-23,Z07,19.4,3.2,56.7
2024-04-24,Z07,22.8,0.5,51.1
2024-04-25,Z07,20.4,1.5,51.2
2024-04-26,Z07,21.3,10.4,57.9
2024-04-27,Z07,20.6,6.8,58.0
2024-04-28,Z07,24.2,0.3,53.1
2024-04-29,Z07,20.8,0.0,46.1
2024-04-30,Z07,20.0,0.5,60.0
2024-05-01,Z07,20.1,11.0,51.6
2024-05-02,Z07,24.1,1.3,63.9
2024-05-03,Z07,24.4,2.8,52.7
2024-05-04,Z07,25.5,0.8,53.7
2024-05-05,Z07,21.1,0.5,50.7
2024-05-06,Z07,23.1,3.6,53.8
2024-05-07,Z07,28.1,0.7,69.7
2024-05-08,Z07,23.3,1.5,50.3
2024-05-09,Z07,23.0,0.1,58.2
2024-05-10,Z07,24.2,0.8,52.0
2024-05-11,Z07,25.3,2.9,57.2
2024-05-12,Z07,25.5,0.8,41.4
2024-05-13,Z07,23.6,2.9,60.5
2024-05-14,Z07,23.8,3.7,52.3
2024-05-15,Z07,24.5,3.3,49.0
2024-05-16,Z07,23.9,5.7,54.6
2024-05-17,Z07,23.1,2.3,50.5
2024-05-18,Z07,28.7,0.3,43.8
2024-05-19,Z07,24.9,3.9,37.2
2024-05-20,Z07,25.1,0.1,58.2
2024-05-21,Z07,25.3,4.5,47.7
2024-05-22,Z07,25.9,9.2,45.6
2024-05-23,Z07,27.0,8.1,45.7
2024-05-24,Z07,25.5,0.9,55.5
2024-05-25,Z07,28.5,0.0,45.5
2024-05-26,Z07,27.7,0.0,50.9
2024-05-27,Z07,26.4,1.7,45.8
2024-05-28,Z07,25.6,0.2,41.0
2024-05-29,Z07,28.9,0.1,51.5
2024-05-30,Z07,26.8,0.1,52.3
2024-05-31,Z07,25.0,0.9,43.2
2024-06-01,Z07,29.2,1.1,46.2
2024-06-02,Z07,26.1,0.0,46.7
2024-06-03,Z07,29.1,0.2,48.2
2024-06-04,Z07,23.1,0.0,55.6
2024-06-05,Z07,27.1,0.1,43.9
2024-06-06,Z07,30.0,1.0,43.7
2024-06-07,Z07,28.0,3.4,44.3
2024-06-08,Z07,29.1,0.7,40.3
2024-06-09,Z07,26.5,0.2,36.2
2024-06-10,Z07,28.9,0.0,45.3
2024-06-11,Z07,28.4,0.5,47.1
2024-06-12,Z07,28.9,0.8,44.2
2024-06-13,Z07,32.2,0.0,43.7
2024-06-14,Z07,30.9,0.2,39.4
2024-06-15,Z07,30.1,4.7,45.0
2024-06-16,Z07,30.2,0.2,44.4
2024-06-17,Z07,27.2,1.1,45.8
2024-06-18,Z07,28.0,1.0,44.8
2024-06-19,Z07,26.2,2.6,45.0
2024-06-20,Z07,26.7,2.0,49.5
2024-06-21,Z07,27.5,0.0,45.6
2024-06-22,Z07,29.1,1.1,45.0
2024-06-23,Z07,27.0,1.0,33.7
2024-06-24,Z07,29.2,0.7,47.6
2024-06-25,Z07,29.0,0.3,40.7
2024-06-26,Z07,27.3,1.1,42.4
2024-06-27,Z07,32.1,0.5,35.6
2024-06-28,Z07,27.0,2.6,52.2
2024-06-29,Z07,31.5,5.2,29.3
2024-06-30,Z07,25.4,0.0,49.0
2024-07-01,Z07,29.3,0.0,43.6
2024-07-02,Z07,27.4,8.5,31.8
2024-07-03,Z07,28.4,2.8,51.4
2024-07-04,Z07,32.8,1.1,43.7
2024-07-05,Z07,29.0,0.2,29.2
2024-07-06,Z07,27.6,4.4,38.8
2024-07-07,Z07,30.5,0.5,43.5
2024-07-08,Z07,29.0,0.7,49.3
2024-07-09,Z07,29.9,0.2,38.6
2024-07-10,Z07,28.0,0.0,27.4
2024-07-11,Z07,28.1,3.8,47.8
2024-07-12,Z07,28.2,0.8,43.0
2024-07-13,Z07,31.0,0.6,29.3
2024-07-14,Z07,29.2,1.0,42.1
2024-07-15,Z07,27.7,0.0,42.5
2024-07-16,Z07,29.8,0.1,38.6
2024-07-17,Z07,29.7,0.3,36.1
2024-07-18,Z07,30.5,0.4,37.1
2024-07-19,Z07,28.6,1.1,38.5
2024-07-20,Z07,29.3,0.2,41.9
2024-07-21,Z07,30.2,1.4,44.0
2024-07-22,Z07,27.5,0.6,29.3
2024-07-23,Z07,30.9,0.3,41.3
2024-07-24,Z07,29.3,0.2,42.5
2024-07-25,Z07,27.2,1.7,40.9
2024-07-26,Z07,27.2,6.2,38.0
2024-07-27,Z07,28.9,0.5,47.1
2024-07-28,Z07,28.1,0.7,46.7
2024-07-29,Z07,30.4,0.3,38.2
2024-07-30,Z07,28.4,0.9,39.6
2024-07-31,Z07,29.4,2.1,43.9
2024-08-01,Z07,27.3,0.0,46.5
2024-08-02,Z07,28.7,1.5,36.0
2024-08-03,Z07,31.0,0.2,34.9
2024-08-04,Z07,28.3,1.7,41.5
2024-08-05,Z07,27.5,0.2,34.6
2024-08-06,Z07,26.8,4.8,30.5
2024-08-07,Z07,28.3,3.6,36.2
2024-08-08,Z07,30.7,0.4,42.4
2024-08-09,Z07,25.7,0.0,48.2
2024-08-10,Z07,27.9,1.6,36.9
2024-08-11,Z07,24.8,0.1,39.9
2024-08-12,Z07,27.1,0.1,41.4
2024-08-13,Z07,28.2,0.3,37.4
2024-08-14,Z07,24.8,1.2,37.1
2024-08-15,Z07,26.7,0.0,42.5
2024-08-16,Z07,27.9,4.4,34.9
2024-08-17,Z07,27.5,2.5,37.2
2024-08-18,Z07,27.8,0.9,40.1
2024-08-19,Z07,25.3,0.1,42.8
2024-08-20,Z07,27.4,0.3,33.7
2024-08-21,Z07,25.7,0.0,40.7
2024-08-22,Z07,27.9,2.4,35.1
2024-08-23,Z07,22.4,3.9,38.2
2024-08-24,Z07,25.9,6.0,45.7
2024-08-25,Z07,26.4,0.7,41.5
2024-08-26,Z07,28.5,3.1,50.3
2024-08-27,Z07,26.1,1.0,41.8
2024-08-28,Z07,26.2,0.6,47.1
2024-08-29,Z07,26.4,0.0,46.4
2024-08-30,Z07,27.8,1.5,42.5
2024-08-31,Z07,24.7,1.0,36.1
2024-09-01,Z07,22.7,0.2,42.3
2024-09-02,Z07,22.2,0.1,40.3
2024-09-03,Z07,26.1,2.5,40.3
2024-09-04,Z07,25.2,0.0,44.1
2024-09-05,Z07,24.2,1.2,36.2
2024-09-06,Z07,23.4,2.1,39.3
2024-09-07,Z07,24.6,1.4,38.7
2024-09-08,Z07,24.5,0.1,42.7
2024-09-09,Z07,24.8,0.0,40.3
2024-09-10,Z07,21.8,0.1,40.8
2024-09-11,Z07,20.5,4.8,45.2
2024-09-12,Z07,21.8,0.3,42.5
2024-09-13,Z07,20.9,0.5,44.9
2024-09-14,Z07,20.6,1.6,39.5
2024-09-15,Z07,25.8,0.2,41.1
2024-09-16,Z07,18.7,1.2,55.7
2024-09-17,Z07,23.4,0.1,42.2
2024-09-18,Z07,24.1,0.2,35.3
2024-09-19,Z07,24.0,0.2,47.8
2024-09-20,Z07,22.6,2.8,42.7
2024-09-21,Z07,24.3,0.7,47.7
2024-09-22,Z07,24.9,1.5,46.3
2024-09-23,Z07,21.0,1.0,49.7
2024-09-24,Z07,22.1,2.2,46.7
2024-09-25,Z07,23.5,1.9,46.2
2024-09-26,Z07,19.4,2.7,53.3
2024-09-27,Z07,20.3,4.9,36.7
2024-09-28,Z07,19.5,5.9,41.4
2024-09-29,Z07,21.2,1.0,44.2
2024-09-30,Z07,16.8,4.0,40.0
2024-10-01,Z07,22.6,1.6,46.3
2024-10-02,Z07,20.8,0.6,46.1
2024-10-03,Z07,20.7,1.9,54.1
2024-10-04,Z07,15.2,0.3,49.0
2024-10-05,Z07,17.4,3.5,48.6
2024-10-06,Z07,21.8,3.5,48.0
2024-10-07,Z07,18.6,6.6,44.9
2024-10-08,Z07,15.6,0.4,54.9
2024-10-09,Z07,18.9,0.9,56.7
2024-10-10,Z07,19.6,0.6,44.9
2024-10-11,Z07,19.1,3.6,59.3
2024-10-12,Z07,17.7,1.5,48.1
2024-10-13,Z07,19.8,0.1,47.9
2024-10-14,Z07,16.3,0.0,54.3
2024-10-15,Z07,18.4,2.2,55.0
2024-10-16,Z07,17.5,1.1,52.1
2024-10-17,Z07,16.8,2.4,51.0
2024-10-18,Z07,16.2,2.1,58.8
2024-10-19,Z07,16.0,15.5,50.1
2024-10-20,Z07,16.5,0.1,53.1
2024-10-21,Z07,15.7,2.0,62.2
2024-10-22,Z07,17.4,0.9,47.3
2024-10-23,Z07,14.9,4.5,51.9
2024-10-24,Z07,18.5,0.1,59.6
2024-10-25,Z07,14.5,0.0,57.4
2024-10-26,Z07,17.0,0.0,59.5
2024-10-27,Z07,16.9,0.6,48.6
2024-10-28,Z07,15.3,10.4,57.1
2024-10-29,Z07,15.0,4.0,54.3
2024-10-30,Z07,13.3,25.1,67.4
2024-10-31,Z07,13.5,11.9,60.3
2024-11-01,Z07,14.7,0.9,56.4
2024-11-02,Z07,14.0,3.4,58.2
2024-11-03,Z07,16.1,3.3,57.3
2024-11-04,Z07,13.0,22.4,60.8
2024-11-05,Z07,12.9,1.9,53.3
2024-11-06,Z07,10.4,0.3,64.6
2024-11-07,Z07,14.4,0.5,51.5
2024-11-08,Z07,14.1,1.9,59.4
2024-11-09,Z07,14.7,1.8,54.5
2024-11-10,Z07,14.6,0.2,59.0
2024-11-11,Z07,14.0,1.1,64.0
2024-11-12,Z07,14.0,8.3,50.8
2024-11-13,Z07,13.4,0.5,58.7
2024-11-14,Z07,13.5,2.3,52.6
2024-11-15,Z07,8.7,0.8,58.7
2024-11-16,Z07,9.9,1.4,53.1
2024-11-17,Z07,9.4,2.0,61.4
2024-11-18,Z07,13.8,2.6,58.7
2024-11-19,Z07,10.0,12.7,64.8
2024-11-20,Z07,10.2,8.2,67.4
2024-11-21,Z07,11.1,1.0,61.5
2024-11-22,Z07,8.8,0.2,66.2
2024-11-23,Z07,11.5,2.6,68.9
2024-11-24,Z07,6.9,1.4,57.6
2024-11-25,Z07,8.5,0.0,69.6
2024-11-26,Z07,10.8,0.2,62.4
2024-11-27,Z07,8.1,3.6,58.0
2024-11-28,Z07,12.6,0.0,64.6
2024-11-29,Z07,10.2,0.4,62.9
2024-11-30,Z07,12.0,0.1,56.5
2024-12-01,Z07,10.5,8.1,58.2
2024-12-02,Z07,9.7,15.9,72.1
2024-12-03,Z07,7.8,4.9,65.5
2024-12-04,Z07,11.2,2.6,71.7
2024-12-05,Z07,10.2,2.0,62.4
2024-12-06,Z07,13.1,2.9,60.7
2024-12-07,Z07,10.7,4.1,56.5
2024-12-08,Z07,8.4,0.0,70.0
2024-12-09,Z07,9.6,0.2,67.4
2024-12-10,Z07,9.7,3.3,63.5
2024-12-11,Z07,10.9,0.0,61.7
2024-12-12,Z07,11.1,0.0,71.5
2024-12-13,Z07,8.4,0.2,65.1
2024-12-14,Z07,6.4,0.8,65.4
2024-12-15,Z07,5.2,1.5,63.4
2024-12-16,Z07,6.4,9.9,64.5
2024-12-17,Z07,7.3,0.1,69.5
2024-12-18,Z07,11.0,0.3,59.8
2024-12-19,Z07,11.0,3.0,67.4
2024-12-20,Z07,9.9,0.0,72.0
2024-12-21,Z07,10.3,0.8,66.9
2024-12-22,Z07,6.8,6.9,72.7
2024-12-23,Z07,5.3,1.1,74.3
2024-12-24,Z07,6.2,0.0,72.3
2024-12-25,Z07,4.3,2.2,65.2
2024-12-26,Z07,5.9,2.9,67.8
2024-12-27,Z07,6.9,5.6,69.9
2024-12-28,Z07,8.1,0.0,65.9
2024-12-29,Z07,8.0,1.8,65.9
2024-12-30,Z07,6.5,5.1,65.7
2024-12-31,Z07,8.7,1.1,81.3
2025-01-01,Z07,6.5,12.1,67.2
2025-01-02,Z07,7.7,0.0,74.1
2025-01-03,Z07,5.7,2.1,64.5
2025-01-04,Z07,9.6,3.4,77.4
2025-01-05,Z07,7.7,28.8,67.1
2025-01-06,Z07,8.9,6.7,69.4
2025-01-07,Z07,5.4,3.8,60.0
2025-01-08,Z07,7.9,0.0,74.8
2025-01-09,Z07,8.7,0.6,76.0
2025-01-10,Z07,3.9,9.5,63.5
2025-01-11,Z07,9.7,6.9,75.4
2025-01-12,Z07,5.4,10.4,62.9
2025-01-13,Z07,8.0,0.0,72.8
2025-01-14,Z07,10.9,0.0,68.2
2025-01-15,Z07,9.4,10.5,76.4
2025-01-16,Z07,5.0,0.1,71.0
2025-01-17,Z07,7.4,14.1,74.5
2025-01-18,Z07,10.0,1.3,76.0
2025-01-19,Z07,6.3,1.1,68.4
2025-01-20,Z07,7.2,14.9,69.8
2025-01-21,Z07,7.2,14.6,64.4
2025-01-22,Z07,8.9,1.0,68.5
2025-01-23,Z07,5.2,5.8,79.6
2025-01-24,Z07,9.1,2.1,73.8
2025-01-25,Z07,6.9,0.4,64.8
2025-01-26,Z07,8.1,2.8,78.2
2025-01-27,Z07,7.8,6.0,71.9
2025-01-28,Z07,9.3,20.7,74.1
2025-01-29,Z07,8.2,0.3,72.4
2025-01-30,Z07,10.9,6.4,72.1
2025-01-31,Z07,10.2,0.3,60.0
2025-02-01,Z07,7.1,3.3,75.5
2025-02-02,Z07,11.0,0.0,58.6
2025-02-03,Z07,9.2,0.5,74.9
2025-02-04,Z07,9.0,2.0,70.3
2025-02-05,Z07,10.3,0.6,74.0
2025-02-06,Z07,7.0,2.2,70.5
2025-02-07,Z07,6.5,0.5,74.9
2025-02-08,Z07,9.1,0.0,69.7
2025-02-09,Z07,8.1,1.0,71.0
2025-02-10,Z07,13.0,5.2,71.5
2025-02-11,Z07,8.0,1.7,78.8
2025-02-12,Z07,9.6,2.7,72.4
2025-02-13,Z07,9.9,0.6,62.7
2025-02-14,Z07,11.9,0.0,66.4
2025-02-15,Z07,8.0,3.4,72.1
2025-02-16,Z07,7.0,0.0,75.4
2025-02-17,Z07,12.6,0.0,65.3
2025-02-18,Z07,10.3,1.6,80.1
2025-02-19,Z07,11.7,0.4,69.6
2025-02-20,Z07,11.9,5.0,70.8
2025-02-21,Z07,12.4,11.2,62.3
2025-02-22,Z07,10.0,5.2,74.0
2025-02-23,Z07,9.6,1.8,66.1
2025-02-24,Z07,7.3,0.6,64.5
2025-02-25,Z07,9.3,3.9,66.5
2025-02-26,Z07,11.3,9.8,74.9
2025-02-27,Z07,10.1,1.6,70.1
2025-02-28,Z07,9.4,13.8,63.2
2025-03-01,Z07,11.7,0.1,64.9
2025-03-02,Z07,14.2,6.4,74.4
2025-03-03,Z07,11.8,3.8,66.1
2025-03-04,Z07,10.0,1.3,69.9
2025-03-05,Z07,14.5,0.0,71.0
2025-03-06,Z07,11.0,2.3,49.7
2025-03-07,Z07,15.2,14.2,72.9
2025-03-08,Z07,12.2,5.0,62.2
2025-03-09,Z07,13.1,10.0,64.5
2025-03-10,Z07,15.8,7.7,73.8
2025-03-11,Z07,10.8,3.6,73.2
2025-03-12,Z07,11.5,1.5,68.2
2025-03-13,Z07,12.9,0.2,69.2
2025-03-14,Z07,13.4,0.2,70.3
2025-03-15,Z07,18.6,1.2,72.4
2025-03-16,Z07,12.4,1.1,72.8
2025-03-17,Z07,11.9,0.2,65.4
2025-03-18,Z07,12.7,2.7,60.9
2025-03-19,Z07,15.0,3.8,63.2
2025-03-20,Z07,15.6,0.5,64.9
2025-03-21,Z07,13.6,0.0,63.8
2025-03-22,Z07,15.1,7.5,58.8
2025-03-23,Z07,18.8,5.6,65.8
2025-03-24,Z07,15.5,8.7,55.6
2025-03-25,Z07,16.2,0.3,63.6
2025-03-26,Z07,19.2,0.3,63.7
2025-03-27,Z07,14.7,1.3,63.3
2025-03-28,Z07,14.8,0.0,66.8
2025-03-29,Z07,15.5,1.3,65.9
2025-03-30,Z07,15.6,1.1,73.2
2025-03-31,Z07,13.5,0.0,59.3
2025-04-01,Z07,17.2,2.9,63.0
2025-04-02,Z07,17.5,14.5,62.5
2025-04-03,Z07,17.0,3.0,62.0
2025-04-04,Z07,17.9,0.2,54.6
2025-04-05,Z07,18.1,11.2,54.7
2025-04-06,Z07,15.5,0.3,60.5
2025-04-07,Z07,18.6,0.1,52.3
2025-04-08,Z07,19.3,4.1,58.3
2025-04-09,Z07,15.6,0.2,56.5
2025-04-10,Z07,21.3,5.2,58.0
2025-04-11,Z07,16.6,7.0,64.9
2025-04-12,Z07,17.0,0.3,53.6
2025-04-13,Z07,19.6,0.1,63.1
2025-04-14,Z07,20.3,0.8,55.6
2025-04-15,Z07,21.0,1.7,56.0
2025-04-16,Z07,20.8,0.6,60.3
2025-04-17,Z07,19.0,4.1,56.3
2025-04-18,Z07,20.3,2.9,53.0
2025-04-19,Z07,19.8,0.8,55.3
2025-04-20,Z07,20.8,0.0,48.0
2025-04-21,Z07,20.8,0.3,58.6
2025-04-22,Z07,20.0,2.5,40.9
2025-04-23,Z07,20.4,2.4,60.6
2025-04-24,Z07,17.9,0.3,59.0
2025-04-25,Z07,22.9,4.6,63.7
2025-04-26,Z07,22.2,1.6,66.3
2025-04-27,Z07,17.6,1.4,59.8
2025-04-28,Z07,23.4,0.0,51.7
2025-04-29,Z07,22.1,1.6,65.5
2025-04-30,Z07,20.7,1.3,48.4
2025-05-01,Z07,20.7,1.3,44.6
2025-05-02,Z07,21.5,12.5,63.1
2025-05-03,Z07,21.2,0.7,56.6
2025-05-04,Z07,21.6,1.5,43.9
2025-05-05,Z07,26.3,3.0,46.3
2025-05-06,Z07,24.1,0.4,55.6
2025-05-07,Z07,27.2,18.3,48.2
2025-05-08,Z07,24.1,5.9,48.7
2025-05-09,Z07,24.9,0.2,61.9
2025-05-10,Z07,22.5,0.6,62.5
2025-05-11,Z07,23.9,0.3,52.3
2025-05-12,Z07,24.2,1.5,50.5
2025-05-13,Z07,25.7,2.7,55.6
2025-05-14,Z07,24.6,1.6,48.0
2025-05-15,Z07,25.5,3.8,39.4
2025-05-16,Z07,25.6,6.5,36.5
2025-05-17,Z07,24.6,3.1,49.7
2025-05-18,Z07,24.6,0.1,54.2
2025-05-19,Z07,24.3,1.0,49.7
2025-05-20,Z07,27.6,1.0,53.4
2025-05-21,Z07,25.2,13.2,53.6
2025-05-22,Z07,26.5,0.2,55.8
2025-05-23,Z07,25.8,0.0,49.6
2025-05-24,Z07,28.1,0.8,49.8
2025-05-25,Z07,22.7,1.3,48.0
2025-05-26,Z07,27.0,0.7,46.6
2025-05-27,Z07,24.3,5.9,39.8
2025-05-28,Z07,27.4,2.6,53.3
2025-05-29,Z07,26.6,2.8,45.3
2025-05-30,Z07,24.3,2.7,44.8
2025-05-31,Z07,27.7,2.2,44.1
2025-06-01,Z07,27.6,0.1,39.9
2025-06-02,Z07,26.9,1.8,46.0
2025-06-03,Z07,27.3,3.1,48.8
2025-06-04,Z07,27.8,1.0,42.4
2025-06-05,Z07,29.8,0.4,51.0
2025-06-06,Z07,27.2,0.1,43.7
2025-06-07,Z07,29.7,1.7,37.7
2025-06-08,Z07,27.9,5.5,52.0
2025-06-09,Z07,30.4,1.9,46.0
2025-06-10,Z07,27.7,0.2,49.1
2025-06-11,Z07,27.1,10.1,49.0
2025-06-12,Z07,26.4,0.3,39.7
2025-06-13,Z07,28.4,0.1,41.6
2025-06-14,Z07,27.1,0.3,49.2
2025-06-15,Z07,31.1,1.4,53.1
2025-06-16,Z07,27.1,0.1,44.0
2025-06-17,Z07,27.5,1.0,40.4
2025-06-18,Z07,29.9,0.1,51.8
2025-06-19,Z07,31.0,0.1,40.1
2025-06-20,Z07,30.3,0.2,44.7
2025-06-21,Z07,30.9,10.9,40.8
2025-06-22,Z07,28.9,7.9,44.1
2025-06-23,Z07,29.0,0.1,37.9
2025-06-24,Z07,32.8,0.2,40.6
2025-06-25,Z07,32.3,0.0,39.2
2025-06-26,Z07,30.6,0.4,45.5
2025-06-27,Z07,31.3,1.1,42.9
2025-06-28,Z07,30.9,0.6,46.3
2025-06-29,Z07,27.2,1.5,37.7
2025-06-30,Z07,29.4,0.0,40.6
2025-07-01,Z07,32.2,3.4,44.7
2025-07-02,Z07,30.8,2.9,45.7
2025-07-03,Z07,29.4,0.0,34.1
2025-07-04,Z07,32.3,0.1,42.8
2025-07-05,Z07,30.2,0.8,37.1
2025-07-06,Z07,31.0,0.0,45.6
2025-07-07,Z07,30.3,0.1,50.2
2025-07-08,Z07,30.6,0.5,27.8
2025-07-09,Z07,30.7,0.1,37.5
2025-07-10,Z07,32.0,0.1,42.0
2025-07-11,Z07,32.2,0.0,40.6
2025-07-12,Z07,28.8,0.1,45.2
2025-07-13,Z07,30.3,0.5,40.9
2025-07-14,Z07,31.9,0.6,37.8
2025-07-15,Z07,29.4,1.8,35.3
2025-07-16,Z07,27.2,0.7,34.4
2025-07-17,Z07,27.9,0.4,36.5
2025-07-18,Z07,28.0,0.1,37.4
2025-07-19,Z07,28.7,2.1,42.1
2025-07-20,Z07,28.1,0.0,39.3
2025-07-21,Z07,31.3,5.5,36.8
2025-07-22,Z07,28.9,6.7,35.0
2025-07-23,Z07,31.6,0.5,36.5
2025-07-24,Z07,27.3,0.2,37.2
2025-07-25,Z07,28.6,0.0,36.3
2025-07-26,Z07,29.4,0.1,43.4
2025-07-27,Z07,30.6,0.7,46.8
2025-07-28,Z07,31.2,2.0,34.1
2025-07-29,Z07,28.1,0.1,45.6
2025-07-30,Z07,30.8,1.0,43.5
2025-07-31,Z07,25.9,0.1,40.9
2025-08-01,Z07,30.4,0.0,47.7
2025-08-02,Z07,26.4,0.1,39.2
2025-08-03,Z07,29.5,0.6,42.1
2025-08-04,Z07,30.7,2.6,40.7
2025-08-05,Z07,30.2,0.1,40.4
2025-08-06,Z07,25.5,2.5,42.5
2025-08-07,Z07,27.6,3.6,40.5
2025-08-08,Z07,29.6,1.1,42.6
2025-08-09,Z07,29.5,0.1,37.0
2025-08-10,Z07,28.6,0.0,37.2
2025-08-11,Z07,24.1,0.2,37.1
2025-08-12,Z07,30.1,1.0,38.7
2025-08-13,Z07,30.3,1.8,45.6
2025-08-14,Z07,28.0,0.5,38.3
2025-08-15,Z07,28.0,0.0,44.0
2025-08-16,Z07,28.4,1.9,42.1
2025-08-17,Z07,30.0,3.3,38.7
2025-08-18,Z07,27.7,0.7,47.5
2025-08-19,Z07,26.8,1.8,44.8
2025-08-20,Z07,27.7,1.1,41.2
2025-08-21,Z07,26.9,1.5,40.9
2025-08-22,Z07,26.8,0.0,41.9
2025-08-23,Z07,23.5,10.2,33.9
2025-08-24,Z07,27.5,4.6,37.5
2025-08-25,Z07,28.5,0.4,44.1
2025-08-26,Z07,28.1,1.2,33.9
2025-08-27,Z07,27.8,0.3,38.3
2025-08-28,Z07,25.9,1.7,40.2
2025-08-29,Z07,26.1,0.9,56.8
2025-08-30,Z07,27.8,0.3,45.8
2025-08-31,Z07,27.1,0.2,48.0
2025-09-01,Z07,28.1,0.1,38.7
2025-09-02,Z07,24.0,0.4,44.6
2025-09-03,Z07,23.9,1.5,34.2
2025-09-04,Z07,24.3,0.8,41.5
2025-09-05,Z07,23.1,1.0,45.8
2025-09-06,Z07,22.2,0.2,36.4
2025-09-07,Z07,25.3,5.2,45.6
2025-09-08,Z07,25.0,3.2,46.2
2025-09-09,Z07,24.6,3.4,41.0
2025-09-10,Z07,24.6,1.3,40.0
2025-09-11,Z07,21.2,0.6,40.7
2025-09-12,Z07,22.8,2.4,42.8
2025-09-13,Z07,22.9,0.1,43.1
2025-09-14,Z07,23.4,1.5,47.4
2025-09-15,Z07,20.5,0.1,42.4
2025-09-16,Z07,21.3,0.1,53.3
2025-09-17,Z07,22.0,1.1,53.4
2025-09-18,Z07,24.5,1.9,46.9
2025-09-19,Z07,22.9,3.1,44.1
2025-09-20,Z07,24.1,1.9,43.4
2025-09-21,Z07,21.8,4.3,47.9
2025-09-22,Z07,21.9,0.6,49.0
2025-09-23,Z07,22.6,0.1,45.7
2025-09-24,Z07,21.2,3.1,45.0
2025-09-25,Z07,20.2,0.1,48.9
2025-09-26,Z07,18.5,0.1,47.7
2025-09-27,Z07,19.9,1.1,44.7
2025-09-28,Z07,22.3,2.8,48.4
2025-09-29,Z07,22.9,0.0,45.0
2025-09-30,Z07,19.0,0.1,44.5
2025-10-01,Z07,17.1,2.5,48.5
2025-10-02,Z07,21.7,0.0,45.9
2025-10-03,Z07,20.0,3.6,45.3
2025-10-04,Z07,17.2,1.9,54.4
2025-10-05,Z07,13.9,2.0,47.5
2025-10-06,Z07,17.6,0.2,58.9
2025-10-07,Z07,18.3,1.9,53.1
2025-10-08,Z07,16.8,7.4,46.1
2025-10-09,Z07,20.0,4.5,56.2
2025-10-10,Z07,17.1,0.4,47.1
2025-10-11,Z07,18.4,0.0,60.8
2025-10-12,Z07,22.4,0.0,52.3
2025-10-13,Z07,18.2,2.8,54.1
2025-10-14,Z07,17.6,17.0,51.8
2025-10-15,Z07,17.4,1.4,53.3
2025-10-16,Z07,18.6,3.7,51.0
2025-10-17,Z07,18.2,5.8,47.8
2025-10-18,Z07,15.2,4.4,54.4
2025-10-19,Z07,16.1,0.8,58.1
2025-10-20,Z07,15.4,0.0,47.2
2025-10-21,Z07,16.0,3.7,61.2
2025-10-22,Z07,19.6,9.8,56.7
2025-10-23,Z07,17.2,0.0,51.8
2025-10-24,Z07,15.8,0.3,52.0
2025-10-25,Z07,18.0,0.0,63.8
2025-10-26,Z07,15.9,0.4,59.4
2025-10-27,Z07,12.4,0.1,60.7
2025-10-28,Z07,18.2,0.0,54.0
2025-10-29,Z07,14.7,5.5,58.3
2025-10-30,Z07,10.8,2.6,57.5
2025-10-31,Z07,11.8,0.3,55.2
2025-11-01,Z07,16.5,4.4,56.8
2025-11-02,Z07,11.4,8.8,62.1
2025-11-03,Z07,16.5,1.9,64.8
2025-11-04,Z07,14.1,3.2,55.8
2025-11-05,Z07,15.1,0.1,50.7
2025-11-06,Z07,13.1,1.4,65.8
2025-11-07,Z07,14.4,0.1,66.1
2025-11-08,Z07,13.8,0.1,60.1
2025-11-09,Z07,13.0,0.2,67.3
2025-11-10,Z07,11.0,0.3,60.2
2025-11-11,Z07,13.4,1.3,54.3
2025-11-12,Z07,9.4,6.9,52.5
2025-11-13,Z07,14.1,2.4,52.7
2025-11-14,Z07,12.7,0.0,59.6
2025-11-15,Z07,13.0,0.1,57.5
2025-11-16,Z07,7.3,0.7,57.2
2025-11-17,Z07,9.8,2.4,59.8
2025-11-18,Z07,10.8,1.1,64.8
2025-11-19,Z07,12.8,1.4,58.0
2025-11-20,Z07,9.7,8.9,57.4
2025-11-21,Z07,15.9,11.4,58.9
2025-11-22,Z07,10.7,1.1,66.1
2025-11-23,Z07,9.2,5.9,61.4
2025-11-24,Z07,10.5,17.8,63.4
2025-11-25,Z07,9.0,0.2,69.9
2025-11-26,Z07,8.5,0.0,76.6
2025-11-27,Z07,12.3,0.0,65.8
2025-11-28,Z07,11.3,1.0,65.6
2025-11-29,Z07,11.2,0.5,57.1
2025-11-30,Z07,12.4,0.0,65.1
2025-12-01,Z07,10.9,1.7,63.8
2025-12-02,Z07,7.9,0.1,68.2
2025-12-03,Z07,11.0,1.0,62.0
2025-12-04,Z07,7.6,0.1,65.1
2025-12-05,Z07,8.7,0.6,67.4
2025-12-06,Z07,9.3,4.9,74.0
2025-12-07,Z07,9.1,0.1,72.5
2025-12-08,Z07,6.0,2.6,71.3
2025-12-09,Z07,7.4,1.1,68.8
2025-12-10,Z07,9.0,2.5,63.1
2025-12-11,Z07,7.8,0.0,69.1
2025-12-12,Z07,10.9,0.4,61.8
2025-12-13,Z07,11.1,2.4,64.8
2025-12-14,Z07,6.7,1.0,74.9
2025-12-15,Z07,8.7,27.3,68.9
2025-12-16,Z07,11.4,4.3,67.5
2025-12-17,Z07,8.2,1.6,68.3
2025-12-18,Z07,7.7,0.0,66.2
2025-12-19,Z07,9.9,3.3,56.1
2025-12-20,Z07,7.8,7.4,60.7
2025-12-21,Z07,10.5,16.1,70.3
2025-12-22,Z07,7.1,1.1,62.7
2025-12-23,Z07,7.2,0.2,66.9
2025-12-24,Z07,9.4,0.3,61.5
2025-12-25,Z07,8.2,31.4,64.2
2025-12-26,Z07,8.1,0.0,67.9
2025-12-27,Z07,4.5,1.7,72.6
2025-12-28,Z07,7.2,6.0,73.8
2025-12-29,Z07,9.4,6.6,64.6
2025-12-30,Z07,6.4,0.4,69.9
2025-12-31,Z07,9.0,0.2,61.4
2023-01-01,Z08,3.7,3.9,67.9
2023-01-02,Z08,5.3,5.5,76.0
2023-01-03,Z08,3.4,3.5,76.3
2023-01-04,Z08,5.9,1.8,70.8
2023-01-05,Z08,5.0,0.2,75.1
2023-01-06,Z08,3.9,0.6,68.4
2023-01-07,Z08,3.1,4.2,74.8
2023-01-08,Z08,2.5,13.3,69.8
2023-01-09,Z08,0.9,0.0,74.8
2023-01-10,Z08,1.2,3.3,75.4
2023-01-11,Z08,5.3,7.0,73.1
2023-01-12,Z08,6.2,0.0,65.8
2023-01-13,Z08,1.6,0.9,67.5
2023-01-14,Z08,3.7,1.2,73.4
2023-01-15,Z08,0.7,14.0,74.2
2023-01-16,Z08,1.8,24.9,70.6
2023-01-17,Z08,4.1,8.7,68.2
2023-01-18,Z08,2.7,2.6,70.8
2023-01-19,Z08,0.2,10.9,68.5
2023-01-20,Z08,6.8,0.2,68.5
2023-01-21,Z08,3.7,5.0,79.7
2023-01-22,Z08,1.8,1.0,67.6
2023-01-23,Z08,4.1,0.0,72.5
2023-01-24,Z08,3.7,0.5,70.8
2023-01-25,Z08,4.7,2.4,63.9
2023-01-26,Z08,3.4,2.1,63.7
2023-01-27,Z08,4.6,2.3,69.6
2023-01-28,Z08,5.8,4.4,60.2
2023-01-29,Z08,1.8,0.9,79.1
2023-01-30,Z08,3.0,1.8,68.2
2023-01-31,Z08,5.8,3.0,67.7
2023-02-01,Z08,3.4,2.8,76.0
2023-02-02,Z08,4.3,2.0,69.2
2023-02-03,Z08,3.7,1.0,73.1
2023-02-04,Z08,3.9,11.4,67.0
2023-02-05,Z08,3.8,1.0,70.0
2023-02-06,Z08,2.5,0.7,74.6
2023-02-07,Z08,5.7,0.5,65.4
2023-02-08,Z08,6.9,2.2,72.3
2023-02-09,Z08,4.7,4.2,57.5
2023-02-10,Z08,6.9,5.4,75.8
2023-02-11,Z08,4.4,3.4,66.7
2023-02-12,Z08,4.4,8.4,69.0
2023-02-13,Z08,6.2,5.0,68.8
2023-02-14,Z08,6.3,0.0,64.4
2023-02-15,Z08,5.5,21.5,63.9
2023-02-16,Z08,7.0,13.7,71.7
2023-02-17,Z08,3.6,5.7,71.8
2023-02-18,Z08,5.5,2.7,64.4
2023-02-19,Z08,7.9,3.1,71.5
2023-02-20,Z08,8.0,5.4,71.4
2023-02-21,Z08,7.9,6.0,66.7
2023-02-22,Z08,8.4,2.0,62.0
2023-02-23,Z08,6.0,5.9,68.1
2023-02-24,Z08,3.7,2.5,70.0
2023-02-25,Z08,6.5,0.0,67.8
2023-02-26,Z08,8.2,13.5,65.0
2023-02-27,Z08,8.7,20.3,70.1
2023-02-28,Z08,6.4,2.4,74.0
2023-03-01,Z08,5.8,0.0,63.7
2023-03-02,Z08,6.1,4.0,65.9
2023-03-03,Z08,6.8,0.8,81.0
2023-03-04,Z08,4.5,0.1,68.6
2023-03-05,Z08,7.2,6.7,60.6
2023-03-06,Z08,8.3,3.4,64.4
2023-03-07,Z08,8.2,5.6,62.8
2023-03-08,Z08,8.0,0.1,68.4
2023-03-09,Z08,7.5,0.4,67.8
2023-03-10,Z08,7.9,0.1,62.9
2023-03-11,Z08,8.1,2.7,75.2
2023-03-12,Z08,10.5,8.9,66.2
2023-03-13,Z08,9.4,1.4,63.3
2023-03-14,Z08,15.3,6.5,59.3
2023-03-15,Z08,9.1,2.5,60.7
2023-03-16,Z08,10.7,2.8,58.8
2023-03-17,Z08,9.5,1.2,63.9
2023-03-18,Z08,9.7,0.5,60.2
2023-03-19,Z08,13.2,0.4,68.4
2023-03-20,Z08,12.4,0.0,61.3
2023-03-21,Z08,7.6,0.5,68.2
2023-03-22,Z08,9.1,0.0,66.3
2023-03-23,Z08,10.9,8.7,66.8
2023-03-24,Z08,10.4,0.3,67.9
2023-03-25,Z08,8.8,4.1,73.1
2023-03-26,Z08,11.9,1.2,58.7
2023-03-27,Z08,8.5,0.5,67.0
2023-03-28,Z08,12.3,4.2,64.5
2023-03-29,Z08,13.6,4.1,67.6
2023-03-30,Z08,14.0,5.6,62.6
2023-03-31,Z08,12.4,0.3,67.7
2023-04-01,Z08,15.5,7.7,55.1
2023-04-02,Z08,13.6,12.4,56.4
2023-04-03,Z08,14.7,3.7,58.3
2023-04-04,Z08,12.0,3.5,60.5
2023-04-05,Z08,16.3,4.7,60.9
2023-04-06,Z08,13.7,1.5,56.7
2023-04-07,Z08,16.8,1.2,55.2
2023-04-08,Z08,16.6,1.6,56.7
2023-04-09,Z08,14.8,5.8,51.2
2023-04-10,Z08,15.2,6.5,58.0
2023-04-11,Z08,14.4,0.2,58.9
2023-04-12,Z08,13.4,0.4,61.2
2023-04-13,Z08,16.1,6.0,59.5
2023-04-14,Z08,16.2,1.0,67.4
2023-04-15,Z08,12.5,0.0,62.3
2023-04-16,Z08,15.5,4.4,61.6
2023-04-17,Z08,17.4,0.8,59.5
2023-04-18,Z08,18.6,0.0,60.1
2023-04-19,Z08,17.5,5.3,56.1
2023-04-20,Z08,13.6,5.5,57.4
2023-04-21,Z08,14.7,3.2,66.3
2023-04-22,Z08,16.1,5.2,56.1
2023-04-23,Z08,19.5,1.2,49.5
2023-04-24,Z08,16.0,2.2,59.4
2023-04-25,Z08,19.2,2.3,60.0
2023-04-26,Z08,16.4,0.1,56.2
2023-04-27,Z08,18.6,2.5,45.7
2023-04-28,Z08,16.2,1.2,61.3
2023-04-29,Z08,17.7,0.3,55.8
2023-04-30,Z08,16.2,0.6,52.8
2023-05-01,Z08,21.0,0.1,60.0
2023-05-02,Z08,17.3,0.7,43.7
2023-05-03,Z08,16.0,7.1,54.1
2023-05-04,Z08,16.0,4.1,50.6
2023-05-05,Z08,18.9,11.7,60.5
2023-05-06,Z08,18.4,0.2,54.0
2023-05-07,Z08,20.6,18.8,48.2
2023-05-08,Z08,19.2,1.6,58.0
2023-05-09,Z08,21.9,1.2,39.8
2023-05-10,Z08,19.2,0.6,54.3
2023-05-11,Z08,21.9,0.6,45.2
2023-05-12,Z08,18.5,8.0,49.0
2023-05-13,Z08,17.7,1.8,49.8
2023-05-14,Z08,19.1,0.8,55.3
2023-05-15,Z08,18.7,0.0,61.6
2023-05-16,Z08,18.7,1.2,41.4
2023-05-17,Z08,21.8,6.1,52.3
2023-05-18,Z08,20.7,0.4,60.8
2023-05-19,Z08,21.6,0.1,46.7
2023-05-20,Z08,22.4,0.4,46.2
2023-05-21,Z08,18.6,0.8,50.3
2023-05-22,Z08,22.8,2.7,53.0
2023-05-23,Z08,19.7,0.0,51.9
2023-05-24,Z08,21.0,0.0,46.6
2023-05-25,Z08,18.8,2.7,44.1
2023-05-26,Z08,23.5,1.5,54.5
2023-05-27,Z08,19.4,3.4,43.8
2023-05-28,Z08,20.4,2.3,37.9
2023-05-29,Z08,20.7,1.1,40.0
2023-05-30,Z08,22.6,0.0,44.2
2023-05-31,Z08,22.7,7.6,54.3
2023-06-01,Z08,24.5,0.0,40.7
2023-06-02,Z08,23.0,1.7,54.0
2023-06-03,Z08,25.0,6.9,52.7
2023-06-04,Z08,24.1,0.5,47.1
2023-06-05,Z08,21.8,0.3,33.0
2023-06-06,Z08,22.4,0.7,39.6
2023-06-07,Z08,26.5,0.9,42.2
2023-06-08,Z08,26.1,0.4,53.8
2023-06-09,Z08,25.4,7.9,42.1
2023-06-10,Z08,25.8,0.0,40.9
2023-06-11,Z08,25.0,0.0,45.5
2023-06-12,Z08,24.8,0.1,37.4
2023-06-13,Z08,24.4,2.5,44.1
2023-06-14,Z08,27.4,1.9,40.1
2023-06-15,Z08,23.6,0.1,57.3
2023-06-16,Z08,25.0,2.6,39.1
2023-06-17,Z08,21.6,2.1,53.2
2023-06-18,Z08,22.1,0.3,37.7
2023-06-19,Z08,28.0,3.3,44.5
2023-06-20,Z08,25.9,1.2,45.6
2023-06-21,Z08,24.5,1.9,43.6
2023-06-22,Z08,25.1,0.2,43.2
2023-06-23,Z08,22.6,0.1,46.9
2023-06-24,Z08,24.3,2.3,44.5
2023-06-25,Z08,22.5,1.3,41.5
2023-06-26,Z08,24.6,0.1,38.8
2023-06-27,Z08,26.4,1.0,41.2
2023-06-28,Z08,26.1,1.5,41.0
2023-06-29,Z08,28.2,0.1,40.8
2023-06-30,Z08,25.9,0.4,42.1
2023-07-01,Z08,20.9,0.8,34.5
2023-07-02,Z08,28.9,0.2,36.3
2023-07-03,Z08,23.9,3.1,45.5
2023-07-04,Z08,25.7,0.9,30.0
2023-07-05,Z08,25.6,0.0,47.1
2023-07-06,Z08,25.9,1.1,38.2
2023-07-07,Z08,25.6,2.3,49.3
2023-07-08,Z08,25.6,0.9,47.0
2023-07-09,Z08,23.1,0.0,39.1
2023-07-10,Z08,30.2,0.1,39.6
2023-07-11,Z08,26.7,0.0,48.6
2023-07-12,Z08,25.6,0.0,46.9
2023-07-13,Z08,28.8,5.4,45.3
2023-07-14,Z08,23.5,0.1,46.1
2023-07-15,Z08,27.0,0.9,34.9
2023-07-16,Z08,24.4,0.0,41.3
2023-07-17,Z08,26.1,2.3,36.4
2023-07-18,Z08,26.2,2.2,34.6
2023-07-19,Z08,21.2,0.9,41.0
2023-07-20,Z08,22.8,0.3,38.1
2023-07-21,Z08,28.2,0.0,39.3
2023-07-22,Z08,24.8,1.7,37.6
2023-07-23,Z08,28.8,0.8,33.8
2023-07-24,Z08,27.5,0.4,48.5
2023-07-25,Z08,24.7,2.2,40.8
2023-07-26,Z08,24.5,1.3,32.8
2023-07-27,Z08,28.0,1.3,40.9
2023-07-28,Z08,28.8,0.0,47.6
2023-07-29,Z08,24.4,0.7,44.8
2023-07-30,Z08,27.6,1.4,37.4
2023-07-31,Z08,26.7,0.0,37.5
2023-08-01,Z08,26.9,3.2,35.3
2023-08-02,Z08,24.8,0.0,36.3
2023-08-03,Z08,23.4,0.5,36.8
2023-08-04,Z08,22.6,0.0,32.8
2023-08-05,Z08,22.1,0.6,37.9
2023-08-06,Z08,27.8,2.5,41.9
2023-08-07,Z08,24.3,1.7,38.2
2023-08-08,Z08,22.1,0.0,41.4
2023-08-09,Z08,25.9,5.1,48.4
2023-08-10,Z08,23.1,0.0,49.6
2023-08-11,Z08,22.7,2.1,40.1
2023-08-12,Z08,27.5,0.0,44.9
2023-08-13,Z08,21.3,0.2,39.7
2023-08-14,Z08,24.0,0.9,38.2
2023-08-15,Z08,22.4,3.0,35.2
2023-08-16,Z08,22.0,1.7,41.2
2023-08-17,Z08,20.6,1.7,46.3
2023-08-18,Z08,23.2,0.0,34.6
2023-08-19,Z08,21.4,0.0,39.7
2023-08-20,Z08,24.0,0.2,39.5
2023-08-21,Z08,22.7,1.3,42.5
2023-08-22,Z08,22.1,0.0,42.7
2023-08-23,Z08,21.0,0.0,44.2
2023-08-24,Z08,25.0,0.3,51.1
2023-08-25,Z08,23.6,0.0,37.4
2023-08-26,Z08,20.9,2.4,37.2
2023-08-27,Z08,19.5,0.3,43.2
2023-08-28,Z08,18.4,0.0,49.4
2023-08-29,Z08,23.7,0.0,34.9
2023-08-30,Z08,23.2,3.2,44.0
2023-08-31,Z08,23.3,1.7,41.5
2023-09-01,Z08,21.0,0.5,46.9
2023-09-02,Z08,22.6,0.1,46.0
2023-09-03,Z08,22.8,7.0,43.2
2023-09-04,Z08,20.7,0.2,45.6
2023-09-05,Z08,20.0,1.2,40.0
2023-09-06,Z08,18.7,0.3,47.5
2023-09-07,Z08,21.1,0.0,50.6
2023-09-08,Z08,21.2,5.0,44.3
2023-09-09,Z08,19.3,0.7,41.9
2023-09-10,Z08,19.3,3.2,43.4
2023-09-11,Z08,19.3,1.2,48.3
2023-09-12,Z08,20.9,4.1,44.3
2023-09-13,Z08,16.9,0.0,38.7
2023-09-14,Z08,17.2,0.3,49.6
2023-09-15,Z08,17.0,1.2,40.2
2023-09-16,Z08,18.6,0.0,47.4
2023-09-17,Z08,19.2,2.4,36.1
2023-09-18,Z08,16.6,0.0,46.2
2023-09-19,Z08,19.9,9.8,45.5
2023-09-20,Z08,20.8,0.4,36.2
2023-09-21,Z08,18.7,3.4,48.0
2023-09-22,Z08,19.8,0.6,41.0
2023-09-23,Z08,15.9,0.0,47.1
2023-09-24,Z08,15.8,0.3,44.9
2023-09-25,Z08,18.1,5.6,39.7
2023-09-26,Z08,17.0,1.6,42.1
2023-09-27,Z08,15.2,2.5,42.8
2023-09-28,Z08,19.2,0.3,52.7
2023-09-29,Z08,17.0,3.7,52.2
2023-09-30,Z08,17.6,1.3,59.2
2023-10-01,Z08,14.9,0.5,45.9
2023-10-02,Z08,18.9,0.2,46.0
2023-10-03,Z08,15.4,0.9,49.7
2023-10-04,Z08,17.4,0.3,47.4
2023-10-05,Z08,14.3,9.8,46.5
2023-10-06,Z08,15.5,1.1,50.0
2023-10-07,Z08,16.0,0.8,53.5
2023-10-08,Z08,18.4,0.3,39.6
2023-10-09,Z08,13.8,1.4,47.6
2023-10-10,Z08,14.8,7.0,43.7
2023-10-11,Z08,15.3,27.5,50.2
2023-10-12,Z08,11.5,0.1,53.3
2023-10-13,Z08,9.9,0.1,57.0
2023-10-14,Z08,11.9,0.1,49.5
2023-10-15,Z08,15.2,6.8,52.5
2023-10-16,Z08,16.4,2.6,43.8
2023-10-17,Z08,11.4,3.9,48.1
2023-10-18,Z08,10.7,0.5,53.7
2023-10-19,Z08,15.5,0.4,46.1
2023-10-20,Z08,11.5,15.7,59.4
2023-10-21,Z08,11.7,0.4,56.1
2023-10-22,Z08,14.8,9.8,49.2
2023-10-23,Z08,14.3,0.2,46.6
2023-10-24,Z08,13.5,1.2,50.6
2023-10-25,Z08,8.5,2.0,50.0
2023-10-26,Z08,9.1,0.0,48.7
2023-10-27,Z08,13.2,3.8,48.0
2023-10-28,Z08,11.6,1.5,54.1
2023-10-29,Z08,9.5,1.6,59.2
2023-10-30,Z08,10.1,1.0,52.2
2023-10-31,Z08,12.5,0.0,58.3
2023-11-01,Z08,13.1,0.2,54.7
2023-11-02,Z08,10.2,17.9,59.6
2023-11-03,Z08,8.8,0.9,52.9
2023-11-04,Z08,9.3,0.6,58.5
2023-11-05,Z08,12.1,0.0,57.9
2023-11-06,Z08,11.9,6.0,64.4
2023-11-07,Z08,9.7,9.2,60.6
2023-11-08,Z08,8.2,0.0,59.4
2023-11-09,Z08,10.9,2.1,51.0
2023-11-10,Z08,11.7,5.8,56.0
2023-11-11,Z08,6.0,4.3,54.8
2023-11-12,Z08,8.1,2.2,55.0
2023-11-13,Z08,10.4,3.5,59.4
2023-11-14,Z08,8.3,0.0,60.8
2023-11-15,Z08,7.2,0.0,61.2
2023-11-16,Z08,8.2,3.9,66.4
2023-11-17,Z08,8.4,0.8,62.7
2023-11-18,Z08,5.6,2.0,54.4
2023-11-19,Z08,7.6,0.1,61.8
2023-11-20,Z08,8.0,0.6,63.9
2023-11-21,Z08,6.3,0.8,67.6
2023-11-22,Z08,5.6,2.8,60.7
2023-11-23,Z08,5.9,2.8,61.0
2023-11-24,Z08,5.0,27.7,67.3
2023-11-25,Z08,8.1,11.6,63.1
2023-11-26,Z08,4.7,17.5,54.4
2023-11-27,Z08,6.7,0.5,53.6
2023-11-28,Z08,5.5,1.1,72.1
2023-11-29,Z08,4.8,5.2,54.5
2023-11-30,Z08,8.4,1.2,62.5
2023-12-01,Z08,5.6,0.7,67.9
2023-12-02,Z08,4.5,1.0,54.9
2023-12-03,Z08,4.2,3.2,58.5
2023-12-04,Z08,6.1,0.1,57.9
2023-12-05,Z08,6.9,0.5,73.3
2023-12-06,Z08,7.6,5.9,74.6
2023-12-07,Z08,4.9,0.0,61.1
2023-12-08,Z08,4.7,2.8,67.8
2023-12-09,Z08,5.2,0.0,66.7
2023-12-10,Z08,5.2,1.1,63.9
2023-12-11,Z08,3.4,0.0,57.4
2023-12-12,Z08,7.4,3.8,77.2
2023-12-13,Z08,4.7,26.5,56.8
2023-12-14,Z08,5.5,4.5,67.1
2023-12-15,Z08,5.2,0.2,63.0
2023-12-16,Z08,5.1,3.0,71.4
2023-12-17,Z08,2.5,0.2,70.8
2023-12-18,Z08,4.2,17.3,61.8
2023-12-19,Z08,8.3,0.3,62.9
2023-12-20,Z08,7.0,6.4,59.3
2023-12-21,Z08,4.3,2.3,68.1
2023-12-22,Z08,3.3,8.8,70.9
2023-12-23,Z08,-0.0,0.2,65.3
2023-12-24,Z08,3.0,1.4,66.4
2023-12-25,Z08,3.7,2.1,77.3
2023-12-26,Z08,3.2,0.0,72.6
2023-12-27,Z08,3.3,21.8,74.8
2023-12-28,Z08,4.8,2.2,56.9
2023-12-29,Z08,1.9,0.0,71.0
2023-12-30,Z08,4.1,0.0,69.6
2023-12-31,Z08,3.4,4.9,62.2
2024-01-01,Z08,2.0,0.1,63.4
2024-01-02,Z08,6.6,1.0,67.6
2024-01-03,Z08,4.9,0.1,62.1
2024-01-04,Z08,2.1,5.5,64.9
2024-01-05,Z08,4.4,2.4,66.7
2024-01-06,Z08,1.0,0.1,72.0
2024-01-07,Z08,2.3,1.6,65.6
2024-01-08,Z08,5.9,4.3,67.0
2024-01-09,Z08,4.1,3.2,74.5
2024-01-10,Z08,4.0,2.6,60.6
2024-01-11,Z08,5.3,1.9,70.6
2024-01-12,Z08,4.6,9.2,71.5
2024-01-13,Z08,3.0,0.2,71.7
2024-01-14,Z08,5.2,10.9,67.2
2024-01-15,Z08,0.5,0.7,64.4
2024-01-16,Z08,2.4,0.7,77.4
2024-01-17,Z08,3.4,22.2,65.5
2024-01-18,Z08,4.6,26.3,64.3
2024-01-19,Z08,3.1,1.4,70.0
2024-01-20,Z08,0.5,0.1,66.2
2024-01-21,Z08,0.3,0.4,75.2
2024-01-22,Z08,3.7,5.7,68.6
2024-01-23,Z08,3.0,16.3,75.9
2024-01-24,Z08,2.2,5.1,72.2
2024-01-25,Z08,2.0,0.7,68.1
2024-01-26,Z08,4.2,0.1,75.6
2024-01-27,Z08,6.4,0.5,66.7
2024-01-28,Z08,4.3,32.5,68.4
2024-01-29,Z08,6.5,17.2,72.6
2024-01-30,Z08,3.6,5.4,71.1
2024-01-31,Z08,5.1,8.3,66.6
2024-02-01,Z08,6.8,0.9,62.2
2024-02-02,Z08,4.2,0.2,69.8
2024-02-03,Z08,4.6,0.0,66.2
2024-02-04,Z08,3.9,27.1,70.0
2024-02-05,Z08,5.8,9.3,67.7
2024-02-06,Z08,6.4,0.4,66.2
2024-02-07,Z08,5.5,0.9,68.4
2024-02-08,Z08,4.5,16.3,69.3
2024-02-09,Z08,2.3,0.8,73.1
2024-02-10,Z08,5.1,5.4,71.6
2024-02-11,Z08,4.9,4.2,79.9
2024-02-12,Z08,5.8,8.1,70.1
2024-02-13,Z08,5.7,0.5,65.9
2024-02-14,Z08,8.4,0.2,68.4
2024-02-15,Z08,4.4,1.7,72.0
2024-02-16,Z08,3.0,14.8,74.1
2024-02-17,Z08,3.9,5.7,75.7
2024-02-18,Z08,4.9,0.1,63.8
2024-02-19,Z08,8.1,11.6,75.2
2024-02-20,Z08,3.9,13.9,68.4
2024-02-21,Z08,4.3,5.1,63.9
2024-02-22,Z08,7.3,0.0,67.4
2024-02-23,Z08,8.2,34.9,74.4
2024-02-24,Z08,4.0,0.6,70.5
2024-02-25,Z08,3.7,1.7,62.0
2024-02-26,Z08,5.7,8.0,61.9
2024-02-27,Z08,8.4,0.0,61.7
2024-02-28,Z08,7.6,3.4,64.0
2024-02-29,Z08,6.2,14.8,67.9
2024-03-01,Z08,9.0,0.1,61.8
2024-03-02,Z08,8.0,2.3,65.1
2024-03-03,Z08,7.8,14.1,74.1
2024-03-04,Z08,5.2,5.8,75.0
2024-03-05,Z08,6.9,3.6,74.5
2024-03-06,Z08,11.9,0.0,57.6
2024-03-07,Z08,8.0,1.8,74.8
2024-03-08,Z08,7.0,0.1,66.7
2024-03-09,Z08,8.2,1.0,66.5
2024-03-10,Z08,9.3,4.2,71.1
2024-03-11,Z08,10.8,0.4,69.3
2024-03-12,Z08,10.5,0.5,56.2
2024-03-13,Z08,8.3,4.5,62.3
2024-03-14,Z08,12.0,15.5,63.4
2024-03-15,Z08,11.4,3.0,58.4
2024-03-16,Z08,9.3,2.2,69.8
2024-03-17,Z08,10.0,1.7,71.8
2024-03-18,Z08,11.5,2.5,64.4
2024-03-19,Z08,12.5,15.3,65.7
2024-03-20,Z08,8.0,0.0,64.0
2024-03-21,Z08,11.1,0.0,64.3
2024-03-22,Z08,11.1,0.2,69.2
2024-03-23,Z08,10.3,1.0,54.6
2024-03-24,Z08,10.5,0.0,65.6
2024-03-25,Z08,13.6,0.6,63.0
2024-03-26,Z08,12.8,0.1,59.2
2024-03-27,Z08,15.8,4.4,60.0
2024-03-28,Z08,11.2,1.0,71.5
2024-03-29,Z08,12.7,15.0,55.4
2024-03-30,Z08,13.2,1.3,61.0
2024-03-31,Z08,14.4,0.8,69.8
2024-04-01,Z08,15.4,4.8,55.0
2024-04-02,Z08,13.3,9.4,58.9
2024-04-03,Z08,11.4,0.1,61.1
2024-04-04,Z08,12.3,5.2,62.7
2024-04-05,Z08,14.0,0.9,60.0
2024-04-06,Z08,15.9,3.6,55.7
2024-04-07,Z08,11.5,1.8,62.2
2024-04-08,Z08,12.2,0.8,59.2
2024-04-09,Z08,15.9,4.6,62.6
2024-04-10,Z08,12.4,2.7,63.8
2024-04-11,Z08,12.8,0.9,51.5
2024-04-12,Z08,17.1,13.4,63.9
2024-04-13,Z08,14.9,9.5,57.2
2024-04-14,Z08,14.9,0.3,62.3
2024-04-15,Z08,18.1,1.9,60.4
2024-04-16,Z08,13.9,8.0,67.0
2024-04-17,Z08,13.7,0.2,57.5
2024-04-18,Z08,19.1,0.1,55.2
2024-04-19,Z08,16.8,0.1,54.4
2024-04-20,Z08,17.8,1.3,51.5
2024-04-21,Z08,16.2,3.0,60.5
2024-04-22,Z08,16.7,9.6,50.7
2024-04-23,Z08,15.9,0.5,59.9
2024-04-24,Z08,17.9,2.4,54.5
2024-04-25,Z08,19.0,1.0,46.6
2024-04-26,Z08,18.0,13.2,62.6
2024-04-27,Z08,19.8,14.9,38.0
2024-04-28,Z08,19.2,0.2,54.2
2024-04-29,Z08,16.3,2.7,55.5
2024-04-30,Z08,18.1,0.4,42.6
2024-05-01,Z08,17.8,0.2,56.0
2024-05-02,Z08,20.1,5.8,50.2
2024-05-03,Z08,19.7,1.4,52.1
2024-05-04,Z08,19.3,0.0,59.8
2024-05-05,Z08,21.1,0.0,53.5
2024-05-06,Z08,16.1,5.8,50.8
2024-05-07,Z08,18.5,0.8,51.5
2024-05-08,Z08,18.8,0.6,60.9
2024-05-09,Z08,20.4,1.6,53.8
2024-05-10,Z08,21.1,6.1,47.1
2024-05-11,Z08,20.3,0.6,48.9
2024-05-12,Z08,18.0,0.2,45.1
2024-05-13,Z08,21.3,2.3,48.5
2024-05-14,Z08,21.0,0.6,58.6
2024-05-15,Z08,18.2,0.6,49.5
2024-05-16,Z08,20.5,5.4,43.4
2024-05-17,Z08,21.9,0.7,52.0
2024-05-18,Z08,24.3,0.5,47.6
2024-05-19,Z08,19.5,0.0,52.1
2024-05-20,Z08,23.1,1.2,47.9
2024-05-21,Z08,19.8,5.4,56.1
2024-05-22,Z08,19.6,0.5,44.1
2024-05-23,Z08,19.9,8.9,42.6
2024-05-24,Z08,23.3,2.4,52.8
2024-05-25,Z08,22.6,5.0,37.9
2024-05-26,Z08,21.9,0.1,46.8
2024-05-27,Z08,23.4,7.1,51.5
2024-05-28,Z08,22.8,0.8,36.3
2024-05-29,Z08,23.0,7.7,47.4
2024-05-30,Z08,22.4,0.5,39.3
2024-05-31,Z08,21.2,0.6,37.4
2024-06-01,Z08,26.2,1.9,41.1
2024-06-02,Z08,25.8,0.1,45.3
2024-06-03,Z08,26.3,0.8,42.4
2024-06-04,Z08,22.6,2.7,51.3
2024-06-05,Z08,22.4,0.1,46.0
2024-06-06,Z08,23.0,0.3,42.9
2024-06-07,Z08,25.8,0.0,38.6
2024-06-08,Z08,23.9,0.2,46.1
2024-06-09,Z08,23.1,2.4,55.1
2024-06-10,Z08,24.8,0.6,41.1
2024-06-11,Z08,22.9,0.1,41.5
2024-06-12,Z08,21.9,4.2,38.9
2024-06-13,Z08,24.6,0.2,50.0
2024-06-14,Z08,23.5,2.1,48.5
2024-06-15,Z08,24.5,1.3,41.5
2024-06-16,Z08,19.8,1.3,40.5
2024-06-17,Z08,23.1,3.2,38.7
2024-06-18,Z08,24.7,1.9,41.8
2024-06-19,Z08,22.1,0.0,48.2
2024-06-20,Z08,22.2,2.5,43.1
2024-06-21,Z08,25.0,0.5,49.2
2024-06-22,Z08,26.3,0.0,39.0
2024-06-23,Z08,23.5,6.8,30.9
2024-06-24,Z08,24.6,0.4,55.3
2024-06-25,Z08,24.7,1.5,43.3
2024-06-26,Z08,22.4,7.6,45.9
2024-06-27,Z08,27.4,1.1,38.0
2024-06-28,Z08,25.0,0.0,35.0
2024-06-29,Z08,25.0,1.8,42.5
2024-06-30,Z08,26.0,2.7,31.6
2024-07-01,Z08,22.6,2.2,40.1
2024-07-02,Z08,27.1,0.8,46.5
2024-07-03,Z08,27.3,0.3,43.5
2024-07-04,Z08,25.7,1.4,42.4
2024-07-05,Z08,26.3,2.1,49.8
2024-07-06,Z08,24.9,2.6,42.8
2024-07-07,Z08,27.0,1.4,31.3
2024-07-08,Z08,24.0,0.5,40.0
2024-07-09,Z08,25.4,0.2,50.3
2024-07-10,Z08,25.5,3.5,39.1
2024-07-11,Z08,25.4,3.2,49.9
2024-07-12,Z08,27.4,0.6,45.6
2024-07-13,Z08,29.4,0.1,38.4
2024-07-14,Z08,25.3,2.1,35.0
2024-07-15,Z08,26.3,0.4,42.0
2024-07-16,Z08,24.0,0.9,46.6
2024-07-17,Z08,27.3,0.3,32.3
2024-07-18,Z08,24.4,0.0,40.8
2024-07-19,Z08,31.0,0.1,29.9
2024-07-20,Z08,22.3,0.2,38.4
2024-07-21,Z08,29.1,0.1,31.8
2024-07-22,Z08,27.0,0.0,42.9
2024-07-23,Z08,23.2,2.2,36.6
2024-07-24,Z08,29.3,0.4,45.8
2024-07-25,Z08,23.4,3.9,37.3
2024-07-26,Z08,24.5,0.2,36.8
2024-07-27,Z08,22.7,1.1,31.9
2024-07-28,Z08,24.7,0.5,42.0
2024-07-29,Z08,24.8,0.3,42.5
2024-07-30,Z08,26.3,0.0,44.7
2024-07-31,Z08,29.1,0.6,43.3
2024-08-01,Z08,23.7,0.3,42.1
2024-08-02,Z08,19.6,0.6,43.1
2024-08-03,Z08,25.7,0.3,43.6
2024-08-04,Z08,23.4,0.4,44.7
2024-08-05,Z08,27.6,0.2,32.6
2024-08-06,Z08,24.2,0.0,37.9
2024-08-07,Z08,22.8,1.1,32.2
2024-08-08,Z08,22.3,5.1,42.0
2024-08-09,Z08,25.1,0.4,48.5
2024-08-10,Z08,23.4,0.2,44.9
2024-08-11,Z08,26.4,0.1,37.5
2024-08-12,Z08,23.3,8.7,43.1
2024-08-13,Z08,26.1,3.7,42.4
2024-08-14,Z08,21.0,1.0,41.9
2024-08-15,Z08,20.2,0.3,34.3
2024-08-16,Z08,24.7,1.0,47.5
2024-08-17,Z08,22.3,0.2,35.1
2024-08-18,Z08,22.5,0.2,39.3
2024-08-19,Z08,21.1,0.0,46.0
2024-08-20,Z08,20.8,11.6,39.4
2024-08-21,Z08,23.8,0.7,41.8
2024-08-22,Z08,22.5,1.0,42.1
2024-08-23,Z08,20.5,0.0,41.9
2024-08-24,Z08,23.7,0.3,42.3
2024-08-25,Z08,24.2,0.8,42.9
2024-08-26,Z08,21.8,2.6,42.4
2024-08-27,Z08,23.7,1.8,37.6
2024-08-28,Z08,19.9,1.8,34.5
2024-08-29,Z08,22.6,0.9,47.4
2024-08-30,Z08,21.7,0.1,47.8
2024-08-31,Z08,19.8,1.5,44.4
2024-09-01,Z08,24.8,0.0,44.5
2024-09-02,Z08,21.4,1.0,38.4
2024-09-03,Z08,19.7,0.4,30.9
2024-09-04,Z08,20.7,0.0,42.1
2024-09-05,Z08,18.9,0.2,34.0
2024-09-06,Z08,18.3,0.9,44.5
2024-09-07,Z08,19.4,4.3,50.3
2024-09-08,Z08,19.3,0.5,40.9
2024-09-09,Z08,18.4,1.0,41.4
2024-09-10,Z08,21.9,0.6,39.3
2024-09-11,Z08,18.1,0.9,44.7
2024-09-12,Z08,17.7,4.2,44.5
2024-09-13,Z08,17.0,6.3,39.8
2024-09-14,Z08,16.7,2.3,49.6
2024-09-15,Z08,20.7,3.9,58.8
2024-09-16,Z08,19.1,0.0,51.4
2024-09-17,Z08,19.7,9.0,45.1
2024-09-18,Z08,20.1,4.1,45.3
2024-09-19,Z08,17.5,0.4,43.5
2024-09-20,Z08,20.6,2.2,43.6
2024-09-21,Z08,16.6,0.8,51.3
2024-09-22,Z08,15.6,1.6,51.7
2024-09-23,Z08,18.1,1.9,41.1
2024-09-24,Z08,17.5,0.6,49.0
2024-09-25,Z08,17.3,0.2,52.9
2024-09-26,Z08,18.7,0.0,45.8
2024-09-27,Z08,16.9,5.5,46.8
2024-09-28,Z08,17.0,3.3,51.5
2024-09-29,Z08,18.7,0.9,51.9
2024-09-30,Z08,16.6,6.9,50.7
2024-10-01,Z08,16.8,0.3,50.0
2024-10-02,Z08,13.2,5.3,50.9
2024-10-03,Z08,22.2,0.2,47.8
2024-10-04,Z08,12.5,0.1,43.9
2024-10-05,Z08,14.2,9.5,41.9
2024-10-06,Z08,13.9,0.3,52.9
2024-10-07,Z08,18.6,3.4,50.7
2024-10-08,Z08,13.5,0.2,52.7
2024-10-09,Z08,15.2,0.0,46.5
2024-10-10,Z08,13.2,4.2,51.4
2024-10-11,Z08,12.2,0.1,51.6
2024-10-12,Z08,14.9,3.8,57.8
2024-10-13,Z08,12.4,3.4,55.9
2024-10-14,Z08,13.8,0.4,48.2
2024-10-15,Z08,14.4,9.7,54.7
2024-10-16,Z08,16.5,3.7,48.7
2024-10-17,Z08,10.6,2.2,39.6
2024-10-18,Z08,12.4,1.9,61.6
2024-10-19,Z08,12.3,3.2,51.3
2024-10-20,Z08,12.3,0.4,58.7
2024-10-21,Z08,16.8,10.4,50.4
2024-10-22,Z08,11.7,4.4,49.9
2024-10-23,Z08,7.2,2.2,51.5
2024-10-24,Z08,11.2,5.4,55.7
2024-10-25,Z08,11.2,5.1,55.6
2024-10-26,Z08,10.8,1.2,57.5
2024-10-27,Z08,9.8,0.0,52.8
2024-10-28,Z08,8.5,0.3,55.7
2024-10-29,Z08,14.6,4.1,51.6
2024-10-30,Z08,11.1,2.4,63.4
2024-10-31,Z08,10.0,2.2,49.7
2024-11-01,Z08,14.0,1.1,52.4
2024-11-02,Z08,8.4,0.2,54.7
2024-11-03,Z08,10.9,1.0,69.0
2024-11-04,Z08,7.4,0.0,61.1
2024-11-05,Z08,10.8,1.8,53.3
2024-11-06,Z08,7.3,10.8,61.9
2024-11-07,Z08,10.0,10.0,60.7
2024-11-08,Z08,12.5,0.9,59.7
2024-11-09,Z08,9.0,1.0,62.1
2024-11-10,Z08,4.7,0.4,59.1
2024-11-11,Z08,8.6,2.3,59.9
2024-11-12,Z08,9.2,0.1,51.6
2024-11-13,Z08,9.8,1.5,66.8
2024-11-14,Z08,10.7,17.5,57.6
2024-11-15,Z08,10.6,11.0,53.9
2024-11-16,Z08,7.5,0.1,57.8
2024-11-17,Z08,6.4,6.5,58.2
2024-11-18,Z08,5.4,0.7,56.8
2024-11-19,Z08,6.3,5.4,64.9
2024-11-20,Z08,8.0,6.0,66.1
2024-11-21,Z08,4.6,0.8,51.7
2024-11-22,Z08,5.2,2.6,59.1
2024-11-23,Z08,7.7,2.5,59.7
2024-11-24,Z08,5.4,7.5,61.3
2024-11-25,Z08,7.1,0.2,70.9
2024-11-26,Z08,4.9,0.0,58.6
2024-11-27,Z08,6.7,1.1,70.7
2024-11-28,Z08,4.7,1.8,62.3
2024-11-29,Z08,2.5,2.6,71.1
2024-11-30,Z08,7.6,0.0,61.9
2024-12-01,Z08,4.5,0.4,61.6
2024-12-02,Z08,5.2,1.4,63.8
2024-12-03,Z08,4.3,0.4,70.6
2024-12-04,Z08,6.4,0.4,65.1
2024-12-05,Z08,5.9,0.1,65.6
2024-12-06,Z08,6.2,14.7,67.9
2024-12-07,Z08,4.1,1.2,60.5
2024-12-08,Z08,4.9,9.4,66.8
2024-12-09,Z08,5.7,4.8,62.2
2024-12-10,Z08,7.6,6.7,72.8
2024-12-11,Z08,5.3,1.1,67.8
2024-12-12,Z08,2.8,0.2,69.3
2024-12-13,Z08,5.0,0.1,55.8
2024-12-14,Z08,4.2,4.5,69.7
2024-12-15,Z08,0.8,6.2,65.5
2024-12-16,Z08,1.0,10.6,59.4
2024-12-17,Z08,4.1,0.2,67.2
2024-12-18,Z08,4.2,0.5,59.3
2024-12-19,Z08,3.6,0.6,70.1
2024-12-20,Z08,5.7,4.1,74.3
2024-12-21,Z08,2.3,2.8,58.4
2024-12-22,Z08,1.5,0.0,67.3
2024-12-23,Z08,2.4,14.2,66.8
2024-12-24,Z08,2.8,5.4,57.8
2024-12-25,Z08,3.7,3.2,72.5
2024-12-26,Z08,2.3,0.0,71.1
2024-12-27,Z08,-0.1,0.5,78.3
2024-12-28,Z08,-0.9,6.6,70.7
2024-12-29,Z08,3.9,6.3,64.0
2024-12-30,Z08,1.6,19.1,71.1
2024-12-31,Z08,-0.0,11.5,75.0
2025-01-01,Z08,4.7,6.1,66.3
2025-01-02,Z08,6.4,44.5,73.0
2025-01-03,Z08,3.4,1.7,57.0
2025-01-04,Z08,4.0,6.7,76.3
2025-01-05,Z08,4.0,3.4,73.0
2025-01-06,Z08,-0.7,4.0,56.4
2025-01-07,Z08,5.1,3.5,71.1
2025-01-08,Z08,5.7,1.3,59.3
2025-01-09,Z08,6.8,10.4,66.3
2025-01-10,Z08,2.7,1.8,72.8
2025-01-11,Z08,1.5,0.4,68.8
2025-01-12,Z08,6.0,5.5,75.8
2025-01-13,Z08,4.4,0.0,69.9
2025-01-14,Z08,5.1,0.2,69.5
2025-01-15,Z08,2.4,1.8,75.2
2025-01-16,Z08,4.1,0.0,68.1
2025-01-17,Z08,1.7,6.5,69.7
2025-01-18,Z08,3.6,21.5,70.4
2025-01-19,Z08,3.0,0.8,69.5
2025-01-20,Z08,7.9,1.5,75.7
2025-01-21,Z08,4.7,1.4,66.6
2025-01-22,Z08,-0.1,6.1,65.8
2025-01-23,Z08,3.8,19.5,64.7
2025-01-24,Z08,4.5,0.4,59.3
2025-01-25,Z08,3.1,0.1,77.4
2025-01-26,Z08,2.0,1.7,65.5
2025-01-27,Z08,5.2,10.2,68.8
2025-01-28,Z08,2.4,1.9,77.8
2025-01-29,Z08,5.2,4.2,69.3
2025-01-30,Z08,2.3,1.0,72.5
2025-01-31,Z08,3.3,0.3,62.8
2025-02-01,Z08,6.1,4.0,76.9
2025-02-02,Z08,5.3,4.7,69.3
2025-02-03,Z08,4.6,1.5,64.8
2025-02-04,Z08,4.5,0.2,64.7
2025-02-05,Z08,4.8,1.7,78.2
2025-02-06,Z08,3.3,2.6,66.8
2025-02-07,Z08,2.1,1.2,64.7
2025-02-08,Z08,6.0,1.8,67.5
2025-02-09,Z08,7.8,2.4,69.8
2025-02-10,Z08,6.2,0.0,70.3
2025-02-11,Z08,5.7,20.1,71.7
2025-02-12,Z08,3.2,0.1,70.6
2025-02-13,Z08,7.0,0.0,72.5
2025-02-14,Z08,6.4,2.4,67.9
2025-02-15,Z08,7.0,0.4,79.5
2025-02-16,Z08,7.7,0.3,66.6
2025-02-17,Z08,8.8,0.2,75.7
2025-02-18,Z08,4.0,6.0,65.9
2025-02-19,Z08,3.8,0.1,61.6
2025-02-20,Z08,6.5,10.0,60.3
2025-02-21,Z08,4.7,15.9,70.1
2025-02-22,Z08,4.6,0.5,74.2
2025-02-23,Z08,8.9,4.8,62.6
2025-02-24,Z08,5.0,2.1,63.8
2025-02-25,Z08,6.9,1.2,70.0
2025-02-26,Z08,4.1,2.0,67.9
2025-02-27,Z08,7.3,8.7,64.9
2025-02-28,Z08,9.5,2.1,61.3
2025-03-01,Z08,9.7,2.2,69.1
2025-03-02,Z08,9.5,0.1,70.7
2025-03-03,Z08,7.7,1.8,69.7
2025-03-04,Z08,10.0,0.9,67.2
2025-03-05,Z08,8.9,10.6,61.7
2025-03-06,Z08,7.5,0.7,68.4
2025-03-07,Z08,9.1,0.8,67.8
2025-03-08,Z08,10.2,4.8,59.9
2025-03-09,Z08,6.3,4.2,64.8
2025-03-10,Z08,7.0,2.1,68.0
2025-03-11,Z08,8.8,2.6,65.6
2025-03-12,Z08,7.0,0.8,56.0
2025-03-13,Z08,7.2,0.4,62.4
2025-03-14,Z08,8.8,0.0,61.9
2025-03-15,Z08,11.5,3.4,68.0
2025-03-16,Z08,11.7,0.2,78.0
2025-03-17,Z08,10.7,0.2,65.5
2025-03-18,Z08,10.6,0.6,58.6
2025-03-19,Z08,14.2,1.1,63.6
2025-03-20,Z08,9.6,5.1,64.3
2025-03-21,Z08,11.2,0.7,67.8
2025-03-22,Z08,9.9,1.7,70.0
2025-03-23,Z08,8.8,3.1,70.6
2025-03-24,Z08,13.5,4.4,66.1
2025-03-25,Z08,11.0,0.1,63.2
2025-03-26,Z08,12.9,3.6,70.4
2025-03-27,Z08,11.4,9.9,61.0
2025-03-28,Z08,14.3,0.9,62.8
2025-03-29,Z08,10.4,1.5,61.1
2025-03-30,Z08,14.5,1.5,51.4
2025-03-31,Z08,14.2,3.8,68.2
2025-04-01,Z08,9.6,1.0,65.0
2025-04-02,Z08,12.1,0.0,49.5
2025-04-03,Z08,15.0,1.1,66.1
2025-04-04,Z08,16.3,0.1,59.4
2025-04-05,Z08,14.8,0.6,65.6
2025-04-06,Z08,13.0,1.1,60.8
2025-04-07,Z08,12.2,0.4,53.4
2025-04-08,Z08,15.1,0.4,60.1
2025-04-09,Z08,13.5,2.7,55.2
2025-04-10,Z08,13.8,0.4,53.3
2025-04-11,Z08,14.3,1.6,63.5
2025-04-12,Z08,16.5,4.5,60.9
2025-04-13,Z08,18.3,1.5,66.2
2025-04-14,Z08,17.1,0.0,56.5
2025-04-15,Z08,15.5,0.1,53.4
2025-04-16,Z08,14.0,0.6,61.1
2025-04-17,Z08,17.0,1.9,53.5
2025-04-18,Z08,19.0,1.2,55.9
2025-04-19,Z08,18.0,5.7,59.8
2025-04-20,Z08,16.8,0.5,56.3
2025-04-21,Z08,15.7,0.0,54.2
2025-04-22,Z08,17.4,2.2,49.4
2025-04-23,Z08,19.0,15.5,60.8
2025-04-24,Z08,17.5,2.1,54.1
2025-04-25,Z08,17.1,0.1,58.7
2025-04-26,Z08,16.3,0.0,57.8
2025-04-27,Z08,22.3,11.7,60.6
2025-04-28,Z08,16.2,14.5,53.7
2025-04-29,Z08,16.3,4.5,52.9
2025-04-30,Z08,18.5,4.5,48.8
2025-05-01,Z08,18.0,0.4,51.4
2025-05-02,Z08,20.4,2.0,55.5
2025-05-03,Z08,20.6,15.0,49.5
2025-05-04,Z08,16.7,0.6,54.9
2025-05-05,Z08,17.7,0.7,60.4
2025-05-06,Z08,17.7,3.5,50.6
2025-05-07,Z08,20.8,7.0,46.0
2025-05-08,Z08,20.4,6.6,50.2
2025-05-09,Z08,19.1,0.2,44.9
2025-05-10,Z08,20.3,0.9,58.5
2025-05-11,Z08,18.1,1.6,52.0
2025-05-12,Z08,18.9,3.7,47.7
2025-05-13,Z08,18.1,7.5,48.2
2025-05-14,Z08,20.8,2.4,44.9
2025-05-15,Z08,21.0,0.3,55.6
2025-05-16,Z08,19.1,0.6,59.5
2025-05-17,Z08,21.8,2.4,42.6
2025-05-18,Z08,23.1,0.7,55.0
2025-05-19,Z08,19.5,12.0,48.3
2025-05-20,Z08,20.9,1.2,55.7
2025-05-21,Z08,22.6,0.0,39.9
2025-05-22,Z08,21.8,12.6,50.0
2025-05-23,Z08,19.4,0.9,46.6
2025-05-24,Z08,21.3,2.5,51.7
2025-05-25,Z08,21.3,0.5,48.5
2025-05-26,Z08,22.0,0.7,48.0
2025-05-27,Z08,22.2,0.2,47.2
2025-05-28,Z08,25.4,0.1,55.3
2025-05-29,Z08,22.3,5.0,46.4
2025-05-30,Z08,19.7,1.3,51.4
2025-05-31,Z08,23.1,11.1,50.0
2025-06-01,Z08,26.2,0.1,51.1
2025-06-02,Z08,22.9,14.0,41.3
2025-06-03,Z08,22.5,6.2,49.7
2025-06-04,Z08,22.9,0.2,47.7
2025-06-05,Z08,24.6,5.0,39.8
2025-06-06,Z08,23.1,1.7,44.5
2025-06-07,Z08,21.0,3.8,56.8
2025-06-08,Z08,22.6,0.5,43.2
2025-06-09,Z08,23.8,1.1,43.1
2025-06-10,Z08,25.0,0.2,47.0
2025-06-11,Z08,23.1,0.0,41.9
2025-06-12,Z08,23.7,1.5,45.1
2025-06-13,Z08,24.4,0.2,42.0
2025-06-14,Z08,23.0,0.0,46.1
2025-06-15,Z08,24.3,0.4,43.6
2025-06-16,Z08,25.4,0.9,53.5
2025-06-17,Z08,22.5,1.2,43.8
2025-06-18,Z08,25.3,0.1,42.3
2025-06-19,Z08,22.8,1.1,48.4
2025-06-20,Z08,22.9,0.0,36.1
2025-06-21,Z08,23.7,1.5,51.4
2025-06-22,Z08,27.4,1.2,37.8
2025-06-23,Z08,21.9,3.0,48.6
2025-06-24,Z08,24.2,1.2,49.7
2025-06-25,Z08,25.1,0.6,39.7
2025-06-26,Z08,27.3,0.0,40.0
2025-06-27,Z08,28.7,0.0,41.5
2025-06-28,Z08,24.5,2.9,45.0
2025-06-29,Z08,26.3,0.2,36.8
2025-06-30,Z08,25.2,0.2,41.1
2025-07-01,Z08,25.2,2.4,40.0
2025-07-02,Z08,25.9,1.4,35.7
2025-07-03,Z08,22.6,1.3,36.1
2025-07-04,Z08,25.3,1.9,41.9
2025-07-05,Z08,26.3,5.8,41.7
2025-07-06,Z08,23.9,0.0,37.2
2025-07-07,Z08,26.3,0.7,41.3
2025-07-08,Z08,22.4,0.0,37.6
2025-07-09,Z08,25.7,0.6,47.3
2025-07-10,Z08,27.9,0.4,40.2
2025-07-11,Z08,25.1,0.0,46.1
2025-07-12,Z08,23.7,0.2,32.1
2025-07-13,Z08,22.9,3.7,42.1
2025-07-14,Z08,26.2,0.3,43.4
2025-07-15,Z08,27.1,0.8,39.7
2025-07-16,Z08,25.3,0.2,37.6
2025-07-17,Z08,24.6,4.4,39.5
2025-07-18,Z08,21.9,0.1,43.9
2025-07-19,Z08,25.6,0.4,34.1
2025-07-20,Z08,24.1,0.1,43.6
2025-07-21,Z08,24.2,0.0,41.7
2025-07-22,Z08,28.2,1.6,38.8
2025-07-23,Z08,22.0,0.1,39.0
2025-07-24,Z08,22.2,0.0,40.3
2025-07-25,Z08,25.6,1.2,48.3
2025-07-26,Z08,24.4,0.7,41.7
2025-07-27,Z08,24.1,0.0,35.3
2025-07-28,Z08,25.5,0.0,37.8
2025-07-29,Z08,25.4,0.1,34.3
2025-07-30,Z08,23.1,1.2,30.6
2025-07-31,Z08,23.7,0.3,34.2
2025-08-01,Z08,24.8,0.7,40.6
2025-08-02,Z08,25.0,1.8,46.4
2025-08-03,Z08,25.5,1.8,45.1
2025-08-04,Z08,23.5,0.7,34.3
2025-08-05,Z08,25.1,0.0,36.2
2025-08-06,Z08,26.1,1.1,35.5
2025-08-07,Z08,24.3,0.0,27.3
2025-08-08,Z08,24.0,2.8,39.4
2025-08-09,Z08,23.7,0.2,44.3
2025-08-10,Z08,22.9,0.4,39.1
2025-08-11,Z08,22.2,0.5,34.1
2025-08-12,Z08,23.3,0.1,36.3
2025-08-13,Z08,24.5,0.0,38.9
2025-08-14,Z08,22.0,0.0,44.5
2025-08-15,Z08,23.3,10.5,39.8
2025-08-16,Z08,23.0,0.1,44.0
2025-08-17,Z08,26.5,1.5,40.5
2025-08-18,Z08,24.4,0.0,42.2
2025-08-19,Z08,24.3,0.2,36.4
2025-08-20,Z08,24.6,0.3,37.8
2025-08-21,Z08,21.8,1.1,35.0
2025-08-22,Z08,25.1,5.5,44.4
2025-08-23,Z08,22.8,0.1,40.0
2025-08-24,Z08,22.3,0.1,23.6
2025-08-25,Z08,20.1,0.5,44.1
2025-08-26,Z08,21.4,0.1,46.7
2025-08-27,Z08,18.8,0.0,37.9
2025-08-28,Z08,21.4,1.7,44.5
2025-08-29,Z08,20.7,0.6,41.2
2025-08-30,Z08,20.8,0.5,31.8
2025-08-31,Z08,18.9,1.0,52.3
2025-09-01,Z08,22.5,2.5,41.7
2025-09-02,Z08,22.2,3.8,43.8
2025-09-03,Z08,24.0,5.6,39.9
2025-09-04,Z08,23.8,0.7,41.7
2025-09-05,Z08,20.9,0.7,44.1
2025-09-06,Z08,22.3,5.3,38.2
2025-09-07,Z08,20.8,4.1,52.1
2025-09-08,Z08,19.4,0.4,48.0
2025-09-09,Z08,19.5,8.5,46.6
2025-09-10,Z08,21.0,0.7,43.4
2025-09-11,Z08,27.0,0.0,40.5
2025-09-12,Z08,21.6,0.3,49.7
2025-09-13,Z08,19.8,0.9,47.7
2025-09-14,Z08,20.0,0.0,42.9
2025-09-15,Z08,19.9,0.8,39.7
2025-09-16,Z08,18.7,5.9,37.4
2025-09-17,Z08,20.0,0.5,45.6
2025-09-18,Z08,18.2,2.6,44.4
2025-09-19,Z08,16.5,0.6,51.8
2025-09-20,Z08,19.0,1.3,51.0
2025-09-21,Z08,19.0,3.6,46.5
2025-09-22,Z08,17.5,0.1,46.1
2025-09-23,Z08,18.1,0.9,41.0
2025-09-24,Z08,19.1,0.8,52.2
2025-09-25,Z08,17.1,2.4,46.9
2025-09-26,Z08,16.2,5.7,50.4
2025-09-27,Z08,15.6,1.0,53.5
2025-09-28,Z08,16.2,0.0,45.0
2025-09-29,Z08,19.2,0.3,43.9
2025-09-30,Z08,15.9,2.2,60.6
2025-10-01,Z08,16.7,0.0,51.5
2025-10-02,Z08,15.3,3.8,47.3
2025-10-03,Z08,15.0,7.9,55.2
2025-10-04,Z08,14.0,7.3,47.7
2025-10-05,Z08,15.5,4.4,51.1
2025-10-06,Z08,14.2,0.2,46.9
2025-10-07,Z08,17.3,0.2,49.9
2025-10-08,Z08,14.6,5.7,48.8
2025-10-09,Z08,14.5,0.1,46.7
2025-10-10,Z08,14.1,0.1,51.9
2025-10-11,Z08,14.9,1.4,47.7
2025-10-12,Z08,16.7,1.8,54.0
2025-10-13,Z08,12.0,0.3,49.9
2025-10-14,Z08,14.1,3.1,43.1
2025-10-15,Z08,10.6,0.5,55.0
2025-10-16,Z08,15.5,0.3,55.4
2025-10-17,Z08,12.9,4.5,63.7
2025-10-18,Z08,10.2,5.9,52.8
2025-10-19,Z08,10.4,1.3,53.9
2025-10-20,Z08,14.0,0.0,55.6
2025-10-21,Z08,9.3,1.1,58.6
2025-10-22,Z08,12.6,7.8,58.5
2025-10-23,Z08,11.2,0.4,55.6
2025-10-24,Z08,11.4,3.3,54.1
2025-10-25,Z08,10.4,0.0,58.7
2025-10-26,Z08,9.7,1.9,54.4
2025-10-27,Z08,10.4,0.5,48.6
2025-10-28,Z08,12.1,0.0,47.8
2025-10-29,Z08,10.3,1.6,54.1
2025-10-30,Z08,11.5,7.9,56.4
2025-10-31,Z08,10.1,2.0,68.4
2025-11-01,Z08,11.4,5.0,55.7
2025-11-02,Z08,10.9,2.5,56.8
2025-11-03,Z08,9.0,2.3,54.8
2025-11-04,Z08,8.1,0.4,60.2
2025-11-05,Z08,11.4,30.0,58.7
2025-11-06,Z08,8.0,0.3,54.4
2025-11-07,Z08,10.2,0.0,52.8
2025-11-08,Z08,9.2,14.9,56.1
2025-11-09,Z08,8.1,2.6,54.1
2025-11-10,Z08,9.6,1.0,57.4
2025-11-11,Z08,11.1,7.7,59.5
2025-11-12,Z08,9.6,3.4,56.6
2025-11-13,Z08,8.6,0.0,66.6
2025-11-14,Z08,11.1,0.1,65.4
2025-11-15,Z08,5.0,3.1,58.7
2025-11-16,Z08,5.9,1.4,55.2
2025-11-17,Z08,6.9,5.3,60.2
2025-11-18,Z08,10.1,2.7,59.9
2025-11-19,Z08,9.1,0.4,60.5
2025-11-20,Z08,4.2,0.7,59.0
2025-11-21,Z08,6.4,1.4,56.0
2025-11-22,Z08,4.6,0.0,61.7
2025-11-23,Z08,6.8,0.2,60.0
2025-11-24,Z08,8.4,1.8,60.6
2025-11-25,Z08,8.4,2.9,62.7
2025-11-26,Z08,7.0,6.6,62.1
2025-11-27,Z08,5.6,3.0,63.0
2025-11-28,Z08,6.0,5.0,60.9
2025-11-29,Z08,7.3,14.6,64.9
2025-11-30,Z08,10.2,0.7,59.7
2025-12-01,Z08,3.7,0.6,58.1
2025-12-02,Z08,8.6,0.1,59.3
2025-12-03,Z08,6.1,0.0,60.5
2025-12-04,Z08,7.0,0.0,57.7
2025-12-05,Z08,5.7,1.9,55.9
2025-12-06,Z08,7.8,1.4,67.0
2025-12-07,Z08,5.8,3.8,71.1
2025-12-08,Z08,3.9,2.1,67.7
2025-12-09,Z08,5.8,0.9,62.7
2025-12-10,Z08,6.9,3.4,56.7
2025-12-11,Z08,4.8,2.1,66.5
2025-12-12,Z08,1.0,5.0,57.6
2025-12-13,Z08,4.4,0.0,65.4
2025-12-14,Z08,4.7,3.0,62.0
2025-12-15,Z08,4.4,0.8,54.8
2025-12-16,Z08,3.5,5.9,73.8
2025-12-17,Z08,6.7,14.5,60.3
2025-12-18,Z08,-0.0,14.2,64.9
2025-12-19,Z08,4.4,0.2,66.2
2025-12-20,Z08,4.3,0.3,64.7
2025-12-21,Z08,7.8,1.4,69.5
2025-12-22,Z08,4.0,0.9,63.6
2025-12-23,Z08,4.8,0.5,69.4
2025-12-24,Z08,4.1,0.8,69.2
2025-12-25,Z08,4.0,6.3,60.9
2025-12-26,Z08,7.0,17.4,69.1
2025-12-27,Z08,1.8,0.2,62.7
2025-12-28,Z08,2.5,7.9,62.3
2025-12-29,Z08,5.0,0.0,69.7
2025-12-30,Z08,4.1,11.6,66.3
2025-12-31,Z08,3.1,0.4,70.4
